,station,station_am_mean,station_am_std,station_am_max,swh_am_mean,swh_am_std,swh_am_max,mwp_am_mean,mwp_am_std,mwp_am_max,wsk_am_mean,wsk_am_std,wsk_am_max,sst_am_mean,sst_am_std,sst_am_max,wave_lon_am_mean,wave_lon_am_std,wave_lon_am_max,wave_lat_am_mean,wave_lat_am_std,wave_lat_am_max,wave_distance_deg_am_mean,wave_distance_deg_am_std,wave_distance_deg_am_max,u10_am_mean,u10_am_std,u10_am_max,v10_am_mean,v10_am_std,v10_am_max,msl_am_mean,msl_am_std,msl_am_max,tp_am_mean,tp_am_std,tp_am_max,d2m_am_mean,d2m_am_std,d2m_am_max,sp_am_mean,sp_am_std,sp_am_max,t2m_am_mean,t2m_am_std,t2m_am_max,longitude_am_mean,longitude_am_std,longitude_am_max,latitude_am_mean,latitude_am_std,latitude_am_max,wind_magnitude_am_mean,wind_magnitude_am_std,wind_magnitude_am_max,u10_abs_am_mean,u10_abs_am_std,u10_abs_am_max,v10_abs_am_mean,v10_abs_am_std,v10_abs_am_max,wind_wave_diff_am_mean,wind_wave_diff_am_std,wind_wave_diff_am_max,wind_wave_alignment_am_mean,wind_wave_alignment_am_std,wind_wave_alignment_am_max,tau_u_am_mean,tau_u_am_std,tau_u_am_max,tau_u_abs_am_mean,tau_u_abs_am_std,tau_u_abs_am_max,tau_v_am_mean,tau_v_am_std,tau_v_am_max,tau_v_abs_am_mean,tau_v_abs_am_std,tau_v_abs_am_max,tau_mag_am_mean,tau_mag_am_std,tau_mag_am_max,wind_dir_am_mean,wind_dir_am_std,mwd_am_mean,mwd_am_std,mwd,wind_dir,coast_lat,coast_lon,lat,lon
0,1,1.0,0.0,1,2.588044192732834,0.36839779632781666,3.5968940258026123,9.738738850849431,0.4508305218768745,10.864705085754395,0.006292888304082359,0.0018263908893394714,0.009783565998077393,288.8763814786585,0.4475396981883797,290.025390625,-4.5,0.0,-4.5,48.5,0.0,48.5,0.11710678887237654,0.0,0.11710678887237654,4.441412,1.1446059,7.016123,2.9812117,0.96662766,6.5667048,102430.16,326.45203,103146.31,0.0053984015,0.0010494884,0.007619858,287.18234,0.66192776,288.96558,101820.9,322.81213,102526.44,290.1335,0.83793336,292.0918,-4.5,0.0,-4.5,48.5,0.0,48.5,9.844677,6.1418395,27.602364,4.459436,1.1571418,7.016123,3.1843045,0.83806825,6.5667048,235.0309801552354,16.216895080717592,276.47586101293564,0.933397947771234,0.1117148035407589,0.9999981945370408,0.06664973,0.062273014,0.27277324,0.066972665,0.062196713,0.27277324,0.050066575,0.051821336,0.25686866,0.050679173,0.051467147,0.25686866,0.21294877,0.2783161,1.2133106,90.03387348826338,69.90540753540051,275.4714084964932,13.770218985568006,275.4714084964932,90.03387348826338,48.383,-4.495,48.5,-4.5
1,2,2.0,0.0,2,2.588044192732834,0.36839779632781666,3.5968940258026123,9.738738850849431,0.4508305218768745,10.864705085754395,0.006292888304082359,0.0018263908893394714,0.009783565998077393,288.8763814786585,0.4475396981883797,290.025390625,-4.5,0.0,-4.5,48.5,0.0,48.5,0.11699999999999733,0.0,0.11699999999999733,4.441412,1.1446059,7.016123,2.9812117,0.96662766,6.5667048,102430.16,326.45203,103146.31,0.0053984015,0.0010494884,0.007619858,287.18234,0.66192776,288.96558,101820.9,322.81213,102526.44,290.1335,0.83793336,292.0918,-4.5,0.0,-4.5,48.5,0.0,48.5,9.844677,6.1418395,27.602364,4.459436,1.1571418,7.016123,3.1843045,0.83806825,6.5667048,235.0309801552354,16.216895080717592,276.47586101293564,0.933397947771234,0.1117148035407589,0.9999981945370408,0.06664973,0.062273014,0.27277324,0.066972665,0.062196713,0.27277324,0.050066575,0.051821336,0.25686866,0.050679173,0.051467147,0.25686866,0.21294877,0.2783161,1.2133106,90.03387348826338,69.90540753540051,275.4714084964932,13.770218985568006,275.4714084964932,90.03387348826338,48.383,-4.5,48.5,-4.5
2,3,3.0,0.0,3,2.588044192732834,0.36839779632781666,3.5968940258026123,9.738738850849431,0.4508305218768745,10.864705085754395,0.006292888304082359,0.0018263908893394714,0.009783565998077393,288.8763814786585,0.4475396981883797,290.025390625,-4.5,0.0,-4.5,48.5,0.0,48.5,0.1172047609411055,0.0,0.11720476094110552,4.441412,1.1446059,7.016123,2.9812117,0.96662766,6.5667048,102430.16,326.45203,103146.31,0.0053984015,0.0010494884,0.007619858,287.18234,0.66192776,288.96558,101820.9,322.81213,102526.44,290.1335,0.83793336,292.0918,-4.5,0.0,-4.5,48.5,0.0,48.5,9.844677,6.1418395,27.602364,4.459436,1.1571418,7.016123,3.1843045,0.83806825,6.5667048,235.0309801552354,16.216895080717592,276.47586101293564,0.933397947771234,0.1117148035407589,0.9999981945370408,0.06664973,0.062273014,0.27277324,0.066972665,0.062196713,0.27277324,0.050066575,0.051821336,0.25686866,0.050679173,0.051467147,0.25686866,0.21294877,0.2783161,1.2133106,90.03387348826338,69.90540753540051,275.4714084964932,13.770218985568006,275.4714084964932,90.03387348826338,48.38290024,-4.49503994,48.5,-4.5
3,4,4.0,0.0,4,1.486680359375186,0.20440557115181557,1.9972641468048096,9.393989493207235,0.4944295672416469,10.740681648254395,0.09666917527594217,0.01943602991242654,0.14917433261871338,291.9823742378049,0.8880305115321603,294.3427734375,-2.25,0.0,-2.25,47.25,0.0,47.25,0.05130038541765644,0.0,0.05130038541765645,3.5210347,0.80250233,5.2832127,1.9411759,0.6810705,4.039361,102458.83,340.27792,103078.69,0.004315446,0.0008678674,0.0059337616,288.65506,0.9186324,290.86987,102294.02,338.99072,102910.44,292.68765,1.1674013,295.2871,-2.25,0.0,-2.25,47.25,0.0,47.25,5.0556407,3.2689083,15.420381,3.5210636,0.802517,5.2832127,2.201622,0.5727026,4.039361,226.27277749922217,17.113391703150764,260.5299072265625,0.9568289110301952,0.05951960655387408,0.9999464057777172,0.02724138,0.026566291,0.11882596,0.02851365,0.026306415,0.11882596,0.015910191,0.017337034,0.078258745,0.01736249,0.016769307,0.078258745,0.05730553,0.08096304,0.3786776,110.49696350097656,69.2571785652516,274.70012313520357,12.568451726394786,274.70012313520357,110.49696350097656,47.266862,-2.20155,47.25,-2.25
4,5,5.0,0.0,5,1.486680359375186,0.20440557115181557,1.9972641468048096,9.393989493207235,0.4944295672416469,10.740681648254395,0.09666917527594217,0.01943602991242654,0.14917433261871338,291.9823742378049,0.8880305115321603,294.3427734375,-2.25,0.0,-2.25,47.25,0.0,47.25,0.10967775156794571,0.0,0.10967775156794571,3.5210347,0.80250233,5.2832127,1.9411759,0.6810705,4.039361,102458.83,340.27792,103078.69,0.004315446,0.0008678674,0.0059337616,288.65506,0.9186324,290.86987,102294.02,338.99072,102910.44,292.68765,1.1674013,295.2871,-2.25,0.0,-2.25,47.25,0.0,47.25,5.0556407,3.2689083,15.420381,3.5210636,0.802517,5.2832127,2.201622,0.5727026,4.039361,226.27277749922217,17.113391703150764,260.5299072265625,0.9568289110301952,0.05951960655387408,0.9999464057777172,0.02724138,0.026566291,0.11882596,0.02851365,0.026306415,0.11882596,0.015910191,0.017337034,0.078258745,0.01736249,0.016769307,0.078258745,0.05730553,0.08096304,0.3786776,110.49696350097656,69.2571785652516,274.70012313520357,12.568451726394786,274.70012313520357,110.49696350097656,47.140383,-2.24635,47.25,-2.25
5,6,6.0,0.0,6,2.9135104505027214,0.4047461464728059,4.046357154846191,9.83770696128287,0.45363464196578845,11.174519538879395,0.011306669653915778,0.0023622008482983865,0.01731199026107788,291.3742437595274,0.8157349921649831,293.23681640625,-3.5,0.0,-3.5,47.75,0.0,47.75,0.11878549145413086,0.0,0.11878549145413086,4.6043167,1.1558564,7.164072,2.3910882,0.8682285,5.4553766,102445.56,335.9696,103116.56,0.0052656545,0.0010605131,0.00756073,287.54205,0.79601115,289.4558,101955.52,332.57153,102617.44,291.26544,1.0129236,293.45605,-3.5,0.0,-3.5,47.75,0.0,47.75,8.297096,5.440401,24.64236,4.6212807,1.1703919,7.164072,2.7117054,0.7040444,5.4553766,225.5169167344163,20.836164397707726,275.72978687286377,0.9516752962966231,0.07186894164805091,0.9999537750980368,0.056091744,0.05752701,0.24612774,0.05879054,0.057792448,0.24612774,0.03423497,0.03775818,0.15418611,0.03608333,0.03684121,0.15418611,0.1556157,0.21675709,0.9670391,106.11322263392006,66.2464501328356,274.28007823286896,13.766694446727916,274.28007823286896,106.11322263392006,47.644274,-3.445852,47.75,-3.5
6,7,7.0,0.0,7,3.492620119234411,0.4932394224301486,4.783295631408691,10.06320202059862,0.4866469629949738,11.252888679504395,0.009624503007749231,0.0016380365512510678,0.013801634311676025,289.5238721894055,0.5787421142136594,290.6796875,-4.75,0.0,-4.75,48.25,0.0,48.25,0.11334873666698132,0.0,0.11334873666698132,5.8915243,1.5952934,9.308115,3.4919367,1.2345695,7.9827204,102432.734,328.71625,103147.94,0.0060306643,0.0012066709,0.008731842,287.53397,0.6900867,289.2019,102352.05,328.17767,103065.44,289.89545,0.64472395,291.12012,-4.75,0.0,-4.75,48.25,0.0,48.25,14.8836,9.314485,41.285694,5.912799,1.6123075,9.308115,3.946723,1.0106925,7.9827204,239.4830697425982,20.974618530720722,293.6174716949463,0.9655646999820823,0.0653232050710718,0.9999756902010478,0.13220935,0.12294264,0.52308536,0.13246123,0.122817606,0.52308536,0.08783159,0.09511132,0.49455082,0.09077969,0.09332116,0.49455082,0.4875679,0.6448636,2.7144299,100.28010540473753,66.99218198834576,284.7601005984171,15.056300184549606,284.7601005984171,100.28010540473753,48.359098,-4.78075,48.25,-4.75
7,8,8.0,0.0,8,3.1343425076182294,0.44597033300271277,4.250743389129639,9.961320853814847,0.5648027535180812,11.407673835754395,0.011096442618021151,0.002404400088826502,0.01656240224838257,289.1807057450457,0.38473812296385806,290.0556640625,-4.0,0.0,-4.0,48.75,0.0,48.75,0.04663527116893319,0.0,0.04663527116893319,5.7308135,1.4543201,9.035654,3.5448697,1.1825141,7.633111,102417.02,322.14957,103131.06,0.006086163,0.0012377723,0.009176254,287.32904,0.6712927,288.96753,102206.98,321.04095,102917.44,289.53876,0.4788115,290.44873,-4.0,0.0,-4.0,48.75,0.0,48.75,15.200828,9.165185,39.9498,5.784208,1.5115788,9.035654,3.7772787,1.0032481,7.633111,247.86850992572016,21.197730515321187,288.54826498031616,0.9522196947964263,0.06885424287917698,0.9999998470319063,0.12951487,0.11638048,0.48323414,0.13167676,0.11572552,0.48323414,0.09257028,0.091131076,0.42757994,0.093959846,0.09008862,0.42757994,0.49847952,0.6103348,2.5416083,93.86074475544255,73.94150162051413,288.668531962748,15.978770453783815,288.668531962748,93.86074475544255,48.718426,-3.965679,48.75,-4.0
8,9,9.0,0.0,9,2.4878783167862313,0.33959609207678026,3.3731391429901123,9.861980531273819,0.4967971813721361,11.280232429504395,0.007527912535318514,0.0018525556215754852,0.011801660060882568,292.8839736566311,0.8845103601390342,295.375,-1.25,0.0,-1.25,46.25,0.0,46.25,0.09609137442273417,0.0,0.09609137442273417,3.2925613,0.6916147,4.943369,1.8059804,0.66076046,3.3111286,102484.02,329.2952,103189.31,0.004911097,0.0011176746,0.007390976,288.85156,0.94525635,291.33667,102440.18,328.96283,103145.625,293.5903,1.1546233,296.48535,-1.25,0.0,-1.25,46.25,0.0,46.25,4.459473,2.3478253,12.772172,3.295076,0.68714684,4.943369,2.2820408,0.47520268,3.6044092,234.99935166137973,25.59715107811026,278.06013584136963,0.9559262220963421,0.08163485487926023,0.9999023657111544,0.02093583,0.017430354,0.08045817,0.02181292,0.01688066,0.08045817,0.011077368,0.012269742,0.06567242,0.014283861,0.011113813,0.06567242,0.040234096,0.0479678,0.25978193,124.79793139201838,71.68944801367674,285.79533695470667,11.30063455116323,285.79533695470667,124.79793139201838,46.15850067,-1.22064996,46.25,-1.25
9,10,10.0,0.0,10,2.691374976460527,0.35505699586218237,3.6026313304901123,9.875518612745331,0.48191695756448527,11.139851570129395,0.008756736429726205,0.0018298403442014073,0.014899194240570068,293.8029308784299,0.957039183322202,296.6142578125,-1.0,0.0,-1.0,45.5,0.0,45.5,0.0920789249774352,0.0,0.0920789249774352,2.4095478,0.5222709,3.7500095,1.501382,0.5357711,2.8789997,102498.914,325.07132,103257.69,0.004480362,0.0009809069,0.0074157715,287.92737,1.0024874,290.70972,102359.125,323.84,103116.625,295.03595,1.2429734,298.42676,-1.0,0.0,-1.0,45.5,0.0,45.5,2.7586012,1.3628027,7.733714,2.416325,0.511096,3.7500095,1.8904516,0.3881967,2.8789997,241.49148460859206,26.965082971411388,295.1740369796753,0.9282459787779723,0.09957996015386494,0.9999992167459445,0.009550662,0.007217293,0.0356448,0.009865644,0.00701537,0.0356448,0.005682544,0.0061721597,0.03290994,0.0075045903,0.0056786444,0.03290994,0.015004239,0.017125856,0.095247954,128.9793585800543,76.56539104994205,291.1244321877569,10.55872148276521,291.1244321877569,128.9793585800543,45.56848,-1.061555,45.5,-1.0
10,11,11.0,0.0,11,2.770612443365702,0.37587765531629264,3.7914741039276123,10.059357852470583,0.5156365635207802,11.560750007629395,0.00789921167420178,0.0018106036603778677,0.01148313283920288,292.650634765625,0.8407595214843261,294.978515625,-1.75,0.0,-1.75,46.5,0.0,46.5,0.04360810644822829,0.0,0.04360810644822829,3.8992577,0.8752693,5.972666,2.0601628,0.8071911,4.235162,102476.586,331.19778,103156.06,0.0053598825,0.0011898869,0.008491516,288.50766,0.9232248,290.72534,102265.46,329.78778,102943.625,292.8889,1.0665,295.57324,-1.75,0.0,-1.75,46.5,0.0,46.5,5.803689,3.1545784,17.20909,3.8992577,0.8752693,5.972666,2.6530826,0.55444896,4.235162,232.0237550619172,21.68283845271137,267.3193304538727,0.9588489089971302,0.09369413364597945,0.9999999948776136,0.032076776,0.02872745,0.13530546,0.033386443,0.02805386,0.13530546,0.01659226,0.017940652,0.095525034,0.021016179,0.016291084,0.095525034,0.069100894,0.08782913,0.47162324,120.53786617372094,68.56207513181792,282.9075885459117,12.079003056931985,282.9075885459117,120.53786617372094,46.497358,-1.793528,46.5,-1.75
11,12,12.0,0.0,12,1.4603722299017556,0.19855413963242532,1.9937446117401123,9.370843771027356,0.48404352225951813,10.740681648254395,0.0970005436641414,0.019185387615134192,0.14917433261871338,292.4344809927591,0.8568292968507882,294.6943359375,-2.0,0.0,-2.0,47.25,0.0,47.25,0.11351125534060501,0.0,0.11351125534060502,3.097996,0.7199275,4.6767673,1.9357214,0.6272523,3.7498102,102460.83,340.24368,103077.75,0.004338009,0.0009200491,0.006980896,288.05258,0.94388664,290.36792,102254.37,338.66483,102868.75,292.87042,1.2369924,295.52637,-2.0,0.0,-2.0,47.25,0.0,47.25,4.563637,2.8763728,13.312919,3.09893,0.7204315,4.6767673,2.114592,0.55068547,3.7498102,230.94763935484536,16.179870612442414,264.8222804069519,0.9493163207787894,0.07135190269441719,0.9999138320379442,0.022563081,0.02050794,0.09207908,0.023453966,0.020283319,0.09207908,0.013927932,0.0148323625,0.064985685,0.015005526,0.014430586,0.064985685,0.04602088,0.060939174,0.28224486,106.50583034608422,73.92187250365966,274.6708801322867,12.582781938709884,274.6708801322867,106.50583034608422,47.277217,-1.8898,47.25,-2.0
12,13,13.0,0.0,13,1.4603722299017556,0.19855413963242532,1.9937446117401123,9.370843771027356,0.48404352225951813,10.740681648254395,0.0970005436641414,0.019185387615134192,0.14917433261871338,292.4344809927591,0.8568292968507882,294.6943359375,-1.75,0.0,-1.75,47.25,0.0,47.25,0.047113526486564465,0.0,0.047113526486564465,2.9562895,0.693566,4.4863377,2.0091898,0.61923,3.7317438,102462.24,339.93637,103084.875,0.0042859055,0.0009227045,0.006626129,287.87518,0.9621595,290.2605,102185.61,337.80127,102804.75,292.94864,1.2762353,295.71973,-1.75,0.0,-1.75,47.25,0.0,47.25,4.5701118,2.7904882,12.841617,2.9621391,0.6961077,4.4863377,2.1442342,0.55597657,3.7317438,233.2212585065423,14.926573315645232,258.525839805603,0.9579315573614523,0.06264887200823388,0.9999941308468863,0.021845363,0.018973779,0.08502483,0.022639737,0.01877883,0.08502483,0.014260596,0.014657725,0.06355709,0.015173191,0.014273967,0.06355709,0.045358893,0.057007782,0.26261458,102.11523102550971,77.94277066672834,274.6708801322867,12.582781938709884,274.6708801322867,102.11523102550971,47.205383,-1.765133,47.25,-1.75
13,14,14.0,0.0,14,1.4603722299017556,0.19855413963242532,1.9937446117401123,9.370843771027356,0.48404352225951813,10.740681648254395,0.0970005436641414,0.019185387615134192,0.14917433261871338,292.4344809927591,0.8568292968507882,294.6943359375,-1.75,0.0,-1.75,47.25,0.0,47.25,0.1293494081509466,0.0,0.1293494081509466,2.9562895,0.693566,4.4863377,2.0091898,0.61923,3.7317438,102462.24,339.93637,103084.875,0.0042859055,0.0009227045,0.006626129,287.87518,0.9621595,290.2605,102185.61,337.80127,102804.75,292.94864,1.2762353,295.71973,-1.75,0.0,-1.75,47.25,0.0,47.25,4.5701118,2.7904882,12.841617,2.9621391,0.6961077,4.4863377,2.1442342,0.55597657,3.7317438,233.2212585065423,14.926573315645232,258.525839805603,0.9579315573614523,0.06264887200823388,0.9999941308468863,0.021845363,0.018973779,0.08502483,0.022639737,0.01877883,0.08502483,0.014260596,0.014657725,0.06355709,0.015173191,0.014273967,0.06355709,0.045358893,0.057007782,0.26261458,102.11523102550971,77.94277066672834,274.6708801322867,12.582781938709884,274.6708801322867,102.11523102550971,47.19345,-1.633667,47.25,-1.75
14,15,15.0,0.0,15,0.7196680394614615,0.08533857809632227,0.873566210269928,5.264795931374154,0.3586213930077094,6.0504961013793945,0.01420999881697864,0.005765267309586495,0.03569841384887695,291.3512171303354,0.5979171806040116,292.838623046875,-2.0,0.0,-2.0,48.75,0.0,48.75,0.11274660949669708,0.0,0.11274660949669708,4.4645343,1.116945,7.237314,3.7468488,1.1325531,7.231744,102416.66,326.35837,103089.56,0.0059205033,0.0012725196,0.008893967,287.7268,0.7593511,289.6355,102372.57,326.0137,103044.44,290.8069,0.61317575,292.12402,-2.0,0.0,-2.0,48.75,0.0,48.75,11.616423,6.3750815,28.194864,4.519159,1.1403844,7.237314,3.9326296,0.9734372,7.231744,258.4516313090557,30.484616828630703,316.1023225784302,0.9443387559975773,0.08500059823474618,0.9999792552639644,0.07815982,0.06287096,0.2468606,0.08092921,0.06234607,0.2468606,0.070150934,0.059124917,0.23531012,0.07136418,0.05797573,0.23531012,0.27803725,0.30857116,1.2659585,104.22070684665587,76.186772597232,310.42121485914333,33.73845286464478,310.42121485914333,104.22070684665587,48.640812,-2.028103,48.75,-2.0
15,16,16.0,0.0,16,2.691374976460527,0.35505699586218237,3.6026313304901123,9.875518612745331,0.48191695756448527,11.139851570129395,0.008756736429726205,0.0018298403442014073,0.014899194240570068,293.8029308784299,0.957039183322202,296.6142578125,-1.0,0.0,-1.0,45.5,0.0,45.5,0.09199630711489176,0.0,0.09199630711489176,2.4095478,0.5222709,3.7500095,1.501382,0.5357711,2.8789997,102498.914,325.07132,103257.69,0.004480362,0.0009809069,0.0074157715,287.92737,1.0024874,290.70972,102359.125,323.84,103116.625,295.03595,1.2429734,298.42676,-1.0,0.0,-1.0,45.5,0.0,45.5,2.7586012,1.3628027,7.733714,2.416325,0.511096,3.7500095,1.8904516,0.3881967,2.8789997,241.49148460859206,26.965082971411388,295.1740369796753,0.9282459787779723,0.09957996015386494,0.9999992167459445,0.009550662,0.007217293,0.0356448,0.009865644,0.00701537,0.0356448,0.005682544,0.0061721597,0.03290994,0.0075045903,0.0056786444,0.03290994,0.015004239,0.017125856,0.095247954,128.9793585800543,76.56539104994205,291.1244321877569,10.55872148276521,291.1244321877569,128.9793585800543,45.56843333,-1.06148333,45.5,-1.0
16,17,17.0,0.0,17,1.4603722299017556,0.19855413963242532,1.9937446117401123,9.370843771027356,0.48404352225951813,10.740681648254395,0.0970005436641414,0.019185387615134192,0.14917433261871338,292.4344809927591,0.8568292968507882,294.6943359375,-2.0,0.0,-2.0,47.25,0.0,47.25,0.10438249321126572,0.0,0.10438249321126572,3.097996,0.7199275,4.6767673,1.9357214,0.6272523,3.7498102,102460.83,340.24368,103077.75,0.004338009,0.0009200491,0.006980896,288.05258,0.94388664,290.36792,102254.37,338.66483,102868.75,292.87042,1.2369924,295.52637,-2.0,0.0,-2.0,47.25,0.0,47.25,4.563637,2.8763728,13.312919,3.09893,0.7204315,4.6767673,2.114592,0.55068547,3.7498102,230.94763935484536,16.179870612442414,264.8222804069519,0.9493163207787894,0.07135190269441719,0.9999138320379442,0.022563081,0.02050794,0.09207908,0.023453966,0.020283319,0.09207908,0.013927932,0.0148323625,0.064985685,0.015005526,0.014430586,0.064985685,0.04602088,0.060939174,0.28224486,106.50583034608422,73.92187250365966,274.6708801322867,12.582781938709884,274.6708801322867,106.50583034608422,47.305667,-2.0883,47.25,-2.0
17,18,18.0,0.0,18,2.044807483510273,0.2888046072147689,2.8483996391296387,9.160673467124381,0.46560571737864487,10.503132820129395,0.0068003273591762635,0.0069628613962602216,0.04542088508605957,291.7463319359756,0.8633761608162076,293.9052734375,-3.0,0.0,-3.0,47.5,0.0,47.5,0.11318656662784703,0.0,0.11318656662784701,4.6752033,1.1438283,7.243662,2.3489711,0.8659796,5.300103,102450.805,337.56412,103101.56,0.0047237584,0.0009509516,0.006702423,288.0988,0.8414209,290.11792,102243.06,335.94952,102889.44,291.7033,1.0354673,293.9912,-3.0,0.0,-3.0,47.5,0.0,47.5,8.24901,5.2420716,24.924818,4.684962,1.1509457,7.243662,2.7668521,0.689765,5.300103,216.24263093529677,16.496091163077192,249.2736201286316,0.9626184630078476,0.0742760059028204,0.9999976706822131,0.056254078,0.056834485,0.25024748,0.05888797,0.0569308,0.25024748,0.032540526,0.035608277,0.1569225,0.03536486,0.03424678,0.1569225,0.151057,0.21036175,0.9893352,110.1590235640363,65.11269049635874,270.38275813861975,14.405344463546083,270.38275813861975,110.1590235640363,47.542676,-2.895167,47.5,-3.0
18,19,19.0,0.0,19,3.3057521378121724,0.45230048746902435,4.590302467346191,10.037162804022067,0.44792411298366874,11.282185554504395,0.011878800101396515,0.0024936957005701667,0.01780027151107788,291.3120534012957,0.862847615249765,293.63623046875,-4.0,0.0,-4.0,47.75,0.0,47.75,0.1545150356761414,0.0,0.1545150356761414,4.793569,1.2084448,7.425791,2.4093742,0.9026546,5.6272516,102445.91,334.86588,103130.19,0.0052956603,0.0010395832,0.0076389313,287.99518,0.7981143,289.81128,102170.84,333.04245,102850.44,291.2029,0.9641206,293.18848,-4.0,0.0,-4.0,47.75,0.0,47.75,8.324885,5.3784885,24.532743,4.8075433,1.2202936,7.425791,2.8028417,0.71153116,5.6272516,225.77845884532462,19.49992772470976,264.7598886489868,0.9546387546427655,0.0729645160394245,0.9999980532106219,0.06006047,0.0584199,0.25283512,0.0613414,0.05836589,0.25283512,0.034264497,0.03791947,0.17378144,0.036209147,0.03688278,0.17378144,0.15531063,0.21670467,0.95845497,105.78006428044017,65.08028191115328,276.8142042768919,14.216287775262536,276.8142042768919,105.78006428044017,47.873549,-3.907207,47.75,-4.0
19,21,21.0,0.0,21,2.4878783167862313,0.33959609207678026,3.3731391429901123,9.861980531273819,0.4967971813721361,11.280232429504395,0.007527912535318514,0.0018525556215754852,0.011801660060882568,293.2016125190549,0.9303348374744455,295.82421875,-1.25,0.0,-1.25,46.0,0.0,46.0,0.07601585183367987,0.0,0.07601585183367987,3.3740706,0.71649987,5.143076,1.8945022,0.707967,3.5664997,102489.02,327.09833,103212.69,0.004869996,0.0011695792,0.008159637,288.43835,0.93123746,291.06323,102405.195,326.38492,103127.625,294.01654,1.1636913,297.09473,-1.25,0.0,-1.25,46.0,0.0,46.0,4.792379,2.3684506,13.717777,3.3783956,0.70845485,5.143076,2.4505134,0.4845165,3.7562647,237.5507676339731,26.022505853532945,288.1095974445343,0.9325617776353256,0.1297170467640265,0.9999851893295796,0.023005579,0.018373717,0.09147105,0.023604332,0.017973544,0.09147105,0.012002436,0.013054587,0.07156924,0.01609447,0.011632416,0.07156924,0.04529012,0.053002957,0.29967254,126.21258154148009,71.25042587239292,285.79533695470667,11.30063455116323,285.79533695470667,126.21258154148009,46.007357,-1.174341,46.0,-1.25
20,22,22.0,0.0,22,2.8236723992882706,0.3670429719009674,3.7769477367401123,10.219039475045554,0.4945931859210479,11.460652351379395,0.008606631581376239,0.001569141087370449,0.014670312404632568,294.0766422923018,0.9350747056020091,296.8310546875,-0.75,0.0,-0.75,45.25,0.0,45.25,0.05066986064713616,0.0,0.050669860647136154,2.0182261,0.40950018,3.0170994,1.4316432,0.4696932,2.634859,102504.11,325.35568,103280.19,0.004592872,0.0009922737,0.006860733,289.01764,1.0390743,291.74683,102227.03,322.8988,102999.625,295.03265,1.1935297,298.2881,-0.75,0.0,-0.75,45.25,0.0,45.25,2.19839,1.0818886,5.5410595,2.0269065,0.39733717,3.0170994,1.6992977,0.37266088,2.634859,251.53156327619786,25.688242852486965,287.477087020874,0.943853377722846,0.10091411682250068,0.9999980735435643,0.0062653865,0.0044668117,0.019049978,0.006609134,0.0042676623,0.019049978,0.004580785,0.004717803,0.022648677,0.0055860765,0.00444942,0.022648677,0.009514955,0.0099198045,0.048895072,124.67638769382384,80.5964831320574,294.57839157374144,9.567043521906854,294.57839157374144,124.67638769382384,45.199667,-0.744167,45.25,-0.75
21,23,23.0,0.0,23,2.691374976460527,0.35505699586218237,3.6026313304901123,9.875518612745331,0.48191695756448527,11.139851570129395,0.008756736429726205,0.0018298403442014073,0.014899194240570068,293.8029308784299,0.957039183322202,296.6142578125,-1.0,0.0,-1.0,45.5,0.0,45.5,0.0898223212180565,0.0,0.0898223212180565,2.4095478,0.5222709,3.7500095,1.501382,0.5357711,2.8789997,102498.914,325.07132,103257.69,0.004480362,0.0009809069,0.0074157715,287.92737,1.0024874,290.70972,102359.125,323.84,103116.625,295.03595,1.2429734,298.42676,-1.0,0.0,-1.0,45.5,0.0,45.5,2.7586012,1.3628027,7.733714,2.416325,0.511096,3.7500095,1.8904516,0.3881967,2.8789997,241.49148460859206,26.965082971411388,295.1740369796753,0.9282459787779723,0.09957996015386494,0.9999992167459445,0.009550662,0.007217293,0.0356448,0.009865644,0.00701537,0.0356448,0.005682544,0.0061721597,0.03290994,0.0075045903,0.0056786444,0.03290994,0.015004239,0.017125856,0.095247954,128.9793585800543,76.56539104994205,291.1244321877569,10.55872148276521,291.1244321877569,128.9793585800543,45.453667,-0.92305,45.5,-1.0
22,27,27.0,0.0,27,2.8236723992882706,0.3670429719009674,3.7769477367401123,10.219039475045554,0.4945931859210479,11.460652351379395,0.008606631581376239,0.001569141087370449,0.014670312404632568,294.0766422923018,0.9350747056020091,296.8310546875,-0.75,0.0,-0.75,45.25,0.0,45.25,0.09675623689457734,0.0,0.09675623689457734,2.0182261,0.40950018,3.0170994,1.4316432,0.4696932,2.634859,102504.11,325.35568,103280.19,0.004592872,0.0009922737,0.006860733,289.01764,1.0390743,291.74683,102227.03,322.8988,102999.625,295.03265,1.1935297,298.2881,-0.75,0.0,-0.75,45.25,0.0,45.25,2.19839,1.0818886,5.5410595,2.0269065,0.39733717,3.0170994,1.6992977,0.37266088,2.634859,251.53156327619786,25.688242852486965,287.477087020874,0.943853377722846,0.10091411682250068,0.9999980735435643,0.0062653865,0.0044668117,0.019049978,0.006609134,0.0042676623,0.019049978,0.004580785,0.004717803,0.022648677,0.0055860765,0.00444942,0.022648677,0.009514955,0.0099198045,0.048895072,124.67638769382384,80.5964831320574,294.57839157374144,9.567043521906854,294.57839157374144,124.67638769382384,45.335567,-0.795167,45.25,-0.75
23,35,35.0,0.0,35,2.8236723992882706,0.3670429719009674,3.7769477367401123,10.219039475045554,0.4945931859210479,11.460652351379395,0.008606631581376239,0.001569141087370449,0.014670312404632568,294.3083972465701,0.8899068868935911,296.9501953125,-0.5,0.0,-0.5,45.0,0.0,45.0,0.11115143983772834,0.0,0.11115143983772834,1.8945946,0.37240192,2.8403416,1.3188432,0.42452368,2.4513664,102509.17,326.8812,103299.31,0.004534093,0.00093791675,0.0068244934,288.61267,1.0968738,291.47925,102034.164,322.46164,102818.625,295.22467,1.1928653,298.53613,-0.5,0.0,-0.5,45.0,0.0,45.0,1.9124593,0.8877714,4.5147715,1.8980494,0.36784828,2.8403416,1.5462064,0.35153416,2.4513664,255.48648573712606,22.32751851582808,289.75969791412354,0.9293896509890431,0.13394832319630598,0.99999994466955,0.00513251,0.0034242999,0.01367153,0.0053373137,0.0032839212,0.01367153,0.003737072,0.0037850873,0.017547296,0.004353576,0.0035932693,0.017547296,0.0070490665,0.007076781,0.032460187,119.2727847215606,77.31993468156081,294.57839157374144,9.567043521906854,294.57839157374144,119.2727847215606,45.040483,-0.603517,45.0,-0.5
24,41,41.0,0.0,41,2.588044192732834,0.36839779632781666,3.5968940258026123,9.738738850849431,0.4508305218768745,10.864705085754395,0.006292888304082359,0.0018263908893394714,0.009783565998077393,288.8763814786585,0.4475396981883797,290.025390625,-4.5,0.0,-4.5,48.5,0.0,48.5,0.11720247437661097,0.0,0.11720247437661098,4.441412,1.1446059,7.016123,2.9812117,0.96662766,6.5667048,102430.16,326.45203,103146.31,0.0053984015,0.0010494884,0.007619858,287.18234,0.66192776,288.96558,101820.9,322.81213,102526.44,290.1335,0.83793336,292.0918,-4.5,0.0,-4.5,48.5,0.0,48.5,9.844677,6.1418395,27.602364,4.459436,1.1571418,7.016123,3.1843045,0.83806825,6.5667048,235.0309801552354,16.216895080717592,276.47586101293564,0.933397947771234,0.1117148035407589,0.9999981945370408,0.06664973,0.062273014,0.27277324,0.066972665,0.062196713,0.27277324,0.050066575,0.051821336,0.25686866,0.050679173,0.051467147,0.25686866,0.21294877,0.2783161,1.2133106,90.03387348826338,69.90540753540051,275.4714084964932,13.770218985568006,275.4714084964932,90.03387348826338,48.3829,-4.4951,48.5,-4.5
25,42,42.0,0.0,42,1.486680359375186,0.20440557115181557,1.9972641468048096,9.393989493207235,0.4944295672416469,10.740681648254395,0.09666917527594217,0.01943602991242654,0.14917433261871338,291.9823742378049,0.8880305115321603,294.3427734375,-2.25,0.0,-2.25,47.25,0.0,47.25,0.05385164807134603,0.0,0.053851648071346035,3.5210347,0.80250233,5.2832127,1.9411759,0.6810705,4.039361,102458.83,340.27792,103078.69,0.004315446,0.0008678674,0.0059337616,288.65506,0.9186324,290.86987,102294.02,338.99072,102910.44,292.68765,1.1674013,295.2871,-2.25,0.0,-2.25,47.25,0.0,47.25,5.0556407,3.2689083,15.420381,3.5210636,0.802517,5.2832127,2.201622,0.5727026,4.039361,226.27277749922217,17.113391703150764,260.5299072265625,0.9568289110301952,0.05951960655387408,0.9999464057777172,0.02724138,0.026566291,0.11882596,0.02851365,0.026306415,0.11882596,0.015910191,0.017337034,0.078258745,0.01736249,0.016769307,0.078258745,0.05730553,0.08096304,0.3786776,110.49696350097656,69.2571785652516,274.70012313520357,12.568451726394786,274.70012313520357,110.49696350097656,47.27,-2.2,47.25,-2.25
26,43,43.0,0.0,43,3.492620119234411,0.4932394224301486,4.783295631408691,10.06320202059862,0.4866469629949738,11.252888679504395,0.009624503007749231,0.0016380365512510678,0.013801634311676025,289.5238721894055,0.5787421142136594,290.6796875,-4.75,0.0,-4.75,48.25,0.0,48.25,0.11358292741869265,0.0,0.11358292741869265,5.8915243,1.5952934,9.308115,3.4919367,1.2345695,7.9827204,102432.734,328.71625,103147.94,0.0060306643,0.0012066709,0.008731842,287.53397,0.6900867,289.2019,102352.05,328.17767,103065.44,289.89545,0.64472395,291.12012,-4.75,0.0,-4.75,48.25,0.0,48.25,14.8836,9.314485,41.285694,5.912799,1.6123075,9.308115,3.946723,1.0106925,7.9827204,239.4830697425982,20.974618530720722,293.6174716949463,0.9655646999820823,0.0653232050710718,0.9999756902010478,0.13220935,0.12294264,0.52308536,0.13246123,0.122817606,0.52308536,0.08783159,0.09511132,0.49455082,0.09077969,0.09332116,0.49455082,0.4875679,0.6448636,2.7144299,100.28010540473753,66.99218198834576,284.7601005984171,15.056300184549606,284.7601005984171,100.28010540473753,48.359299,-4.7809,48.25,-4.75
27,44,44.0,0.0,44,2.9135104505027214,0.4047461464728059,4.046357154846191,9.83770696128287,0.45363464196578845,11.174519538879395,0.011306669653915778,0.0023622008482983865,0.01731199026107788,291.3742437595274,0.8157349921649831,293.23681640625,-3.5,0.0,-3.5,47.75,0.0,47.75,0.1187003399279493,0.0,0.11870033992794932,4.6043167,1.1558564,7.164072,2.3910882,0.8682285,5.4553766,102445.56,335.9696,103116.56,0.0052656545,0.0010605131,0.00756073,287.54205,0.79601115,289.4558,101955.52,332.57153,102617.44,291.26544,1.0129236,293.45605,-3.5,0.0,-3.5,47.75,0.0,47.75,8.297096,5.440401,24.64236,4.6212807,1.1703919,7.164072,2.7117054,0.7040444,5.4553766,225.5169167344163,20.836164397707726,275.72978687286377,0.9516752962966231,0.07186894164805091,0.9999537750980368,0.056091744,0.05752701,0.24612774,0.05879054,0.057792448,0.24612774,0.03423497,0.03775818,0.15418611,0.03608333,0.03684121,0.15418611,0.1556157,0.21675709,0.9670391,106.11322263392006,66.2464501328356,274.28007823286896,13.766694446727916,274.28007823286896,106.11322263392006,47.644299,-3.4459901,47.75,-3.5
28,45,45.0,0.0,45,1.486680359375186,0.20440557115181557,1.9972641468048096,9.393989493207235,0.4944295672416469,10.740681648254395,0.09666917527594217,0.01943602991242654,0.14917433261871338,291.9823742378049,0.8880305115321603,294.3427734375,-2.25,0.0,-2.25,47.25,0.0,47.25,0.1096797504601486,0.0,0.1096797504601486,3.5210347,0.80250233,5.2832127,1.9411759,0.6810705,4.039361,102458.83,340.27792,103078.69,0.004315446,0.0008678674,0.0059337616,288.65506,0.9186324,290.86987,102294.02,338.99072,102910.44,292.68765,1.1674013,295.2871,-2.25,0.0,-2.25,47.25,0.0,47.25,5.0556407,3.2689083,15.420381,3.5210636,0.802517,5.2832127,2.201622,0.5727026,4.039361,226.27277749922217,17.113391703150764,260.5299072265625,0.9568289110301952,0.05951960655387408,0.9999464057777172,0.02724138,0.026566291,0.11882596,0.02851365,0.026306415,0.11882596,0.015910191,0.017337034,0.078258745,0.01736249,0.016769307,0.078258745,0.05730553,0.08096304,0.3786776,110.49696350097656,69.2571785652516,274.70012313520357,12.568451726394786,274.70012313520357,110.49696350097656,47.140381,-2.24635,47.25,-2.25
29,46,46.0,0.0,46,3.1343425076182294,0.44597033300271277,4.250743389129639,9.961320853814847,0.5648027535180812,11.407673835754395,0.011096442618021151,0.002404400088826502,0.01656240224838257,289.1807057450457,0.38473812296385806,290.0556640625,-4.0,0.0,-4.0,48.75,0.0,48.75,0.046491289732702785,0.0,0.046491289732702785,5.7308135,1.4543201,9.035654,3.5448697,1.1825141,7.633111,102417.02,322.14957,103131.06,0.006086163,0.0012377723,0.009176254,287.32904,0.6712927,288.96753,102206.98,321.04095,102917.44,289.53876,0.4788115,290.44873,-4.0,0.0,-4.0,48.75,0.0,48.75,15.200828,9.165185,39.9498,5.784208,1.5115788,9.035654,3.7772787,1.0032481,7.633111,247.86850992572016,21.197730515321187,288.54826498031616,0.9522196947964263,0.06885424287917698,0.9999998470319063,0.12951487,0.11638048,0.48323414,0.13167676,0.11572552,0.48323414,0.09257028,0.091131076,0.42757994,0.093959846,0.09008862,0.42757994,0.49847952,0.6103348,2.5416083,93.86074475544255,73.94150162051413,288.668531962748,15.978770453783815,288.668531962748,93.86074475544255,48.718399,-3.9658999,48.75,-4.0
30,47,47.0,0.0,47,2.4878783167862313,0.33959609207678026,3.3731391429901123,9.861980531273819,0.4967971813721361,11.280232429504395,0.007527912535318514,0.0018525556215754852,0.011801660060882568,292.8839736566311,0.8845103601390342,295.375,-1.25,0.0,-1.25,46.25,0.0,46.25,0.10412632991232075,0.0,0.10412632991232075,3.2925613,0.6916147,4.943369,1.8059804,0.66076046,3.3111286,102484.02,329.2952,103189.31,0.004911097,0.0011176746,0.007390976,288.85156,0.94525635,291.33667,102440.18,328.96283,103145.625,293.5903,1.1546233,296.48535,-1.25,0.0,-1.25,46.25,0.0,46.25,4.459473,2.3478253,12.772172,3.295076,0.68714684,4.943369,2.2820408,0.47520268,3.6044092,234.99935166137973,25.59715107811026,278.06013584136963,0.9559262220963421,0.08163485487926023,0.9999023657111544,0.02093583,0.017430354,0.08045817,0.02181292,0.01688066,0.08045817,0.011077368,0.012269742,0.06567242,0.014283861,0.011113813,0.06567242,0.040234096,0.0479678,0.25978193,124.79793139201838,71.68944801367674,285.79533695470667,11.30063455116323,285.79533695470667,124.79793139201838,46.148701,-1.2259001,46.25,-1.25
31,48,48.0,0.0,48,2.691374976460527,0.35505699586218237,3.6026313304901123,9.875518612745331,0.48191695756448527,11.139851570129395,0.008756736429726205,0.0018298403442014073,0.014899194240570068,293.8029308784299,0.957039183322202,296.6142578125,-1.0,0.0,-1.0,45.5,0.0,45.5,0.0919930922624095,0.0,0.0919930922624095,2.4095478,0.5222709,3.7500095,1.501382,0.5357711,2.8789997,102498.914,325.07132,103257.69,0.004480362,0.0009809069,0.0074157715,287.92737,1.0024874,290.70972,102359.125,323.84,103116.625,295.03595,1.2429734,298.42676,-1.0,0.0,-1.0,45.5,0.0,45.5,2.7586012,1.3628027,7.733714,2.416325,0.511096,3.7500095,1.8904516,0.3881967,2.8789997,241.49148460859206,26.965082971411388,295.1740369796753,0.9282459787779723,0.09957996015386494,0.9999992167459445,0.009550662,0.007217293,0.0356448,0.009865644,0.00701537,0.0356448,0.005682544,0.0061721597,0.03290994,0.0075045903,0.0056786444,0.03290994,0.015004239,0.017125856,0.095247954,128.9793585800543,76.56539104994205,291.1244321877569,10.55872148276521,291.1244321877569,128.9793585800543,45.568432,-1.06148,45.5,-1.0
32,49,49.0,0.0,49,2.770612443365702,0.37587765531629264,3.7914741039276123,10.059357852470583,0.5156365635207802,11.560750007629395,0.00789921167420178,0.0018106036603778677,0.01148313283920288,292.650634765625,0.8407595214843261,294.978515625,-1.75,0.0,-1.75,46.5,0.0,46.5,0.04387123204333344,0.0,0.04387123204333344,3.8992577,0.8752693,5.972666,2.0601628,0.8071911,4.235162,102476.586,331.19778,103156.06,0.0053598825,0.0011898869,0.008491516,288.50766,0.9232248,290.72534,102265.46,329.78778,102943.625,292.8889,1.0665,295.57324,-1.75,0.0,-1.75,46.5,0.0,46.5,5.803689,3.1545784,17.20909,3.8992577,0.8752693,5.972666,2.6530826,0.55444896,4.235162,232.0237550619172,21.68283845271137,267.3193304538727,0.9588489089971302,0.09369413364597945,0.9999999948776136,0.032076776,0.02872745,0.13530546,0.033386443,0.02805386,0.13530546,0.01659226,0.017940652,0.095525034,0.021016179,0.016291084,0.095525034,0.069100894,0.08782913,0.47162324,120.53786617372094,68.56207513181792,282.9075885459117,12.079003056931985,282.9075885459117,120.53786617372094,46.497501,-1.7938,46.5,-1.75
33,50,50.0,0.0,50,1.4603722299017556,0.19855413963242532,1.9937446117401123,9.370843771027356,0.48404352225951813,10.740681648254395,0.0970005436641414,0.019185387615134192,0.14917433261871338,292.4344809927591,0.8568292968507882,294.6943359375,-2.0,0.0,-2.0,47.25,0.0,47.25,0.11351245431229173,0.0,0.11351245431229173,3.097996,0.7199275,4.6767673,1.9357214,0.6272523,3.7498102,102460.83,340.24368,103077.75,0.004338009,0.0009200491,0.006980896,288.05258,0.94388664,290.36792,102254.37,338.66483,102868.75,292.87042,1.2369924,295.52637,-2.0,0.0,-2.0,47.25,0.0,47.25,4.563637,2.8763728,13.312919,3.09893,0.7204315,4.6767673,2.114592,0.55068547,3.7498102,230.94763935484536,16.179870612442414,264.8222804069519,0.9493163207787894,0.07135190269441719,0.9999138320379442,0.022563081,0.02050794,0.09207908,0.023453966,0.020283319,0.09207908,0.013927932,0.0148323625,0.064985685,0.015005526,0.014430586,0.064985685,0.04602088,0.060939174,0.28224486,106.50583034608422,73.92187250365966,274.6708801322867,12.582781938709884,274.6708801322867,106.50583034608422,47.277222,-1.8898,47.25,-2.0
34,51,51.0,0.0,51,1.4603722299017556,0.19855413963242532,1.9937446117401123,9.370843771027356,0.48404352225951813,10.740681648254395,0.0970005436641414,0.019185387615134192,0.14917433261871338,292.4344809927591,0.8568292968507882,294.6943359375,-1.75,0.0,-1.75,47.25,0.0,47.25,0.04711635110022788,0.0,0.04711635110022788,2.9562895,0.693566,4.4863377,2.0091898,0.61923,3.7317438,102462.24,339.93637,103084.875,0.0042859055,0.0009227045,0.006626129,287.87518,0.9621595,290.2605,102185.61,337.80127,102804.75,292.94864,1.2762353,295.71973,-1.75,0.0,-1.75,47.25,0.0,47.25,4.5701118,2.7904882,12.841617,2.9621391,0.6961077,4.4863377,2.1442342,0.55597657,3.7317438,233.2212585065423,14.926573315645232,258.525839805603,0.9579315573614523,0.06264887200823388,0.9999941308468863,0.021845363,0.018973779,0.08502483,0.022639737,0.01877883,0.08502483,0.014260596,0.014657725,0.06355709,0.015173191,0.014273967,0.06355709,0.045358893,0.057007782,0.26261458,102.11523102550971,77.94277066672834,274.6708801322867,12.582781938709884,274.6708801322867,102.11523102550971,47.205379,-1.76513,47.25,-1.75
35,52,52.0,0.0,52,2.691374976460527,0.35505699586218237,3.6026313304901123,9.875518612745331,0.48191695756448527,11.139851570129395,0.008756736429726205,0.0018298403442014073,0.014899194240570068,293.5154225419207,0.9539620224653603,296.271484375,-1.25,0.0,-1.25,45.75,0.0,45.75,0.12610857893497895,0.0,0.12610857893497895,3.3071613,0.7136729,5.106455,1.7806933,0.7058,3.4795856,102491.66,325.12827,103232.31,0.004778699,0.0011577018,0.008623123,288.49533,0.9348077,291.0808,102445.34,324.73767,103185.625,294.2243,1.145106,297.40918,-1.25,0.0,-1.25,45.75,0.0,45.75,4.5890293,2.166882,13.274488,3.3117602,0.70458215,5.106455,2.5012088,0.45103523,3.826089,239.23831526826066,29.478429926886527,303.42517936229706,0.9730123311080052,0.03913569293702699,0.9999998136190188,0.021514172,0.016642025,0.08969189,0.021872923,0.016420519,0.08969189,0.01031893,0.011734909,0.06613922,0.015322169,0.010449518,0.06613922,0.04083177,0.047444582,0.28061768,128.35044488674257,68.4898587388849,291.11160935807,10.561097050882289,291.11160935807,128.35044488674257,45.853409,-1.17782,45.75,-1.25
36,53,53.0,0.0,53,1.4603722299017556,0.19855413963242532,1.9937446117401123,9.370843771027356,0.48404352225951813,10.740681648254395,0.0970005436641414,0.019185387615134192,0.14917433261871338,292.4344809927591,0.8568292968507882,294.6943359375,-1.75,0.0,-1.75,47.25,0.0,47.25,0.12934627285314274,0.0,0.12934627285314274,2.9562895,0.693566,4.4863377,2.0091898,0.61923,3.7317438,102462.24,339.93637,103084.875,0.0042859055,0.0009227045,0.006626129,287.87518,0.9621595,290.2605,102185.61,337.80127,102804.75,292.94864,1.2762353,295.71973,-1.75,0.0,-1.75,47.25,0.0,47.25,4.5701118,2.7904882,12.841617,2.9621391,0.6961077,4.4863377,2.1442342,0.55597657,3.7317438,233.2212585065423,14.926573315645232,258.525839805603,0.9579315573614523,0.06264887200823388,0.9999941308468863,0.021845363,0.018973779,0.08502483,0.022639737,0.01877883,0.08502483,0.014260596,0.014657725,0.06355709,0.015173191,0.014273967,0.06355709,0.045358893,0.057007782,0.26261458,102.11523102550971,77.94277066672834,274.6708801322867,12.582781938709884,274.6708801322867,102.11523102550971,47.193451,-1.63367,47.25,-1.75
37,54,54.0,0.0,54,0.7196680394614615,0.08533857809632227,0.873566210269928,5.264795931374154,0.3586213930077094,6.0504961013793945,0.01420999881697864,0.005765267309586495,0.03569841384887695,291.3512171303354,0.5979171806040116,292.838623046875,-2.0,0.0,-2.0,48.75,0.0,48.75,0.11234115187232488,0.0,0.11234115187232488,4.4645343,1.116945,7.237314,3.7468488,1.1325531,7.231744,102416.66,326.35837,103089.56,0.0059205033,0.0012725196,0.008893967,287.7268,0.7593511,289.6355,102372.57,326.0137,103044.44,290.8069,0.61317575,292.12402,-2.0,0.0,-2.0,48.75,0.0,48.75,11.616423,6.3750815,28.194864,4.519159,1.1403844,7.237314,3.9326296,0.9734372,7.231744,258.4516313090557,30.484616828630703,316.1023225784302,0.9443387559975773,0.08500059823474618,0.9999792552639644,0.07815982,0.06287096,0.2468606,0.08092921,0.06234607,0.2468606,0.070150934,0.059124917,0.23531012,0.07136418,0.05797573,0.23531012,0.27803725,0.30857116,1.2659585,104.22070684665587,76.186772597232,310.42121485914333,33.73845286464478,310.42121485914333,104.22070684665587,48.641102,-2.0276,48.75,-2.0
38,55,55.0,0.0,55,1.4603722299017556,0.19855413963242532,1.9937446117401123,9.370843771027356,0.48404352225951813,10.740681648254395,0.0970005436641414,0.019185387615134192,0.14917433261871338,292.4344809927591,0.8568292968507882,294.6943359375,-2.0,0.0,-2.0,47.25,0.0,47.25,0.10438515978816199,0.0,0.10438515978816199,3.097996,0.7199275,4.6767673,1.9357214,0.6272523,3.7498102,102460.83,340.24368,103077.75,0.004338009,0.0009200491,0.006980896,288.05258,0.94388664,290.36792,102254.37,338.66483,102868.75,292.87042,1.2369924,295.52637,-2.0,0.0,-2.0,47.25,0.0,47.25,4.563637,2.8763728,13.312919,3.09893,0.7204315,4.6767673,2.114592,0.55068547,3.7498102,230.94763935484536,16.179870612442414,264.8222804069519,0.9493163207787894,0.07135190269441719,0.9999138320379442,0.022563081,0.02050794,0.09207908,0.023453966,0.020283319,0.09207908,0.013927932,0.0148323625,0.064985685,0.015005526,0.014430586,0.064985685,0.04602088,0.060939174,0.28224486,106.50583034608422,73.92187250365966,274.6708801322867,12.582781938709884,274.6708801322867,106.50583034608422,47.305672,-2.0883,47.25,-2.0
39,56,56.0,0.0,56,2.044807483510273,0.2888046072147689,2.8483996391296387,9.160673467124381,0.46560571737864487,10.503132820129395,0.0068003273591762635,0.0069628613962602216,0.04542088508605957,291.7463319359756,0.8633761608162076,293.9052734375,-3.0,0.0,-3.0,47.5,0.0,47.5,0.1130556057875958,0.0,0.11305560578759581,4.6752033,1.1438283,7.243662,2.3489711,0.8659796,5.300103,102450.805,337.56412,103101.56,0.0047237584,0.0009509516,0.006702423,288.0988,0.8414209,290.11792,102243.06,335.94952,102889.44,291.7033,1.0354673,293.9912,-3.0,0.0,-3.0,47.5,0.0,47.5,8.24901,5.2420716,24.924818,4.684962,1.1509457,7.243662,2.7668521,0.689765,5.300103,216.24263093529677,16.496091163077192,249.2736201286316,0.9626184630078476,0.0742760059028204,0.9999976706822131,0.056254078,0.056834485,0.25024748,0.05888797,0.0569308,0.25024748,0.032540526,0.035608277,0.1569225,0.03536486,0.03424678,0.1569225,0.151057,0.21036175,0.9893352,110.1590235640363,65.11269049635874,270.38275813861975,14.405344463546083,270.38275813861975,110.1590235640363,47.5429,-2.8954,47.5,-3.0
40,57,57.0,0.0,57,3.3057521378121724,0.45230048746902435,4.590302467346191,10.037162804022067,0.44792411298366874,11.282185554504395,0.011878800101396515,0.0024936957005701667,0.01780027151107788,291.3120534012957,0.862847615249765,293.63623046875,-4.0,0.0,-4.0,47.75,0.0,47.75,0.1544788764977599,0.0,0.1544788764977599,4.793569,1.2084448,7.425791,2.4093742,0.9026546,5.6272516,102445.91,334.86588,103130.19,0.0052956603,0.0010395832,0.0076389313,287.99518,0.7981143,289.81128,102170.84,333.04245,102850.44,291.2029,0.9641206,293.18848,-4.0,0.0,-4.0,47.75,0.0,47.75,8.324885,5.3784885,24.532743,4.8075433,1.2202936,7.425791,2.8028417,0.71153116,5.6272516,225.77845884532462,19.49992772470976,264.7598886489868,0.9546387546427655,0.0729645160394245,0.9999980532106219,0.06006047,0.0584199,0.25283512,0.0613414,0.05836589,0.25283512,0.034264497,0.03791947,0.17378144,0.036209147,0.03688278,0.17378144,0.15531063,0.21670467,0.95845497,105.78006428044017,65.08028191115328,276.8142042768919,14.216287775262536,276.8142042768919,105.78006428044017,47.873798,-3.9075999,47.75,-4.0
41,58,58.0,0.0,58,2.470469637614925,0.34610386906289275,3.4364936351776123,9.493431719338021,0.39700966876858235,10.462361335754395,0.004578027783370599,0.0014056325615851553,0.007860898971557617,291.3120534012957,0.862847615249765,293.63623046875,-4.0,0.0,-4.0,48.0,0.0,48.0,0.16622704351581657,0.0,0.16622704351581657,3.5693152,0.8761239,5.571787,2.051516,0.71052945,4.599908,102444.266,334.40198,103135.44,0.0052042007,0.0010735426,0.0077209473,287.65372,0.7543939,289.52612,101590.516,328.46735,102265.44,291.10828,1.1192337,293.74414,-4.0,0.0,-4.0,48.0,0.0,48.0,5.258864,3.4381032,15.71027,3.5739884,0.87903064,5.571787,2.274272,0.5939821,4.599908,223.39964696914865,17.34606186137945,259.2372055053711,0.9512904904650359,0.07545237982980564,0.9999969189689552,0.028203437,0.028286984,0.12360072,0.028762119,0.028134387,0.12360072,0.01841229,0.019543484,0.08314851,0.018980248,0.019200964,0.08314851,0.062406726,0.08629319,0.39304903,98.54405742738305,67.18724231983214,268.7323262473753,14.392961742798954,268.7323262473753,98.54405742738305,47.88092,-4.1159801,48.0,-4.0
42,59,59.0,0.0,59,2.470469637614925,0.34610386906289275,3.4364936351776123,9.493431719338021,0.39700966876858235,10.462361335754395,0.004578027783370599,0.0014056325615851553,0.007860898971557617,289.3625964653201,0.43976299032157934,290.340576171875,-3.75,0.0,-3.75,48.5,0.0,48.5,0.12512922340128915,0.0,0.12512922340128915,3.3190677,0.7859408,5.1889744,2.6132743,0.7601657,5.1736383,102434.05,327.4725,103135.69,0.005118463,0.0008917741,0.0070819855,286.66635,0.7291274,288.77026,100581.086,314.38138,101247.44,290.0838,0.9907744,292.47266,-3.75,0.0,-3.75,48.5,0.0,48.5,6.4316397,3.8186524,17.654503,3.3341734,0.79725283,5.1889744,2.6876414,0.691193,5.1736383,234.8722318043796,12.649395691544944,259.9761161953211,0.9416838903050068,0.07656670412207985,0.9999989499741128,0.03324998,0.028851056,0.13033077,0.033331633,0.028795378,0.13033077,0.028136402,0.02573685,0.10707261,0.02835431,0.025555931,0.10707261,0.08853096,0.107503034,0.49635273,78.74687562337736,71.46316400618322,268.7323262473753,14.392961742798954,268.7323262473753,78.74687562337736,48.588699,-3.8382599,48.5,-3.75
43,60,60.0,0.0,60,2.4878783167862313,0.33959609207678026,3.3731391429901123,9.861980531273819,0.4967971813721361,11.280232429504395,0.007527912535318514,0.0018525556215754852,0.011801660060882568,293.2016125190549,0.9303348374744455,295.82421875,-1.25,0.0,-1.25,46.0,0.0,46.0,0.0760170407277212,0.0,0.0760170407277212,3.3740706,0.71649987,5.143076,1.8945022,0.707967,3.5664997,102489.02,327.09833,103212.69,0.004869996,0.0011695792,0.008159637,288.43835,0.93123746,291.06323,102405.195,326.38492,103127.625,294.01654,1.1636913,297.09473,-1.25,0.0,-1.25,46.0,0.0,46.0,4.792379,2.3684506,13.717777,3.3783956,0.70845485,5.143076,2.4505134,0.4845165,3.7562647,237.5507676339731,26.022505853532945,288.1095974445343,0.9325617776353256,0.1297170467640265,0.9999851893295796,0.023005579,0.018373717,0.09147105,0.023604332,0.017973544,0.09147105,0.012002436,0.013054587,0.07156924,0.01609447,0.011632416,0.07156924,0.04529012,0.053002957,0.29967254,126.21258154148009,71.25042587239292,285.79533695470667,11.30063455116323,285.79533695470667,126.21258154148009,46.007359,-1.17434,46.0,-1.25
44,61,61.0,0.0,61,2.691374976460527,0.35505699586218237,3.6026313304901123,9.875518612745331,0.48191695756448527,11.139851570129395,0.008756736429726205,0.0018298403442014073,0.014899194240570068,293.8029308784299,0.957039183322202,296.6142578125,-1.0,0.0,-1.0,45.5,0.0,45.5,0.08982026653267128,0.0,0.08982026653267128,2.4095478,0.5222709,3.7500095,1.501382,0.5357711,2.8789997,102498.914,325.07132,103257.69,0.004480362,0.0009809069,0.0074157715,287.92737,1.0024874,290.70972,102359.125,323.84,103116.625,295.03595,1.2429734,298.42676,-1.0,0.0,-1.0,45.5,0.0,45.5,2.7586012,1.3628027,7.733714,2.416325,0.511096,3.7500095,1.8904516,0.3881967,2.8789997,241.49148460859206,26.965082971411388,295.1740369796753,0.9282459787779723,0.09957996015386494,0.9999992167459445,0.009550662,0.007217293,0.0356448,0.009865644,0.00701537,0.0356448,0.005682544,0.0061721597,0.03290994,0.0075045903,0.0056786444,0.03290994,0.015004239,0.017125856,0.095247954,128.9793585800543,76.56539104994205,291.1244321877569,10.55872148276521,291.1244321877569,128.9793585800543,45.453671,-0.92304999,45.5,-1.0
45,65,65.0,0.0,65,2.8236723992882706,0.3670429719009674,3.7769477367401123,10.219039475045554,0.4945931859210479,11.460652351379395,0.008606631581376239,0.001569141087370449,0.014670312404632568,294.0766422923018,0.9350747056020091,296.8310546875,-0.75,0.0,-0.75,45.25,0.0,45.25,0.09676117942853102,0.0,0.09676117942853102,2.0182261,0.40950018,3.0170994,1.4316432,0.4696932,2.634859,102504.11,325.35568,103280.19,0.004592872,0.0009922737,0.006860733,289.01764,1.0390743,291.74683,102227.03,322.8988,102999.625,295.03265,1.1935297,298.2881,-0.75,0.0,-0.75,45.25,0.0,45.25,2.19839,1.0818886,5.5410595,2.0269065,0.39733717,3.0170994,1.6992977,0.37266088,2.634859,251.53156327619786,25.688242852486965,287.477087020874,0.943853377722846,0.10091411682250068,0.9999980735435643,0.0062653865,0.0044668117,0.019049978,0.006609134,0.0042676623,0.019049978,0.004580785,0.004717803,0.022648677,0.0055860765,0.00444942,0.022648677,0.009514955,0.0099198045,0.048895072,124.67638769382384,80.5964831320574,294.57839157374144,9.567043521906854,294.57839157374144,124.67638769382384,45.335571,-0.79517001,45.25,-0.75
46,70,70.0,0.0,70,2.8236723992882706,0.3670429719009674,3.7769477367401123,10.219039475045554,0.4945931859210479,11.460652351379395,0.008606631581376239,0.001569141087370449,0.014670312404632568,294.3083972465701,0.8899068868935911,296.9501953125,-0.5,0.0,-0.5,45.0,0.0,45.0,0.11115385095983031,0.0,0.11115385095983031,1.8945946,0.37240192,2.8403416,1.3188432,0.42452368,2.4513664,102509.17,326.8812,103299.31,0.004534093,0.00093791675,0.0068244934,288.61267,1.0968738,291.47925,102034.164,322.46164,102818.625,295.22467,1.1928653,298.53613,-0.5,0.0,-0.5,45.0,0.0,45.0,1.9124593,0.8877714,4.5147715,1.8980494,0.36784828,2.8403416,1.5462064,0.35153416,2.4513664,255.48648573712606,22.32751851582808,289.75969791412354,0.9293896509890431,0.13394832319630598,0.99999994466955,0.00513251,0.0034242999,0.01367153,0.0053373137,0.0032839212,0.01367153,0.003737072,0.0037850873,0.017547296,0.004353576,0.0035932693,0.017547296,0.0070490665,0.007076781,0.032460187,119.2727847215606,77.31993468156081,294.57839157374144,9.567043521906854,294.57839157374144,119.2727847215606,45.040482,-0.60351998,45.0,-0.5
47,84,84.0,0.0,84,3.38494971903359,0.45679884487752453,4.676768779754639,9.490320903498953,0.4369130318189237,10.529011726379395,0.010866841165030875,0.0018342787735783207,0.015725135803222656,290.0628275057165,0.780859173501816,291.865478515625,-6.25,0.0,-6.25,50.0,0.0,50.0,0.10610872353392876,0.0,0.10610872353392878,6.6775594,1.5194476,9.911631,3.9783924,1.3001993,9.085259,102390.66,302.21683,103145.19,0.004961758,0.00089245295,0.0068855286,287.05377,0.81004196,288.77026,102408.89,302.4282,103163.44,289.827,0.7379776,291.66626,-6.25,0.0,-6.25,50.0,0.0,50.0,19.147022,11.18964,54.11083,6.7379227,1.576203,9.911631,4.261194,1.1443421,9.085259,227.14447343449405,15.468105161115544,256.75077390670776,0.9670811321492881,0.06731382370754868,0.9999831330405704,0.18973602,0.16092579,0.74002177,0.18996412,0.16069119,0.74002177,0.12663692,0.13827616,0.7828904,0.12708674,0.1380072,0.7828904,0.7783545,1.0199198,4.662811,82.23494027300579,63.157114760890146,267.6735133301343,18.236870263039297,267.6735133301343,82.23494027300579,49.917833,-6.317139,50.0,-6.25
48,85,85.0,0.0,85,3.38494971903359,0.45679884487752453,4.676768779754639,9.490320903498953,0.4369130318189237,10.529011726379395,0.010866841165030875,0.0018342787735783207,0.015725135803222656,290.0628275057165,0.780859173501816,291.865478515625,-6.25,0.0,-6.25,50.0,0.0,50.0,0.10508928051903985,0.0,0.10508928051903985,6.6775594,1.5194476,9.911631,3.9783924,1.3001993,9.085259,102390.66,302.21683,103145.19,0.004961758,0.00089245295,0.0068855286,287.05377,0.81004196,288.77026,102408.89,302.4282,103163.44,289.827,0.7379776,291.66626,-6.25,0.0,-6.25,50.0,0.0,50.0,19.147022,11.18964,54.11083,6.7379227,1.576203,9.911631,4.261194,1.1443421,9.085259,227.14447343449405,15.468105161115544,256.75077390670776,0.9670811321492881,0.06731382370754868,0.9999831330405704,0.18973602,0.16092579,0.74002177,0.18996412,0.16069119,0.74002177,0.12663692,0.13827616,0.7828904,0.12708674,0.1380072,0.7828904,0.7783545,1.0199198,4.662811,82.23494027300579,63.157114760890146,267.6735133301343,18.236870263039297,267.6735133301343,82.23494027300579,49.9179,-6.3155999,50.0,-6.25
49,87,87.0,0.0,87,1.6381530209285458,0.2058289551881832,2.1129260063171387,7.965967131824028,0.5852354653488351,9.478474617004395,0.005339072971809201,0.010934835714033088,0.05569005012512207,290.8429342130335,0.6113110222657653,292.184326171875,-2.0,0.0,-2.0,49.25,0.0,49.25,0.13437141726572785,0.0,0.13437141726572785,5.376064,1.2367288,8.387217,3.872976,1.2654234,8.100396,102400.484,318.907,103081.44,0.0066226632,0.0014067299,0.010923386,287.57755,0.74273044,289.5027,102289.734,318.05557,102968.44,290.46588,0.6622235,291.9756,-2.0,0.0,-2.0,49.25,0.0,49.25,15.106057,8.636248,36.530685,5.430255,1.2726533,8.387217,3.9596357,1.1598537,8.100396,240.8818552348672,18.950597598367988,273.6961088180542,0.9646007978498181,0.04268706480821304,0.9999911930366697,0.117549375,0.09814732,0.380194,0.1221226,0.098048516,0.380194,0.09933082,0.092044055,0.379148,0.100263946,0.091176376,0.379148,0.47927657,0.5496887,2.125177,90.11839782900927,71.45891365611055,287.0872485721235,24.546237664674248,287.0872485721235,90.11839782900927,49.183333,-2.116667,49.25,-2.0
50,88,88.0,0.0,88,1.6044721835997047,0.2598711535206921,2.1768908500671387,6.870055617355719,0.40803736606868507,8.027719497680664,0.01562544485417808,0.0009329008276629125,0.017837822437286377,291.1145079077744,0.7912561714687187,292.447265625,1.0,0.0,1.0,50.0,0.0,50.0,0.11025175282053391,0.0,0.11025175282053393,4.287656,0.91285706,6.3554783,3.5430584,1.0420395,6.172662,102373.21,314.67642,103031.19,0.0049248906,0.00096227793,0.006828308,287.29916,0.75067085,289.6062,101769.734,308.6994,102415.0,291.04587,0.98623943,293.13965,1.0,0.0,1.0,50.0,0.0,50.0,11.083685,5.661342,24.43296,4.319068,0.9158919,6.3554783,3.6213636,0.940294,6.172662,244.62336119791357,18.537146584299883,306.52862071990967,0.9406596390471457,0.13193778852573537,0.9999999310456572,0.07221915,0.05126657,0.22051346,0.07365045,0.05070184,0.22051346,0.06426857,0.051122323,0.18861234,0.06445802,0.050925717,0.18861234,0.24543156,0.23289596,0.950674,77.73826385125881,64.68790692266977,284.9852745258161,22.578138357648825,284.9852745258161,77.73826385125881,49.92917,1.08449,50.0,1.0
51,89,89.0,0.0,89,1.075043912340955,0.1499041873788918,1.3519716262817383,5.04416758839677,0.19619432917290747,5.536873817443848,0.0181717756317883,0.0015598882785128271,0.02200758457183838,291.4429068216463,0.7725748386847034,293.1337890625,0.0,0.0,0.0,49.5,0.0,49.5,0.10751585959289879,0.0,0.10751585959289879,3.8958874,0.8634722,5.978525,3.5089283,0.99191093,6.139947,102393.32,320.80347,103043.19,0.005797828,0.0011193126,0.00868988,287.44382,0.75379956,289.8816,102053.35,317.7542,102694.44,291.20782,0.8946727,293.4209,0.0,0.0,0.0,49.5,0.0,49.5,9.823271,5.1945353,22.128967,3.9538813,0.8588922,5.978525,3.5796602,0.9122644,6.139947,264.06005583739864,26.16880204074798,323.5735161304474,0.9212781416703337,0.11353916940180814,0.9999981952620933,0.058682162,0.04423066,0.18453233,0.060136214,0.043649103,0.18453233,0.055468366,0.044917595,0.17570682,0.055703886,0.044661973,0.17570682,0.1955936,0.19582607,0.77983326,82.57097979289729,74.49435426284215,305.8121747998719,32.91071060047932,305.8121747998719,82.57097979289729,49.481892,0.10598,49.5,0.0
52,90,90.0,0.0,90,1.6489740232142007,0.20904209911215602,2.1129260063171387,7.965967131824028,0.5852354653488351,9.478474617004395,0.006111242422243444,0.01096349651013663,0.05569005012512207,289.9916575362043,0.6405686049002743,291.115234375,-1.75,0.0,-1.75,49.75,0.0,49.75,0.15106658092708827,0.0,0.15106658092708827,5.1561027,1.1064365,7.6713963,3.3592443,1.0662402,6.9724665,102383.71,310.48145,103067.44,0.0053420183,0.0011066024,0.00897789,287.39572,0.7043554,289.4402,102047.96,307.83667,102724.44,290.11655,0.7016472,291.55957,-1.75,0.0,-1.75,49.75,0.0,49.75,13.396566,7.6098595,32.40001,5.2125244,1.1616875,7.6713963,3.4272482,0.9903487,6.9724665,237.95030201935185,22.079374532546183,294.61314964294434,0.9499689906218827,0.07617832598446292,0.999967051850887,0.10298853,0.08105412,0.33892894,0.106700316,0.081805766,0.33892894,0.07728536,0.074744396,0.33087412,0.07755498,0.074492015,0.33087412,0.37577507,0.42842153,1.6717438,80.8781058613847,69.10493740041241,287.010640423898,24.636325460966926,287.010640423898,80.8781058613847,49.651447,-1.635508,49.75,-1.75
53,93,93.0,0.0,93,1.6044721835997047,0.2598711535206921,2.1768908500671387,6.870055617355719,0.40803736606868507,8.027719497680664,0.01562544485417808,0.0009329008276629125,0.017837822437286377,291.1145079077744,0.7912561714687187,292.447265625,1.0,0.0,1.0,50.0,0.0,50.0,0.11011357772772636,0.0,0.11011357772772636,4.287656,0.91285706,6.3554783,3.5430584,1.0420395,6.172662,102373.21,314.67642,103031.19,0.0049248906,0.00096227793,0.006828308,287.29916,0.75067085,289.6062,101769.734,308.6994,102415.0,291.04587,0.98623943,293.13965,1.0,0.0,1.0,50.0,0.0,50.0,11.083685,5.661342,24.43296,4.319068,0.9158919,6.3554783,3.6213636,0.940294,6.172662,244.62336119791357,18.537146584299883,306.52862071990967,0.9406596390471457,0.13193778852573537,0.9999999310456572,0.07221915,0.05126657,0.22051346,0.07365045,0.05070184,0.22051346,0.06426857,0.051122323,0.18861234,0.06445802,0.050925717,0.18861234,0.24543156,0.23289596,0.950674,77.73826385125881,64.68790692266977,284.9852745258161,22.578138357648825,284.9852745258161,77.73826385125881,49.93,1.085,50.0,1.0
54,94,94.0,0.0,94,1.075043912340955,0.1499041873788918,1.3519716262817383,5.04416758839677,0.19619432917290747,5.536873817443848,0.0181717756317883,0.0015598882785128271,0.02200758457183838,291.4429068216463,0.7725748386847034,293.1337890625,0.0,0.0,0.0,49.5,0.0,49.5,0.10719070110788488,0.0,0.1071907011078849,3.8958874,0.8634722,5.978525,3.5089283,0.99191093,6.139947,102393.32,320.80347,103043.19,0.005797828,0.0011193126,0.00868988,287.44382,0.75379956,289.8816,102053.35,317.7542,102694.44,291.20782,0.8946727,293.4209,0.0,0.0,0.0,49.5,0.0,49.5,9.823271,5.1945353,22.128967,3.9538813,0.8588922,5.978525,3.5796602,0.9122644,6.139947,264.06005583739864,26.16880204074798,323.5735161304474,0.9212781416703337,0.11353916940180814,0.9999981952620933,0.058682162,0.04423066,0.18453233,0.060136214,0.043649103,0.18453233,0.055468366,0.044917595,0.17570682,0.055703886,0.044661973,0.17570682,0.1955936,0.19582607,0.77983326,82.57097979289729,74.49435426284215,305.8121747998719,32.91071060047932,305.8121747998719,82.57097979289729,49.481602,0.1056,49.5,0.0
55,95,95.0,0.0,95,1.6489740232142007,0.20904209911215602,2.1129260063171387,7.965967131824028,0.5852354653488351,9.478474617004395,0.006111242422243444,0.01096349651013663,0.05569005012512207,289.9916575362043,0.6405686049002743,291.115234375,-1.75,0.0,-1.75,49.75,0.0,49.75,0.15116923430711585,0.0,0.15116923430711585,5.1561027,1.1064365,7.6713963,3.3592443,1.0662402,6.9724665,102383.71,310.48145,103067.44,0.0053420183,0.0011066024,0.00897789,287.39572,0.7043554,289.4402,102047.96,307.83667,102724.44,290.11655,0.7016472,291.55957,-1.75,0.0,-1.75,49.75,0.0,49.75,13.396566,7.6098595,32.40001,5.2125244,1.1616875,7.6713963,3.4272482,0.9903487,6.9724665,237.95030201935185,22.079374532546183,294.61314964294434,0.9499689906218827,0.07617832598446292,0.999967051850887,0.10298853,0.08105412,0.33892894,0.106700316,0.081805766,0.33892894,0.07728536,0.074744396,0.33087412,0.07755498,0.074492015,0.33087412,0.37577507,0.42842153,1.6717438,80.8781058613847,69.10493740041241,287.010640423898,24.636325460966926,287.010640423898,80.8781058613847,49.651299,-1.6355,49.75,-1.75
56,97,97.0,0.0,97,1.6381530209285458,0.2058289551881832,2.1129260063171387,7.965967131824028,0.5852354653488351,9.478474617004395,0.005339072971809201,0.010934835714033088,0.05569005012512207,290.8429342130335,0.6113110222657653,292.184326171875,-2.0,0.0,-2.0,49.25,0.0,49.25,0.13441635562687168,0.0,0.13441635562687168,5.376064,1.2367288,8.387217,3.872976,1.2654234,8.100396,102400.484,318.907,103081.44,0.0066226632,0.0014067299,0.010923386,287.57755,0.74273044,289.5027,102289.734,318.05557,102968.44,290.46588,0.6622235,291.9756,-2.0,0.0,-2.0,49.25,0.0,49.25,15.106057,8.636248,36.530685,5.430255,1.2726533,8.387217,3.9596357,1.1598537,8.100396,240.8818552348672,18.950597598367988,273.6961088180542,0.9646007978498181,0.04268706480821304,0.9999911930366697,0.117549375,0.09814732,0.380194,0.1221226,0.098048516,0.380194,0.09933082,0.092044055,0.379148,0.100263946,0.091176376,0.379148,0.47927657,0.5496887,2.125177,90.11839782900927,71.45891365611055,287.0872485721235,24.546237664674248,287.0872485721235,90.11839782900927,49.1833,-2.1166999,49.25,-2.0
57,99,99.0,0.0,99,1.075043912340955,0.1499041873788918,1.3519716262817383,5.04416758839677,0.19619432917290747,5.536873817443848,0.0181717756317883,0.0015598882785128271,0.02200758457183838,291.4429068216463,0.7725748386847034,293.1337890625,0.0,0.0,0.0,49.5,0.0,49.5,0.11572236084698541,0.0,0.11572236084698541,3.8958874,0.8634722,5.978525,3.5089283,0.99191093,6.139947,102393.32,320.80347,103043.19,0.005797828,0.0011193126,0.00868988,287.44382,0.75379956,289.8816,102053.35,317.7542,102694.44,291.20782,0.8946727,293.4209,0.0,0.0,0.0,49.5,0.0,49.5,9.823271,5.1945353,22.128967,3.9538813,0.8588922,5.978525,3.5796602,0.9122644,6.139947,264.06005583739864,26.16880204074798,323.5735161304474,0.9212781416703337,0.11353916940180814,0.9999981952620933,0.058682162,0.04423066,0.18453233,0.060136214,0.043649103,0.18453233,0.055468366,0.044917595,0.17570682,0.055703886,0.044661973,0.17570682,0.1955936,0.19582607,0.77983326,82.57097979289729,74.49435426284215,305.8121747998719,32.91071060047932,305.8121747998719,82.57097979289729,49.48378,0.11458,49.5,0.0
58,102,102.0,0.0,102,2.9621656755121744,0.41459054930663775,4.160289287567139,9.219352373262732,0.4024819101612795,10.151082038879395,0.007707270180306784,0.00103498527076993,0.010598182678222656,289.886367425686,0.7903806083430976,291.498291015625,-5.5,0.0,-5.5,50.0,0.0,50.0,0.11030865786509833,0.0,0.11030865786509834,5.8999076,1.3405558,8.837412,3.4996498,1.1328871,8.080377,102390.94,303.99316,103140.94,0.0052609793,0.0010127192,0.007255554,287.0041,0.7694612,288.8894,102208.04,302.89938,102954.44,289.83414,0.8265218,291.82446,-5.5,0.0,-5.5,50.0,0.0,50.0,15.128195,8.995313,43.58459,5.9541373,1.3939979,8.837412,3.681507,1.0454756,8.080377,220.01303406023396,14.255648461898215,248.0893702507019,0.9327148646458435,0.1802349981157433,0.9999848589563763,0.13264802,0.113157965,0.49980706,0.1340472,0.11313876,0.49980706,0.08869301,0.09939087,0.5608465,0.08881036,0.099319056,0.5608465,0.49017847,0.6502154,3.0251393,78.52671604621702,61.71465586688753,259.35196516274544,18.19642171276827,259.35196516274544,78.52671604621702,50.102,-5.542,50.0,-5.5
59,103,103.0,0.0,103,2.9621656755121744,0.41459054930663775,4.160289287567139,9.219352373262732,0.4024819101612795,10.151082038879395,0.007707270180306784,0.00103498527076993,0.010598182678222656,289.886367425686,0.7903806083430976,291.498291015625,-5.5,0.0,-5.5,50.0,0.0,50.0,0.11151933688827378,0.0,0.11151933688827378,5.8999076,1.3405558,8.837412,3.4996498,1.1328871,8.080377,102390.94,303.99316,103140.94,0.0052609793,0.0010127192,0.007255554,287.0041,0.7694612,288.8894,102208.04,302.89938,102954.44,289.83414,0.8265218,291.82446,-5.5,0.0,-5.5,50.0,0.0,50.0,15.128195,8.995313,43.58459,5.9541373,1.3939979,8.837412,3.681507,1.0454756,8.080377,220.01303406023396,14.255648461898215,248.0893702507019,0.9327148646458435,0.1802349981157433,0.9999848589563763,0.13264802,0.113157965,0.49980706,0.1340472,0.11313876,0.49980706,0.08869301,0.09939087,0.5608465,0.08881036,0.099319056,0.5608465,0.49017847,0.6502154,3.0251393,78.52671604621702,61.71465586688753,259.35196516274544,18.19642171276827,259.35196516274544,78.52671604621702,50.103,-5.54275,50.0,-5.5
60,104,104.0,0.0,104,2.9621656755121744,0.41459054930663775,4.160289287567139,9.219352373262732,0.4024819101612795,10.151082038879395,0.007707270180306784,0.00103498527076993,0.010598182678222656,289.886367425686,0.7903806083430976,291.498291015625,-5.5,0.0,-5.5,50.0,0.0,50.0,0.1054063039101547,0.0,0.1054063039101547,5.8999076,1.3405558,8.837412,3.4996498,1.1328871,8.080377,102390.94,303.99316,103140.94,0.0052609793,0.0010127192,0.007255554,287.0041,0.7694612,288.8894,102208.04,302.89938,102954.44,289.83414,0.8265218,291.82446,-5.5,0.0,-5.5,50.0,0.0,50.0,15.128195,8.995313,43.58459,5.9541373,1.3939979,8.837412,3.681507,1.0454756,8.080377,220.01303406023396,14.255648461898215,248.0893702507019,0.9327148646458435,0.1802349981157433,0.9999848589563763,0.13264802,0.113157965,0.49980706,0.1340472,0.11313876,0.49980706,0.08869301,0.09939087,0.5608465,0.08881036,0.099319056,0.5608465,0.49017847,0.6502154,3.0251393,78.52671604621702,61.71465586688753,259.35196516274544,18.19642171276827,259.35196516274544,78.52671604621702,50.099998,-5.53333,50.0,-5.5
61,108,108.0,0.0,108,2.0397680445415216,0.2698208919584223,2.7944445610046387,6.762527558861709,0.31991239761531864,7.652596473693848,0.022908966715742902,0.002142002452173199,0.028954505920410156,290.0462199885671,0.6726584755443301,291.010009765625,-2.5,0.0,-2.5,50.5,0.0,50.5,0.12034150213454979,0.0,0.12034150213454979,5.4463153,1.1425378,7.794346,3.251939,1.0222157,6.9797907,102362.305,304.02173,103077.69,0.0055592465,0.0012766917,0.009334564,286.9859,0.7414316,289.05737,101971.91,300.6517,102678.44,289.7819,0.79636705,291.83423,-2.5,0.0,-2.5,50.5,0.0,50.5,14.896519,8.294139,39.39311,5.49984,1.179505,7.794346,3.3217616,0.9861605,6.9797907,190.28524990198088,10.955304929632291,218.4363459944725,0.9499741090287208,0.1206073235284835,0.9999442503893197,0.123378366,0.09264603,0.3689919,0.12877688,0.09739132,0.3689919,0.08259491,0.084405735,0.43786687,0.08425367,0.08478019,0.43786687,0.46026617,0.5423272,2.4712687,72.53234249208032,60.48425198844362,230.92509599965564,36.08115459831794,230.92509599965564,72.53234249208032,50.6085,-2.447944,50.5,-2.5
62,109,109.0,0.0,109,1.7497130865004005,0.2296959883928756,2.3896594047546387,6.126735710516209,0.2938773130493134,6.965340614318848,0.019774846914337903,0.001873537943192029,0.024804115295410156,290.877822503811,0.7814480111934634,292.73486328125,-1.75,0.0,-1.75,50.75,0.0,50.75,0.12985532029916905,0.0,0.12985532029916905,4.372302,0.90411896,6.2123184,2.954918,0.92428327,6.12774,102348.61,304.26596,103062.5,0.005157261,0.0010248931,0.009090424,286.9346,0.7833732,289.18433,102068.16,301.59918,102776.56,290.50204,0.97792816,292.6931,-1.75,0.0,-1.75,50.75,0.0,50.75,11.262653,6.021237,26.894638,4.4123926,0.9190046,6.2123184,3.0111961,0.8854473,6.12774,191.6114466771847,8.33161587692865,211.38787531852722,0.9636843858709958,0.04677193685132277,0.9999788292432972,0.0750077,0.054699782,0.23140833,0.07830929,0.057700455,0.23140833,0.05698691,0.05411815,0.26244932,0.05874895,0.05464043,0.26244932,0.2583328,0.28263113,1.1518896,74.77898872189405,59.72105043753042,233.42293713626455,38.31579528819307,233.42293713626455,74.77898872189405,50.714333,-1.874861,50.75,-1.75
63,111,111.0,0.0,111,1.7188100291461479,0.2253532485882095,2.3319201469421387,6.130800247192383,0.2952707586797509,6.998299598693848,0.018785914269889275,0.0014890193063812713,0.022908687591552734,290.877822503811,0.7814480111934634,292.73486328125,-1.5,0.0,-1.5,50.75,0.0,50.75,0.012044484214778266,0.0,0.012044484214778266,4.35883,0.90278184,6.2211075,2.9126236,0.911418,6.0227594,102346.91,304.73166,103056.75,0.00484748,0.0009321491,0.008052826,286.86218,0.77296937,289.24487,102114.74,302.39285,102819.56,290.73843,1.0178279,292.94165,-1.5,0.0,-1.5,50.75,0.0,50.75,11.135105,5.9439025,26.342714,4.395526,0.91392636,6.2211075,2.9606252,0.87709326,6.0227594,193.5326738935418,8.854406469504122,217.1161908954382,0.9475117493385473,0.07923320311854677,0.9999900976202324,0.07428319,0.054317746,0.22983223,0.07733156,0.056797422,0.22983223,0.05579107,0.052811008,0.2526594,0.057436775,0.053250775,0.2526594,0.25234568,0.27501318,1.1050972,74.25685431317585,59.6802639081314,236.40286563769783,39.28863940743409,236.40286563769783,74.25685431317585,50.7403,-1.50714,50.75,-1.5
64,114,114.0,0.0,114,1.8875431898163586,0.24430321783302222,2.5578722953796387,6.664203108810797,0.30206700172714374,7.508065223693848,0.02178508915552279,0.0021344631749750554,0.028252601623535156,290.0286239996189,0.6623890329052955,291.060791015625,-2.75,0.0,-2.75,50.75,0.0,50.75,0.04347351492575625,0.0,0.04347351492575625,3.4870415,0.71477026,4.9847794,2.5445786,0.80844194,5.429986,102359.84,304.4197,103087.25,0.004020784,0.0007518684,0.0059509277,286.4893,0.7877254,289.1316,101627.81,297.75815,102340.56,290.63678,1.2602248,293.5686,-2.75,0.0,-2.75,50.75,0.0,50.75,7.506787,4.130736,18.717724,3.5160086,0.72031844,4.9847794,2.6066418,0.7649605,5.429986,189.96304315619352,8.117162340177988,206.58060359954834,0.9509133665914044,0.08036726795704026,0.9999327251586045,0.039852917,0.030532578,0.13157985,0.04118965,0.031564984,0.13157985,0.03282264,0.032512654,0.16185689,0.033472706,0.032584745,0.16185689,0.116250366,0.13385458,0.55793744,73.57529407594262,60.952810377557356,222.80650024651607,36.40346160921274,222.80650024651607,73.57529407594262,50.70888,-2.76411,50.75,-2.75
65,115,115.0,0.0,115,2.541511099512984,0.3922459747528191,3.5488390922546387,9.960055560600466,0.528542895000578,11.311726570129395,0.004519564349476884,0.0010747160678814995,0.007283329963684082,289.9937297541921,0.779707552204836,291.303955078125,-4.75,0.0,-4.75,50.5,0.0,50.5,0.1264517813239478,0.0,0.1264517813239478,4.035207,0.89643294,5.9238377,2.8245702,0.844978,6.1145563,102376.984,301.7167,103124.31,0.0052466276,0.0008987286,0.0070705414,286.68283,0.7453339,288.83276,101356.63,293.7424,102083.44,289.6501,1.0484957,292.2522,-4.75,0.0,-4.75,50.5,0.0,50.5,8.247633,4.587269,20.690779,4.084409,0.9181383,5.9238377,2.9357557,0.7943152,6.1145563,241.87019792083288,14.29564026491496,272.1183343054727,0.9585668305192441,0.05508571802982687,0.9999557977402963,0.048826415,0.038839098,0.17375757,0.049963742,0.03887653,0.17375757,0.038020685,0.038357746,0.1994554,0.038165357,0.038231142,0.1994554,0.14102103,0.16778724,0.6817625,72.61948241257086,63.178574502519076,274.59664235407405,11.308905945642756,274.59664235407405,72.61948241257086,50.59419,-4.83437,50.5,-4.75
66,120,120.0,0.0,120,1.1523504882324032,0.14789853431895594,1.4637880325317383,4.857175245517638,0.14124718684449075,5.147713661193848,0.016734774519757526,0.0011493918432516131,0.018592894077301025,290.823944836128,0.7567813409520934,292.01611328125,1.75,0.0,1.75,51.0,0.0,51.0,0.12163244861734177,0.0,0.12163244861734177,5.036841,1.1253607,7.206792,4.0797205,1.1404195,7.0290756,102320.086,303.73956,103015.44,0.0047641383,0.0009633508,0.0075092316,287.3224,0.7621462,289.25073,102227.65,302.86176,102921.0,290.74603,0.86784065,292.25293,1.75,0.0,1.75,51.0,0.0,51.0,16.950409,8.055249,37.048454,5.05302,1.1406499,7.206792,4.1404967,1.0696906,7.0290756,217.80531878587675,16.250365675079475,268.3980941772461,0.9319189018198113,0.10773376891367878,0.9999985475259991,0.13454859,0.08742087,0.38139024,0.13529375,0.08703726,0.38139024,0.11596595,0.08806711,0.3524552,0.11605991,0.08797252,0.3524552,0.5583636,0.50867707,2.1858463,69.24292531827601,60.3748874018929,274.09789458319113,72.92990008360714,274.09789458319113,69.24292531827601,50.9693985,1.86772001,51.0,1.75
67,121,121.0,0.0,121,1.1523504882324032,0.14789853431895594,1.4637880325317383,4.857175245517638,0.14124718684449075,5.147713661193848,0.016734774519757526,0.0011493918432516131,0.018592894077301025,290.7676733993902,0.7486945391377039,291.9755859375,1.5,0.0,1.5,50.75,0.0,50.75,0.0808872054159381,0.0,0.0808872054159381,4.599349,1.0154654,6.7005997,3.6208615,1.0571457,6.4514704,102336.68,307.15207,103024.81,0.005255978,0.0011771863,0.008384705,287.20026,0.7428262,289.46167,101941.17,303.4233,102620.0,290.75217,1.0028123,292.77612,1.5,0.0,1.5,50.75,0.0,50.75,13.419201,6.501432,29.145147,4.60955,1.0225265,6.7005997,3.6801128,0.98498505,6.4514704,217.84801184549565,17.89833361607673,269.1432342529297,0.917402435643407,0.09620839588909506,0.9999882914905217,0.09609282,0.06381927,0.27875528,0.09711412,0.06346518,0.27875528,0.081385836,0.064746454,0.26081356,0.08151556,0.06461713,0.26081356,0.3524404,0.33001238,1.3527327,72.06120411942645,60.22416674829478,274.09789458319113,72.92990008360714,274.09789458319113,72.06120411942645,50.72738,1.57766,50.75,1.5
68,122,122.0,0.0,122,1.1523504882324032,0.14789853431895594,1.4637880325317383,4.857175245517638,0.14124718684449075,5.147713661193848,0.016734774519757526,0.0011493918432516131,0.018592894077301025,290.823944836128,0.7567813409520934,292.01611328125,1.75,0.0,1.75,51.0,0.0,51.0,0.12158733075859471,0.0,0.12158733075859472,5.036841,1.1253607,7.206792,4.0797205,1.1404195,7.0290756,102320.086,303.73956,103015.44,0.0047641383,0.0009633508,0.0075092316,287.3224,0.7621462,289.25073,102227.65,302.86176,102921.0,290.74603,0.86784065,292.25293,1.75,0.0,1.75,51.0,0.0,51.0,16.950409,8.055249,37.048454,5.05302,1.1406499,7.206792,4.1404967,1.0696906,7.0290756,217.80531878587675,16.250365675079475,268.3980941772461,0.9319189018198113,0.10773376891367878,0.9999985475259991,0.13454859,0.08742087,0.38139024,0.13529375,0.08703726,0.38139024,0.11596595,0.08806711,0.3524552,0.11605991,0.08797252,0.3524552,0.5583636,0.50867707,2.1858463,69.24292531827601,60.3748874018929,274.09789458319113,72.92990008360714,274.09789458319113,69.24292531827601,50.969501,1.8677,51.0,1.75
69,123,123.0,0.0,123,1.1523504882324032,0.14789853431895594,1.4637880325317383,4.857175245517638,0.14124718684449075,5.147713661193848,0.016734774519757526,0.0011493918432516131,0.018592894077301025,290.7676733993902,0.7486945391377039,291.9755859375,1.5,0.0,1.5,50.75,0.0,50.75,0.08060375302056437,0.0,0.08060375302056437,4.599349,1.0154654,6.7005997,3.6208615,1.0571457,6.4514704,102336.68,307.15207,103024.81,0.005255978,0.0011771863,0.008384705,287.20026,0.7428262,289.46167,101941.17,303.4233,102620.0,290.75217,1.0028123,292.77612,1.5,0.0,1.5,50.75,0.0,50.75,13.419201,6.501432,29.145147,4.60955,1.0225265,6.7005997,3.6801128,0.98498505,6.4514704,217.84801184549565,17.89833361607673,269.1432342529297,0.917402435643407,0.09620839588909506,0.9999882914905217,0.09609282,0.06381927,0.27875528,0.09711412,0.06346518,0.27875528,0.081385836,0.064746454,0.26081356,0.08151556,0.06461713,0.26081356,0.3524404,0.33001238,1.3527327,72.06120411942645,60.22416674829478,274.09789458319113,72.92990008360714,274.09789458319113,72.06120411942645,50.727501,1.5774,50.75,1.5
70,124,124.0,0.0,124,1.9507082148296078,0.27606033102555044,2.6087756156921387,6.070034096880657,0.30648112347025097,6.991707801818848,0.028389975792024194,0.002144199208579915,0.034417152404785156,290.3902022198933,0.7483034535990883,292.14306640625,0.0,0.0,0.0,50.75,0.0,50.75,0.07452278647501136,0.0,0.07452278647501136,5.867463,1.2212356,8.2225685,3.6524897,1.1355574,7.344537,102335.414,304.41205,103018.06,0.0057497025,0.0013530254,0.009365082,287.181,0.73767424,288.96558,102145.6,302.68283,102825.0,290.0569,0.79432607,291.67212,0.0,0.0,0.0,50.75,0.0,50.75,18.080729,9.468387,41.717068,5.887608,1.2406769,8.2225685,3.6888666,1.102045,7.344537,201.62961092227843,11.866642269948473,234.65975141525269,0.9451981316742184,0.09201063324639878,0.9999949728916998,0.16156475,0.11262677,0.46508726,0.16567566,0.11478646,0.46508726,0.11392326,0.105819814,0.4879301,0.1150753,0.10572571,0.4879301,0.65989465,0.6907721,2.7714496,76.01180774409596,59.282420874279445,256.688756511025,39.80424550481973,256.688756511025,76.01180774409596,50.783298,0.06667,50.75,0.0
71,125,125.0,0.0,125,2.512398667451812,0.33121303618877995,3.4792590141296387,8.088491439819336,0.36033033570020445,8.922127723693848,0.017177461124048,0.003238201691167868,0.030404090881347656,289.9672017911585,0.7481638916158985,291.201171875,-4.25,0.0,-4.25,50.25,0.0,50.25,0.13497337100717208,0.0,0.13497337100717208,5.260983,1.1590326,7.65958,3.181207,1.0067235,7.09356,102381.0,303.88147,103118.56,0.005498351,0.0010945036,0.0082092285,286.99323,0.7831743,289.06128,101945.56,300.41092,102674.44,289.77475,0.8502179,291.73267,-4.25,0.0,-4.25,50.25,0.0,50.25,13.036571,7.5475187,36.512672,5.344285,1.2358165,8.282,3.3009696,0.93469095,7.09356,204.30900902646343,11.841829609682762,227.8334846496582,0.9517034325460048,0.07838366052915448,0.9999519141115925,0.10188395,0.08249855,0.3304853,0.10681262,0.085990265,0.3304853,0.06983114,0.07550329,0.4124652,0.07004866,0.07542835,0.4124652,0.35915306,0.45169336,2.1230817,73.90951579954566,64.78508661062465,244.29236314078275,28.63927322252007,244.29236314078275,73.90951579954566,50.368401,-4.1852002,50.25,-4.25
72,126,126.0,0.0,126,1.8302809436146805,0.24659151091438075,2.4856066703796387,6.142451844564298,0.2945249933098611,7.026131629943848,0.023088386872919593,0.0018970260176550899,0.028851985931396484,290.805693835747,0.7598516796872508,292.77294921875,-1.0,0.0,-1.0,50.75,0.0,50.75,0.12117838091012915,0.0,0.12117838091012915,4.718466,0.97887164,6.6468887,3.0376508,0.9458149,6.2278376,102342.44,304.96698,103043.25,0.00471671,0.0008956611,0.007144928,286.91925,0.78063023,289.23706,102082.85,302.45895,102778.56,290.64734,0.9280144,292.74,-1.0,0.0,-1.0,50.75,0.0,50.75,12.527493,6.6618514,29.052095,4.7523513,0.9943756,6.6468887,3.0782058,0.9166939,6.2278376,196.6450103528616,11.273991852802238,227.62386512756348,0.9474132765893626,0.07288487881123677,0.9999999662321262,0.09047116,0.06525969,0.27738833,0.09410502,0.06800893,0.27738833,0.06570029,0.06159059,0.2881338,0.06750148,0.061941694,0.2881338,0.31887567,0.3425362,1.3441086,73.07173314908655,60.79247697594061,241.45166162274725,39.88263863772996,241.45166162274725,73.07173314908655,50.8004,-1.1102,50.75,-1.0
73,127,127.0,0.0,127,2.0397680445415216,0.2698208919584223,2.7944445610046387,6.762527558861709,0.31991239761531864,7.652596473693848,0.022908966715742902,0.002142002452173199,0.028954505920410156,290.0462199885671,0.6726584755443301,291.010009765625,-2.5,0.0,-2.5,50.5,0.0,50.5,0.12043435349189488,0.0,0.12043435349189488,5.4463153,1.1425378,7.794346,3.251939,1.0222157,6.9797907,102362.305,304.02173,103077.69,0.0055592465,0.0012766917,0.009334564,286.9859,0.7414316,289.05737,101971.91,300.6517,102678.44,289.7819,0.79636705,291.83423,-2.5,0.0,-2.5,50.5,0.0,50.5,14.896519,8.294139,39.39311,5.49984,1.179505,7.794346,3.3217616,0.9861605,6.9797907,190.28524990198088,10.955304929632291,218.4363459944725,0.9499741090287208,0.1206073235284835,0.9999442503893197,0.123378366,0.09264603,0.3689919,0.12877688,0.09739132,0.3689919,0.08259491,0.084405735,0.43786687,0.08425367,0.08478019,0.43786687,0.46026617,0.5423272,2.4712687,72.53234249208032,60.48425198844362,230.92509599965564,36.08115459831794,230.92509599965564,72.53234249208032,50.607899,-2.4465001,50.5,-2.5
74,128,128.0,0.0,128,1.7497130865004005,0.2296959883928756,2.3896594047546387,6.126735710516209,0.2938773130493134,6.965340614318848,0.019774846914337903,0.001873537943192029,0.024804115295410156,290.877822503811,0.7814480111934634,292.73486328125,-1.75,0.0,-1.75,50.75,0.0,50.75,0.12990400301761312,0.0,0.12990400301761312,4.372302,0.90411896,6.2123184,2.954918,0.92428327,6.12774,102348.61,304.26596,103062.5,0.005157261,0.0010248931,0.009090424,286.9346,0.7833732,289.18433,102068.16,301.59918,102776.56,290.50204,0.97792816,292.6931,-1.75,0.0,-1.75,50.75,0.0,50.75,11.262653,6.021237,26.894638,4.4123926,0.9190046,6.2123184,3.0111961,0.8854473,6.12774,191.6114466771847,8.33161587692865,211.38787531852722,0.9636843858709958,0.04677193685132277,0.9999788292432972,0.0750077,0.054699782,0.23140833,0.07830929,0.057700455,0.23140833,0.05698691,0.05411815,0.26244932,0.05874895,0.05464043,0.26244932,0.2583328,0.28263113,1.1518896,74.77898872189405,59.72105043753042,233.42293713626455,38.31579528819307,233.42293713626455,74.77898872189405,50.7136,-1.8747,50.75,-1.75
75,129,129.0,0.0,129,1.7188100291461479,0.2253532485882095,2.3319201469421387,6.130800247192383,0.2952707586797509,6.998299598693848,0.018785914269889275,0.0014890193063812713,0.022908687591552734,290.6117806783537,0.680432051186854,292.12158203125,-1.25,0.0,-1.25,50.75,0.0,50.75,0.13841263935526218,0.0,0.13841263935526218,4.1850653,0.87014174,6.0199356,2.71473,0.8557801,5.6116266,102345.96,305.35086,103051.5,0.003951003,0.00066531263,0.0053100586,286.64,0.7807482,289.35425,102065.32,302.54492,102765.56,291.2113,1.1533089,293.58813,-1.25,0.0,-1.25,50.75,0.0,50.75,9.996835,5.3745003,23.484076,4.2135444,0.87452984,6.0199356,2.75052,0.8278563,5.6116266,193.74204597531295,9.149291606537705,218.7234936952591,0.9704209011623494,0.05080458440565189,0.9999870174116507,0.0649015,0.047814615,0.20329091,0.06713163,0.049149968,0.20329091,0.047069937,0.044821505,0.20986581,0.048232462,0.045030534,0.20986581,0.20402701,0.22373247,0.8782667,73.62237855864734,59.88563864607024,236.40286563769783,39.28863940743409,236.40286563769783,73.62237855864734,50.651108,-1.1531577,50.75,-1.25
76,130,130.0,0.0,130,1.7188100291461479,0.2253532485882095,2.3319201469421387,6.130800247192383,0.2952707586797509,6.998299598693848,0.018785914269889275,0.0014890193063812713,0.022908687591552734,290.877822503811,0.7814480111934634,292.73486328125,-1.5,0.0,-1.5,50.75,0.0,50.75,0.012043585253572369,0.0,0.012043585253572369,4.35883,0.90278184,6.2211075,2.9126236,0.911418,6.0227594,102346.91,304.73166,103056.75,0.00484748,0.0009321491,0.008052826,286.86218,0.77296937,289.24487,102114.74,302.39285,102819.56,290.73843,1.0178279,292.94165,-1.5,0.0,-1.5,50.75,0.0,50.75,11.135105,5.9439025,26.342714,4.395526,0.91392636,6.2211075,2.9606252,0.87709326,6.0227594,193.5326738935418,8.854406469504122,217.1161908954382,0.9475117493385473,0.07923320311854677,0.9999900976202324,0.07428319,0.054317746,0.22983223,0.07733156,0.056797422,0.22983223,0.05579107,0.052811008,0.2526594,0.057436775,0.053250775,0.2526594,0.25234568,0.27501318,1.1050972,74.25685431317585,59.6802639081314,236.40286563769783,39.28863940743409,236.40286563769783,74.25685431317585,50.740292,-1.5071276,50.75,-1.5
77,131,131.0,0.0,131,1.7497130865004005,0.2296959883928756,2.3896594047546387,6.126735710516209,0.2938773130493134,6.965340614318848,0.019774846914337903,0.001873537943192029,0.024804115295410156,290.4326886432927,0.6909825341217181,291.56103515625,-2.0,0.0,-2.0,50.5,0.0,50.5,0.12056816419768482,0.0,0.12056816419768482,5.703412,1.1743546,8.084873,3.4348335,1.0700759,7.2795954,102358.06,304.04626,103064.19,0.005404286,0.0012639716,0.0094566345,287.1532,0.7489541,289.15112,102324.78,303.7162,103029.56,290.01096,0.7390742,291.76587,-2.0,0.0,-2.0,50.5,0.0,50.5,16.686827,9.157369,42.74867,5.757949,1.2124563,8.084873,3.4980822,1.0388107,7.2795954,188.56676357548412,10.279215373054434,215.59959268569946,0.9619184074252902,0.08443449207056378,0.9999999283578614,0.14446293,0.10653511,0.43114924,0.1511209,0.112722486,0.43114924,0.09788675,0.09753041,0.4955749,0.10028425,0.09820065,0.4955749,0.5737177,0.6585981,2.910212,74.22424051238269,60.32779585726137,233.42293713626455,38.31579528819307,233.42293713626455,74.22424051238269,50.609333,-1.949177,50.5,-2.0
78,133,133.0,0.0,133,2.541511099512984,0.3922459747528191,3.5488390922546387,9.960055560600466,0.528542895000578,11.311726570129395,0.004519564349476884,0.0010747160678814995,0.007283329963684082,289.9937297541921,0.779707552204836,291.303955078125,-4.75,0.0,-4.75,50.5,0.0,50.5,0.12646572214699248,0.0,0.12646572214699248,4.035207,0.89643294,5.9238377,2.8245702,0.844978,6.1145563,102376.984,301.7167,103124.31,0.0052466276,0.0008987286,0.0070705414,286.68283,0.7453339,288.83276,101356.63,293.7424,102083.44,289.6501,1.0484957,292.2522,-4.75,0.0,-4.75,50.5,0.0,50.5,8.247633,4.587269,20.690779,4.084409,0.9181383,5.9238377,2.9357557,0.7943152,6.1145563,241.87019792083288,14.29564026491496,272.1183343054727,0.9585668305192441,0.05508571802982687,0.9999557977402963,0.048826415,0.038839098,0.17375757,0.049963742,0.03887653,0.17375757,0.038020685,0.038357746,0.1994554,0.038165357,0.038231142,0.1994554,0.14102103,0.16778724,0.6817625,72.61948241257086,63.178574502519076,274.59664235407405,11.308905945642756,274.59664235407405,72.61948241257086,50.594177,-4.8344054,50.5,-4.75
79,140,140.0,0.0,140,1.7188100291461479,0.2253532485882095,2.3319201469421387,6.130800247192383,0.2952707586797509,6.998299598693848,0.018785914269889275,0.0014890193063812713,0.022908687591552734,290.877822503811,0.7814480111934634,292.73486328125,-1.5,0.0,-1.5,51.0,0.0,51.0,0.157818946898022,0.0,0.157818946898022,3.3399181,0.69584024,4.773842,2.4516056,0.7663863,5.0139704,102343.5,304.379,103064.375,0.003920625,0.00056797673,0.005130768,286.22876,0.79818213,288.81323,101355.99,294.1835,102055.56,290.66058,1.3030312,293.33984,-1.5,0.0,-1.5,51.0,0.0,51.0,6.9615507,3.7440042,17.144043,3.354455,0.69077796,4.773842,2.5050306,0.726182,5.0139704,196.0028258416711,7.505138872990502,211.32189750671387,0.9319283817543322,0.1088500368950406,0.9999461749872269,0.03603839,0.02675945,0.119950235,0.03690045,0.0272554,0.119950235,0.029417163,0.027568037,0.1262376,0.03005967,0.027632698,0.1262376,0.098956145,0.10911797,0.46806476,76.06777665673232,59.820306660459266,236.40286563769783,39.28863940743409,236.40286563769783,76.06777665673232,50.8839,-1.3931,51.0,-1.5
80,141,141.0,0.0,141,1.8302809436146805,0.24659151091438075,2.4856066703796387,6.142451844564298,0.2945249933098611,7.026131629943848,0.023088386872919593,0.0018970260176550899,0.028851985931396484,290.805693835747,0.7598516796872508,292.77294921875,-1.0,0.0,-1.0,50.75,0.0,50.75,0.12288521528646164,0.0,0.12288521528646164,4.718466,0.97887164,6.6468887,3.0376508,0.9458149,6.2278376,102342.44,304.96698,103043.25,0.00471671,0.0008956611,0.007144928,286.91925,0.78063023,289.23706,102082.85,302.45895,102778.56,290.64734,0.9280144,292.74,-1.0,0.0,-1.0,50.75,0.0,50.75,12.527493,6.6618514,29.052095,4.7523513,0.9943756,6.6468887,3.0782058,0.9166939,6.2278376,196.6450103528616,11.273991852802238,227.62386512756348,0.9474132765893626,0.07288487881123677,0.9999999662321262,0.09047116,0.06525969,0.27738833,0.09410502,0.06800893,0.27738833,0.06570029,0.06159059,0.2881338,0.06750148,0.061941694,0.2881338,0.31887567,0.3425362,1.3441086,73.07173314908655,60.79247697594061,241.45166162274725,39.88263863772996,241.45166162274725,73.07173314908655,50.802194,-1.11125,50.75,-1.0
81,142,142.0,0.0,142,2.512398667451812,0.33121303618877995,3.4792590141296387,8.088491439819336,0.36033033570020445,8.922127723693848,0.017177461124048,0.003238201691167868,0.030404090881347656,289.9672017911585,0.7481638916158985,291.201171875,-4.25,0.0,-4.25,50.25,0.0,50.25,0.13493894108447768,0.0,0.13493894108447768,5.260983,1.1590326,7.65958,3.181207,1.0067235,7.09356,102381.0,303.88147,103118.56,0.005498351,0.0010945036,0.0082092285,286.99323,0.7831743,289.06128,101945.56,300.41092,102674.44,289.77475,0.8502179,291.73267,-4.25,0.0,-4.25,50.25,0.0,50.25,13.036571,7.5475187,36.512672,5.344285,1.2358165,8.282,3.3009696,0.93469095,7.09356,204.30900902646343,11.841829609682762,227.8334846496582,0.9517034325460048,0.07838366052915448,0.9999519141115925,0.10188395,0.08249855,0.3304853,0.10681262,0.085990265,0.3304853,0.06983114,0.07550329,0.4124652,0.07004866,0.07542835,0.4124652,0.35915306,0.45169336,2.1230817,73.90951579954566,64.78508661062465,244.29236314078275,28.63927322252007,244.29236314078275,73.90951579954566,50.368389,-4.18525,50.25,-4.25
82,147,147.0,0.0,147,3.7657945621304396,0.5448489740265032,5.179576396942139,10.181750599930925,0.4120193800371154,11.269246101379395,0.006552447633045476,0.0007957808067780116,0.00890505313873291,288.7168087842988,0.9573907604339956,291.014892578125,-10.0,0.0,-10.0,51.75,0.0,51.75,0.13932594876762974,0.0,0.13932594876762974,4.5848017,1.0157464,6.539463,3.1154904,0.84031147,5.513482,102307.05,303.69617,103163.125,0.008354838,0.0017296205,0.014289856,285.75162,0.7290346,287.646,101279.59,297.60217,102118.56,288.29138,0.957971,290.97095,-10.0,0.0,-10.0,51.75,0.0,51.75,9.740981,4.855826,23.225983,4.6044707,1.0205318,6.539463,3.149934,0.833065,5.513482,226.8330952830431,12.76651881544235,252.2792558670044,0.9532439799056122,0.08844844008472956,0.9999984218471781,0.06410143,0.050111778,0.22293778,0.06410143,0.050111778,0.22293778,0.048247747,0.03597672,0.14971203,0.0487385,0.035666216,0.14971203,0.18774088,0.19840893,0.8590682,66.22776138491747,50.08540723943305,257.40606103274024,14.471296208963697,257.40606103274024,66.22776138491747,51.6496,-9.9034,51.75,-10.0
83,148,148.0,0.0,148,2.8469025332753253,0.4063837312236263,4.105235576629639,8.391519593029487,0.4154607862263301,9.291218757629395,0.019304195555245002,0.0024092149854120144,0.025390923023223877,289.4369938548018,0.807713962260189,291.35400390625,-8.0,0.0,-8.0,51.75,0.0,51.75,0.07780314903653021,0.0,0.07780314903653021,5.452761,1.0846918,7.622471,4.0166025,0.9432047,7.015435,102304.52,294.02383,103141.125,0.0056883185,0.0012646129,0.010623932,286.2406,0.8083203,287.94287,102055.39,292.76212,102888.56,289.13852,0.8310708,291.26978,-8.0,0.0,-8.0,51.75,0.0,51.75,17.127651,7.828993,40.152122,5.504514,1.1405289,7.7107105,4.0277042,0.9352068,7.015435,194.2912508336509,10.423902227145362,216.48662948608398,0.9429739170302246,0.06376615497261877,0.9999999999144391,0.14180489,0.096213736,0.46104744,0.14180489,0.096213736,0.46104744,0.11177021,0.07941479,0.35607278,0.11177021,0.07941479,0.35607278,0.5623988,0.5396302,2.5674174,62.04585121899116,51.15632292594305,229.5677267668492,22.823664238810306,229.5677267668492,62.04585121899116,51.8278,-8.0007,51.75,-8.0
84,151,151.0,0.0,151,2.7589584094722097,0.41614470974295964,4.017467021942139,8.490922555690858,0.45254698316783076,9.701130867004395,0.0184141441089351,0.002783068576532706,0.026924431324005127,289.4880490186738,0.5665254426737338,290.628173828125,-5.0,0.0,-5.0,51.75,0.0,51.75,0.06007309550905609,0.0,0.06007309550905609,4.8271036,1.0902257,7.3265724,3.621824,0.9602316,7.056939,102319.5,289.31506,103110.625,0.005613932,0.000966051,0.007587433,286.51447,0.72380996,288.21362,101746.98,285.03525,102527.56,289.2969,0.8787607,291.79126,-5.0,0.0,-5.0,51.75,0.0,51.75,13.055911,6.6475387,31.816113,4.8694897,1.0907786,7.3265724,3.6718478,0.92521405,7.056939,214.75368117704625,11.794413313996712,238.21909141540527,0.9231560132094399,0.12611204126393646,0.9999513137014842,0.09458036,0.06804254,0.31998098,0.09574767,0.067916445,0.31998098,0.07516354,0.06473241,0.30892867,0.0753101,0.06457734,0.30892867,0.3401083,0.35382032,1.612032,66.84766713584342,57.41564246151919,249.49280323699438,18.718200118038272,249.49280323699438,66.84766713584342,51.716702,-5.0500002,51.75,-5.0
85,152,152.0,0.0,152,3.7657945621304396,0.5448489740265032,5.179576396942139,10.181750599930925,0.4120193800371154,11.269246101379395,0.006552447633045476,0.0007957808067780116,0.00890505313873291,288.7168087842988,0.9573907604339956,291.014892578125,-10.0,0.0,-10.0,51.75,0.0,51.75,0.13932495082059235,0.0,0.13932495082059235,4.5848017,1.0157464,6.539463,3.1154904,0.84031147,5.513482,102307.05,303.69617,103163.125,0.008354838,0.0017296205,0.014289856,285.75162,0.7290346,287.646,101279.59,297.60217,102118.56,288.29138,0.957971,290.97095,-10.0,0.0,-10.0,51.75,0.0,51.75,9.740981,4.855826,23.225983,4.6044707,1.0205318,6.539463,3.149934,0.833065,5.513482,226.8330952830431,12.76651881544235,252.2792558670044,0.9532439799056122,0.08844844008472956,0.9999984218471781,0.06410143,0.050111778,0.22293778,0.06410143,0.050111778,0.22293778,0.048247747,0.03597672,0.14971203,0.0487385,0.035666216,0.14971203,0.18774088,0.19840893,0.8590682,66.22776138491747,50.08540723943305,257.40606103274024,14.471296208963697,257.40606103274024,66.22776138491747,51.649601,-9.9034004,51.75,-10.0
86,153,153.0,0.0,153,2.8469025332753253,0.4063837312236263,4.105235576629639,8.391519593029487,0.4154607862263301,9.291218757629395,0.019304195555245002,0.0024092149854120144,0.025390923023223877,289.4369938548018,0.807713962260189,291.35400390625,-8.0,0.0,-8.0,51.75,0.0,51.75,0.0778041489960538,0.0,0.0778041489960538,5.452761,1.0846918,7.622471,4.0166025,0.9432047,7.015435,102304.52,294.02383,103141.125,0.0056883185,0.0012646129,0.010623932,286.2406,0.8083203,287.94287,102055.39,292.76212,102888.56,289.13852,0.8310708,291.26978,-8.0,0.0,-8.0,51.75,0.0,51.75,17.127651,7.828993,40.152122,5.504514,1.1405289,7.7107105,4.0277042,0.9352068,7.015435,194.2912508336509,10.423902227145362,216.48662948608398,0.9429739170302246,0.06376615497261877,0.9999999999144391,0.14180489,0.096213736,0.46104744,0.14180489,0.096213736,0.46104744,0.11177021,0.07941479,0.35607278,0.11177021,0.07941479,0.35607278,0.5623988,0.5396302,2.5674174,62.04585121899116,51.15632292594305,229.5677267668492,22.823664238810306,229.5677267668492,62.04585121899116,51.827801,-8.0007,51.75,-8.0
87,154,154.0,0.0,154,2.8469025332753253,0.4063837312236263,4.105235576629639,8.391519593029487,0.4154607862263301,9.291218757629395,0.019304195555245002,0.0024092149854120144,0.025390923023223877,289.4369938548018,0.807713962260189,291.35400390625,-8.25,0.0,-8.25,51.75,0.0,51.75,0.10495708265767825,0.0,0.10495708265767827,4.726761,0.935372,6.510166,3.5541668,0.845861,6.211236,102304.13,295.197,103144.625,0.0048360126,0.0010673533,0.008705139,286.28226,0.7990615,288.0464,101930.195,293.37274,102764.56,289.15347,0.88665456,291.48853,-8.25,0.0,-8.25,51.75,0.0,51.75,12.99551,5.994056,30.491142,4.7690215,0.9755631,6.510166,3.5652685,0.8391526,6.211236,195.2015150640069,10.07991979496777,215.8972988128662,0.9175400901960773,0.11538591944087287,0.9999899666836515,0.09290487,0.06389584,0.30317017,0.09290487,0.06389584,0.30317017,0.07492792,0.053456448,0.23713382,0.07492792,0.053456448,0.23713382,0.3247676,0.3147302,1.4805628,62.38187822481481,51.16622463474115,229.5588385445324,22.823886859625325,229.5588385445324,62.38187822481481,51.84,-8.3039999,51.75,-8.25
88,156,156.0,0.0,156,1.1523504882324032,0.14789853431895594,1.4637880325317383,4.86141697953387,0.13724259719531906,5.147713661193848,0.016751726952994744,0.001129248422355711,0.018592894077301025,290.6876429115854,0.7497906789653295,292.0087890625,1.25,0.0,1.25,51.0,0.0,51.0,0.13544428413558326,0.0,0.13544428413558326,5.1895013,1.1364903,7.312416,4.1529584,1.1762698,7.4846735,102320.22,302.5312,103014.19,0.005363441,0.0010758238,0.00868988,287.35632,0.808132,289.26245,102221.99,301.62955,102914.0,290.46783,0.78487444,291.88574,1.25,0.0,1.25,51.0,0.0,51.0,18.231104,8.8759575,40.006405,5.211528,1.1611533,7.312416,4.1872973,1.1398946,7.4846735,220.53353356152047,17.8154856844028,288.3465347290039,0.9640352234879834,0.05954106432636867,0.9999941136260437,0.14840823,0.09670443,0.42350614,0.15044637,0.097215444,0.42350614,0.12907565,0.10401574,0.44434857,0.12929247,0.10380034,0.44434857,0.6517055,0.61522853,2.5488162,69.35170308555045,63.39697348938135,274.0430884768788,72.97204618097152,274.0430884768788,69.35170308555045,51.114389,1.322528,51.0,1.25
89,157,157.0,0.0,157,0.9058279511405201,0.11698539147904348,1.2395172119140625,4.187284911551127,0.20191445167676036,4.918377876281738,0.023749652432232368,0.0022449698358746723,0.027956843376159668,290.703857421875,1.3388638574960767,294.07861328125,0.75,0.0,0.75,51.5,0.0,51.5,0.0547649033779848,0.0,0.0547649033779848,4.078759,0.9337758,5.854253,3.14468,0.9178069,5.7263727,102300.43,295.076,103011.44,0.0039174384,0.0005486255,0.0050201416,286.81647,0.82878965,288.87378,101997.63,291.63388,102702.0,290.89883,0.9715537,293.14233,0.75,0.0,0.75,51.5,0.0,51.5,10.684366,5.2932096,26.449936,4.091354,0.9478962,5.854253,3.1761284,0.88798785,5.7263727,216.5013378422435,25.40735201016668,279.36932373046875,0.964581861701244,0.06665269328032673,0.9999900767430884,0.069356225,0.048088066,0.22927932,0.07036229,0.048294377,0.22927932,0.0567694,0.046499167,0.20467643,0.056850597,0.04640683,0.20467643,0.22532344,0.22733206,1.1141117,67.18936278180378,62.77347612627349,178.15496765335226,97.71189898500981,178.15496765335226,67.18936278180378,51.445639,0.743361,51.5,0.75
90,158,158.0,0.0,158,1.8800666361320308,0.31230452927286567,2.7835803031921387,8.418964502288073,0.5000355366095304,9.825154304504395,0.014156776230509689,0.003664039827395498,0.025750160217285156,290.3561356707317,0.7364359182779223,291.800048828125,-4.0,0.0,-4.0,51.25,0.0,51.25,0.11891789033614683,0.0,0.11891789033614683,5.6243753,1.1870413,8.426182,3.4250674,1.0167936,7.0891657,102344.875,295.3582,103106.25,0.0064107617,0.0012436332,0.010009766,286.60834,0.8208796,288.63354,101685.234,290.09985,102434.56,289.5767,0.8518568,291.86548,-4.0,0.0,-4.0,51.25,0.0,51.25,14.39167,7.537162,33.86185,5.753215,1.2433561,8.718523,3.4592464,0.9890299,7.0891657,221.07157639086972,13.960611789038467,248.8721628189087,0.9207726008028446,0.15351616376685748,0.9999999067573411,0.11935047,0.08592422,0.37544337,0.12353962,0.08638243,0.37544337,0.080785565,0.074138895,0.3547041,0.08098263,0.073942214,0.3547041,0.4181003,0.44121236,1.8260001,71.50533150463569,59.15758300580095,254.51016111811117,15.182647511457143,254.51016111811117,71.50533150463569,51.211139,-4.112389,51.25,-4.0
91,160,160.0,0.0,160,1.5040734104993867,0.16419767133949636,1.8667101860046387,4.992282402224657,0.1693440543861918,5.394004821777344,0.029308384511528944,0.001910186058598945,0.03298461437225342,291.5118854801829,0.8362605948964256,293.239990234375,1.25,0.0,1.25,52.0,0.0,52.0,0.06687830093535546,0.0,0.06687830093535546,4.301085,0.9595008,6.222905,3.3999732,0.9429875,6.210228,102269.555,288.42633,102993.19,0.003613286,0.00049725664,0.004634857,286.77063,0.8459107,288.948,102021.34,285.84546,102739.0,290.83975,0.90669364,292.82886,1.25,0.0,1.25,52.0,0.0,52.0,11.811671,5.659802,28.870014,4.305531,0.9622244,6.222905,3.4169579,0.92635524,6.210228,255.07851172656547,32.6015157184353,325.9965705871582,0.9439067732110618,0.09200388393963273,0.9999978876849602,0.07991863,0.053417373,0.26204333,0.08067708,0.05322403,0.26204333,0.06706147,0.053280234,0.2328771,0.06709719,0.053237855,0.2328771,0.27194744,0.26594594,1.3273133,62.71763108416302,60.67489133790039,219.22267717205503,91.26343820528258,219.22267717205503,62.71763108416302,51.948,1.292056,52.0,1.25
92,161,161.0,0.0,161,0.3650606928802118,0.07076888374195045,0.5742297768592834,2.711794225181021,0.16149267856351804,3.1733484268188477,0.020048400250876824,0.002564977247559815,0.026516616344451904,290.9353980087652,0.7162906613343087,292.45361328125,-3.25,0.0,-3.25,51.25,0.0,51.25,0.12064112600601892,0.0,0.12064112600601894,5.0541544,1.0160851,7.315342,2.7340333,0.898481,5.7898493,102341.586,298.8203,103097.0,0.005515587,0.00097030913,0.008008957,286.6839,0.8259555,288.8308,101855.68,294.73773,102601.56,290.10654,0.9563243,292.47876,-3.25,0.0,-3.25,51.25,0.0,51.25,10.401108,5.577524,25.08034,5.1233783,1.009309,7.315342,2.7891977,0.8608039,5.7898493,207.69987920435463,21.02787697185397,257.8294868469238,0.941620755172714,0.10746169271382827,0.9999892861609332,0.075875245,0.05539598,0.23897648,0.0791076,0.058191106,0.23897648,0.047092002,0.044478312,0.19298828,0.047985803,0.044416644,0.19298828,0.22061394,0.2368601,1.0017198,80.35634985202697,56.29964254629652,258.4728569828421,63.6159687981033,258.4728569828421,80.35634985202697,51.21525,-3.134472,51.25,-3.25
93,162,162.0,0.0,162,0.3650606928802118,0.07076888374195045,0.5742297768592834,2.711794225181021,0.16149267856351804,3.1733484268188477,0.020048400250876824,0.002564977247559815,0.026516616344451904,290.9353980087652,0.7162906613343087,292.45361328125,-3.0,0.0,-3.0,51.5,0.0,51.5,0.051552430941709394,0.0,0.051552430941709394,3.7520638,0.7896714,5.351967,2.5387769,0.77772725,5.0593805,102328.41,299.10138,103090.625,0.0046804007,0.0008734215,0.0069293976,286.2147,0.7805784,288.5769,101590.875,291.8886,102338.56,290.4373,1.2546409,293.29517,-3.0,0.0,-3.0,51.5,0.0,51.5,8.072324,4.080137,19.105536,3.7864056,0.77724224,5.351967,2.5654132,0.75465244,5.0593805,205.6751800630151,17.09861367347871,248.78662872314453,0.949164236910152,0.09355883057665924,0.9999776015505727,0.046628684,0.03362253,0.14371684,0.04776991,0.03451634,0.14371684,0.034725804,0.029353363,0.12306338,0.035390317,0.029595643,0.12306338,0.12963569,0.13240908,0.58129674,75.58883387867998,57.69663500176615,258.4728569828421,63.6159687981033,258.4728569828421,75.58883387867998,51.55,-2.987444,51.5,-3.0
94,164,164.0,0.0,164,1.8800666361320308,0.31230452927286567,2.7835803031921387,8.418964502288073,0.5000355366095304,9.825154304504395,0.014156776230509689,0.003664039827395498,0.025750160217285156,290.3561356707317,0.7364359182779223,291.800048828125,-4.0,0.0,-4.0,51.5,0.0,51.5,0.07417292487154625,0.0,0.07417292487154625,4.9700766,1.0965612,7.404209,3.1282833,0.9319635,6.528619,102333.57,295.0691,103101.75,0.007087591,0.0012487912,0.01074028,286.5033,0.76857686,288.489,101723.125,289.90686,102480.56,289.6864,0.9893727,292.20142,-4.0,0.0,-4.0,51.5,0.0,51.5,11.8668995,6.2772593,28.435335,5.0842085,1.1274185,7.404209,3.157511,0.90803677,6.528619,221.8072789674852,15.220403357281839,254.5253118276596,0.9627673194105453,0.05357596893633344,0.9999996482838758,0.08846058,0.06481943,0.2849185,0.091312416,0.065197416,0.2849185,0.0611168,0.056735303,0.27003834,0.061235394,0.056619227,0.27003834,0.28548145,0.30536133,1.287645,68.80615453022283,59.029617367950436,254.51016111811117,15.182647511457143,254.51016111811117,68.80615453022283,51.57,-3.975472,51.5,-4.0
95,165,165.0,0.0,165,0.3650606928802118,0.07076888374195045,0.5742297768592834,2.711794225181021,0.16149267856351804,3.1733484268188477,0.020048400250876824,0.002564977247559815,0.026516616344451904,290.9353980087652,0.7162906613343087,292.45361328125,-2.75,0.0,-2.75,51.5,0.0,51.5,0.021527779999999996,0.0,0.021527779999999996,3.3008344,0.7040731,4.7606583,2.5614479,0.72429454,4.9119196,102328.805,299.72012,103088.25,0.0043634553,0.00085306424,0.0069446564,286.12112,0.7897878,288.5515,101403.31,290.4717,102144.56,290.42642,1.3215573,293.42188,-2.75,0.0,-2.75,51.5,0.0,51.5,7.2115383,3.5777397,17.130852,3.3318894,0.6873672,4.7606583,2.5769336,0.7105199,4.9119196,209.95187773355624,17.095425605127076,258.3095054626465,0.9703443698105192,0.05902431492313721,0.9999978159986425,0.03741816,0.0269894,0.116287984,0.038091667,0.027410321,0.116287984,0.031117128,0.025361951,0.10963796,0.031488717,0.025472753,0.10963796,0.10270718,0.104119696,0.46734476,68.9603329170041,58.44329059225681,258.4728569828421,63.6159687981033,258.4728569828421,68.9603329170041,51.5,-2.72847222,51.5,-2.75
96,166,166.0,0.0,166,0.9058279511405201,0.11698539147904348,1.2395172119140625,4.187284911551127,0.20191445167676036,4.918377876281738,0.023749652432232368,0.0022449698358746723,0.027956843376159668,291.1320383955793,0.9818733441966304,293.27392578125,1.0,0.0,1.0,51.5,0.0,51.5,0.1651541743341666,0.0,0.1651541743341666,4.5706763,1.0441087,6.5568895,3.5436063,1.025443,6.4021225,102297.72,294.632,103007.31,0.003922602,0.0005667413,0.005142212,287.00372,0.8314731,289.07104,102080.07,292.16458,102785.0,290.88184,0.9048772,292.7693,1.0,0.0,1.0,51.5,0.0,51.5,13.257391,6.4981456,32.465755,4.589062,1.0663925,6.5568895,3.5749273,0.994888,6.4021225,216.2717058135242,25.284450625565018,278.78722381591797,0.9404347985572534,0.11150413207293108,0.9999977766904111,0.095192105,0.064894326,0.31164527,0.09688731,0.065156795,0.31164527,0.07889434,0.06388197,0.27846774,0.079002686,0.06375536,0.27846774,0.34549993,0.34011555,1.6785352,66.14233605454608,65.36909373025013,178.15496765335226,97.71189898500981,178.15496765335226,66.14233605454608,51.38198,1.11553,51.5,1.0
97,167,167.0,0.0,167,1.1523504882324032,0.14789853431895594,1.4637880325317383,4.857175245517638,0.14124718684449075,5.147713661193848,0.017000518194059046,0.0015120407703415122,0.021509945392608643,290.8337878715701,0.7276356170271278,292.017578125,1.5,0.0,1.5,51.25,0.0,51.25,0.09448111610263775,0.0,0.09448111610263775,4.77157,1.0945266,6.8103075,3.9599278,1.1071815,7.055931,102306.125,298.82562,103007.69,0.0042507127,0.0007467304,0.0062236786,287.3051,0.81343913,289.33472,102161.875,297.33887,102860.0,290.71265,0.76274717,292.1753,1.5,0.0,1.5,51.25,0.0,51.25,15.557885,7.625262,35.651302,4.795232,1.1222954,6.8103075,4.014916,1.053494,7.055931,218.72077430166848,16.226593327638593,272.3651657104492,0.9381250042844006,0.08772824979674981,0.9999815101413949,0.11623148,0.077046305,0.35325733,0.117702566,0.07692146,0.35325733,0.10416933,0.08301219,0.34280846,0.10442585,0.08275437,0.34280846,0.47579798,0.45092404,2.024092,67.95781572853646,65.47019130130622,274.16227586969967,73.38804785883069,274.16227586969967,67.95781572853646,51.22378,1.40923,51.25,1.5
98,168,168.0,0.0,168,0.3650606928802118,0.07076888374195045,0.5742297768592834,2.711794225181021,0.16149267856351804,3.1733484268188477,0.020048400250876824,0.002564977247559815,0.026516616344451904,290.9353980087652,0.7162906613343087,292.45361328125,-2.75,0.0,-2.75,51.5,0.0,51.5,0.08611512352659328,0.0,0.08611512352659328,3.3008344,0.7040731,4.7606583,2.5614479,0.72429454,4.9119196,102328.805,299.72012,103088.25,0.0043634553,0.00085306424,0.0069446564,286.12112,0.7897878,288.5515,101403.31,290.4717,102144.56,290.42642,1.3215573,293.42188,-2.75,0.0,-2.75,51.5,0.0,51.5,7.2115383,3.5777397,17.130852,3.3318894,0.6873672,4.7606583,2.5769336,0.7105199,4.9119196,209.95187773355624,17.095425605127076,258.3095054626465,0.9703443698105192,0.05902431492313721,0.9999978159986425,0.03741816,0.0269894,0.116287984,0.038091667,0.027410321,0.116287984,0.031117128,0.025361951,0.10963796,0.031488717,0.025472753,0.10963796,0.10270718,0.104119696,0.46734476,68.9603329170041,58.44329059225681,258.4728569828421,63.6159687981033,258.4728569828421,68.9603329170041,51.57012,-2.70001,51.5,-2.75
99,170,170.0,0.0,170,1.2703040751015269,0.15084754773768927,1.5826845169067383,5.019086372561571,0.15020477445193137,5.366416931152344,0.021720438468747022,0.0017803882604248433,0.025360822677612305,291.1826290967988,0.7968731000377123,292.580078125,2.25,0.0,2.25,51.0,0.0,51.0,0.12621872874102297,0.0,0.12621872874102297,3.6702547,0.8339263,5.4471817,3.0525439,0.85709,5.1941147,102320.48,305.66174,103020.44,0.0037059784,0.00059371215,0.005680084,287.11078,0.81075895,289.3777,102247.74,304.91617,102946.0,291.64554,1.1738067,294.698,2.25,0.0,2.25,51.0,0.0,51.0,8.951923,4.18088,19.805649,3.6722264,0.8348926,5.4471817,3.1240485,0.76845866,5.1941147,278.54350434280025,26.899970752271116,341.4627809524536,0.9621325851032703,0.07277599310047661,0.9999872173346952,0.052828964,0.035924435,0.16163324,0.05305086,0.035696045,0.16163324,0.044475447,0.032540232,0.13219316,0.04451779,0.03249671,0.13219316,0.15477563,0.14238282,0.62468,66.58827442076148,57.29519727648206,309.9845441583082,50.90426385633175,309.9845441583082,66.58827442076148,51.048091,2.366698,51.0,2.25
100,172,172.0,0.0,172,1.310232259878298,0.1841841535657714,1.6326216459274292,5.3534938998338655,0.21032663082231742,5.673572540283203,0.011031325270489948,0.001777240644606256,0.01789402961730957,291.964629382622,0.9877794872125725,293.921630859375,4.25,0.0,4.25,51.5,0.0,51.5,0.10849740067393628,0.0,0.10849740067393629,3.1581135,0.77037495,4.8654833,2.9934366,0.8272974,4.979759,102289.83,304.1841,103004.06,0.0041505536,0.0006224833,0.0061531067,287.16534,0.7846708,288.8855,102249.43,303.59494,102962.0,291.96838,1.4039074,296.0359,4.25,0.0,4.25,51.5,0.0,51.5,7.53067,3.4188213,17.077585,3.1867113,0.76074,4.8654833,3.0377064,0.7715022,4.979759,281.7523258939022,25.733859670178223,341.601885676384,0.9505601756996964,0.10341140009318124,0.9999961066490397,0.0388957,0.027172416,0.11516715,0.038964793,0.027111758,0.11516715,0.036413763,0.023322284,0.11005398,0.036474258,0.023231227,0.11005398,0.10847194,0.09579331,0.46444294,60.32246947870022,59.56947604856162,301.9115561599935,35.646531511231096,301.9115561599935,60.32246947870022,51.399148,4.209993,51.5,4.25
101,173,173.0,0.0,173,1.310232259878298,0.1841841535657714,1.6326216459274292,5.3534938998338655,0.21032663082231742,5.673572540283203,0.011031325270489948,0.001777240644606256,0.01789402961730957,291.964629382622,0.9877794872125725,293.921630859375,4.25,0.0,4.25,51.5,0.0,51.5,0.0065190003067927904,0.0,0.0065190003067927904,3.1581135,0.77037495,4.8654833,2.9934366,0.8272974,4.979759,102289.83,304.1841,103004.06,0.0041505536,0.0006224833,0.0061531067,287.16534,0.7846708,288.8855,102249.43,303.59494,102962.0,291.96838,1.4039074,296.0359,4.25,0.0,4.25,51.5,0.0,51.5,7.53067,3.4188213,17.077585,3.1867113,0.76074,4.8654833,3.0377064,0.7715022,4.979759,281.7523258939022,25.733859670178223,341.601885676384,0.9505601756996964,0.10341140009318124,0.9999961066490397,0.0388957,0.027172416,0.11516715,0.038964793,0.027111758,0.11516715,0.036413763,0.023322284,0.11005398,0.036474258,0.023231227,0.11005398,0.10847194,0.09579331,0.46444294,60.32246947870022,59.56947604856162,301.9115561599935,35.646531511231096,301.9115561599935,60.32246947870022,51.506519,4.249998,51.5,4.25
102,174,174.0,0.0,174,1.310232259878298,0.1841841535657714,1.6326216459274292,5.3534938998338655,0.21032663082231742,5.673572540283203,0.011031325270489948,0.001777240644606256,0.01789402961730957,291.964629382622,0.9877794872125725,293.921630859375,4.25,0.0,4.25,51.5,0.0,51.5,0.08501562369941229,0.0,0.08501562369941229,3.1581135,0.77037495,4.8654833,2.9934366,0.8272974,4.979759,102289.83,304.1841,103004.06,0.0041505536,0.0006224833,0.0061531067,287.16534,0.7846708,288.8855,102249.43,303.59494,102962.0,291.96838,1.4039074,296.0359,4.25,0.0,4.25,51.5,0.0,51.5,7.53067,3.4188213,17.077585,3.1867113,0.76074,4.8654833,3.0377064,0.7715022,4.979759,281.7523258939022,25.733859670178223,341.601885676384,0.9505601756996964,0.10341140009318124,0.9999961066490397,0.0388957,0.027172416,0.11516715,0.038964793,0.027111758,0.11516715,0.036413763,0.023322284,0.11005398,0.036474258,0.023231227,0.11005398,0.10847194,0.09579331,0.46444294,60.32246947870022,59.56947604856162,301.9115561599935,35.646531511231096,301.9115561599935,60.32246947870022,51.511332,4.165743,51.5,4.25
103,175,175.0,0.0,175,1.150261813547553,0.15474911677403086,1.4313277006149292,5.147390598204078,0.19579057008052433,5.492646217346191,0.008971243369870069,0.00161601008010682,0.01510167121887207,292.0113614710366,0.9586705288184161,293.873046875,3.5,0.0,3.5,51.5,0.0,51.5,0.11976954508137538,0.0,0.11976954508137538,4.176106,0.98864406,6.436284,3.5595658,1.0804535,6.155052,102288.37,301.4283,103001.81,0.0045307204,0.00081851444,0.006788254,287.40222,0.78890264,289.34253,102270.98,301.2154,102984.0,291.5607,1.1531557,294.68628,3.5,0.0,3.5,51.5,0.0,51.5,11.239807,5.3131733,25.820715,4.2144375,0.98002267,6.436284,3.694688,0.94366354,6.155052,275.08732969004933,27.35611250212931,339.78569984436035,0.9631527855707464,0.05188836343913825,0.9999530644949374,0.073356554,0.051830385,0.2235901,0.07425466,0.051246066,0.2235901,0.06461949,0.04736214,0.19623351,0.06497696,0.04697813,0.19623351,0.24504521,0.2232835,1.0617347,72.62219638359255,63.29241288994737,306.64291273572616,35.71042055536218,306.64291273572616,72.62219638359255,51.399115,3.564552,51.5,3.5
104,178,178.0,0.0,178,1.8469707587870157,0.23707765140318468,2.2572131156921387,5.640155303768996,0.21124588279669293,5.956775665283203,0.02193979083037958,0.0011907107000738847,0.025223970413208008,291.964629382622,0.9877794872125725,293.921630859375,3.75,0.0,3.75,51.75,0.0,51.75,0.0614876231854834,0.0,0.0614876231854834,4.692253,1.1250434,7.3347216,3.872609,1.1975919,6.7390366,102271.8,298.75385,102989.19,0.0050981566,0.0009803965,0.0076007843,287.44418,0.82148427,289.36987,102271.336,298.7414,102989.0,291.29782,1.0822718,293.86597,3.75,0.0,3.75,51.75,0.0,51.75,13.638613,6.534517,31.682512,4.7440896,1.117817,7.3347216,4.0459924,1.0352725,6.7390366,266.8444566377779,26.587929682640407,320.2956848144531,0.9426791791878742,0.10895199268165247,0.9999742884124816,0.09896824,0.06961757,0.3073787,0.10067035,0.06871885,0.3073787,0.08646757,0.06391302,0.262388,0.08697011,0.06338101,0.262388,0.36256477,0.3314657,1.5985222,78.11497441733756,64.20348913682885,306.0250778447985,43.52867580388384,306.0250778447985,78.11497441733756,51.750754,3.811483,51.75,3.75
105,179,179.0,0.0,179,1.310232259878298,0.1841841535657714,1.6326216459274292,5.3534938998338655,0.21032663082231742,5.673572540283203,0.011031325270489948,0.001777240644606256,0.01789402961730957,291.964629382622,0.9877794872125725,293.921630859375,4.0,0.0,4.0,51.75,0.0,51.75,0.1398620372366989,0.0,0.1398620372366989,3.7690816,0.9364715,5.9523973,3.2213156,0.9727667,5.5583725,102271.984,300.53528,102990.81,0.0041908636,0.0006567697,0.006052017,287.16205,0.7773983,288.94214,102287.42,300.72092,103007.0,291.6221,1.2533104,295.25464,4.0,0.0,4.0,51.75,0.0,51.75,9.27191,4.4473658,21.963766,3.807973,0.9200161,5.9523973,3.3238664,0.8660867,5.5583725,270.715941219795,25.839699244797913,335.68394327163696,0.8989103515286714,0.1724651954276314,0.9999996629516192,0.055952817,0.040718082,0.17558402,0.05643968,0.040329196,0.17558402,0.048146658,0.035090566,0.15303625,0.04824041,0.034973092,0.15303625,0.16763446,0.15853345,0.7682332,69.26115473305306,62.081835926898506,301.9115561599935,35.646531511231096,301.9115561599935,69.26115473305306,51.655118,4.102756,51.75,4.0
106,180,180.0,0.0,180,1.8469707587870157,0.23707765140318468,2.2572131156921387,5.640155303768996,0.21124588279669293,5.956775665283203,0.02193979083037958,0.0011907107000738847,0.025223970413208008,291.964629382622,0.9877794872125725,293.921630859375,3.75,0.0,3.75,51.75,0.0,51.75,0.07448111282734668,0.0,0.07448111282734668,4.692253,1.1250434,7.3347216,3.872609,1.1975919,6.7390366,102271.8,298.75385,102989.19,0.0050981566,0.0009803965,0.0076007843,287.44418,0.82148427,289.36987,102271.336,298.7414,102989.0,291.29782,1.0822718,293.86597,3.75,0.0,3.75,51.75,0.0,51.75,13.638613,6.534517,31.682512,4.7440896,1.117817,7.3347216,4.0459924,1.0352725,6.7390366,266.8444566377779,26.587929682640407,320.2956848144531,0.9426791791878742,0.10895199268165247,0.9999742884124816,0.09896824,0.06961757,0.3073787,0.10067035,0.06871885,0.3073787,0.08646757,0.06391302,0.262388,0.08697011,0.06338101,0.262388,0.36256477,0.3314657,1.5985222,78.11497441733756,64.20348913682885,306.0250778447985,43.52867580388384,306.0250778447985,78.11497441733756,51.675798,3.756442,51.75,3.75
107,181,181.0,0.0,181,1.150261813547553,0.15474911677403086,1.4313277006149292,5.147390598204078,0.19579057008052433,5.492646217346191,0.008971243369870069,0.00161601008010682,0.01510167121887207,292.0113614710366,0.9586705288184161,293.873046875,3.5,0.0,3.5,51.5,0.0,51.5,0.17285060382017994,0.0,0.17285060382017994,4.176106,0.98864406,6.436284,3.5595658,1.0804535,6.155052,102288.37,301.4283,103001.81,0.0045307204,0.00081851444,0.006788254,287.40222,0.78890264,289.34253,102270.98,301.2154,102984.0,291.5607,1.1531557,294.68628,3.5,0.0,3.5,51.5,0.0,51.5,11.239807,5.3131733,25.820715,4.2144375,0.98002267,6.436284,3.694688,0.94366354,6.155052,275.08732969004933,27.35611250212931,339.78569984436035,0.9631527855707464,0.05188836343913825,0.9999530644949374,0.073356554,0.051830385,0.2235901,0.07425466,0.051246066,0.2235901,0.06461949,0.04736214,0.19623351,0.06497696,0.04697813,0.19623351,0.24504521,0.2232835,1.0617347,72.62219638359255,63.29241288994737,306.64291273572616,35.71042055536218,306.64291273572616,72.62219638359255,51.379296,3.376275,51.5,3.5
108,183,183.0,0.0,183,1.150261813547553,0.15474911677403086,1.4313277006149292,5.147390598204078,0.19579057008052433,5.492646217346191,0.008971243369870069,0.00161601008010682,0.01510167121887207,291.964629382622,0.9877794872125725,293.921630859375,3.75,0.0,3.75,51.5,0.0,51.5,0.14879771100389702,0.0,0.14879771100389702,3.6185243,0.87229,5.593999,3.1925547,0.94888484,5.4680405,102289.27,302.57245,103003.81,0.0040604197,0.0006501295,0.0059871674,287.23907,0.757716,289.0476,102280.33,302.43692,102995.0,291.82028,1.2891434,295.57104,3.75,0.0,3.75,51.5,0.0,51.5,8.865794,4.164889,20.562502,3.6484718,0.860703,5.593999,3.2846215,0.84931463,5.4680405,279.6640302669711,26.837974846009836,340.35911321640015,0.9441143105548871,0.132928786126626,0.9999655227152536,0.051295497,0.03671795,0.15744443,0.05162075,0.03644252,0.15744443,0.045485403,0.03225452,0.14116214,0.045587335,0.03212491,0.14116214,0.15212439,0.14018519,0.67333525,67.83322999535537,61.31550636753821,306.64291273572616,35.71042055536218,306.64291273572616,67.83322999535537,51.60088,3.85938,51.5,3.75
109,194,194.0,0.0,194,1.150261813547553,0.15474911677403086,1.4313277006149292,5.147390598204078,0.19579057008052433,5.492646217346191,0.008971243369870069,0.00161601008010682,0.01510167121887207,291.964629382622,0.9877794872125725,293.921630859375,4.0,0.0,4.0,51.5,0.0,51.5,0.05488694577948051,0.0,0.05488694577948051,3.407027,0.8249587,5.2600145,3.1017754,0.8999945,5.2527084,102289.36,303.30606,103003.81,0.0040811677,0.00063194946,0.0060691833,287.21207,0.76605487,288.9558,102258.59,302.90173,102972.0,291.90173,1.344709,295.8015,4.0,0.0,4.0,51.5,0.0,51.5,8.259635,3.8184977,18.996887,3.43628,0.81432724,5.2600145,3.1706972,0.8215318,5.2527084,281.73736411187707,25.505918227025916,342.20369935035706,0.9335300808617059,0.09668805612460984,0.9999184701219579,0.045538336,0.032180045,0.13724703,0.045724872,0.03201906,0.13724703,0.041348353,0.027978461,0.12713481,0.04141644,0.027882352,0.12713481,0.13129663,0.11881106,0.5747041,64.15649879269483,60.45358180639741,306.64291273572616,35.71042055536218,306.64291273572616,64.15649879269483,51.445556,4.006959,51.5,4.0
110,195,195.0,0.0,195,1.8469707587870157,0.23707765140318468,2.2572131156921387,5.640155303768996,0.21124588279669293,5.956775665283203,0.02193979083037958,0.0011907107000738847,0.025223970413208008,291.964629382622,0.9877794872125725,293.921630859375,3.75,0.0,3.75,51.75,0.0,51.75,0.15832791894356663,0.0,0.15832791894356663,4.692253,1.1250434,7.3347216,3.872609,1.1975919,6.7390366,102271.8,298.75385,102989.19,0.0050981566,0.0009803965,0.0076007843,287.44418,0.82148427,289.36987,102271.336,298.7414,102989.0,291.29782,1.0822718,293.86597,3.75,0.0,3.75,51.75,0.0,51.75,13.638613,6.534517,31.682512,4.7440896,1.117817,7.3347216,4.0459924,1.0352725,6.7390366,266.8444566377779,26.587929682640407,320.2956848144531,0.9426791791878742,0.10895199268165247,0.9999742884124816,0.09896824,0.06961757,0.3073787,0.10067035,0.06871885,0.3073787,0.08646757,0.06391302,0.262388,0.08697011,0.06338101,0.262388,0.36256477,0.3314657,1.5985222,78.11497441733756,64.20348913682885,306.0250778447985,43.52867580388384,306.0250778447985,78.11497441733756,51.863131,3.860766,51.75,3.75
111,196,196.0,0.0,196,1.310232259878298,0.1841841535657714,1.6326216459274292,5.3534938998338655,0.21032663082231742,5.673572540283203,0.011031325270489948,0.001777240644606256,0.01789402961730957,291.964629382622,0.9877794872125725,293.921630859375,4.0,0.0,4.0,51.75,0.0,51.75,0.10204478205670092,0.0,0.10204478205670092,3.7690816,0.9364715,5.9523973,3.2213156,0.9727667,5.5583725,102271.984,300.53528,102990.81,0.0041908636,0.0006567697,0.006052017,287.16205,0.7773983,288.94214,102287.42,300.72092,103007.0,291.6221,1.2533104,295.25464,4.0,0.0,4.0,51.75,0.0,51.75,9.27191,4.4473658,21.963766,3.807973,0.9200161,5.9523973,3.3238664,0.8660867,5.5583725,270.715941219795,25.839699244797913,335.68394327163696,0.8989103515286714,0.1724651954276314,0.9999996629516192,0.055952817,0.040718082,0.17558402,0.05643968,0.040329196,0.17558402,0.048146658,0.035090566,0.15303625,0.04824041,0.034973092,0.15303625,0.16763446,0.15853345,0.7682332,69.26115473305306,62.081835926898506,301.9115561599935,35.646531511231096,301.9115561599935,69.26115473305306,51.835992,4.054941,51.75,4.0
112,197,197.0,0.0,197,1.310232259878298,0.1841841535657714,1.6326216459274292,5.3534938998338655,0.21032663082231742,5.673572540283203,0.011031325270489948,0.001777240644606256,0.01789402961730957,291.964629382622,0.9877794872125725,293.921630859375,4.0,0.0,4.0,51.75,0.0,51.75,0.09103333332357184,0.0,0.09103333332357184,3.7690816,0.9364715,5.9523973,3.2213156,0.9727667,5.5583725,102271.984,300.53528,102990.81,0.0041908636,0.0006567697,0.006052017,287.16205,0.7773983,288.94214,102287.42,300.72092,103007.0,291.6221,1.2533104,295.25464,4.0,0.0,4.0,51.75,0.0,51.75,9.27191,4.4473658,21.963766,3.807973,0.9200161,5.9523973,3.3238664,0.8660867,5.5583725,270.715941219795,25.839699244797913,335.68394327163696,0.8989103515286714,0.1724651954276314,0.9999996629516192,0.055952817,0.040718082,0.17558402,0.05643968,0.040329196,0.17558402,0.048146658,0.035090566,0.15303625,0.04824041,0.034973092,0.15303625,0.16763446,0.15853345,0.7682332,69.26115473305306,62.081835926898506,301.9115561599935,35.646531511231096,301.9115561599935,69.26115473305306,51.829224,4.04484,51.75,4.0
113,200,200.0,0.0,200,1.310232259878298,0.1841841535657714,1.6326216459274292,5.3534938998338655,0.21032663082231742,5.673572540283203,0.011031325270489948,0.001777240644606256,0.01789402961730957,291.8472930163872,0.9381861688906472,293.568359375,4.25,0.0,4.25,51.75,0.0,51.75,0.14030951130269192,0.0,0.14030951130269192,3.4823058,0.872983,5.5026903,3.0685723,0.901177,5.2317123,102272.27,301.55072,102991.06,0.004150437,0.0006394859,0.006000519,287.10062,0.7924808,288.85034,102279.04,301.5474,102998.0,291.70227,1.3143983,295.55737,4.25,0.0,4.25,51.75,0.0,51.75,8.315211,3.9224775,19.546436,3.519351,0.85752624,5.5026903,3.1392922,0.82370204,5.2317123,273.6211324319607,24.421658154401506,337.3089528083801,0.9327686402620006,0.07196580340276736,0.9999731741866726,0.047017854,0.033884477,0.14555912,0.047315367,0.03364015,0.14555912,0.0411359,0.028696787,0.13011347,0.04119554,0.028613262,0.13011347,0.13401413,0.12471676,0.60843563,65.34830698152868,61.14421225111135,301.9115561599935,35.646531511231096,301.9115561599935,65.34830698152868,51.819721,4.128239,51.75,4.25
114,203,203.0,0.0,203,1.310232259878298,0.1841841535657714,1.6326216459274292,5.3534938998338655,0.21032663082231742,5.673572540283203,0.011031325270489948,0.001777240644606256,0.01789402961730957,291.8472930163872,0.9381861688906472,293.568359375,4.0,0.0,4.0,52.0,0.0,52.0,0.12196093368370049,0.0,0.12196093368370049,4.807206,1.1822097,7.6018114,3.894908,1.2171638,6.8259506,102254.625,296.98425,102975.19,0.005306081,0.001030987,0.007823944,287.43213,0.8606807,289.40308,102258.445,296.9405,102979.0,291.09552,1.0495502,293.3816,4.0,0.0,4.0,52.0,0.0,52.0,14.095898,6.848513,33.195545,4.868499,1.171605,7.6018114,4.0706034,1.0547125,6.8259506,265.37811393272585,28.00663007410992,332.2062530517578,0.9415889838823632,0.08636781627056854,0.9996407205458476,0.10440859,0.07402793,0.33349282,0.10633144,0.07306572,0.33349282,0.090559654,0.06798159,0.278171,0.09102377,0.06749204,0.278171,0.38929066,0.36142498,1.7548462,77.07795008217415,64.73512173692377,301.9115561599935,35.646531511231096,301.9115561599935,77.07795008217415,51.977572,4.119881,52.0,4.0
115,205,205.0,0.0,205,1.150261813547553,0.15474911677403086,1.4313277006149292,5.147390598204078,0.19579057008052433,5.492646217346191,0.008971243369870069,0.00161601008010682,0.01510167121887207,291.964629382622,0.9877794872125725,293.921630859375,3.75,0.0,3.75,51.5,0.0,51.5,0.12350150078845329,0.0,0.12350150078845329,3.6185243,0.87229,5.593999,3.1925547,0.94888484,5.4680405,102289.27,302.57245,103003.81,0.0040604197,0.0006501295,0.0059871674,287.23907,0.757716,289.0476,102280.33,302.43692,102995.0,291.82028,1.2891434,295.57104,3.75,0.0,3.75,51.5,0.0,51.5,8.865794,4.164889,20.562502,3.6484718,0.860703,5.593999,3.2846215,0.84931463,5.4680405,279.6640302669711,26.837974846009836,340.35911321640015,0.9441143105548871,0.132928786126626,0.9999655227152536,0.051295497,0.03671795,0.15744443,0.05162075,0.03644252,0.15744443,0.045485403,0.03225452,0.14116214,0.045587335,0.03212491,0.14116214,0.15212439,0.14018519,0.67333525,67.83322999535537,61.31550636753821,306.64291273572616,35.71042055536218,306.64291273572616,67.83322999535537,51.543944,3.865419,51.5,3.75
116,208,208.0,0.0,208,1.310232259878298,0.1841841535657714,1.6326216459274292,5.3534938998338655,0.21032663082231742,5.673572540283203,0.011031325270489948,0.001777240644606256,0.01789402961730957,291.964629382622,0.9877794872125725,293.921630859375,4.0,0.0,4.0,51.75,0.0,51.75,0.12689684713183275,0.0,0.12689684713183275,3.7690816,0.9364715,5.9523973,3.2213156,0.9727667,5.5583725,102271.984,300.53528,102990.81,0.0041908636,0.0006567697,0.006052017,287.16205,0.7773983,288.94214,102287.42,300.72092,103007.0,291.6221,1.2533104,295.25464,4.0,0.0,4.0,51.75,0.0,51.75,9.27191,4.4473658,21.963766,3.807973,0.9200161,5.9523973,3.3238664,0.8660867,5.5583725,270.715941219795,25.839699244797913,335.68394327163696,0.8989103515286714,0.1724651954276314,0.9999996629516192,0.055952817,0.040718082,0.17558402,0.05643968,0.040329196,0.17558402,0.048146658,0.035090566,0.15303625,0.04824041,0.034973092,0.15303625,0.16763446,0.15853345,0.7682332,69.26115473305306,62.081835926898506,301.9115561599935,35.646531511231096,301.9115561599935,69.26115473305306,51.666274,4.095356,51.75,4.0
117,209,209.0,0.0,209,1.310232259878298,0.1841841535657714,1.6326216459274292,5.3534938998338655,0.21032663082231742,5.673572540283203,0.011031325270489948,0.001777240644606256,0.01789402961730957,291.8472930163872,0.9381861688906472,293.568359375,4.25,0.0,4.25,51.75,0.0,51.75,0.13928020196711247,0.0,0.13928020196711247,3.4823058,0.872983,5.5026903,3.0685723,0.901177,5.2317123,102272.27,301.55072,102991.06,0.004150437,0.0006394859,0.006000519,287.10062,0.7924808,288.85034,102279.04,301.5474,102998.0,291.70227,1.3143983,295.55737,4.25,0.0,4.25,51.75,0.0,51.75,8.315211,3.9224775,19.546436,3.519351,0.85752624,5.5026903,3.1392922,0.82370204,5.2317123,273.6211324319607,24.421658154401506,337.3089528083801,0.9327686402620006,0.07196580340276736,0.9999731741866726,0.047017854,0.033884477,0.14555912,0.047315367,0.03364015,0.14555912,0.0411359,0.028696787,0.13011347,0.04119554,0.028613262,0.13011347,0.13401413,0.12471676,0.60843563,65.34830698152868,61.14421225111135,301.9115561599935,35.646531511231096,301.9115561599935,65.34830698152868,51.659342,4.144264,51.75,4.25
118,210,210.0,0.0,210,1.310232259878298,0.1841841535657714,1.6326216459274292,5.3534938998338655,0.21032663082231742,5.673572540283203,0.011031325270489948,0.001777240644606256,0.01789402961730957,291.964629382622,0.9877794872125725,293.921630859375,4.25,0.0,4.25,51.5,0.0,51.5,0.05387255458951436,0.0,0.05387255458951436,3.1581135,0.77037495,4.8654833,2.9934366,0.8272974,4.979759,102289.83,304.1841,103004.06,0.0041505536,0.0006224833,0.0061531067,287.16534,0.7846708,288.8855,102249.43,303.59494,102962.0,291.96838,1.4039074,296.0359,4.25,0.0,4.25,51.5,0.0,51.5,7.53067,3.4188213,17.077585,3.1867113,0.76074,4.8654833,3.0377064,0.7715022,4.979759,281.7523258939022,25.733859670178223,341.601885676384,0.9505601756996964,0.10341140009318124,0.9999961066490397,0.0388957,0.027172416,0.11516715,0.038964793,0.027111758,0.11516715,0.036413763,0.023322284,0.11005398,0.036474258,0.023231227,0.11005398,0.10847194,0.09579331,0.46444294,60.32246947870022,59.56947604856162,301.9115561599935,35.646531511231096,301.9115561599935,60.32246947870022,51.450047,4.229827,51.5,4.25
119,216,216.0,0.0,216,1.310232259878298,0.1841841535657714,1.6326216459274292,5.3534938998338655,0.21032663082231742,5.673572540283203,0.011031325270489948,0.001777240644606256,0.01789402961730957,291.8472930163872,0.9381861688906472,293.568359375,4.25,0.0,4.25,51.75,0.0,51.75,0.062217454054309486,0.0,0.062217454054309486,3.4823058,0.872983,5.5026903,3.0685723,0.901177,5.2317123,102272.27,301.55072,102991.06,0.004150437,0.0006394859,0.006000519,287.10062,0.7924808,288.85034,102279.04,301.5474,102998.0,291.70227,1.3143983,295.55737,4.25,0.0,4.25,51.75,0.0,51.75,8.315211,3.9224775,19.546436,3.519351,0.85752624,5.5026903,3.1392922,0.82370204,5.2317123,273.6211324319607,24.421658154401506,337.3089528083801,0.9327686402620006,0.07196580340276736,0.9999731741866726,0.047017854,0.033884477,0.14555912,0.047315367,0.03364015,0.14555912,0.0411359,0.028696787,0.13011347,0.04119554,0.028613262,0.13011347,0.13401413,0.12471676,0.60843563,65.34830698152868,61.14421225111135,301.9115561599935,35.646531511231096,301.9115561599935,65.34830698152868,51.773558,4.192415,51.75,4.25
120,226,226.0,0.0,226,1.150261813547553,0.15474911677403086,1.4313277006149292,5.147390598204078,0.19579057008052433,5.492646217346191,0.008971243369870069,0.00161601008010682,0.01510167121887207,291.964629382622,0.9877794872125725,293.921630859375,3.75,0.0,3.75,51.5,0.0,51.5,0.13504274656567283,0.0,0.13504274656567283,3.6185243,0.87229,5.593999,3.1925547,0.94888484,5.4680405,102289.27,302.57245,103003.81,0.0040604197,0.0006501295,0.0059871674,287.23907,0.757716,289.0476,102280.33,302.43692,102995.0,291.82028,1.2891434,295.57104,3.75,0.0,3.75,51.5,0.0,51.5,8.865794,4.164889,20.562502,3.6484718,0.860703,5.593999,3.2846215,0.84931463,5.4680405,279.6640302669711,26.837974846009836,340.35911321640015,0.9441143105548871,0.132928786126626,0.9999655227152536,0.051295497,0.03671795,0.15744443,0.05162075,0.03644252,0.15744443,0.045485403,0.03225452,0.14116214,0.045587335,0.03212491,0.14116214,0.15212439,0.14018519,0.67333525,67.83322999535537,61.31550636753821,306.64291273572616,35.71042055536218,306.64291273572616,67.83322999535537,51.619106,3.686358,51.5,3.75
121,227,227.0,0.0,227,1.150261813547553,0.15474911677403086,1.4313277006149292,5.147390598204078,0.19579057008052433,5.492646217346191,0.008971243369870069,0.00161601008010682,0.01510167121887207,291.964629382622,0.9877794872125725,293.921630859375,3.75,0.0,3.75,51.5,0.0,51.5,0.13754057833599262,0.0,0.13754057833599262,3.6185243,0.87229,5.593999,3.1925547,0.94888484,5.4680405,102289.27,302.57245,103003.81,0.0040604197,0.0006501295,0.0059871674,287.23907,0.757716,289.0476,102280.33,302.43692,102995.0,291.82028,1.2891434,295.57104,3.75,0.0,3.75,51.5,0.0,51.5,8.865794,4.164889,20.562502,3.6484718,0.860703,5.593999,3.2846215,0.84931463,5.4680405,279.6640302669711,26.837974846009836,340.35911321640015,0.9441143105548871,0.132928786126626,0.9999655227152536,0.051295497,0.03671795,0.15744443,0.05162075,0.03644252,0.15744443,0.045485403,0.03225452,0.14116214,0.045587335,0.03212491,0.14116214,0.15212439,0.14018519,0.67333525,67.83322999535537,61.31550636753821,306.64291273572616,35.71042055536218,306.64291273572616,67.83322999535537,51.619592,3.682065,51.5,3.75
122,236,236.0,0.0,236,1.150261813547553,0.15474911677403086,1.4313277006149292,5.147390598204078,0.19579057008052433,5.492646217346191,0.008971243369870069,0.00161601008010682,0.01510167121887207,291.964629382622,0.9877794872125725,293.921630859375,4.0,0.0,4.0,51.5,0.0,51.5,0.09559317620521032,0.0,0.09559317620521032,3.407027,0.8249587,5.2600145,3.1017754,0.8999945,5.2527084,102289.36,303.30606,103003.81,0.0040811677,0.00063194946,0.0060691833,287.21207,0.76605487,288.9558,102258.59,302.90173,102972.0,291.90173,1.344709,295.8015,4.0,0.0,4.0,51.5,0.0,51.5,8.259635,3.8184977,18.996887,3.43628,0.81432724,5.2600145,3.1706972,0.8215318,5.2527084,281.73736411187707,25.505918227025916,342.20369935035706,0.9335300808617059,0.09668805612460984,0.9999184701219579,0.045538336,0.032180045,0.13724703,0.045724872,0.03201906,0.13724703,0.041348353,0.027978461,0.12713481,0.04141644,0.027882352,0.12713481,0.13129663,0.11881106,0.5747041,64.15649879269483,60.45358180639741,306.64291273572616,35.71042055536218,306.64291273572616,64.15649879269483,51.595404,4.006011,51.5,4.0
123,237,237.0,0.0,237,1.310232259878298,0.1841841535657714,1.6326216459274292,5.3534938998338655,0.21032663082231742,5.673572540283203,0.011031325270489948,0.001777240644606256,0.01789402961730957,291.8472930163872,0.9381861688906472,293.568359375,4.25,0.0,4.25,51.75,0.0,51.75,0.1234334128548641,0.0,0.1234334128548641,3.4823058,0.872983,5.5026903,3.0685723,0.901177,5.2317123,102272.27,301.55072,102991.06,0.004150437,0.0006394859,0.006000519,287.10062,0.7924808,288.85034,102279.04,301.5474,102998.0,291.70227,1.3143983,295.55737,4.25,0.0,4.25,51.75,0.0,51.75,8.315211,3.9224775,19.546436,3.519351,0.85752624,5.5026903,3.1392922,0.82370204,5.2317123,273.6211324319607,24.421658154401506,337.3089528083801,0.9327686402620006,0.07196580340276736,0.9999731741866726,0.047017854,0.033884477,0.14555912,0.047315367,0.03364015,0.14555912,0.0411359,0.028696787,0.13011347,0.04119554,0.028613262,0.13011347,0.13401413,0.12471676,0.60843563,65.34830698152868,61.14421225111135,301.9115561599935,35.646531511231096,301.9115561599935,65.34830698152868,51.626665,4.254928,51.75,4.25
124,238,238.0,0.0,238,1.310232259878298,0.1841841535657714,1.6326216459274292,5.3534938998338655,0.21032663082231742,5.673572540283203,0.011031325270489948,0.001777240644606256,0.01789402961730957,291.964629382622,0.9877794872125725,293.921630859375,4.0,0.0,4.0,51.75,0.0,51.75,0.08397364289465764,0.0,0.08397364289465764,3.7690816,0.9364715,5.9523973,3.2213156,0.9727667,5.5583725,102271.984,300.53528,102990.81,0.0041908636,0.0006567697,0.006052017,287.16205,0.7773983,288.94214,102287.42,300.72092,103007.0,291.6221,1.2533104,295.25464,4.0,0.0,4.0,51.75,0.0,51.75,9.27191,4.4473658,21.963766,3.807973,0.9200161,5.9523973,3.3238664,0.8660867,5.5583725,270.715941219795,25.839699244797913,335.68394327163696,0.8989103515286714,0.1724651954276314,0.9999996629516192,0.055952817,0.040718082,0.17558402,0.05643968,0.040329196,0.17558402,0.048146658,0.035090566,0.15303625,0.04824041,0.034973092,0.15303625,0.16763446,0.15853345,0.7682332,69.26115473305306,62.081835926898506,301.9115561599935,35.646531511231096,301.9115561599935,69.26115473305306,51.827026,4.033445,51.75,4.0
125,240,240.0,0.0,240,1.150261813547553,0.15474911677403086,1.4313277006149292,5.147390598204078,0.19579057008052433,5.492646217346191,0.008971243369870069,0.00161601008010682,0.01510167121887207,291.964629382622,0.9877794872125725,293.921630859375,3.75,0.0,3.75,51.25,0.0,51.25,0.11093109133601567,0.0,0.11093109133601567,3.055517,0.7245941,4.600835,2.919879,0.8256265,4.892357,102307.22,305.8049,103016.56,0.0041058934,0.0007213034,0.0059127808,287.45822,0.84045917,289.53003,102319.766,305.87628,103029.0,291.92178,1.3018004,295.5183,3.75,0.0,3.75,51.25,0.0,51.25,7.043387,3.1896307,15.648798,3.0749686,0.7159486,4.600835,2.9765937,0.75860065,4.892357,286.1357505612257,24.090755363400184,343.0208144187927,0.9411374063423787,0.11678017891659813,0.9999253011639467,0.034977406,0.024274666,0.10775038,0.035018325,0.02423754,0.10775038,0.03321072,0.02149698,0.09735406,0.033271115,0.021408264,0.09735406,0.09480933,0.083023116,0.38997915,61.65365158639303,59.79919577338727,306.64291273572616,35.71042055536218,306.64291273572616,61.65365158639303,51.336209,3.819812,51.25,3.75
126,242,242.0,0.0,242,1.150261813547553,0.15474911677403086,1.4313277006149292,5.147390598204078,0.19579057008052433,5.492646217346191,0.008971243369870069,0.00161601008010682,0.01510167121887207,291.964629382622,0.9877794872125725,293.921630859375,3.75,0.0,3.75,51.5,0.0,51.5,0.09933385822064822,0.0,0.09933385822064822,3.6185243,0.87229,5.593999,3.1925547,0.94888484,5.4680405,102289.27,302.57245,103003.81,0.0040604197,0.0006501295,0.0059871674,287.23907,0.757716,289.0476,102280.33,302.43692,102995.0,291.82028,1.2891434,295.57104,3.75,0.0,3.75,51.5,0.0,51.5,8.865794,4.164889,20.562502,3.6484718,0.860703,5.593999,3.2846215,0.84931463,5.4680405,279.6640302669711,26.837974846009836,340.35911321640015,0.9441143105548871,0.132928786126626,0.9999655227152536,0.051295497,0.03671795,0.15744443,0.05162075,0.03644252,0.15744443,0.045485403,0.03225452,0.14116214,0.045587335,0.03212491,0.14116214,0.15212439,0.14018519,0.67333525,67.83322999535537,61.31550636753821,306.64291273572616,35.71042055536218,306.64291273572616,67.83322999535537,51.599317,3.75183,51.5,3.75
127,243,243.0,0.0,243,1.150261813547553,0.15474911677403086,1.4313277006149292,5.147390598204078,0.19579057008052433,5.492646217346191,0.008971243369870069,0.00161601008010682,0.01510167121887207,292.0113614710366,0.9586705288184161,293.873046875,3.5,0.0,3.5,51.5,0.0,51.5,0.11205049804887238,0.0,0.11205049804887238,4.176106,0.98864406,6.436284,3.5595658,1.0804535,6.155052,102288.37,301.4283,103001.81,0.0045307204,0.00081851444,0.006788254,287.40222,0.78890264,289.34253,102270.98,301.2154,102984.0,291.5607,1.1531557,294.68628,3.5,0.0,3.5,51.5,0.0,51.5,11.239807,5.3131733,25.820715,4.2144375,0.98002267,6.436284,3.694688,0.94366354,6.155052,275.08732969004933,27.35611250212931,339.78569984436035,0.9631527855707464,0.05188836343913825,0.9999530644949374,0.073356554,0.051830385,0.2235901,0.07425466,0.051246066,0.2235901,0.06461949,0.04736214,0.19623351,0.06497696,0.04697813,0.19623351,0.24504521,0.2232835,1.0617347,72.62219638359255,63.29241288994737,306.64291273572616,35.71042055536218,306.64291273572616,72.62219638359255,51.442308,3.596057,51.5,3.5
128,245,245.0,0.0,245,1.150261813547553,0.15474911677403086,1.4313277006149292,5.147390598204078,0.19579057008052433,5.492646217346191,0.008971243369870069,0.00161601008010682,0.01510167121887207,291.964629382622,0.9877794872125725,293.921630859375,4.0,0.0,4.0,51.5,0.0,51.5,0.05705163640948407,0.0,0.05705163640948407,3.407027,0.8249587,5.2600145,3.1017754,0.8999945,5.2527084,102289.36,303.30606,103003.81,0.0040811677,0.00063194946,0.0060691833,287.21207,0.76605487,288.9558,102258.59,302.90173,102972.0,291.90173,1.344709,295.8015,4.0,0.0,4.0,51.5,0.0,51.5,8.259635,3.8184977,18.996887,3.43628,0.81432724,5.2600145,3.1706972,0.8215318,5.2527084,281.73736411187707,25.505918227025916,342.20369935035706,0.9335300808617059,0.09668805612460984,0.9999184701219579,0.045538336,0.032180045,0.13724703,0.045724872,0.03201906,0.13724703,0.041348353,0.027978461,0.12713481,0.04141644,0.027882352,0.12713481,0.13129663,0.11881106,0.5747041,64.15649879269483,60.45358180639741,306.64291273572616,35.71042055536218,306.64291273572616,64.15649879269483,51.496839,4.056964,51.5,4.0
129,248,248.0,0.0,248,1.150261813547553,0.15474911677403086,1.4313277006149292,5.147390598204078,0.19579057008052433,5.492646217346191,0.008971243369870069,0.00161601008010682,0.01510167121887207,292.0113614710366,0.9586705288184161,293.873046875,3.5,0.0,3.5,51.5,0.0,51.5,0.06368805999557543,0.0,0.06368805999557543,4.176106,0.98864406,6.436284,3.5595658,1.0804535,6.155052,102288.37,301.4283,103001.81,0.0045307204,0.00081851444,0.006788254,287.40222,0.78890264,289.34253,102270.98,301.2154,102984.0,291.5607,1.1531557,294.68628,3.5,0.0,3.5,51.5,0.0,51.5,11.239807,5.3131733,25.820715,4.2144375,0.98002267,6.436284,3.694688,0.94366354,6.155052,275.08732969004933,27.35611250212931,339.78569984436035,0.9631527855707464,0.05188836343913825,0.9999530644949374,0.073356554,0.051830385,0.2235901,0.07425466,0.051246066,0.2235901,0.06461949,0.04736214,0.19623351,0.06497696,0.04697813,0.19623351,0.24504521,0.2232835,1.0617347,72.62219638359255,63.29241288994737,306.64291273572616,35.71042055536218,306.64291273572616,72.62219638359255,51.521445,3.440031,51.5,3.5
130,251,251.0,0.0,251,1.310232259878298,0.1841841535657714,1.6326216459274292,5.3534938998338655,0.21032663082231742,5.673572540283203,0.011031325270489948,0.001777240644606256,0.01789402961730957,291.964629382622,0.9877794872125725,293.921630859375,4.0,0.0,4.0,51.75,0.0,51.75,0.13994439473591122,0.0,0.13994439473591122,3.7690816,0.9364715,5.9523973,3.2213156,0.9727667,5.5583725,102271.984,300.53528,102990.81,0.0041908636,0.0006567697,0.006052017,287.16205,0.7773983,288.94214,102287.42,300.72092,103007.0,291.6221,1.2533104,295.25464,4.0,0.0,4.0,51.75,0.0,51.75,9.27191,4.4473658,21.963766,3.807973,0.9200161,5.9523973,3.3238664,0.8660867,5.5583725,270.715941219795,25.839699244797913,335.68394327163696,0.8989103515286714,0.1724651954276314,0.9999996629516192,0.055952817,0.040718082,0.17558402,0.05643968,0.040329196,0.17558402,0.048146658,0.035090566,0.15303625,0.04824041,0.034973092,0.15303625,0.16763446,0.15853345,0.7682332,69.26115473305306,62.081835926898506,301.9115561599935,35.646531511231096,301.9115561599935,69.26115473305306,51.642157,3.910813,51.75,4.0
131,254,254.0,0.0,254,1.150261813547553,0.15474911677403086,1.4313277006149292,5.147390598204078,0.19579057008052433,5.492646217346191,0.008971243369870069,0.00161601008010682,0.01510167121887207,291.964629382622,0.9877794872125725,293.921630859375,3.75,0.0,3.75,51.25,0.0,51.25,0.11093341905634285,0.0,0.11093341905634285,3.055517,0.7245941,4.600835,2.919879,0.8256265,4.892357,102307.22,305.8049,103016.56,0.0041058934,0.0007213034,0.0059127808,287.45822,0.84045917,289.53003,102319.766,305.87628,103029.0,291.92178,1.3018004,295.5183,3.75,0.0,3.75,51.25,0.0,51.25,7.043387,3.1896307,15.648798,3.0749686,0.7159486,4.600835,2.9765937,0.75860065,4.892357,286.1357505612257,24.090755363400184,343.0208144187927,0.9411374063423787,0.11678017891659813,0.9999253011639467,0.034977406,0.024274666,0.10775038,0.035018325,0.02423754,0.10775038,0.03321072,0.02149698,0.09735406,0.033271115,0.021408264,0.09735406,0.09480933,0.083023116,0.38997915,61.65365158639303,59.79919577338727,306.64291273572616,35.71042055536218,306.64291273572616,61.65365158639303,51.33621206,3.81981192,51.25,3.75
132,255,255.0,0.0,255,1.8469707587870157,0.23707765140318468,2.2572131156921387,5.640155303768996,0.21124588279669293,5.956775665283203,0.02193979083037958,0.0011907107000738847,0.025223970413208008,291.6966761147104,0.9119646663774045,293.3779296875,3.5,0.0,3.5,51.75,0.0,51.75,0.1184430843176955,0.0,0.11844308431769549,5.0885344,1.208011,7.8532763,4.1222506,1.2676294,7.259056,102271.43,297.2339,102987.81,0.0048267785,0.0009349376,0.0069122314,287.3755,0.80956703,289.35425,102260.875,297.07336,102977.0,291.12018,0.9917062,293.28198,3.5,0.0,3.5,51.75,0.0,51.75,15.844003,7.6145473,36.211697,5.14049,1.2090452,7.8532763,4.304069,1.0872664,7.259056,268.49339651916085,29.11575126872865,331.7970978617668,0.9566762019554015,0.0896844937854,0.9999993760765606,0.12246089,0.08401298,0.37674662,0.124864124,0.08297909,0.37674662,0.108067155,0.080752894,0.31963637,0.108782165,0.07997756,0.31963637,0.48985234,0.44100344,2.0882246,77.65437214548994,65.56060359314924,306.0250778447985,43.52867580388384,306.0250778447985,77.65437214548994,51.76762642,3.61712418,51.75,3.5
133,259,259.0,0.0,259,1.8469707587870157,0.23707765140318468,2.2572131156921387,5.640155303768996,0.21124588279669293,5.956775665283203,0.02193979083037958,0.0011907107000738847,0.025223970413208008,291.6966761147104,0.9119646663774045,293.3779296875,3.5,0.0,3.5,51.75,0.0,51.75,0.10879244791835159,0.0,0.10879244791835159,5.0885344,1.208011,7.8532763,4.1222506,1.2676294,7.259056,102271.43,297.2339,102987.81,0.0048267785,0.0009349376,0.0069122314,287.3755,0.80956703,289.35425,102260.875,297.07336,102977.0,291.12018,0.9917062,293.28198,3.5,0.0,3.5,51.75,0.0,51.75,15.844003,7.6145473,36.211697,5.14049,1.2090452,7.8532763,4.304069,1.0872664,7.259056,268.49339651916085,29.11575126872865,331.7970978617668,0.9566762019554015,0.0896844937854,0.9999993760765606,0.12246089,0.08401298,0.37674662,0.124864124,0.08297909,0.37674662,0.108067155,0.080752894,0.31963637,0.108782165,0.07997756,0.31963637,0.48985234,0.44100344,2.0882246,77.65437214548994,65.56060359314924,306.0250778447985,43.52867580388384,306.0250778447985,77.65437214548994,51.64286987,3.4810545,51.75,3.5
134,260,260.0,0.0,260,1.150261813547553,0.15474911677403086,1.4313277006149292,5.147390598204078,0.19579057008052433,5.492646217346191,0.008971243369870069,0.00161601008010682,0.01510167121887207,291.964629382622,0.9877794872125725,293.921630859375,4.0,0.0,4.0,51.5,0.0,51.5,0.10489919862406133,0.0,0.10489919862406133,3.407027,0.8249587,5.2600145,3.1017754,0.8999945,5.2527084,102289.36,303.30606,103003.81,0.0040811677,0.00063194946,0.0060691833,287.21207,0.76605487,288.9558,102258.59,302.90173,102972.0,291.90173,1.344709,295.8015,4.0,0.0,4.0,51.5,0.0,51.5,8.259635,3.8184977,18.996887,3.43628,0.81432724,5.2600145,3.1706972,0.8215318,5.2527084,281.73736411187707,25.505918227025916,342.20369935035706,0.9335300808617059,0.09668805612460984,0.9999184701219579,0.045538336,0.032180045,0.13724703,0.045724872,0.03201906,0.13724703,0.041348353,0.027978461,0.12713481,0.04141644,0.027882352,0.12713481,0.13129663,0.11881106,0.5747041,64.15649879269483,60.45358180639741,306.64291273572616,35.71042055536218,306.64291273572616,64.15649879269483,51.39842692,4.02620594,51.5,4.0
135,264,264.0,0.0,264,1.310232259878298,0.1841841535657714,1.6326216459274292,5.3534938998338655,0.21032663082231742,5.673572540283203,0.011031325270489948,0.001777240644606256,0.01789402961730957,291.964629382622,0.9877794872125725,293.921630859375,4.25,0.0,4.25,51.5,0.0,51.5,0.14880358841903352,0.0,0.14880358841903352,3.1581135,0.77037495,4.8654833,2.9934366,0.8272974,4.979759,102289.83,304.1841,103004.06,0.0041505536,0.0006224833,0.0061531067,287.16534,0.7846708,288.8855,102249.43,303.59494,102962.0,291.96838,1.4039074,296.0359,4.25,0.0,4.25,51.5,0.0,51.5,7.53067,3.4188213,17.077585,3.1867113,0.76074,4.8654833,3.0377064,0.7715022,4.979759,281.7523258939022,25.733859670178223,341.601885676384,0.9505601756996964,0.10341140009318124,0.9999961066490397,0.0388957,0.027172416,0.11516715,0.038964793,0.027111758,0.11516715,0.036413763,0.023322284,0.11005398,0.036474258,0.023231227,0.11005398,0.10847194,0.09579331,0.46444294,60.32246947870022,59.56947604856162,301.9115561599935,35.646531511231096,301.9115561599935,60.32246947870022,51.37786806,4.16499237,51.5,4.25
136,265,265.0,0.0,265,1.150261813547553,0.15474911677403086,1.4313277006149292,5.147390598204078,0.19579057008052433,5.492646217346191,0.008971243369870069,0.00161601008010682,0.01510167121887207,292.0113614710366,0.9586705288184161,293.873046875,3.5,0.0,3.5,51.5,0.0,51.5,0.17284943206901113,0.0,0.17284943206901113,4.176106,0.98864406,6.436284,3.5595658,1.0804535,6.155052,102288.37,301.4283,103001.81,0.0045307204,0.00081851444,0.006788254,287.40222,0.78890264,289.34253,102270.98,301.2154,102984.0,291.5607,1.1531557,294.68628,3.5,0.0,3.5,51.5,0.0,51.5,11.239807,5.3131733,25.820715,4.2144375,0.98002267,6.436284,3.694688,0.94366354,6.155052,275.08732969004933,27.35611250212931,339.78569984436035,0.9631527855707464,0.05188836343913825,0.9999530644949374,0.073356554,0.051830385,0.2235901,0.07425466,0.051246066,0.2235901,0.06461949,0.04736214,0.19623351,0.06497696,0.04697813,0.19623351,0.24504521,0.2232835,1.0617347,72.62219638359255,63.29241288994737,306.64291273572616,35.71042055536218,306.64291273572616,72.62219638359255,51.37929817,3.37627452,51.5,3.5
137,266,266.0,0.0,266,1.150261813547553,0.15474911677403086,1.4313277006149292,5.147390598204078,0.19579057008052433,5.492646217346191,0.008971243369870069,0.00161601008010682,0.01510167121887207,292.0113614710366,0.9586705288184161,293.873046875,3.5,0.0,3.5,51.5,0.0,51.5,0.06368912664475611,0.0,0.06368912664475611,4.176106,0.98864406,6.436284,3.5595658,1.0804535,6.155052,102288.37,301.4283,103001.81,0.0045307204,0.00081851444,0.006788254,287.40222,0.78890264,289.34253,102270.98,301.2154,102984.0,291.5607,1.1531557,294.68628,3.5,0.0,3.5,51.5,0.0,51.5,11.239807,5.3131733,25.820715,4.2144375,0.98002267,6.436284,3.694688,0.94366354,6.155052,275.08732969004933,27.35611250212931,339.78569984436035,0.9631527855707464,0.05188836343913825,0.9999530644949374,0.073356554,0.051830385,0.2235901,0.07425466,0.051246066,0.2235901,0.06461949,0.04736214,0.19623351,0.06497696,0.04697813,0.19623351,0.24504521,0.2232835,1.0617347,72.62219638359255,63.29241288994737,306.64291273572616,35.71042055536218,306.64291273572616,72.62219638359255,51.52144786,3.44003089,51.5,3.5
138,269,269.0,0.0,269,1.150261813547553,0.15474911677403086,1.4313277006149292,5.147390598204078,0.19579057008052433,5.492646217346191,0.008971243369870069,0.00161601008010682,0.01510167121887207,291.964629382622,0.9877794872125725,293.921630859375,4.0,0.0,4.0,51.5,0.0,51.5,0.09559575706711947,0.0,0.09559575706711947,3.407027,0.8249587,5.2600145,3.1017754,0.8999945,5.2527084,102289.36,303.30606,103003.81,0.0040811677,0.00063194946,0.0060691833,287.21207,0.76605487,288.9558,102258.59,302.90173,102972.0,291.90173,1.344709,295.8015,4.0,0.0,4.0,51.5,0.0,51.5,8.259635,3.8184977,18.996887,3.43628,0.81432724,5.2600145,3.1706972,0.8215318,5.2527084,281.73736411187707,25.505918227025916,342.20369935035706,0.9335300808617059,0.09668805612460984,0.9999184701219579,0.045538336,0.032180045,0.13724703,0.045724872,0.03201906,0.13724703,0.041348353,0.027978461,0.12713481,0.04141644,0.027882352,0.12713481,0.13129663,0.11881106,0.5747041,64.15649879269483,60.45358180639741,306.64291273572616,35.71042055536218,306.64291273572616,64.15649879269483,51.59540662,4.00601046,51.5,4.0
139,270,270.0,0.0,270,1.150261813547553,0.15474911677403086,1.4313277006149292,5.147390598204078,0.19579057008052433,5.492646217346191,0.008971243369870069,0.00161601008010682,0.01510167121887207,291.964629382622,0.9877794872125725,293.921630859375,4.0,0.0,4.0,51.5,0.0,51.5,0.07538187119111595,0.0,0.07538187119111595,3.407027,0.8249587,5.2600145,3.1017754,0.8999945,5.2527084,102289.36,303.30606,103003.81,0.0040811677,0.00063194946,0.0060691833,287.21207,0.76605487,288.9558,102258.59,302.90173,102972.0,291.90173,1.344709,295.8015,4.0,0.0,4.0,51.5,0.0,51.5,8.259635,3.8184977,18.996887,3.43628,0.81432724,5.2600145,3.1706972,0.8215318,5.2527084,281.73736411187707,25.505918227025916,342.20369935035706,0.9335300808617059,0.09668805612460984,0.9999184701219579,0.045538336,0.032180045,0.13724703,0.045724872,0.03201906,0.13724703,0.041348353,0.027978461,0.12713481,0.04141644,0.027882352,0.12713481,0.13129663,0.11881106,0.5747041,64.15649879269483,60.45358180639741,306.64291273572616,35.71042055536218,306.64291273572616,64.15649879269483,51.50615366,4.07513028,51.5,4.0
140,271,271.0,0.0,271,1.310232259878298,0.1841841535657714,1.6326216459274292,5.3534938998338655,0.21032663082231742,5.673572540283203,0.011031325270489948,0.001777240644606256,0.01789402961730957,291.8281071360518,0.9445022505831643,293.5693359375,4.25,0.0,4.25,52.0,0.0,52.0,0.0979097887882019,0.0,0.09790978878820189,3.930487,1.0037533,6.300542,3.2868707,1.0071778,5.710228,102255.33,298.87015,102976.56,0.0044040913,0.0007258458,0.0062656403,287.1771,0.81459934,288.9734,102261.91,298.93716,102984.0,291.3748,1.1945752,294.68823,4.25,0.0,4.25,52.0,0.0,52.0,9.870749,4.789932,23.64068,3.981609,0.9842879,6.300542,3.4023314,0.89123845,5.710228,272.8618354971816,28.41372910582539,335.8578271865845,0.9487748718090254,0.0842655908297566,0.9999997594653346,0.06192656,0.045247108,0.19869576,0.062640205,0.04472119,0.19869576,0.052700207,0.038985934,0.16863595,0.05277476,0.03889199,0.16863595,0.19080624,0.18261021,0.89001924,69.89068682600812,62.68813598691389,301.9115561599935,35.646531511231096,301.9115561599935,69.89068682600812,51.95823879,4.16144308,52.0,4.25
141,272,272.0,0.0,272,1.150261813547553,0.15474911677403086,1.4313277006149292,5.147390598204078,0.19579057008052433,5.492646217346191,0.008971243369870069,0.00161601008010682,0.01510167121887207,291.964629382622,0.9877794872125725,293.921630859375,4.25,0.0,4.25,51.25,0.0,51.25,0.09211264998346662,0.0,0.09211264998346662,3.0550382,0.72159606,4.591069,2.9825256,0.79007965,4.8933334,102306.57,306.98453,103014.94,0.0040720263,0.00063461077,0.005548477,287.41843,0.8526826,289.36792,102240.04,306.14197,102946.0,292.02872,1.3432853,295.68628,4.25,0.0,4.25,51.25,0.0,51.25,7.44483,3.249901,16.05955,3.0709887,0.7150037,4.591069,3.0150883,0.7414175,4.8933334,285.97367222716167,22.438112120578467,343.1057143211365,0.9389641371010495,0.09684888467724277,0.9999952671695534,0.037227638,0.024790203,0.10740348,0.037227638,0.024790203,0.10740348,0.036022775,0.021886522,0.10249438,0.03608084,0.021794684,0.10249438,0.104674615,0.08684891,0.4107203,59.05802140584806,58.01737404013548,306.64291273572616,35.71042055536218,306.64291273572616,59.05802140584806,51.34208224,4.24763328,51.25,4.25
142,273,273.0,0.0,273,1.8469707587870157,0.23707765140318468,2.2572131156921387,5.640155303768996,0.21124588279669293,5.956775665283203,0.02193979083037958,0.0011907107000738847,0.025223970413208008,291.964629382622,0.9877794872125725,293.921630859375,3.75,0.0,3.75,51.75,0.0,51.75,0.07935956711333085,0.0,0.07935956711333085,4.692253,1.1250434,7.3347216,3.872609,1.1975919,6.7390366,102271.8,298.75385,102989.19,0.0050981566,0.0009803965,0.0076007843,287.44418,0.82148427,289.36987,102271.336,298.7414,102989.0,291.29782,1.0822718,293.86597,3.75,0.0,3.75,51.75,0.0,51.75,13.638613,6.534517,31.682512,4.7440896,1.117817,7.3347216,4.0459924,1.0352725,6.7390366,266.8444566377779,26.587929682640407,320.2956848144531,0.9426791791878742,0.10895199268165247,0.9999742884124816,0.09896824,0.06961757,0.3073787,0.10067035,0.06871885,0.3073787,0.08646757,0.06391302,0.262388,0.08697011,0.06338101,0.262388,0.36256477,0.3314657,1.5985222,78.11497441733756,64.20348913682885,306.0250778447985,43.52867580388384,306.0250778447985,78.11497441733756,51.72154375,3.67591773,51.75,3.75
143,277,277.0,0.0,277,1.150261813547553,0.15474911677403086,1.4313277006149292,5.147390598204078,0.19579057008052433,5.492646217346191,0.008971243369870069,0.00161601008010682,0.01510167121887207,292.0113614710366,0.9586705288184161,293.873046875,3.5,0.0,3.5,51.5,0.0,51.5,0.08775056357292674,0.0,0.08775056357292674,4.176106,0.98864406,6.436284,3.5595658,1.0804535,6.155052,102288.37,301.4283,103001.81,0.0045307204,0.00081851444,0.006788254,287.40222,0.78890264,289.34253,102270.98,301.2154,102984.0,291.5607,1.1531557,294.68628,3.5,0.0,3.5,51.5,0.0,51.5,11.239807,5.3131733,25.820715,4.2144375,0.98002267,6.436284,3.694688,0.94366354,6.155052,275.08732969004933,27.35611250212931,339.78569984436035,0.9631527855707464,0.05188836343913825,0.9999530644949374,0.073356554,0.051830385,0.2235901,0.07425466,0.051246066,0.2235901,0.06461949,0.04736214,0.19623351,0.06497696,0.04697813,0.19623351,0.24504521,0.2232835,1.0617347,72.62219638359255,63.29241288994737,306.64291273572616,35.71042055536218,306.64291273572616,72.62219638359255,51.58282787,3.47102233,51.5,3.5
144,326,326.0,0.0,326,1.2703040751015269,0.15084754773768927,1.5826845169067383,5.019086372561571,0.15020477445193137,5.366416931152344,0.021720438468747022,0.0017803882604248433,0.025360822677612305,291.1826290967988,0.7968731000377123,292.580078125,2.25,0.0,2.25,51.0,0.0,51.0,0.12607684284201315,0.0,0.12607684284201315,3.6702547,0.8339263,5.4471817,3.0525439,0.85709,5.1941147,102320.48,305.66174,103020.44,0.0037059784,0.00059371215,0.005680084,287.11078,0.81075895,289.3777,102247.74,304.91617,102946.0,291.64554,1.1738067,294.698,2.25,0.0,2.25,51.0,0.0,51.0,8.951923,4.18088,19.805649,3.6722264,0.8348926,5.4471817,3.1240485,0.76845866,5.1941147,278.54350434280025,26.899970752271116,341.4627809524536,0.9621325851032703,0.07277599310047661,0.9999872173346952,0.052828964,0.035924435,0.16163324,0.05305086,0.035696045,0.16163324,0.044475447,0.032540232,0.13219316,0.04451779,0.03249671,0.13219316,0.15477563,0.14238282,0.62468,66.58827442076148,57.29519727648206,309.9845441583082,50.90426385633175,309.9845441583082,66.58827442076148,51.048199,2.3664999,51.0,2.25
145,327,327.0,0.0,327,1.1523504882324032,0.14789853431895594,1.4637880325317383,4.86141697953387,0.13724259719531906,5.147713661193848,0.016751726952994744,0.001129248422355711,0.018592894077301025,290.6876429115854,0.7497906789653295,292.0087890625,1.25,0.0,1.25,51.0,0.0,51.0,0.13440064050074052,0.0,0.13440064050074052,5.1895013,1.1364903,7.312416,4.1529584,1.1762698,7.4846735,102320.22,302.5312,103014.19,0.005363441,0.0010758238,0.00868988,287.35632,0.808132,289.26245,102221.99,301.62955,102914.0,290.46783,0.78487444,291.88574,1.25,0.0,1.25,51.0,0.0,51.0,18.231104,8.8759575,40.006405,5.211528,1.1611533,7.312416,4.1872973,1.1398946,7.4846735,220.53353356152047,17.8154856844028,288.3465347290039,0.9640352234879834,0.05954106432636867,0.9999941136260437,0.14840823,0.09670443,0.42350614,0.15044637,0.097215444,0.42350614,0.12907565,0.10401574,0.44434857,0.12929247,0.10380034,0.44434857,0.6517055,0.61522853,2.5488162,69.35170308555045,63.39697348938135,274.0430884768788,72.97204618097152,274.0430884768788,69.35170308555045,51.116699,1.3166699,51.0,1.25
146,328,328.0,0.0,328,0.3650606928802118,0.07076888374195045,0.5742297768592834,2.711794225181021,0.16149267856351804,3.1733484268188477,0.020048400250876824,0.002564977247559815,0.026516616344451904,290.9353980087652,0.7162906613343087,292.45361328125,-3.25,0.0,-3.25,51.25,0.0,51.25,0.12132857194416405,0.0,0.12132857194416403,5.0541544,1.0160851,7.315342,2.7340333,0.898481,5.7898493,102341.586,298.8203,103097.0,0.005515587,0.00097030913,0.008008957,286.6839,0.8259555,288.8308,101855.68,294.73773,102601.56,290.10654,0.9563243,292.47876,-3.25,0.0,-3.25,51.25,0.0,51.25,10.401108,5.577524,25.08034,5.1233783,1.009309,7.315342,2.7891977,0.8608039,5.7898493,207.69987920435463,21.02787697185397,257.8294868469238,0.941620755172714,0.10746169271382827,0.9999892861609332,0.075875245,0.05539598,0.23897648,0.0791076,0.058191106,0.23897648,0.047092002,0.044478312,0.19298828,0.047985803,0.044416644,0.19298828,0.22061394,0.2368601,1.0017198,80.35634985202697,56.29964254629652,258.4728569828421,63.6159687981033,258.4728569828421,80.35634985202697,51.216702,-3.1333301,51.25,-3.25
147,329,329.0,0.0,329,1.8800666361320308,0.31230452927286567,2.7835803031921387,8.418964502288073,0.5000355366095304,9.825154304504395,0.014156776230509689,0.003664039827395498,0.025750160217285156,290.3561356707317,0.7364359182779223,291.800048828125,-4.0,0.0,-4.0,51.25,0.0,51.25,0.12132876426474562,0.0,0.12132876426474562,5.6243753,1.1870413,8.426182,3.4250674,1.0167936,7.0891657,102344.875,295.3582,103106.25,0.0064107617,0.0012436332,0.010009766,286.60834,0.8208796,288.63354,101685.234,290.09985,102434.56,289.5767,0.8518568,291.86548,-4.0,0.0,-4.0,51.25,0.0,51.25,14.39167,7.537162,33.86185,5.753215,1.2433561,8.718523,3.4592464,0.9890299,7.0891657,221.07157639086972,13.960611789038467,248.8721628189087,0.9207726008028446,0.15351616376685748,0.9999999067573411,0.11935047,0.08592422,0.37544337,0.12353962,0.08638243,0.37544337,0.080785565,0.074138895,0.3547041,0.08098263,0.073942214,0.3547041,0.4181003,0.44121236,1.8260001,71.50533150463569,59.15758300580095,254.51016111811117,15.182647511457143,254.51016111811117,71.50533150463569,51.216702,-4.1166701,51.25,-4.0
148,330,330.0,0.0,330,0.3650606928802118,0.07076888374195045,0.5742297768592834,2.711794225181021,0.16149267856351804,3.1733484268188477,0.020048400250876824,0.002564977247559815,0.026516616344451904,290.9353980087652,0.7162906613343087,292.45361328125,-3.0,0.0,-3.0,51.5,0.0,51.5,0.051536957622759026,0.0,0.051536957622759026,3.7520638,0.7896714,5.351967,2.5387769,0.77772725,5.0593805,102328.41,299.10138,103090.625,0.0046804007,0.0008734215,0.0069293976,286.2147,0.7805784,288.5769,101590.875,291.8886,102338.56,290.4373,1.2546409,293.29517,-3.0,0.0,-3.0,51.5,0.0,51.5,8.072324,4.080137,19.105536,3.7864056,0.77724224,5.351967,2.5654132,0.75465244,5.0593805,205.6751800630151,17.09861367347871,248.78662872314453,0.949164236910152,0.09355883057665924,0.9999776015505727,0.046628684,0.03362253,0.14371684,0.04776991,0.03451634,0.14371684,0.034725804,0.029353363,0.12306338,0.035390317,0.029595643,0.12306338,0.12963569,0.13240908,0.58129674,75.58883387867998,57.69663500176615,258.4728569828421,63.6159687981033,258.4728569828421,75.58883387867998,51.549599,-2.9860001,51.5,-3.0
149,331,331.0,0.0,331,1.8800666361320308,0.31230452927286567,2.7835803031921387,8.418964502288073,0.5000355366095304,9.825154304504395,0.014156776230509689,0.003664039827395498,0.025750160217285156,290.3561356707317,0.7364359182779223,291.800048828125,-4.0,0.0,-4.0,51.5,0.0,51.5,0.07449497435398139,0.0,0.07449497435398139,4.9700766,1.0965612,7.404209,3.1282833,0.9319635,6.528619,102333.57,295.0691,103101.75,0.007087591,0.0012487912,0.01074028,286.5033,0.76857686,288.489,101723.125,289.90686,102480.56,289.6864,0.9893727,292.20142,-4.0,0.0,-4.0,51.5,0.0,51.5,11.8668995,6.2772593,28.435335,5.0842085,1.1274185,7.404209,3.157511,0.90803677,6.528619,221.8072789674852,15.220403357281839,254.5253118276596,0.9627673194105453,0.05357596893633344,0.9999996482838758,0.08846058,0.06481943,0.2849185,0.091312416,0.065197416,0.2849185,0.0611168,0.056735303,0.27003834,0.061235394,0.056619227,0.27003834,0.28548145,0.30536133,1.287645,68.80615453022283,59.029617367950436,254.51016111811117,15.182647511457143,254.51016111811117,68.80615453022283,51.569698,-3.9737,51.5,-4.0
150,332,332.0,0.0,332,0.9058279511405201,0.11698539147904348,1.2395172119140625,4.187284911551127,0.20191445167676036,4.918377876281738,0.023749652432232368,0.0022449698358746723,0.027956843376159668,290.703857421875,1.3388638574960767,294.07861328125,0.75,0.0,0.75,51.5,0.0,51.5,0.04999899999999968,0.0,0.04999899999999968,4.078759,0.9337758,5.854253,3.14468,0.9178069,5.7263727,102300.43,295.076,103011.44,0.0039174384,0.0005486255,0.0050201416,286.81647,0.82878965,288.87378,101997.63,291.63388,102702.0,290.89883,0.9715537,293.14233,0.75,0.0,0.75,51.5,0.0,51.5,10.684366,5.2932096,26.449936,4.091354,0.9478962,5.854253,3.1761284,0.88798785,5.7263727,216.5013378422435,25.40735201016668,279.36932373046875,0.964581861701244,0.06665269328032673,0.9999900767430884,0.069356225,0.048088066,0.22927932,0.07036229,0.048294377,0.22927932,0.0567694,0.046499167,0.20467643,0.056850597,0.04640683,0.20467643,0.22532344,0.22733206,1.1141117,67.18936278180378,62.77347612627349,178.15496765335226,97.71189898500981,178.15496765335226,67.18936278180378,51.450001,0.75,51.5,0.75
151,333,333.0,0.0,333,0.9058279511405201,0.11698539147904348,1.2395172119140625,4.187284911551127,0.20191445167676036,4.918377876281738,0.023749652432232368,0.0022449698358746723,0.027956843376159668,291.1320383955793,0.9818733441966304,293.27392578125,1.0,0.0,1.0,51.5,0.0,51.5,0.1651713791462974,0.0,0.1651713791462974,4.5706763,1.0441087,6.5568895,3.5436063,1.025443,6.4021225,102297.72,294.632,103007.31,0.003922602,0.0005667413,0.005142212,287.00372,0.8314731,289.07104,102080.07,292.16458,102785.0,290.88184,0.9048772,292.7693,1.0,0.0,1.0,51.5,0.0,51.5,13.257391,6.4981456,32.465755,4.589062,1.0663925,6.5568895,3.5749273,0.994888,6.4021225,216.2717058135242,25.284450625565018,278.78722381591797,0.9404347985572534,0.11150413207293108,0.9999977766904111,0.095192105,0.064894326,0.31164527,0.09688731,0.065156795,0.31164527,0.07889434,0.06388197,0.27846774,0.079002686,0.06375536,0.27846774,0.34549993,0.34011555,1.6785352,66.14233605454608,65.36909373025013,178.15496765335226,97.71189898500981,178.15496765335226,66.14233605454608,51.381985,1.1155597,51.5,1.0
152,334,334.0,0.0,334,0.3650606928802118,0.07076888374195045,0.5742297768592834,2.711794225181021,0.16149267856351804,3.1733484268188477,0.020048400250876824,0.002564977247559815,0.026516616344451904,290.9353980087652,0.7162906613343087,292.45361328125,-2.75,0.0,-2.75,51.5,0.0,51.5,0.03924736680339162,0.0,0.03924736680339162,3.3008344,0.7040731,4.7606583,2.5614479,0.72429454,4.9119196,102328.805,299.72012,103088.25,0.0043634553,0.00085306424,0.0069446564,286.12112,0.7897878,288.5515,101403.31,290.4717,102144.56,290.42642,1.3215573,293.42188,-2.75,0.0,-2.75,51.5,0.0,51.5,7.2115383,3.5777397,17.130852,3.3318894,0.6873672,4.7606583,2.5769336,0.7105199,4.9119196,209.95187773355624,17.095425605127076,258.3095054626465,0.9703443698105192,0.05902431492313721,0.9999978159986425,0.03741816,0.0269894,0.116287984,0.038091667,0.027410321,0.116287984,0.031117128,0.025361951,0.10963796,0.031488717,0.025472753,0.10963796,0.10270718,0.104119696,0.46734476,68.9603329170041,58.44329059225681,258.4728569828421,63.6159687981033,258.4728569828421,68.9603329170041,51.507099,-2.7114,51.5,-2.75
153,335,335.0,0.0,335,1.5040734104993867,0.16419767133949636,1.8667101860046387,4.992282402224657,0.1693440543861918,5.394004821777344,0.029308384511528944,0.001910186058598945,0.03298461437225342,291.5118854801829,0.8362605948964256,293.239990234375,1.25,0.0,1.25,52.0,0.0,52.0,0.10539808728814844,0.0,0.10539808728814842,4.301085,0.9595008,6.222905,3.3999732,0.9429875,6.210228,102269.555,288.42633,102993.19,0.003613286,0.00049725664,0.004634857,286.77063,0.8459107,288.948,102021.34,285.84546,102739.0,290.83975,0.90669364,292.82886,1.25,0.0,1.25,52.0,0.0,52.0,11.811671,5.659802,28.870014,4.305531,0.9622244,6.222905,3.4169579,0.92635524,6.210228,255.07851172656547,32.6015157184353,325.9965705871582,0.9439067732110618,0.09200388393963273,0.9999978876849602,0.07991863,0.053417373,0.26204333,0.08067708,0.05322403,0.26204333,0.06706147,0.053280234,0.2328771,0.06709719,0.053237855,0.2328771,0.27194744,0.26594594,1.3273133,62.71763108416302,60.67489133790039,219.22267717205503,91.26343820528258,219.22267717205503,62.71763108416302,51.966702,1.35,52.0,1.25
154,336,336.0,0.0,336,1.5040734104993867,0.16419767133949636,1.8667101860046387,4.992282402224657,0.1693440543861918,5.394004821777344,0.029308384511528944,0.001910186058598945,0.03298461437225342,291.5118854801829,0.8362605948964256,293.239990234375,1.25,0.0,1.25,52.0,0.0,52.0,0.06684160683294316,0.0,0.06684160683294316,4.301085,0.9595008,6.222905,3.3999732,0.9429875,6.210228,102269.555,288.42633,102993.19,0.003613286,0.00049725664,0.004634857,286.77063,0.8459107,288.948,102021.34,285.84546,102739.0,290.83975,0.90669364,292.82886,1.25,0.0,1.25,52.0,0.0,52.0,11.811671,5.659802,28.870014,4.305531,0.9622244,6.222905,3.4169579,0.92635524,6.210228,255.07851172656547,32.6015157184353,325.9965705871582,0.9439067732110618,0.09200388393963273,0.9999978876849602,0.07991863,0.053417373,0.26204333,0.08067708,0.05322403,0.26204333,0.06706147,0.053280234,0.2328771,0.06709719,0.053237855,0.2328771,0.27194744,0.26594594,1.3273133,62.71763108416302,60.67489133790039,219.22267717205503,91.26343820528258,219.22267717205503,62.71763108416302,51.948002,1.2920001,52.0,1.25
155,337,337.0,0.0,337,1.1523504882324032,0.14789853431895594,1.4637880325317383,4.857175245517638,0.14124718684449075,5.147713661193848,0.017000518194059046,0.0015120407703415122,0.021509945392608643,290.8337878715701,0.7276356170271278,292.017578125,1.5,0.0,1.5,51.25,0.0,51.25,0.09444983973750291,0.0,0.09444983973750291,4.77157,1.0945266,6.8103075,3.9599278,1.1071815,7.055931,102306.125,298.82562,103007.69,0.0042507127,0.0007467304,0.0062236786,287.3051,0.81343913,289.33472,102161.875,297.33887,102860.0,290.71265,0.76274717,292.1753,1.5,0.0,1.5,51.25,0.0,51.25,15.557885,7.625262,35.651302,4.795232,1.1222954,6.8103075,4.014916,1.053494,7.055931,218.72077430166848,16.226593327638593,272.3651657104492,0.9381250042844006,0.08772824979674981,0.9999815101413949,0.11623148,0.077046305,0.35325733,0.117702566,0.07692146,0.35325733,0.10416933,0.08301219,0.34280846,0.10442585,0.08275437,0.34280846,0.47579798,0.45092404,2.024092,67.95781572853646,65.47019130130622,274.16227586969967,73.38804785883069,274.16227586969967,67.95781572853646,51.223793,1.4092588,51.25,1.5
156,338,338.0,0.0,338,0.3650606928802118,0.07076888374195045,0.5742297768592834,2.711794225181021,0.16149267856351804,3.1733484268188477,0.020048400250876824,0.002564977247559815,0.026516616344451904,290.9353980087652,0.7162906613343087,292.45361328125,-2.75,0.0,-2.75,51.5,0.0,51.5,0.02159999999999984,0.0,0.02159999999999984,3.3008344,0.7040731,4.7606583,2.5614479,0.72429454,4.9119196,102328.805,299.72012,103088.25,0.0043634553,0.00085306424,0.0069446564,286.12112,0.7897878,288.5515,101403.31,290.4717,102144.56,290.42642,1.3215573,293.42188,-2.75,0.0,-2.75,51.5,0.0,51.5,7.2115383,3.5777397,17.130852,3.3318894,0.6873672,4.7606583,2.5769336,0.7105199,4.9119196,209.95187773355624,17.095425605127076,258.3095054626465,0.9703443698105192,0.05902431492313721,0.9999978159986425,0.03741816,0.0269894,0.116287984,0.038091667,0.027410321,0.116287984,0.031117128,0.025361951,0.10963796,0.031488717,0.025472753,0.10963796,0.10270718,0.104119696,0.46734476,68.9603329170041,58.44329059225681,258.4728569828421,63.6159687981033,258.4728569828421,68.9603329170041,51.5,-2.7284,51.5,-2.75
157,339,339.0,0.0,339,0.3650606928802118,0.07076888374195045,0.5742297768592834,2.711794225181021,0.16149267856351804,3.1733484268188477,0.020048400250876824,0.002564977247559815,0.026516616344451904,290.9353980087652,0.7162906613343087,292.45361328125,-2.75,0.0,-2.75,51.5,0.0,51.5,0.086109960834329,0.0,0.086109960834329,3.3008344,0.7040731,4.7606583,2.5614479,0.72429454,4.9119196,102328.805,299.72012,103088.25,0.0043634553,0.00085306424,0.0069446564,286.12112,0.7897878,288.5515,101403.31,290.4717,102144.56,290.42642,1.3215573,293.42188,-2.75,0.0,-2.75,51.5,0.0,51.5,7.2115383,3.5777397,17.130852,3.3318894,0.6873672,4.7606583,2.5769336,0.7105199,4.9119196,209.95187773355624,17.095425605127076,258.3095054626465,0.9703443698105192,0.05902431492313721,0.9999978159986425,0.03741816,0.0269894,0.116287984,0.038091667,0.027410321,0.116287984,0.031117128,0.025361951,0.10963796,0.031488717,0.025472753,0.10963796,0.10270718,0.104119696,0.46734476,68.9603329170041,58.44329059225681,258.4728569828421,63.6159687981033,258.4728569828421,68.9603329170041,51.570122,-2.7000217,51.5,-2.75
158,342,342.0,0.0,342,1.150261813547553,0.15474911677403086,1.4313277006149292,5.147390598204078,0.19579057008052433,5.492646217346191,0.008971243369870069,0.00161601008010682,0.01510167121887207,292.0113614710366,0.9586705288184161,293.873046875,3.5,0.0,3.5,51.5,0.0,51.5,0.06382290060009747,0.0,0.06382290060009747,4.176106,0.98864406,6.436284,3.5595658,1.0804535,6.155052,102288.37,301.4283,103001.81,0.0045307204,0.00081851444,0.006788254,287.40222,0.78890264,289.34253,102270.98,301.2154,102984.0,291.5607,1.1531557,294.68628,3.5,0.0,3.5,51.5,0.0,51.5,11.239807,5.3131733,25.820715,4.2144375,0.98002267,6.436284,3.694688,0.94366354,6.155052,275.08732969004933,27.35611250212931,339.78569984436035,0.9631527855707464,0.05188836343913825,0.9999530644949374,0.073356554,0.051830385,0.2235901,0.07425466,0.051246066,0.2235901,0.06461949,0.04736214,0.19623351,0.06497696,0.04697813,0.19623351,0.24504521,0.2232835,1.0617347,72.62219638359255,63.29241288994737,306.64291273572616,35.71042055536218,306.64291273572616,72.62219638359255,51.522301,3.4402001,51.5,3.5
159,368,368.0,0.0,368,2.4480744338617093,0.36212496648147047,3.5439562797546387,7.5305374424632,0.4081443838060509,8.542000770568848,0.019665270316891553,0.002036154448977407,0.024620354175567627,288.3616437214177,0.7366965310636657,290.121337890625,-6.5,0.0,-6.5,52.25,0.0,52.25,0.09757796882493816,0.0,0.09757796882493816,5.6601872,1.183147,8.121494,4.600069,1.033375,7.7727594,102279.414,285.42535,103110.375,0.0055529666,0.0013198864,0.008775711,286.005,0.71321976,287.3523,102150.07,284.62247,102979.56,288.61258,0.71357673,290.6233,-6.5,0.0,-6.5,52.25,0.0,52.25,21.010555,9.40896,48.295425,5.6969814,1.221454,8.121494,4.600069,1.033375,7.7727594,192.3970062303834,9.134053569529268,208.2505760192871,0.9681027675441536,0.05592852212325876,0.9999856823961231,0.1866243,0.11923437,0.57618415,0.1866243,0.11923437,0.57618415,0.15658167,0.11042316,0.49581036,0.15658167,0.11042316,0.49581036,0.8405417,0.7804524,3.7144234,57.6071918766673,52.09274739498891,225.4115714657583,24.408056072630604,225.4115714657583,57.6071918766673,52.3385,-6.4589,52.25,-6.5
160,369,369.0,0.0,369,2.2067310839164547,0.32290134417289323,3.1788439750671387,7.342811165786371,0.39075871593765593,8.288094520568848,0.01785124075121996,0.0020083162074143973,0.021652519702911377,288.8032702934451,0.703402274285465,290.506103515625,-7.0,0.0,-7.0,52.25,0.0,52.25,0.10265165999632161,0.0,0.10265165999632161,4.448701,0.90765244,6.2967873,3.7416582,0.8608242,6.31231,102280.36,288.55823,103119.5,0.0053931912,0.0012014462,0.009012222,285.814,0.7212433,287.14526,101634.11,284.45154,102462.56,288.7353,0.80497354,290.7522,-7.0,0.0,-7.0,52.25,0.0,52.25,13.022482,5.9533954,30.888243,4.477849,0.93610495,6.2967873,3.7416582,0.8608242,6.31231,185.716424901311,8.599943748390343,201.53683638572693,0.9550838527065119,0.0916625628234443,0.9999985098186757,0.08931326,0.058892842,0.286775,0.08931326,0.058892842,0.286775,0.078561105,0.056577995,0.26061368,0.078561105,0.056577995,0.26061368,0.3251303,0.31217483,1.5193781,58.77867284635218,50.490281893689236,218.35420631575835,22.445851932210953,218.35420631575835,58.77867284635218,52.14767,-6.99188,52.25,-7.0
161,375,375.0,0.0,375,1.951843441986456,0.2784325286856094,2.770321846008301,6.6863557071220585,0.3863371588906152,7.668221473693848,0.018900916343782007,0.0018259691849511503,0.024941444396972656,288.3166682545732,0.746647940302246,289.761962890625,-6.25,0.0,-6.25,52.75,0.0,52.75,0.11290297569169765,0.0,0.11290297569169763,3.732926,0.743522,5.1927834,3.1736815,0.74042493,5.190728,102253.625,282.1999,103091.875,0.004952012,0.0010498818,0.0074386597,285.41205,0.6706356,286.96948,100818.09,272.31662,101630.56,288.7838,0.89627343,290.85767,-6.25,0.0,-6.25,52.75,0.0,52.75,9.252979,4.0423856,21.857677,3.748254,0.7544117,5.1927834,3.1736815,0.74042493,5.190728,183.428753803416,8.56591344496841,202.15103149414062,0.961411753235673,0.07015600898451216,0.9999951699962777,0.053012088,0.033984736,0.16552395,0.053012088,0.033984736,0.16552395,0.047551066,0.033026397,0.15999638,0.047551066,0.033026397,0.15999638,0.16173421,0.15138966,0.7608297,60.2925288502763,50.539955783041464,216.57809614774922,31.12137335674984,216.57809614774922,60.2925288502763,52.792,-6.1451998,52.75,-6.25
162,376,376.0,0.0,376,2.4480744338617093,0.36212496648147047,3.5439562797546387,7.5305374424632,0.4081443838060509,8.542000770568848,0.019665270316891553,0.002036154448977407,0.024620354175567627,288.3616437214177,0.7366965310636657,290.121337890625,-6.5,0.0,-6.5,52.25,0.0,52.25,0.097578875792869,0.0,0.09757887579286902,5.6601872,1.183147,8.121494,4.600069,1.033375,7.7727594,102279.414,285.42535,103110.375,0.0055529666,0.0013198864,0.008775711,286.005,0.71321976,287.3523,102150.07,284.62247,102979.56,288.61258,0.71357673,290.6233,-6.5,0.0,-6.5,52.25,0.0,52.25,21.010555,9.40896,48.295425,5.6969814,1.221454,8.121494,4.600069,1.033375,7.7727594,192.3970062303834,9.134053569529268,208.2505760192871,0.9681027675441536,0.05592852212325876,0.9999856823961231,0.1866243,0.11923437,0.57618415,0.1866243,0.11923437,0.57618415,0.15658167,0.11042316,0.49581036,0.15658167,0.11042316,0.49581036,0.8405417,0.7804524,3.7144234,57.6071918766673,52.09274739498891,225.4115714657583,24.408056072630604,225.4115714657583,57.6071918766673,52.338501,-6.4589,52.25,-6.5
163,377,377.0,0.0,377,2.195339150545074,0.3159007135322043,2.7563586235046387,10.335118549626047,0.4709153749498981,11.663777351379395,0.0009850001916652772,0.0009814200779166545,0.0025989413261413574,289.0876226657774,0.7216039838403457,291.021728515625,-9.75,0.0,-9.75,52.25,0.0,52.25,0.11380017715346491,0.0,0.11380017715346491,2.9866397,0.6246794,4.277256,2.5628438,0.58419,3.970025,102275.22,303.91046,103151.75,0.006209792,0.0012781197,0.009479523,285.54462,0.71650094,287.4331,101205.35,297.46573,102062.56,288.47977,1.0275602,291.20337,-9.75,0.0,-9.75,52.25,0.0,52.25,5.344655,2.4136753,12.498573,3.0112486,0.6276504,4.277256,2.5791368,0.5732404,3.970025,258.5930575074219,14.033548039043088,283.9775848388672,0.9590951806338756,0.09294583643375616,0.9999999969509558,0.024138978,0.01698573,0.07349674,0.024138978,0.01698573,0.07349674,0.02082668,0.014009055,0.06737087,0.020868506,0.013974157,0.06737087,0.054541647,0.05275111,0.24877134,55.431156623654246,50.72785478551894,282.4575434897489,10.217544026652629,282.4575434897489,55.431156623654246,52.2696,-9.8620996,52.25,-9.75
164,382,382.0,0.0,382,1.9145761117702578,0.29475803442418774,2.7432971000671387,7.299013254119129,0.3870479565968745,8.166951179504395,0.012613837311907513,0.0012814039818518047,0.014305651187896729,288.5448206459604,0.49069200099440186,289.551025390625,-5.0,0.0,-5.0,52.0,0.0,52.0,0.02094955331265998,0.0,0.02094955331265998,4.9359903,1.1503719,7.6669044,4.0008016,1.0191758,7.421685,102305.195,287.5748,103106.875,0.005685411,0.0010399745,0.008037567,286.31683,0.68245476,287.81128,101791.56,283.60605,102583.56,288.91,0.78169525,291.2151,-5.0,0.0,-5.0,52.0,0.0,52.0,15.263268,7.3940105,36.545216,4.9675746,1.1462916,7.6669044,4.0313816,0.9974045,7.421685,217.43323913434656,12.917294540015044,240.53854846954346,0.9590860390597354,0.054149320635491396,0.9998211073740237,0.11456912,0.08080772,0.376977,0.11551301,0.0805274,0.376977,0.09713127,0.077707805,0.34100336,0.09720998,0.0776163,0.34100336,0.45594117,0.45195037,2.1268678,65.57210140693479,55.80505424470187,255.5527402560259,21.475243246910242,255.5527402560259,65.57210140693479,52.013222,-4.98375,52.0,-5.0
165,383,383.0,0.0,383,1.5926459736940337,0.1558252276340818,1.9306203126907349,5.56651327086658,0.17403487024678005,5.995567321777344,0.021689826395453478,0.0017133837521887741,0.025768935680389404,290.7954756573933,0.953425975906797,292.9580078125,1.75,0.0,1.75,52.5,0.0,52.5,0.026918160951295702,0.0,0.026918160951295705,4.961854,1.1297352,7.3225145,4.214083,1.1181026,7.5598373,102235.984,281.191,102963.19,0.0039564227,0.0005789116,0.0056858063,286.94904,0.9109923,289.33862,102169.65,280.4607,102895.0,290.26105,0.8525221,291.94482,1.75,0.0,1.75,52.5,0.0,52.5,16.300385,7.6701555,39.20866,5.019118,1.1581293,7.3225145,4.24945,1.0913507,7.5598373,271.90118120937814,34.3043528199947,351.0909676551819,0.952516060535365,0.06843586293747514,0.9999870164394042,0.12290739,0.08176599,0.4018294,0.12632309,0.08144129,0.4018294,0.11302461,0.08555927,0.38041988,0.11305838,0.08551741,0.38041988,0.5145351,0.47727242,2.4481804,57.215320563897855,67.55422095700067,225.96697165321473,80.20515884415964,225.96697165321473,57.215320563897855,52.473083,1.75025,52.5,1.75
166,384,384.0,0.0,384,1.3347395629417607,0.13264559715573776,1.6186671257019043,5.700738930120701,0.2420580730346939,6.166709899902344,0.020077123874571265,0.00298274815985092,0.02698451280593872,289.5415932259909,0.8110185794982584,291.24169921875,1.25,0.0,1.25,53.0,0.0,53.0,0.08364816768465563,0.0,0.08364816768465563,5.600219,1.2974535,8.421636,4.173739,1.1378535,7.3034897,102216.6,271.48773,102941.81,0.0038251411,0.00056136143,0.0056819916,286.57632,0.8429895,288.56128,102075.875,270.03275,102798.0,289.5773,0.76265126,290.77686,1.25,0.0,1.25,53.0,0.0,53.0,17.820726,8.545731,42.329277,5.669039,1.2915909,8.421636,4.2414412,1.0685385,7.3034897,274.2638503749196,25.329299890777943,318.58055877685547,0.9642934736239875,0.04405327249363,0.9998850821089615,0.15063737,0.10550407,0.47557977,0.15463054,0.10473392,0.47557977,0.121381015,0.090484485,0.4044437,0.12174926,0.09003318,0.4044437,0.6192063,0.5771916,2.85339,66.61481461873869,66.67640844994709,243.6138591891086,59.96073929781218,243.6138591891086,66.61481461873869,52.934194,1.301639,53.0,1.25
167,385,385.0,0.0,385,0.9537423776417244,0.15877857886639019,1.3809924125671387,5.698943789412335,0.3449914059221614,6.908574104309082,0.008315175044827344,0.0011448882430281436,0.012795448303222656,289.8599049637957,0.607534811192167,291.015869140625,-4.0,0.0,-4.0,52.75,0.0,52.75,0.05447922239716802,0.0,0.05447922239716803,3.2701921,0.77566093,4.9305763,2.796248,0.7039644,4.97149,102277.195,282.3591,103080.25,0.0075352136,0.0015339253,0.011079788,285.54813,0.7304313,287.04565,100025.875,263.01706,100785.56,288.71072,1.1631546,291.37305,-4.0,0.0,-4.0,52.75,0.0,52.75,7.548768,3.5376558,17.960339,3.3372014,0.76769185,4.9305763,2.796248,0.7039644,4.97149,227.05816216585112,15.451155564733611,290.4823884963989,0.9602084380427107,0.05326807606816921,0.9999460806171507,0.039227016,0.027753728,0.12437669,0.039766133,0.02752254,0.12437669,0.034286268,0.025989957,0.11813089,0.034286268,0.025989957,0.11813089,0.110190906,0.10794459,0.5136987,48.06705174795011,53.65222247563418,256.2346084377125,22.584511523508617,256.2346084377125,48.06705174795011,52.719333,-4.045028,52.75,-4.0
168,386,386.0,0.0,386,1.7461134573308432,0.23577802151984056,2.1607775688171387,5.724944649673089,0.2374239610577078,6.098138809204102,0.014506797964979962,0.0021978249758879036,0.02280735969543457,291.6136563929116,1.030401923096648,293.678466796875,4.75,0.0,4.75,53.0,0.0,53.0,0.03599338201669894,0.0,0.03599338201669894,5.8950186,1.4923913,9.507085,4.434085,1.3461502,7.86306,102188.89,285.56665,102900.56,0.0052754474,0.0011121146,0.0073394775,287.38257,1.0301166,289.67065,102209.72,285.77017,102921.0,290.7377,1.0700927,292.89355,4.75,0.0,4.75,53.0,0.0,53.0,19.36151,9.639884,47.26914,6.0329356,1.5014744,9.507085,4.622882,1.1675901,7.86306,263.5421096555344,29.138861649851115,311.5256576538086,0.9662380153792873,0.04241996742203804,0.9999976949770293,0.16950694,0.12170833,0.5945578,0.1751944,0.12166946,0.5945578,0.1408302,0.10783591,0.4505032,0.14142649,0.107246846,0.4505032,0.7413547,0.7077932,3.5582364,80.65604475067883,66.80222466526943,301.6653731164336,42.074130318243746,301.6653731164336,80.65604475067883,52.964357,4.74499,53.0,4.75
169,387,387.0,0.0,387,1.745322625811507,0.23725347536366065,2.1607775688171387,5.724944649673089,0.2374239610577078,6.098138809204102,0.014506797964979962,0.0021978249758879036,0.02280735969543457,291.8118926257622,1.0861881050944386,294.243896484375,5.0,0.0,5.0,53.0,0.0,53.0,0.08225844297700044,0.0,0.08225844297700044,5.745798,1.4573833,9.37769,4.381122,1.3457625,7.726269,102188.59,286.5859,102897.94,0.0053493455,0.001080071,0.007902145,287.42258,1.0384228,289.7273,102199.55,286.70908,102909.0,290.86343,1.1171092,293.2041,5.0,0.0,5.0,53.0,0.0,53.0,18.484385,9.086113,44.87774,5.892016,1.4678364,9.37769,4.5888944,1.1536583,7.726269,261.15164085713826,29.161650812816607,311.2822403907776,0.9307095788277358,0.09057510344103162,0.9999741706487231,0.15868057,0.11359361,0.5484959,0.16451097,0.11346679,0.5484959,0.13214822,0.09852107,0.41790584,0.13302548,0.09765842,0.41790584,0.6723795,0.6366138,3.2073133,80.71820021838677,67.04759589270206,301.65345495819975,42.07523715607768,301.65345495819975,80.71820021838677,52.931535,5.045596,53.0,5.0
170,391,391.0,0.0,391,1.9443113716637217,0.2606091305824299,2.4356799125671387,5.850748806464963,0.2261473113113962,6.189685821533203,0.019885595251874225,0.0013798034525493597,0.02320408821105957,291.7811368616616,0.9740774397818663,293.5712890625,4.5,0.0,4.5,52.5,0.0,52.5,0.06652155784405644,0.0,0.06652155784405644,5.274552,1.3214316,8.480718,4.0987525,1.288517,7.2160873,102219.875,295.15692,102942.44,0.0058681443,0.0013028377,0.009210587,287.49896,0.9496828,289.614,102212.32,295.16064,102935.0,290.91245,1.055584,292.99707,4.5,0.0,4.5,52.5,0.0,52.5,16.131279,7.984281,39.01598,5.374526,1.3098087,8.480718,4.2822294,1.120641,7.2160873,267.20967982455,35.45775196786236,355.1797137260437,0.9552937672690018,0.06457195160316914,0.9999985298636802,0.12978023,0.093301,0.4370495,0.13290489,0.09213495,0.4370495,0.10910422,0.08325648,0.34463215,0.10956377,0.08276858,0.34463215,0.51344126,0.48987058,2.424178,74.15344791877561,64.3763245500299,303.85852872934987,42.205362200889,303.85852872934987,74.15344791877561,52.462323,4.554823,52.5,4.5
171,392,392.0,0.0,392,1.9443113716637217,0.2606091305824299,2.4356799125671387,5.850748806464963,0.2261473113113962,6.189685821533203,0.019885595251874225,0.0013798034525493597,0.02320408821105957,291.7811368616616,0.9740774397818663,293.5712890625,4.5,0.0,4.5,52.5,0.0,52.5,0.11004649744994079,0.0,0.11004649744994079,5.274552,1.3214316,8.480718,4.0987525,1.288517,7.2160873,102219.875,295.15692,102942.44,0.0058681443,0.0013028377,0.009210587,287.49896,0.9496828,289.614,102212.32,295.16064,102935.0,290.91245,1.055584,292.99707,4.5,0.0,4.5,52.5,0.0,52.5,16.131279,7.984281,39.01598,5.374526,1.3098087,8.480718,4.2822294,1.120641,7.2160873,267.20967982455,35.45775196786236,355.1797137260437,0.9552937672690018,0.06457195160316914,0.9999985298636802,0.12978023,0.093301,0.4370495,0.13290489,0.09213495,0.4370495,0.10910422,0.08325648,0.34463215,0.10956377,0.08276858,0.34463215,0.51344126,0.48987058,2.424178,74.15344791877561,64.3763245500299,303.85852872934987,42.205362200889,303.85852872934987,74.15344791877561,52.467249,4.60506,52.5,4.5
172,398,398.0,0.0,398,1.7461134573308432,0.23577802151984056,2.1607775688171387,5.724944649673089,0.2374239610577078,6.098138809204102,0.014506797964979962,0.0021978249758879036,0.02280735969543457,291.6136563929116,1.030401923096648,293.678466796875,4.75,0.0,4.75,53.0,0.0,53.0,0.07826902685609433,0.0,0.07826902685609433,5.8950186,1.4923913,9.507085,4.434085,1.3461502,7.86306,102188.89,285.56665,102900.56,0.0052754474,0.0011121146,0.0073394775,287.38257,1.0301166,289.67065,102209.72,285.77017,102921.0,290.7377,1.0700927,292.89355,4.75,0.0,4.75,53.0,0.0,53.0,19.36151,9.639884,47.26914,6.0329356,1.5014744,9.507085,4.622882,1.1675901,7.86306,263.5421096555344,29.138861649851115,311.5256576538086,0.9662380153792873,0.04241996742203804,0.9999976949770293,0.16950694,0.12170833,0.5945578,0.1751944,0.12166946,0.5945578,0.1408302,0.10783591,0.4505032,0.14142649,0.107246846,0.4505032,0.7413547,0.7077932,3.5582364,80.65604475067883,66.80222466526943,301.6653731164336,42.074130318243746,301.6653731164336,80.65604475067883,52.934137,4.792286,53.0,4.75
173,400,400.0,0.0,400,1.7461134573308432,0.23577802151984056,2.1607775688171387,5.724944649673089,0.2374239610577078,6.098138809204102,0.014506797964979962,0.0021978249758879036,0.02280735969543457,291.6136563929116,1.030401923096648,293.678466796875,4.75,0.0,4.75,52.75,0.0,52.75,0.10282523256963826,0.0,0.10282523256963826,4.8779006,1.2589227,7.904546,3.7978516,1.1698226,6.7322006,102203.54,292.5231,102922.44,0.004617598,0.0008954512,0.0063991547,287.3405,0.9426242,289.448,102195.72,292.5277,102915.0,290.87296,1.11068,293.22925,4.75,0.0,4.75,52.75,0.0,52.75,14.003948,6.978535,34.37918,4.982401,1.2518508,7.904546,3.9527946,1.0171466,6.7322006,263.1717760504746,28.384870291231582,319.0819511413574,0.9507897602800035,0.0822464419017064,0.9999875409849701,0.10558205,0.07679051,0.36104944,0.10814522,0.0758606,0.36104944,0.087512925,0.06734187,0.2854163,0.087804385,0.06705985,0.2854163,0.38796917,0.37913373,1.8822205,79.07095992855909,64.96366181419886,301.6653731164336,42.074130318243746,301.6653731164336,79.07095992855909,52.772657,4.649702,52.75,4.75
174,401,401.0,0.0,401,1.310232259878298,0.1841841535657714,1.6326216459274292,5.3534938998338655,0.21032663082231742,5.673572540283203,0.011031325270489948,0.001777240644606256,0.01789402961730957,291.8281071360518,0.9445022505831643,293.5693359375,4.25,0.0,4.25,52.0,0.0,52.0,0.09995744123375574,0.0,0.09995744123375574,3.930487,1.0037533,6.300542,3.2868707,1.0071778,5.710228,102255.33,298.87015,102976.56,0.0044040913,0.0007258458,0.0062656403,287.1771,0.81459934,288.9734,102261.91,298.93716,102984.0,291.3748,1.1945752,294.68823,4.25,0.0,4.25,52.0,0.0,52.0,9.870749,4.789932,23.64068,3.981609,0.9842879,6.300542,3.4023314,0.89123845,5.710228,272.8618354971816,28.41372910582539,335.8578271865845,0.9487748718090254,0.0842655908297566,0.9999997594653346,0.06192656,0.045247108,0.19869576,0.062640205,0.04472119,0.19869576,0.052700207,0.038985934,0.16863595,0.05277476,0.03889199,0.16863595,0.19080624,0.18261021,0.89001924,69.89068682600812,62.68813598691389,301.9115561599935,35.646531511231096,301.9115561599935,69.89068682600812,52.099033,4.263563,52.0,4.25
175,403,403.0,0.0,403,1.310232259878298,0.1841841535657714,1.6326216459274292,5.3534938998338655,0.21032663082231742,5.673572540283203,0.011031325270489948,0.001777240644606256,0.01789402961730957,291.8281071360518,0.9445022505831643,293.5693359375,4.25,0.0,4.25,52.0,0.0,52.0,0.09995993319317756,0.0,0.09995993319317757,3.930487,1.0037533,6.300542,3.2868707,1.0071778,5.710228,102255.33,298.87015,102976.56,0.0044040913,0.0007258458,0.0062656403,287.1771,0.81459934,288.9734,102261.91,298.93716,102984.0,291.3748,1.1945752,294.68823,4.25,0.0,4.25,52.0,0.0,52.0,9.870749,4.789932,23.64068,3.981609,0.9842879,6.300542,3.4023314,0.89123845,5.710228,272.8618354971816,28.41372910582539,335.8578271865845,0.9487748718090254,0.0842655908297566,0.9999997594653346,0.06192656,0.045247108,0.19869576,0.062640205,0.04472119,0.19869576,0.052700207,0.038985934,0.16863595,0.05277476,0.03889199,0.16863595,0.19080624,0.18261021,0.89001924,69.89068682600812,62.68813598691389,301.9115561599935,35.646531511231096,301.9115561599935,69.89068682600812,52.09903557,4.2635626,52.0,4.25
176,404,404.0,0.0,404,1.9443113716637217,0.2606091305824299,2.4356799125671387,5.850748806464963,0.2261473113113962,6.189685821533203,0.019885595251874225,0.0013798034525493597,0.02320408821105957,291.7811368616616,0.9740774397818663,293.5712890625,4.5,0.0,4.5,52.5,0.0,52.5,0.0401209456666915,0.0,0.0401209456666915,5.274552,1.3214316,8.480718,4.0987525,1.288517,7.2160873,102219.875,295.15692,102942.44,0.0058681443,0.0013028377,0.009210587,287.49896,0.9496828,289.614,102212.32,295.16064,102935.0,290.91245,1.055584,292.99707,4.5,0.0,4.5,52.5,0.0,52.5,16.131279,7.984281,39.01598,5.374526,1.3098087,8.480718,4.2822294,1.120641,7.2160873,267.20967982455,35.45775196786236,355.1797137260437,0.9552937672690018,0.06457195160316914,0.9999985298636802,0.12978023,0.093301,0.4370495,0.13290489,0.09213495,0.4370495,0.10910422,0.08325648,0.34463215,0.10956377,0.08276858,0.34463215,0.51344126,0.48987058,2.424178,74.15344791877561,64.3763245500299,303.85852872934987,42.205362200889,303.85852872934987,74.15344791877561,52.46394337,4.51759573,52.5,4.5
177,405,405.0,0.0,405,1.7461134573308432,0.23577802151984056,2.1607775688171387,5.724944649673089,0.2374239610577078,6.098138809204102,0.014506797964979962,0.0021978249758879036,0.02280735969543457,291.6136563929116,1.030401923096648,293.678466796875,4.75,0.0,4.75,52.75,0.0,52.75,0.102825460633479,0.0,0.102825460633479,4.8779006,1.2589227,7.904546,3.7978516,1.1698226,6.7322006,102203.54,292.5231,102922.44,0.004617598,0.0008954512,0.0063991547,287.3405,0.9426242,289.448,102195.72,292.5277,102915.0,290.87296,1.11068,293.22925,4.75,0.0,4.75,52.75,0.0,52.75,14.003948,6.978535,34.37918,4.982401,1.2518508,7.904546,3.9527946,1.0171466,6.7322006,263.1717760504746,28.384870291231582,319.0819511413574,0.9507897602800035,0.0822464419017064,0.9999875409849701,0.10558205,0.07679051,0.36104944,0.10814522,0.0758606,0.36104944,0.087512925,0.06734187,0.2854163,0.087804385,0.06705985,0.2854163,0.38796917,0.37913373,1.8822205,79.07095992855909,64.96366181419886,301.6653731164336,42.074130318243746,301.6653731164336,79.07095992855909,52.77265954,4.64970234,52.75,4.75
178,413,413.0,0.0,413,1.3347395629417607,0.13264559715573776,1.6186671257019043,5.700738930120701,0.2420580730346939,6.166709899902344,0.020077123874571265,0.00298274815985092,0.02698451280593872,289.5415932259909,0.8110185794982584,291.24169921875,1.25,0.0,1.25,53.0,0.0,53.0,0.0833600023992301,0.0,0.0833600023992301,5.600219,1.2974535,8.421636,4.173739,1.1378535,7.3034897,102216.6,271.48773,102941.81,0.0038251411,0.00056136143,0.0056819916,286.57632,0.8429895,288.56128,102075.875,270.03275,102798.0,289.5773,0.76265126,290.77686,1.25,0.0,1.25,53.0,0.0,53.0,17.820726,8.545731,42.329277,5.669039,1.2915909,8.421636,4.2414412,1.0685385,7.3034897,274.2638503749196,25.329299890777943,318.58055877685547,0.9642934736239875,0.04405327249363,0.9998850821089615,0.15063737,0.10550407,0.47557977,0.15463054,0.10473392,0.47557977,0.121381015,0.090484485,0.4044437,0.12174926,0.09003318,0.4044437,0.6192063,0.5771916,2.85339,66.61481461873869,66.67640844994709,243.6138591891086,59.96073929781218,243.6138591891086,66.61481461873869,52.9333,1.3,53.0,1.25
179,414,414.0,0.0,414,1.9145761117702578,0.29475803442418774,2.7432971000671387,7.299013254119129,0.3870479565968745,8.166951179504395,0.012613837311907513,0.0012814039818518047,0.014305651187896729,288.5448206459604,0.49069200099440186,289.551025390625,-5.0,0.0,-5.0,52.0,0.0,52.0,0.02359701186675812,0.0,0.02359701186675812,4.9359903,1.1503719,7.6669044,4.0008016,1.0191758,7.421685,102305.195,287.5748,103106.875,0.005685411,0.0010399745,0.008037567,286.31683,0.68245476,287.81128,101791.56,283.60605,102583.56,288.91,0.78169525,291.2151,-5.0,0.0,-5.0,52.0,0.0,52.0,15.263268,7.3940105,36.545216,4.9675746,1.1462916,7.6669044,4.0313816,0.9974045,7.421685,217.43323913434656,12.917294540015044,240.53854846954346,0.9590860390597354,0.054149320635491396,0.9998211073740237,0.11456912,0.08080772,0.376977,0.11551301,0.0805274,0.376977,0.09713127,0.077707805,0.34100336,0.09720998,0.0776163,0.34100336,0.45594117,0.45195037,2.1268678,65.57210140693479,55.80505424470187,255.5527402560259,21.475243246910242,255.5527402560259,65.57210140693479,52.016701,-4.9833298,52.0,-5.0
180,415,415.0,0.0,415,1.5926459736940337,0.1558252276340818,1.9306203126907349,5.56651327086658,0.17403487024678005,5.995567321777344,0.021689826395453478,0.0017133837521887741,0.025768935680389404,290.7954756573933,0.953425975906797,292.9580078125,1.75,0.0,1.75,52.5,0.0,52.5,0.03329800000000205,0.0,0.03329800000000205,4.961854,1.1297352,7.3225145,4.214083,1.1181026,7.5598373,102235.984,281.191,102963.19,0.0039564227,0.0005789116,0.0056858063,286.94904,0.9109923,289.33862,102169.65,280.4607,102895.0,290.26105,0.8525221,291.94482,1.75,0.0,1.75,52.5,0.0,52.5,16.300385,7.6701555,39.20866,5.019118,1.1581293,7.3225145,4.24945,1.0913507,7.5598373,271.90118120937814,34.3043528199947,351.0909676551819,0.952516060535365,0.06843586293747514,0.9999870164394042,0.12290739,0.08176599,0.4018294,0.12632309,0.08144129,0.4018294,0.11302461,0.08555927,0.38041988,0.11305838,0.08551741,0.38041988,0.5145351,0.47727242,2.4481804,57.215320563897855,67.55422095700067,225.96697165321473,80.20515884415964,225.96697165321473,57.215320563897855,52.466702,1.75,52.5,1.75
181,416,416.0,0.0,416,0.9537423776417244,0.15877857886639019,1.3809924125671387,5.698943789412335,0.3449914059221614,6.908574104309082,0.008315175044827344,0.0011448882430281436,0.012795448303222656,289.8599049637957,0.607534811192167,291.015869140625,-4.0,0.0,-4.0,52.75,0.0,52.75,0.04711311605063028,0.0,0.04711311605063028,3.2701921,0.77566093,4.9305763,2.796248,0.7039644,4.97149,102277.195,282.3591,103080.25,0.0075352136,0.0015339253,0.011079788,285.54813,0.7304313,287.04565,100025.875,263.01706,100785.56,288.71072,1.1631546,291.37305,-4.0,0.0,-4.0,52.75,0.0,52.75,7.548768,3.5376558,17.960339,3.3372014,0.76769185,4.9305763,2.796248,0.7039644,4.97149,227.05816216585112,15.451155564733611,290.4823884963989,0.9602084380427107,0.05326807606816921,0.9999460806171507,0.039227016,0.027753728,0.12437669,0.039766133,0.02752254,0.12437669,0.034286268,0.025989957,0.11813089,0.034286268,0.025989957,0.11813089,0.110190906,0.10794459,0.5136987,48.06705174795011,53.65222247563418,256.2346084377125,22.584511523508617,256.2346084377125,48.06705174795011,52.716702,-4.03333,52.75,-4.0
182,417,417.0,0.0,417,1.745322625811507,0.23725347536366065,2.1607775688171387,5.724944649673089,0.2374239610577078,6.098138809204102,0.014506797964979962,0.0021978249758879036,0.02280735969543457,291.8118926257622,1.0861881050944386,294.243896484375,5.0,0.0,5.0,53.0,0.0,53.0,0.08378367672428655,0.0,0.08378367672428655,5.745798,1.4573833,9.37769,4.381122,1.3457625,7.726269,102188.59,286.5859,102897.94,0.0053493455,0.001080071,0.007902145,287.42258,1.0384228,289.7273,102199.55,286.70908,102909.0,290.86343,1.1171092,293.2041,5.0,0.0,5.0,53.0,0.0,53.0,18.484385,9.086113,44.87774,5.892016,1.4678364,9.37769,4.5888944,1.1536583,7.726269,261.15164085713826,29.161650812816607,311.2822403907776,0.9307095788277358,0.09057510344103162,0.9999741706487231,0.15868057,0.11359361,0.5484959,0.16451097,0.11346679,0.5484959,0.13214822,0.09852107,0.41790584,0.13302548,0.09765842,0.41790584,0.6723795,0.6366138,3.2073133,80.71820021838677,67.04759589270206,301.65345495819975,42.07523715607768,301.65345495819975,80.71820021838677,52.931274,5.0479212,53.0,5.0
183,418,418.0,0.0,418,1.745322625811507,0.23725347536366065,2.1607775688171387,5.724944649673089,0.2374239610577078,6.098138809204102,0.014506797964979962,0.0021978249758879036,0.02280735969543457,291.8118926257622,1.0861881050944386,294.243896484375,5.0,0.0,5.0,53.0,0.0,53.0,0.08157427543907414,0.0,0.08157427543907414,5.745798,1.4573833,9.37769,4.381122,1.3457625,7.726269,102188.59,286.5859,102897.94,0.0053493455,0.001080071,0.007902145,287.42258,1.0384228,289.7273,102199.55,286.70908,102909.0,290.86343,1.1171092,293.2041,5.0,0.0,5.0,53.0,0.0,53.0,18.484385,9.086113,44.87774,5.892016,1.4678364,9.37769,4.5888944,1.1536583,7.726269,261.15164085713826,29.161650812816607,311.2822403907776,0.9307095788277358,0.09057510344103162,0.9999741706487231,0.15868057,0.11359361,0.5484959,0.16451097,0.11346679,0.5484959,0.13214822,0.09852107,0.41790584,0.13302548,0.09765842,0.41790584,0.6723795,0.6366138,3.2073133,80.71820021838677,67.04759589270206,301.65345495819975,42.07523715607768,301.65345495819975,80.71820021838677,52.932617,5.0459771,53.0,5.0
184,423,423.0,0.0,423,1.9443113716637217,0.2606091305824299,2.4356799125671387,5.850748806464963,0.2261473113113962,6.189685821533203,0.019885595251874225,0.0013798034525493597,0.02320408821105957,291.7811368616616,0.9740774397818663,293.5712890625,4.5,0.0,4.5,52.5,0.0,52.5,0.03934238651645594,0.0,0.03934238651645594,5.274552,1.3214316,8.480718,4.0987525,1.288517,7.2160873,102219.875,295.15692,102942.44,0.0058681443,0.0013028377,0.009210587,287.49896,0.9496828,289.614,102212.32,295.16064,102935.0,290.91245,1.055584,292.99707,4.5,0.0,4.5,52.5,0.0,52.5,16.131279,7.984281,39.01598,5.374526,1.3098087,8.480718,4.2822294,1.120641,7.2160873,267.20967982455,35.45775196786236,355.1797137260437,0.9552937672690018,0.06457195160316914,0.9999985298636802,0.12978023,0.093301,0.4370495,0.13290489,0.09213495,0.4370495,0.10910422,0.08325648,0.34463215,0.10956377,0.08276858,0.34463215,0.51344126,0.48987058,2.424178,74.15344791877561,64.3763245500299,303.85852872934987,42.205362200889,303.85852872934987,74.15344791877561,52.464966,4.5179009,52.5,4.5
185,448,448.0,0.0,448,1.6719736936615734,0.24896864302900432,2.4012560844421387,5.384744830247833,0.31917144245829077,6.215828895568848,0.02943397004429887,0.0013363652674757281,0.03312748670578003,287.510635003811,0.5433636856422998,288.364990234375,-5.0,0.0,-5.0,54.75,0.0,54.75,0.15156956792179704,0.0,0.15156956792179704,5.611961,1.3799691,9.123936,5.1902423,1.2435948,7.4446344,102136.43,271.70944,102932.875,0.0060304315,0.00082705345,0.0075969696,285.22336,0.7098621,286.41943,102119.37,271.5798,102915.56,287.54282,0.62939996,288.76196,-5.0,0.0,-5.0,54.75,0.0,54.75,20.496244,10.223764,46.309418,5.738648,1.3374753,9.123936,5.201197,1.2268192,7.4446344,187.56288586593257,6.713439622093233,210.32388472557068,0.9604044336969418,0.06029419971270181,0.9999963584476002,0.17164737,0.122933164,0.48875317,0.18097323,0.12691216,0.48875317,0.1680217,0.12090669,0.51532024,0.16809645,0.120816,0.51532024,0.8313997,0.82691735,3.4152155,49.46688170549346,60.41635326336852,219.09133752342075,43.97663577260204,219.09133752342075,49.46688170549346,54.842556,-5.120028,54.75,-5.0
186,449,449.0,0.0,449,1.250382868255057,0.16789985598699647,1.7020373344421387,5.235480285272366,0.26932839979129486,5.967624664306641,0.017125764997994026,0.001123947992242233,0.020363807678222656,286.7213998189787,0.5326439312863367,287.6298828125,-5.75,0.0,-5.75,54.75,0.0,54.75,0.11727029156610969,0.0,0.11727029156610967,4.2442136,1.0053083,6.660557,4.1020813,0.9199134,5.6980524,102131.71,277.21616,102934.625,0.005464926,0.0008183459,0.007963181,284.9152,0.6673142,286.1687,101301.734,270.9941,102089.56,287.43002,0.6252343,288.86743,-5.75,0.0,-5.75,54.75,0.0,54.75,12.680225,5.7903514,25.642729,4.356187,0.99126905,6.660557,4.120717,0.89247143,5.6980524,180.5348511541762,8.677561026634807,202.11260986328125,0.9325001802868239,0.12133576827930849,0.9999994408495573,0.081114836,0.054798994,0.19963089,0.08543733,0.056069348,0.19963089,0.07952472,0.052070707,0.2142022,0.07952472,0.052070707,0.2142022,0.3081464,0.27232957,1.0471476,50.05218263951743,59.53733725140475,201.6613081803907,46.787744829703634,201.6613081803907,50.05218263951743,54.66475,-5.669472,54.75,-5.75
187,450,450.0,0.0,450,2.105158203985633,0.32001306623899045,2.658566474914551,10.235936257897354,0.5140277460115185,11.772419929504395,0.003097305937511165,0.0010267165445916086,0.006060957908630371,288.5808760480183,0.7416942825291548,290.460205078125,-8.5,0.0,-8.5,54.75,0.0,54.75,0.1547610093014375,0.0,0.1547610093014375,4.6452703,1.0888875,7.0921974,4.0649633,0.925815,5.4216576,102126.05,298.2115,102968.0,0.007419028,0.0013289128,0.010845184,285.10757,0.6946813,286.69067,101198.23,291.82663,102023.56,287.98523,0.9055694,290.3147,-8.5,0.0,-8.5,54.75,0.0,54.75,13.1184025,6.2993517,30.770916,4.6872582,1.0507165,7.0921974,4.0754776,0.91210115,5.4216576,269.20541992710855,13.992815925890673,299.99954986572266,0.9514660393269553,0.0687079443098298,0.9999990657466887,0.09320752,0.06942199,0.2877959,0.09497523,0.06829611,0.2877959,0.08146427,0.05715538,0.2567412,0.08146427,0.05715538,0.2567412,0.33570927,0.3298775,1.5078574,54.0937584667671,54.39621751374237,292.86785464750267,12.397006663598392,292.86785464750267,54.0937584667671,54.6364,-8.3949,54.75,-8.5
188,451,451.0,0.0,451,4.412757041977673,0.6587086608797674,5.600651264190674,10.422471488394388,0.46177686927753386,11.788533210754395,0.010271438738194907,0.0013949736504894757,0.01463019847869873,288.1870534012957,0.7326861052968933,290.102783203125,-8.5,0.0,-8.5,55.0,0.0,55.0,0.010511898020816857,0.0,0.010511898020816857,6.4517155,1.4950304,9.797764,5.361994,1.2111793,7.1934404,102109.5,296.2968,102933.625,0.009628366,0.0015829756,0.013719559,284.9481,0.7582052,286.70068,101619.78,292.3293,102435.56,287.6632,0.7708153,289.635,-8.5,0.0,-8.5,55.0,0.0,55.0,24.347363,11.299008,55.051674,6.485053,1.4541588,9.797764,5.373568,1.1970414,7.1934404,251.77062893495327,12.78783228162832,282.0653831958771,0.9003905028492449,0.1755360888909942,0.9999693583985192,0.23527117,0.16922505,0.71844,0.23847403,0.16709267,0.71844,0.20304175,0.13658187,0.58895206,0.20304175,0.13658187,0.58895206,1.1423764,1.0714788,4.826369,58.32230270199659,54.82654614032096,282.1392251147191,15.73052466881949,282.1392251147191,58.32230270199659,54.9905,-8.4955,55.0,-8.5
189,452,452.0,0.0,452,2.3471494593271394,0.34637225840052627,2.9401965141296387,10.024418761090535,0.5320189613096071,11.639363288879395,0.0012434691917605515,0.012148152508321007,0.04903459548950195,288.1565775057165,0.691144854190541,289.754150390625,-10.0,0.0,-10.0,54.25,0.0,54.25,0.1072604307282053,0.0,0.10726043072820529,5.9013395,1.3630816,8.813877,4.6502466,1.088912,6.276638,102140.984,304.32153,103005.5,0.0066336887,0.0011427527,0.009489059,285.23425,0.7404502,286.896,101910.02,302.9914,102770.56,287.9866,0.76093596,290.0432,-10.0,0.0,-10.0,54.25,0.0,54.25,19.600311,9.450681,44.637196,5.914703,1.3582965,8.813877,4.6689453,1.0712572,6.276638,246.9177692808756,17.69409632818802,288.79592299461365,0.9238914136369447,0.12624963116788857,0.9999998010306649,0.17320052,0.12890972,0.5462569,0.17363095,0.12856121,0.5462569,0.14420441,0.09949927,0.41290745,0.14420441,0.09949927,0.41290745,0.75055987,0.7376669,3.1730232,60.66621333796804,51.74432720926823,277.1682034004619,15.24989078154295,277.1682034004619,60.66621333796804,54.2536,-9.8928,54.25,-10.0
190,453,453.0,0.0,453,2.105158203985633,0.32001306623899045,2.658566474914551,10.235936257897354,0.5140277460115185,11.772419929504395,0.003097305937511165,0.0010267165445916086,0.006060957908630371,288.6641815929878,0.7444694355724158,290.774658203125,-8.5,0.0,-8.5,54.25,0.0,54.25,0.10154806743606692,0.0,0.10154806743606692,3.0459776,0.66668385,4.546299,2.9766324,0.6701892,4.0452204,102158.766,297.17783,103019.125,0.0062197475,0.0012000828,0.008665085,285.1919,0.7158805,286.98364,101038.97,289.7159,101879.56,288.30334,0.9980141,290.92603,-8.5,0.0,-8.5,54.25,0.0,54.25,6.1781507,2.9311163,13.521484,3.1127334,0.6375881,4.546299,2.9855063,0.65665704,4.0452204,272.0828688755268,12.633038778565233,305.85806941986084,0.9275509366783745,0.10058038925284053,0.9999931370521423,0.028535372,0.0208892,0.07646852,0.029537015,0.020452531,0.07646852,0.02676939,0.019122915,0.08273733,0.02676939,0.019122915,0.08273733,0.07413317,0.07100378,0.29115763,47.079722823166264,52.99497378838857,292.86785464750267,12.397006663598392,292.86785464750267,47.079722823166264,54.3099,-8.582,54.25,-8.5
191,455,455.0,0.0,455,1.6719736936615734,0.24896864302900432,2.4012560844421387,5.384744830247833,0.31917144245829077,6.215828895568848,0.02943397004429887,0.0013363652674757281,0.03312748670578003,287.510635003811,0.5433636856422998,288.364990234375,-5.0,0.0,-5.0,54.75,0.0,54.75,0.15058194592991445,0.0,0.15058194592991445,5.611961,1.3799691,9.123936,5.1902423,1.2435948,7.4446344,102136.43,271.70944,102932.875,0.0060304315,0.00082705345,0.0075969696,285.22336,0.7098621,286.41943,102119.37,271.5798,102915.56,287.54282,0.62939996,288.76196,-5.0,0.0,-5.0,54.75,0.0,54.75,20.496244,10.223764,46.309418,5.738648,1.3374753,9.123936,5.201197,1.2268192,7.4446344,187.56288586593257,6.713439622093233,210.32388472557068,0.9604044336969418,0.06029419971270181,0.9999963584476002,0.17164737,0.122933164,0.48875317,0.18097323,0.12691216,0.48875317,0.1680217,0.12090669,0.51532024,0.16809645,0.120816,0.51532024,0.8313997,0.82691735,3.4152155,49.46688170549346,60.41635326336852,219.09133752342075,43.97663577260204,219.09133752342075,49.46688170549346,54.8424,-5.1188998,54.75,-5.0
192,456,456.0,0.0,456,1.250382868255057,0.16789985598699647,1.7020373344421387,5.235480285272366,0.26932839979129486,5.967624664306641,0.017125764997994026,0.001123947992242233,0.020363807678222656,286.7213998189787,0.5326439312863367,287.6298828125,-5.75,0.0,-5.75,54.75,0.0,54.75,0.11727525809398423,0.0,0.11727525809398424,4.2442136,1.0053083,6.660557,4.1020813,0.9199134,5.6980524,102131.71,277.21616,102934.625,0.005464926,0.0008183459,0.007963181,284.9152,0.6673142,286.1687,101301.734,270.9941,102089.56,287.43002,0.6252343,288.86743,-5.75,0.0,-5.75,54.75,0.0,54.75,12.680225,5.7903514,25.642729,4.356187,0.99126905,6.660557,4.120717,0.89247143,5.6980524,180.5348511541762,8.677561026634807,202.11260986328125,0.9325001802868239,0.12133576827930849,0.9999994408495573,0.081114836,0.054798994,0.19963089,0.08543733,0.056069348,0.19963089,0.07952472,0.052070707,0.2142022,0.07952472,0.052070707,0.2142022,0.3081464,0.27232957,1.0471476,50.05218263951743,59.53733725140475,201.6613081803907,46.787744829703634,201.6613081803907,50.05218263951743,54.665001,-5.6691999,54.75,-5.75
193,457,457.0,0.0,457,2.105158203985633,0.32001306623899045,2.658566474914551,10.235936257897354,0.5140277460115185,11.772419929504395,0.003097305937511165,0.0010267165445916086,0.006060957908630371,288.5808760480183,0.7416942825291548,290.460205078125,-8.5,0.0,-8.5,54.75,0.0,54.75,0.1547622736460346,0.0,0.1547622736460346,4.6452703,1.0888875,7.0921974,4.0649633,0.925815,5.4216576,102126.05,298.2115,102968.0,0.007419028,0.0013289128,0.010845184,285.10757,0.6946813,286.69067,101198.23,291.82663,102023.56,287.98523,0.9055694,290.3147,-8.5,0.0,-8.5,54.75,0.0,54.75,13.1184025,6.2993517,30.770916,4.6872582,1.0507165,7.0921974,4.0754776,0.91210115,5.4216576,269.20541992710855,13.992815925890673,299.99954986572266,0.9514660393269553,0.0687079443098298,0.9999990657466887,0.09320752,0.06942199,0.2877959,0.09497523,0.06829611,0.2877959,0.08146427,0.05715538,0.2567412,0.08146427,0.05715538,0.2567412,0.33570927,0.3298775,1.5078574,54.0937584667671,54.39621751374237,292.86785464750267,12.397006663598392,292.86785464750267,54.0937584667671,54.636398,-8.3949003,54.75,-8.5
194,458,458.0,0.0,458,4.412757041977673,0.6587086608797674,5.600651264190674,10.422471488394388,0.46177686927753386,11.788533210754395,0.010271438738194907,0.0013949736504894757,0.01463019847869873,288.1870534012957,0.7326861052968933,290.102783203125,-8.5,0.0,-8.5,55.0,0.0,55.0,0.011283853643148305,0.0,0.011283853643148305,6.4517155,1.4950304,9.797764,5.361994,1.2111793,7.1934404,102109.5,296.2968,102933.625,0.009628366,0.0015829756,0.013719559,284.9481,0.7582052,286.70068,101619.78,292.3293,102435.56,287.6632,0.7708153,289.635,-8.5,0.0,-8.5,55.0,0.0,55.0,24.347363,11.299008,55.051674,6.485053,1.4541588,9.797764,5.373568,1.1970414,7.1934404,251.77062893495327,12.78783228162832,282.0653831958771,0.9003905028492449,0.1755360888909942,0.9999693583985192,0.23527117,0.16922505,0.71844,0.23847403,0.16709267,0.71844,0.20304175,0.13658187,0.58895206,0.20304175,0.13658187,0.58895206,1.1423764,1.0714788,4.826369,58.32230270199659,54.82654614032096,282.1392251147191,15.73052466881949,282.1392251147191,58.32230270199659,54.989601,-8.4956198,55.0,-8.5
195,459,459.0,0.0,459,2.3471494593271394,0.34637225840052627,2.9401965141296387,10.024418761090535,0.5320189613096071,11.639363288879395,0.0012434691917605515,0.012148152508321007,0.04903459548950195,288.1565775057165,0.691144854190541,289.754150390625,-10.0,0.0,-10.0,54.25,0.0,54.25,0.11004054709101492,0.0,0.11004054709101492,5.9013395,1.3630816,8.813877,4.6502466,1.088912,6.276638,102140.984,304.32153,103005.5,0.0066336887,0.0011427527,0.009489059,285.23425,0.7404502,286.896,101910.02,302.9914,102770.56,287.9866,0.76093596,290.0432,-10.0,0.0,-10.0,54.25,0.0,54.25,19.600311,9.450681,44.637196,5.914703,1.3582965,8.813877,4.6689453,1.0712572,6.276638,246.9177692808756,17.69409632818802,288.79592299461365,0.9238914136369447,0.12624963116788857,0.9999998010306649,0.17320052,0.12890972,0.5462569,0.17363095,0.12856121,0.5462569,0.14420441,0.09949927,0.41290745,0.14420441,0.09949927,0.41290745,0.75055987,0.7376669,3.1730232,60.66621333796804,51.74432720926823,277.1682034004619,15.24989078154295,277.1682034004619,60.66621333796804,54.252998,-9.8900003,54.25,-10.0
196,460,460.0,0.0,460,2.105158203985633,0.32001306623899045,2.658566474914551,10.235936257897354,0.5140277460115185,11.772419929504395,0.003097305937511165,0.0010267165445916086,0.006060957908630371,288.6641815929878,0.7444694355724158,290.774658203125,-8.5,0.0,-8.5,54.25,0.0,54.25,0.08791122670063327,0.0,0.08791122670063327,3.0459776,0.66668385,4.546299,2.9766324,0.6701892,4.0452204,102158.766,297.17783,103019.125,0.0062197475,0.0012000828,0.008665085,285.1919,0.7158805,286.98364,101038.97,289.7159,101879.56,288.30334,0.9980141,290.92603,-8.5,0.0,-8.5,54.25,0.0,54.25,6.1781507,2.9311163,13.521484,3.1127334,0.6375881,4.546299,2.9855063,0.65665704,4.0452204,272.0828688755268,12.633038778565233,305.85806941986084,0.9275509366783745,0.10058038925284053,0.9999931370521423,0.028535372,0.0208892,0.07646852,0.029537015,0.020452531,0.07646852,0.02676939,0.019122915,0.08273733,0.02676939,0.019122915,0.08273733,0.07413317,0.07100378,0.29115763,47.079722823166264,52.99497378838857,292.86785464750267,12.397006663598392,292.86785464750267,47.079722823166264,54.3046,-8.5689001,54.25,-8.5
197,462,462.0,0.0,462,1.393547805344186,0.24791404353205448,1.9801135063171387,5.1001850686422205,0.3600078468043151,5.968514442443848,0.020507941885692316,0.002594268730966175,0.03032994270324707,290.0848894817073,0.8468568860539696,291.899658203125,-3.0,0.0,-3.0,54.0,0.0,54.0,0.08586851803193044,0.0,0.08586851803193044,5.008105,1.1370189,7.573003,3.5155592,0.9291774,5.846978,102194.4,268.56647,102981.375,0.007760653,0.001473297,0.0126953125,285.878,0.8117563,287.364,101639.69,263.31183,102415.56,289.08783,0.93324083,291.04517,-3.0,0.0,-3.0,54.0,0.0,54.0,12.989053,6.18255,29.81319,5.0875964,1.0985061,7.573003,3.5155592,0.9291774,5.846978,208.66593930197925,15.25833774390828,263.8376750946045,0.9424900553740934,0.07570974661916735,0.9999999627341384,0.09804857,0.07007548,0.28435135,0.10134689,0.07007938,0.28435135,0.071474455,0.053162716,0.2363355,0.071474455,0.053162716,0.2363355,0.32806635,0.31587446,1.4154559,57.968524956121676,57.30972676974281,243.82559127856857,34.99451472570315,243.82559127856857,57.968524956121676,54.031833,-2.92025,54.0,-3.0
198,463,463.0,0.0,463,2.0314268949555188,0.1969892877362718,2.4815235137939453,6.6832805726586315,0.2804179061238027,7.155235290527344,0.027071689687124114,0.003568451664747194,0.03443080186843872,288.193329601753,1.0337334686141795,290.5625,-0.5,0.0,-0.5,54.5,0.0,54.5,0.1151291172379948,0.0,0.1151291172379948,5.6195245,1.2507086,8.107671,4.4610806,1.1354352,7.4402084,102135.82,250.88719,102829.56,0.0043493365,0.0006212036,0.0056495667,285.4899,0.9112254,287.71558,101486.04,245.85077,102168.0,288.4166,0.8287774,290.3335,-0.5,0.0,-0.5,54.5,0.0,54.5,18.688541,8.833134,42.1158,5.6940327,1.203748,8.107671,4.4614944,1.1346029,7.4402084,269.5909188433391,24.470653259477977,313.41534423828125,0.953643070347478,0.07180270462386928,0.999953413571033,0.15422101,0.10734864,0.44658932,0.15882443,0.10752132,0.44658932,0.1353965,0.09605497,0.42421466,0.13579561,0.095614195,0.42421466,0.6774221,0.6190431,2.8246818,62.47017855760528,58.562556544345846,148.08353743933796,69.12758620971375,148.08353743933796,62.47017855760528,54.49,-0.614694,54.5,-0.5
199,464,464.0,0.0,464,1.7224938317043026,0.301471014067203,2.5448107719421387,5.283915612755752,0.36858124254368774,6.219735145568848,0.026270853310096556,0.0013515558471582547,0.029239118099212646,289.22265625,0.7833797227197815,290.93994140625,-3.5,0.0,-3.5,54.75,0.0,54.75,0.11986462018877646,0.0,0.11986462018877647,4.3330193,0.959524,6.464116,3.7759094,0.89605504,5.5579195,102147.32,267.513,102923.125,0.0071408576,0.0010833405,0.010520935,285.43777,0.7898434,286.9773,101373.44,261.61334,102135.56,288.61127,0.9135153,290.4182,-3.5,0.0,-3.5,54.75,0.0,54.75,13.561576,6.0469303,31.00234,4.372039,0.92181873,6.464116,3.7759094,0.89605504,5.5579195,199.56952888209645,7.589076282967841,217.73131561279297,0.9533130581981977,0.10230760007237222,0.9999317136388565,0.09589525,0.062828474,0.27539507,0.09650343,0.06236449,0.27539507,0.08286314,0.058467343,0.2744013,0.08286314,0.058467343,0.2744013,0.34969684,0.32712463,1.5306236,45.568356932663335,49.51509701395191,230.30114219932764,34.8054778091714,230.30114219932764,45.568356932663335,54.650722,-3.567167,54.75,-3.5
200,465,465.0,0.0,465,2.008214938931349,0.29863504538223784,2.8972277641296387,5.600303789464439,0.32864693853245447,6.546639442443848,0.033705420610381336,0.0015614877113812307,0.03772801160812378,287.8116901676829,0.6309496350017294,288.893798828125,-4.75,0.0,-4.75,54.0,0.0,54.0,0.08711376710945448,0.0,0.08711376710945448,6.488353,1.4470823,10.102451,5.286004,1.186811,7.9148493,102179.695,273.02322,102995.375,0.005397727,0.0009666765,0.007789612,285.48514,0.72088754,286.72217,101961.29,271.535,102773.56,287.85544,0.66837597,289.47095,-4.75,0.0,-4.75,54.0,0.0,54.0,25.975628,11.792469,59.37589,6.550866,1.4166028,10.102451,5.286004,1.186811,7.9148493,182.71222389325862,7.335083081986656,204.71273040771484,0.9419721157513494,0.09973833551511743,0.9999877520055794,0.25441366,0.16880947,0.7572264,0.25927263,0.16852738,0.7572264,0.22055629,0.15132652,0.7010734,0.22055629,0.15132652,0.7010734,1.2905682,1.2023903,5.6143527,53.47693610772854,55.23732911803102,217.70670054807906,43.4946332536272,217.70670054807906,53.47693610772854,54.085222,-4.768056,54.0,-4.75
201,467,467.0,0.0,467,2.0314268949555188,0.1969892877362718,2.4815235137939453,6.6832805726586315,0.2804179061238027,7.155235290527344,0.027071689687124114,0.003568451664747194,0.03443080186843872,288.193329601753,1.0337334686141795,290.5625,-0.5,0.0,-0.5,54.5,0.0,54.5,0.11518354396353706,0.0,0.11518354396353706,5.6195245,1.2507086,8.107671,4.4610806,1.1354352,7.4402084,102135.82,250.88719,102829.56,0.0043493365,0.0006212036,0.0056495667,285.4899,0.9112254,287.71558,101486.04,245.85077,102168.0,288.4166,0.8287774,290.3335,-0.5,0.0,-0.5,54.5,0.0,54.5,18.688541,8.833134,42.1158,5.6940327,1.203748,8.107671,4.4614944,1.1346029,7.4402084,269.5909188433391,24.470653259477977,313.41534423828125,0.953643070347478,0.07180270462386928,0.999953413571033,0.15422101,0.10734864,0.44658932,0.15882443,0.10752132,0.44658932,0.1353965,0.09605497,0.42421466,0.13579561,0.095614195,0.42421466,0.6774221,0.6190431,2.8246818,62.47017855760528,58.562556544345846,148.08353743933796,69.12758620971375,148.08353743933796,62.47017855760528,54.48862,-0.61462,54.5,-0.5
202,468,468.0,0.0,468,0.5663194627296634,0.0769713696565371,0.7373700737953186,3.1441557116624788,0.1359060593907317,3.459228515625,0.021244498287759175,0.001922844260777824,0.025500714778900146,291.4404654153963,1.315216285666124,295.03173828125,9.75,0.0,9.75,54.75,0.0,54.75,0.12066237121895783,0.0,0.12066237121895783,3.7677393,0.8678932,6.0861864,2.6338508,0.6342643,4.207714,102097.086,248.78589,102583.56,0.0038338406,0.0007034428,0.00548172,286.481,1.1003826,289.34546,101891.33,246.74709,102376.0,290.86957,1.4733608,293.9773,9.75,0.0,9.75,54.75,0.0,54.75,7.474203,3.211684,15.955275,3.8035836,0.8543904,6.0861864,2.6347518,0.6326671,4.207714,190.66742999379227,8.54508118683775,223.11822509765625,0.9566365491316694,0.06301021624631983,0.9999998351248321,0.043631017,0.028433487,0.10613674,0.044402827,0.027813338,0.10613674,0.029948654,0.01890547,0.09705233,0.030054046,0.018755712,0.09705233,0.104988806,0.08605441,0.40540397,60.70265772284531,57.814707749308695,222.46874090400343,60.97046723606638,222.46874090400343,60.70265772284531,54.82326593,9.65412763,54.75,9.75
203,469,469.0,0.0,469,0.6003910288578127,0.15828241921143013,1.2841436862945557,3.2579973499949384,0.49718268856827386,5.3749589920043945,0.021244498287759175,0.001922844260777824,0.025500714778900146,291.4404654153963,1.315216285666124,295.03173828125,9.5,0.0,9.5,54.75,0.0,54.75,0.08072750716569846,0.0,0.08072750716569846,3.6472654,0.8613335,5.9304247,2.5199816,0.6376418,4.0934563,102097.82,249.74315,102595.81,0.004068561,0.0007320397,0.0056171417,286.27084,1.0580077,289.1482,101834.72,246.97107,102330.0,290.71793,1.4864533,293.90308,9.5,0.0,9.5,54.75,0.0,54.75,6.8860025,3.0573068,15.208473,3.6811888,0.85196656,5.9304247,2.5248842,0.6294886,4.0934563,189.493257522583,8.653665993005475,220.13685607910156,0.9706112676925088,0.033116288803809034,0.9999566506553673,0.038925365,0.026060103,0.098614514,0.039565198,0.025486674,0.098614514,0.026539627,0.01769088,0.090463825,0.02665404,0.017541198,0.090463825,0.09003386,0.077331275,0.3683415,62.27164645311309,58.821206946715606,222.55150478090835,60.8758785848884,222.55150478090835,62.27164645311309,54.79504891,9.433011,54.75,9.5
204,470,470.0,0.0,470,2.128047434295096,0.3226385008473718,2.7567367553710938,6.2981352457186075,0.3799457464351481,6.893442153930664,0.01872933783182284,0.0027660625575963473,0.02564549446105957,291.4311047065549,1.2335670147215942,293.95751953125,8.25,0.0,8.25,54.75,0.0,54.75,0.04801301521189104,0.0,0.04801301521189104,6.044664,1.324605,9.725347,4.142389,1.3299086,8.124218,102089.78,251.4875,102636.56,0.0052278563,0.001065927,0.007358551,287.1086,1.173659,289.9353,102084.09,251.42856,102631.0,290.58115,1.2958972,293.64014,8.25,0.0,8.25,54.75,0.0,54.75,17.220646,7.687219,40.85684,6.123681,1.3024715,9.725347,4.2703786,1.2123942,8.124218,227.76656671849693,16.529739364838388,264.01908588409424,0.966447880221649,0.041993014912742724,0.9999998747478693,0.14802794,0.10177555,0.44553438,0.15410292,0.100952424,0.44553438,0.10957556,0.077353515,0.38821462,0.11226414,0.07483557,0.38821462,0.5640678,0.52012765,2.6583304,81.7266748242262,64.21287672384206,279.6310962585111,40.15405291933907,279.6310962585111,81.7266748242262,54.75978757,8.29700482,54.75,8.25
205,471,471.0,0.0,471,1.5232467680442623,0.2389276494658691,2.0312728881835938,5.518738607080971,0.3257206105194019,6.049139976501465,0.015257453046193937,0.0026128854143735174,0.02204442024230957,291.6321038967226,1.2407711072796106,294.12646484375,8.75,0.0,8.75,54.75,0.0,54.75,0.06449882916177767,0.0,0.06449882916177767,4.526084,1.0523952,7.4318895,3.0817842,0.9435898,5.65205,102094.98,251.35216,102624.94,0.0047552064,0.00090510177,0.0064353943,286.57407,1.0370837,289.42358,102034.0,250.6968,102563.0,290.61664,1.4018253,293.65186,8.75,0.0,8.75,54.75,0.0,54.75,10.00569,4.6077166,23.63485,4.5683355,1.0512581,7.4318895,3.130842,0.8855798,5.65205,233.30321614625979,22.097470046573633,290.79788064956665,0.9779226673434823,0.029504091357708147,0.9999972402162521,0.06759907,0.046598192,0.19208574,0.06931743,0.04555598,0.19208574,0.046767596,0.03482131,0.17430997,0.047486126,0.034139816,0.17430997,0.19241707,0.17970757,0.8895803,67.82183420076603,62.8290942342008,275.8801869467885,37.42663279765574,275.8801869467885,67.82183420076603,54.73219748,8.6880067,54.75,8.75
206,473,473.0,0.0,473,1.5232467680442623,0.2389276494658691,2.0312728881835938,5.518738607080971,0.3257206105194019,6.049139976501465,0.015257453046193937,0.0026128854143735174,0.02204442024230957,291.6321038967226,1.2407711072796106,294.12646484375,8.5,0.0,8.5,54.75,0.0,54.75,0.163792954639488,0.0,0.163792954639488,5.5474267,1.228092,9.005132,3.8028286,1.2159233,7.3473625,102092.56,251.38876,102631.06,0.0054304544,0.0011552115,0.007627487,287.03796,1.1367009,289.85522,102087.41,251.30284,102626.0,290.65173,1.324384,293.72217,8.5,0.0,8.5,54.75,0.0,54.75,14.763826,6.5955405,34.820667,5.608306,1.2182689,9.005132,3.9082096,1.1153693,7.3473625,230.8241574757437,21.423317305659605,293.07988226413727,0.9484397864576505,0.11122447801125784,0.9999991529933692,0.11884124,0.080231845,0.34513515,0.12252399,0.0790175,0.34513515,0.08556947,0.06150458,0.310228,0.08760247,0.059700847,0.310228,0.4147041,0.38083324,1.9308727,72.39038819801516,63.06868964750779,275.8801869467885,37.42663279765574,275.8801869467885,72.39038819801516,54.63344017,8.38492638,54.75,8.5
207,474,474.0,0.0,474,1.522362793364176,0.23989945755217176,2.0312728881835938,5.517794702111221,0.3263609455098484,6.049139976501465,0.015284371085283233,0.002596804857686788,0.02204442024230957,291.747909918064,1.2195663274193425,294.22021484375,8.75,0.0,8.75,54.5,0.0,54.5,0.04702052127051361,0.0,0.04702052127051361,4.6365304,1.0985857,7.6501513,3.192445,0.9599209,5.7951164,102107.7,254.14003,102657.81,0.004774745,0.00092337054,0.006511688,286.7243,1.015329,289.52905,102117.68,254.14359,102668.0,290.73843,1.4082927,293.71436,8.75,0.0,8.75,54.5,0.0,54.5,10.75783,4.8189716,24.661182,4.6806397,1.0966014,7.6501513,3.2421455,0.90043277,5.7951164,231.1419046724715,19.890568312553636,273.7392387390137,0.9670588105980031,0.06630431302194961,0.999997957148472,0.074884914,0.051028386,0.20604564,0.076660804,0.049923487,0.20604564,0.052088108,0.037404638,0.18460234,0.052891128,0.03660178,0.18460234,0.22038127,0.19887325,0.96851695,70.94076272917957,63.12557023198309,275.87920244932315,37.42436842582572,275.87920244932315,70.94076272917957,54.50258302,8.70305048,54.5,8.75
208,475,475.0,0.0,475,0.5953772140712272,0.1394454814806479,1.1896612644195557,3.245802228043719,0.444823546540713,5.098440170288086,0.021244498287759175,0.001922844260777824,0.025500714778900146,291.9950933689024,1.3305777372439962,295.49951171875,9.75,0.0,9.75,54.5,0.0,54.5,0.08963696366453963,0.0,0.08963696366453963,3.56184,0.83872896,5.8122606,2.5470352,0.5833388,3.9289055,102111.08,251.79715,102623.19,0.0040858663,0.0006895612,0.005537033,286.55212,1.0714291,289.3728,101875.1,249.5233,102385.0,290.8314,1.4563516,293.99683,9.75,0.0,9.75,54.5,0.0,54.5,6.981724,2.967242,14.469163,3.5886774,0.83106434,5.8122606,2.5474124,0.5826051,3.9289055,192.4048153714436,10.76676067741325,231.11256408691406,0.9715213711499451,0.06035616333416874,0.9999995102081456,0.03896363,0.02531691,0.0906704,0.039441686,0.02487831,0.0906704,0.027157476,0.016713144,0.08472734,0.02724166,0.016588558,0.08472734,0.091304794,0.07282783,0.33340052,54.03202976250067,56.885682581367334,222.55128777224846,60.872778686733376,222.55128777224846,54.03202976250067,54.47470223,9.83599307,54.5,9.75
209,476,476.0,0.0,476,1.522362793364176,0.23989945755217176,2.0312728881835938,5.517794702111221,0.3263609455098484,6.049139976501465,0.015284371085283233,0.002596804857686788,0.02204442024230957,291.747909918064,1.2195663274193425,294.22021484375,9.0,0.0,9.0,54.5,0.0,54.5,0.03670864343699754,0.0,0.03670864343699754,3.926586,0.9686017,6.521245,2.7077017,0.75786126,4.587597,102109.62,253.77623,102650.69,0.0043927403,0.00078020216,0.0059509277,286.43604,0.97863495,289.2517,102053.07,253.22313,102594.0,290.7467,1.4699643,293.95776,9.0,0.0,9.0,54.5,0.0,54.5,7.9367266,3.5981293,17.866209,3.9603105,0.96659464,6.521245,2.7297418,0.7263535,4.587597,233.90429955575524,20.600457381389706,289.41735458374023,0.9497252335565022,0.07391881284982586,0.999998748055394,0.047830075,0.033245407,0.12637831,0.04872492,0.03247042,0.12637831,0.03290376,0.023227278,0.11444152,0.03316266,0.022922747,0.11444152,0.12042865,0.1075471,0.50832826,64.80028827015947,62.2523461697535,275.87920244932315,37.42436842582572,275.87920244932315,64.80028827015947,54.47394247,9.02585594,54.5,9.0
210,477,477.0,0.0,477,1.629212077071027,0.2611365421576528,2.2180404663085938,5.655722943747916,0.3246788508111253,6.213022232055664,0.020172764615314764,0.003228984680574858,0.02860569953918457,291.9899068692835,1.193904709165059,294.43896484375,8.75,0.0,8.75,54.25,0.0,54.25,0.0934835495618544,0.0,0.0934835495618544,4.734449,1.1288798,7.8293505,3.3831162,0.96489316,5.9708977,102120.45,258.27808,102689.94,0.0051238593,0.0010478989,0.0078315735,286.89532,1.0134261,289.61694,102124.34,258.2402,102694.0,290.91565,1.3775581,293.82568,8.75,0.0,8.75,54.25,0.0,54.25,11.792557,4.899999,25.579262,4.785418,1.1270655,7.8293505,3.431602,0.9032051,5.9708977,245.65493180112142,22.080761693531194,298.583788394928,0.9537689105398558,0.13420535100977507,0.9999996916122008,0.08444195,0.054970328,0.2184501,0.086433955,0.05363702,0.2184501,0.060054,0.039085217,0.19429906,0.060927782,0.03812471,0.19429906,0.25876337,0.21379001,1.0419706,76.07488902022199,63.56224537749412,289.2755226755293,37.95522171697423,289.2755226755293,76.07488902022199,54.26591826,8.84211831,54.25,8.75
211,478,478.0,0.0,478,1.629212077071027,0.2611365421576528,2.2180404663085938,5.655722943747916,0.3246788508111253,6.213022232055664,0.020172764615314764,0.003228984680574858,0.02860569953918457,291.9899068692835,1.193904709165059,294.43896484375,8.75,0.0,8.75,54.25,0.0,54.25,0.10083624748702359,0.0,0.10083624748702359,4.734449,1.1288798,7.8293505,3.3831162,0.96489316,5.9708977,102120.45,258.27808,102689.94,0.0051238593,0.0010478989,0.0078315735,286.89532,1.0134261,289.61694,102124.34,258.2402,102694.0,290.91565,1.3775581,293.82568,8.75,0.0,8.75,54.25,0.0,54.25,11.792557,4.899999,25.579262,4.785418,1.1270655,7.8293505,3.431602,0.9032051,5.9708977,245.65493180112142,22.080761693531194,298.583788394928,0.9537689105398558,0.13420535100977507,0.9999996916122008,0.08444195,0.054970328,0.2184501,0.086433955,0.05363702,0.2184501,0.060054,0.039085217,0.19429906,0.060927782,0.03812471,0.19429906,0.25876337,0.21379001,1.0419706,76.07488902022199,63.56224537749412,289.2755226755293,37.95522171697423,289.2755226755293,76.07488902022199,54.26586489,8.84958039,54.25,8.75
212,479,479.0,0.0,479,2.052977509614898,0.3002619951632985,2.6761703491210938,6.107126375524009,0.36391175249364704,6.696112632751465,0.02051219707582055,0.002895320261887723,0.02813267707824707,291.3428687118902,1.1043798440153965,293.74853515625,8.0,0.0,8.0,54.25,0.0,54.25,0.12942464043354612,0.0,0.12942464043354612,6.1727867,1.3907745,9.878667,4.485954,1.3489077,8.610058,102112.664,259.75104,102704.06,0.0050641736,0.0010854339,0.007434845,287.22314,1.1606827,290.09253,102110.164,259.71002,102702.0,290.67285,1.2157254,293.53467,8.0,0.0,8.0,54.25,0.0,54.25,19.367645,8.027015,43.06596,6.3001432,1.3562067,9.878667,4.60144,1.2303661,8.610058,237.15054560870658,23.428655967665748,310.0077214241028,0.9486537085917397,0.07879951236482231,0.9999756475109206,0.17202054,0.11068274,0.49611303,0.18060517,0.11032004,0.49611303,0.13321498,0.084767744,0.40830117,0.13480578,0.08295546,0.40830117,0.6974626,0.5831776,2.953573,78.35447767304211,66.55131981008195,284.44215134527667,42.18642504968664,284.44215134527667,78.35447767304211,54.18052298,7.89080439,54.25,8.0
213,481,481.0,0.0,481,1.629212077071027,0.2611365421576528,2.2180404663085938,5.655722943747916,0.3246788508111253,6.213022232055664,0.020172764615314764,0.003228984680574858,0.02860569953918457,292.1475443025915,1.1782509470961566,294.59716796875,8.75,0.0,8.75,54.0,0.0,54.0,0.16540098027151817,0.0,0.16540098027151817,4.560675,1.0980582,7.6018114,3.3523903,0.91002715,5.707226,102134.336,263.54642,102723.06,0.005431454,0.0011924555,0.009223938,287.01025,1.0076045,289.67554,102115.18,263.3248,102703.0,291.0888,1.3605334,293.9038,8.75,0.0,8.75,54.0,0.0,54.0,11.386449,4.4744406,23.862474,4.6200643,1.09426,7.6018114,3.3979106,0.8505026,5.707226,247.72480992573063,21.36659211111908,290.7898063659668,0.8904562298886709,0.21644254430807203,0.9999799753905787,0.078703634,0.050222047,0.19586545,0.08074824,0.04886947,0.19586545,0.057064287,0.034245644,0.17593306,0.0579076,0.033289846,0.17593306,0.23757476,0.18353504,0.90679765,76.003923369617,64.34047115933362,289.3863685154254,37.76630543302506,289.3863685154254,76.003923369617,54.1233805,8.86015778,54.0,8.75
214,486,486.0,0.0,486,1.629212077071027,0.2611365421576528,2.2180404663085938,5.655722943747916,0.3246788508111253,6.213022232055664,0.020172764615314764,0.003228984680574858,0.02860569953918457,291.9899068692835,1.193904709165059,294.43896484375,9.0,0.0,9.0,54.25,0.0,54.25,0.082330364814704,0.0,0.082330364814704,3.862361,0.96540093,6.4558153,2.7210722,0.7359666,4.518261,102123.625,257.66284,102685.06,0.0044918526,0.0008345107,0.006263733,286.52365,0.9460683,289.25366,102101.33,257.35815,102662.0,290.88025,1.4650235,294.09058,9.0,0.0,9.0,54.25,0.0,54.25,7.9289618,3.457149,17.198248,3.8980858,0.96197635,6.4558153,2.7428265,0.7036455,4.518261,249.82479852437973,22.910542216405922,306.1264295578003,0.9117590932414037,0.15668304430195468,0.9997768187718502,0.047220487,0.032264076,0.119232886,0.048062045,0.031521756,0.119232886,0.032902576,0.021862336,0.108197056,0.033150736,0.021544592,0.108197056,0.11868713,0.100603804,0.47102922,71.08857159498261,62.15884804677201,289.2755226755293,37.95522171697423,289.2755226755293,71.08857159498261,54.31632455,8.95122149,54.25,9.0
215,492,492.0,0.0,492,1.393547805344186,0.24791404353205448,1.9801135063171387,5.1001850686422205,0.3600078468043151,5.968514442443848,0.020507941885692316,0.002594268730966175,0.03032994270324707,290.0848894817073,0.8468568860539696,291.899658203125,-3.0,0.0,-3.0,54.0,0.0,54.0,0.0897364420846409,0.0,0.0897364420846409,5.008105,1.1370189,7.573003,3.5155592,0.9291774,5.846978,102194.4,268.56647,102981.375,0.007760653,0.001473297,0.0126953125,285.878,0.8117563,287.364,101639.69,263.31183,102415.56,289.08783,0.93324083,291.04517,-3.0,0.0,-3.0,54.0,0.0,54.0,12.989053,6.18255,29.81319,5.0875964,1.0985061,7.573003,3.5155592,0.9291774,5.846978,208.66593930197925,15.25833774390828,263.8376750946045,0.9424900553740934,0.07570974661916735,0.9999999627341384,0.09804857,0.07007548,0.28435135,0.10134689,0.07007938,0.28435135,0.071474455,0.053162716,0.2363355,0.071474455,0.053162716,0.2363355,0.32806635,0.31587446,1.4154559,57.968524956121676,57.30972676974281,243.82559127856857,34.99451472570315,243.82559127856857,57.968524956121676,54.033298,-2.9166701,54.0,-3.0
216,494,494.0,0.0,494,2.0314268949555188,0.1969892877362718,2.4815235137939453,6.6832805726586315,0.2804179061238027,7.155235290527344,0.027071689687124114,0.003568451664747194,0.03443080186843872,288.193329601753,1.0337334686141795,290.5625,-0.5,0.0,-0.5,54.5,0.0,54.5,0.11785930016082743,0.0,0.11785930016082743,5.6195245,1.2507086,8.107671,4.4610806,1.1354352,7.4402084,102135.82,250.88719,102829.56,0.0043493365,0.0006212036,0.0056495667,285.4899,0.9112254,287.71558,101486.04,245.85077,102168.0,288.4166,0.8287774,290.3335,-0.5,0.0,-0.5,54.5,0.0,54.5,18.688541,8.833134,42.1158,5.6940327,1.203748,8.107671,4.4614944,1.1346029,7.4402084,269.5909188433391,24.470653259477977,313.41534423828125,0.953643070347478,0.07180270462386928,0.999953413571033,0.15422101,0.10734864,0.44658932,0.15882443,0.10752132,0.44658932,0.1353965,0.09605497,0.42421466,0.13579561,0.095614195,0.42421466,0.6774221,0.6190431,2.8246818,62.47017855760528,58.562556544345846,148.08353743933796,69.12758620971375,148.08353743933796,62.47017855760528,54.483299,-0.61667001,54.5,-0.5
217,495,495.0,0.0,495,1.7224938317043026,0.301471014067203,2.5448107719421387,5.283915612755752,0.36858124254368774,6.219735145568848,0.026270853310096556,0.0013515558471582547,0.029239118099212646,289.22265625,0.7833797227197815,290.93994140625,-3.5,0.0,-3.5,54.75,0.0,54.75,0.12018517200557591,0.0,0.12018517200557591,4.3330193,0.959524,6.464116,3.7759094,0.89605504,5.5579195,102147.32,267.513,102923.125,0.0071408576,0.0010833405,0.010520935,285.43777,0.7898434,286.9773,101373.44,261.61334,102135.56,288.61127,0.9135153,290.4182,-3.5,0.0,-3.5,54.75,0.0,54.75,13.561576,6.0469303,31.00234,4.372039,0.92181873,6.464116,3.7759094,0.89605504,5.5579195,199.56952888209645,7.589076282967841,217.73131561279297,0.9533130581981977,0.10230760007237222,0.9999317136388565,0.09589525,0.062828474,0.27539507,0.09650343,0.06236449,0.27539507,0.08286314,0.058467343,0.2744013,0.08286314,0.058467343,0.2744013,0.34969684,0.32712463,1.5306236,45.568356932663335,49.51509701395191,230.30114219932764,34.8054778091714,230.30114219932764,45.568356932663335,54.650002,-3.5666699,54.75,-3.5
218,496,496.0,0.0,496,2.008214938931349,0.29863504538223784,2.8972277641296387,5.600303789464439,0.32864693853245447,6.546639442443848,0.033705420610381336,0.0015614877113812307,0.03772801160812378,287.8116901676829,0.6309496350017294,288.893798828125,-4.75,0.0,-4.75,54.0,0.0,54.0,0.08729698024582512,0.0,0.08729698024582512,6.488353,1.4470823,10.102451,5.286004,1.186811,7.9148493,102179.695,273.02322,102995.375,0.005397727,0.0009666765,0.007789612,285.48514,0.72088754,286.72217,101961.29,271.535,102773.56,287.85544,0.66837597,289.47095,-4.75,0.0,-4.75,54.0,0.0,54.0,25.975628,11.792469,59.37589,6.550866,1.4166028,10.102451,5.286004,1.186811,7.9148493,182.71222389325862,7.335083081986656,204.71273040771484,0.9419721157513494,0.09973833551511743,0.9999877520055794,0.25441366,0.16880947,0.7572264,0.25927263,0.16852738,0.7572264,0.22055629,0.15132652,0.7010734,0.22055629,0.15132652,0.7010734,1.2905682,1.2023903,5.6143527,53.47693610772854,55.23732911803102,217.70670054807906,43.4946332536272,217.70670054807906,53.47693610772854,54.0854,-4.7680998,54.0,-4.75
219,498,498.0,0.0,498,1.5146119478272229,0.160990845960182,1.8878653049468994,6.143746678422137,0.2801464036170909,6.615218162536621,0.022047345231219036,0.003322672596073779,0.02889186143875122,287.930449695122,1.0139206277076913,290.2724609375,-0.5,0.0,-0.5,54.25,0.0,54.25,0.11442588270793436,0.0,0.11442588270793437,4.676687,1.0386877,6.8122606,3.6934304,0.9487281,6.262474,102153.45,255.49396,102859.81,0.0040639318,0.0005865428,0.005393982,285.33447,0.8575654,287.4773,101176.625,247.51433,101865.0,288.78564,0.84581816,290.78394,-0.5,0.0,-0.5,54.25,0.0,54.25,13.46979,6.352957,31.91493,4.7294726,0.9980844,6.8122606,3.6934304,0.9487281,6.262474,259.5223359829042,24.180416628100197,307.9068908691406,0.9639189041592319,0.053579398069580446,0.9999946676109176,0.095409885,0.06748113,0.2941728,0.097279534,0.06694645,0.2941728,0.08129428,0.060058933,0.28024513,0.08137259,0.05996737,0.28024513,0.3516414,0.33276334,1.6220613,65.43444303186928,57.40001638260644,89.01001262802335,72.16100275760151,89.01001262802335,65.43444303186928,54.282497,-0.3902857,54.25,-0.5
220,499,499.0,0.0,499,0.5663194627296634,0.0769713696565371,0.7373700737953186,3.1441557116624788,0.1359060593907317,3.459228515625,0.021244498287759175,0.001922844260777824,0.025500714778900146,291.4404654153963,1.315216285666124,295.03173828125,9.75,0.0,9.75,55.0,0.0,55.0,0.08971142538250379,0.0,0.08971142538250379,4.0421615,0.9103808,6.4699755,2.8020792,0.7081431,4.6129875,102086.61,246.00468,102551.375,0.0036194732,0.0007525877,0.0052452087,286.25906,1.0902538,289.18335,101861.21,243.43547,102321.25,290.9489,1.5197735,294.32178,9.75,0.0,9.75,55.0,0.0,55.0,8.305655,3.5586934,18.117918,4.082682,0.8971379,6.4699755,2.8033612,0.70611817,4.6129875,190.1839797322343,8.423425221327268,219.6050262451172,0.9559197142046914,0.07672335208709141,0.9999986027704412,0.05090109,0.033365514,0.1277925,0.052063633,0.032504637,0.1277925,0.03498796,0.02271,0.1180262,0.035139557,0.022505578,0.1180262,0.12953284,0.10764493,0.52275234,60.118562599507776,57.85292526250274,222.46874090400343,60.97046723606638,222.46874090400343,60.118562599507776,54.916698,9.7833004,55.0,9.75
221,500,500.0,0.0,500,1.629212077071027,0.2611365421576528,2.2180404663085938,5.655722943747916,0.3246788508111253,6.213022232055664,0.020172764615314764,0.003228984680574858,0.02860569953918457,292.1475443025915,1.1782509470961566,294.59716796875,8.75,0.0,8.75,54.0,0.0,54.0,0.16388218573185442,0.0,0.16388218573185442,4.560675,1.0980582,7.6018114,3.3523903,0.91002715,5.707226,102134.336,263.54642,102723.06,0.005431454,0.0011924555,0.009223938,287.01025,1.0076045,289.67554,102115.18,263.3248,102703.0,291.0888,1.3605334,293.9038,8.75,0.0,8.75,54.0,0.0,54.0,11.386449,4.4744406,23.862474,4.6200643,1.09426,7.6018114,3.3979106,0.8505026,5.707226,247.72480992573063,21.36659211111908,290.7898063659668,0.8904562298886709,0.21644254430807203,0.9999799753905787,0.078703634,0.050222047,0.19586545,0.08074824,0.04886947,0.19586545,0.057064287,0.034245644,0.17593306,0.0579076,0.033289846,0.17593306,0.23757476,0.18353504,0.90679765,76.003923369617,64.34047115933362,289.3863685154254,37.76630543302506,289.3863685154254,76.003923369617,54.1222,8.8591995,54.0,8.75
222,501,501.0,0.0,501,1.5232467680442623,0.2389276494658691,2.0312728881835938,5.518738607080971,0.3257206105194019,6.049139976501465,0.015257453046193937,0.0026128854143735174,0.02204442024230957,291.6321038967226,1.2407711072796106,294.12646484375,8.75,0.0,8.75,54.75,0.0,54.75,0.06580273703342586,0.0,0.06580273703342586,4.526084,1.0523952,7.4318895,3.0817842,0.9435898,5.65205,102094.98,251.35216,102624.94,0.0047552064,0.00090510177,0.0064353943,286.57407,1.0370837,289.42358,102034.0,250.6968,102563.0,290.61664,1.4018253,293.65186,8.75,0.0,8.75,54.75,0.0,54.75,10.00569,4.6077166,23.63485,4.5683355,1.0512581,7.4318895,3.130842,0.8855798,5.65205,233.30321614625979,22.097470046573633,290.79788064956665,0.9779226673434823,0.029504091357708147,0.9999972402162521,0.06759907,0.046598192,0.19208574,0.06931743,0.04555598,0.19208574,0.046767596,0.03482131,0.17430997,0.047486126,0.034139816,0.17430997,0.19241707,0.17970757,0.8895803,67.82183420076603,62.8290942342008,275.8801869467885,37.42663279765574,275.8801869467885,67.82183420076603,54.730999,8.6870003,54.75,8.75
223,502,502.0,0.0,502,0.5953772140712272,0.1394454814806479,1.1896612644195557,3.245802228043719,0.444823546540713,5.098440170288086,0.021244498287759175,0.001922844260777824,0.025500714778900146,291.9950933689024,1.3305777372439962,295.49951171875,9.75,0.0,9.75,54.5,0.0,54.5,0.09052117213122073,0.0,0.09052117213122073,3.56184,0.83872896,5.8122606,2.5470352,0.5833388,3.9289055,102111.08,251.79715,102623.19,0.0040858663,0.0006895612,0.005537033,286.55212,1.0714291,289.3728,101875.1,249.5233,102385.0,290.8314,1.4563516,293.99683,9.75,0.0,9.75,54.5,0.0,54.5,6.981724,2.967242,14.469163,3.5886774,0.83106434,5.8122606,2.5474124,0.5826051,3.9289055,192.4048153714436,10.76676067741325,231.11256408691406,0.9715213711499451,0.06035616333416874,0.9999995102081456,0.03896363,0.02531691,0.0906704,0.039441686,0.02487831,0.0906704,0.027157476,0.016713144,0.08472734,0.02724166,0.016588558,0.08472734,0.091304794,0.07282783,0.33340052,54.03202976250067,56.885682581367334,222.55128777224846,60.872778686733376,222.55128777224846,54.03202976250067,54.474998,9.8369999,54.5,9.75
224,503,503.0,0.0,503,1.629212077071027,0.2611365421576528,2.2180404663085938,5.655722943747916,0.3246788508111253,6.213022232055664,0.020172764615314764,0.003228984680574858,0.02860569953918457,291.9899068692835,1.193904709165059,294.43896484375,8.75,0.0,8.75,54.25,0.0,54.25,0.09338076890345315,0.0,0.09338076890345315,4.734449,1.1288798,7.8293505,3.3831162,0.96489316,5.9708977,102120.45,258.27808,102689.94,0.0051238593,0.0010478989,0.0078315735,286.89532,1.0134261,289.61694,102124.34,258.2402,102694.0,290.91565,1.3775581,293.82568,8.75,0.0,8.75,54.25,0.0,54.25,11.792557,4.899999,25.579262,4.785418,1.1270655,7.8293505,3.431602,0.9032051,5.9708977,245.65493180112142,22.080761693531194,298.583788394928,0.9537689105398558,0.13420535100977507,0.9999996916122008,0.08444195,0.054970328,0.2184501,0.086433955,0.05363702,0.2184501,0.060054,0.039085217,0.19429906,0.060927782,0.03812471,0.19429906,0.25876337,0.21379001,1.0419706,76.07488902022199,63.56224537749412,289.2755226755293,37.95522171697423,289.2755226755293,76.07488902022199,54.265999,8.842,54.25,8.75
225,504,504.0,0.0,504,0.6003910288578127,0.15828241921143013,1.2841436862945557,3.2579973499949384,0.49718268856827386,5.3749589920043945,0.021244498287759175,0.001922844260777824,0.025500714778900146,291.4404654153963,1.315216285666124,295.03173828125,9.5,0.0,9.5,54.75,0.0,54.75,0.08044931324131864,0.0,0.08044931324131864,3.6472654,0.8613335,5.9304247,2.5199816,0.6376418,4.0934563,102097.82,249.74315,102595.81,0.004068561,0.0007320397,0.0056171417,286.27084,1.0580077,289.1482,101834.72,246.97107,102330.0,290.71793,1.4864533,293.90308,9.5,0.0,9.5,54.75,0.0,54.75,6.8860025,3.0573068,15.208473,3.6811888,0.85196656,5.9304247,2.5248842,0.6294886,4.0934563,189.493257522583,8.653665993005475,220.13685607910156,0.9706112676925088,0.033116288803809034,0.9999566506553673,0.038925365,0.026060103,0.098614514,0.039565198,0.025486674,0.098614514,0.026539627,0.01769088,0.090463825,0.02665404,0.017541198,0.090463825,0.09003386,0.077331275,0.3683415,62.27164645311309,58.821206946715606,222.55150478090835,60.8758785848884,222.55150478090835,62.27164645311309,54.796001,9.434,54.75,9.5
226,505,505.0,0.0,505,2.052977509614898,0.3002619951632985,2.6761703491210938,6.107126375524009,0.36391175249364704,6.696112632751465,0.02051219707582055,0.002895320261887723,0.02813267707824707,291.3428687118902,1.1043798440153965,293.74853515625,8.0,0.0,8.0,54.25,0.0,54.25,0.13097689721477535,0.0,0.13097689721477535,6.1727867,1.3907745,9.878667,4.485954,1.3489077,8.610058,102112.664,259.75104,102704.06,0.0050641736,0.0010854339,0.007434845,287.22314,1.1606827,290.09253,102110.164,259.71002,102702.0,290.67285,1.2157254,293.53467,8.0,0.0,8.0,54.25,0.0,54.25,19.367645,8.027015,43.06596,6.3001432,1.3562067,9.878667,4.60144,1.2303661,8.610058,237.15054560870658,23.428655967665748,310.0077214241028,0.9486537085917397,0.07879951236482231,0.9999756475109206,0.17202054,0.11068274,0.49611303,0.18060517,0.11032004,0.49611303,0.13321498,0.084767744,0.40830117,0.13480578,0.08295546,0.40830117,0.6974626,0.5831776,2.953573,78.35447767304211,66.55131981008195,284.44215134527667,42.18642504968664,284.44215134527667,78.35447767304211,54.178902,7.8899999,54.25,8.0
227,506,506.0,0.0,506,2.128047434295096,0.3226385008473718,2.7567367553710938,6.2981352457186075,0.3799457464351481,6.893442153930664,0.01872933783182284,0.0027660625575963473,0.02564549446105957,291.4311047065549,1.2335670147215942,293.95751953125,8.25,0.0,8.25,54.75,0.0,54.75,0.04668980618132858,0.0,0.04668980618132858,6.044664,1.324605,9.725347,4.142389,1.3299086,8.124218,102089.78,251.4875,102636.56,0.0052278563,0.001065927,0.007358551,287.1086,1.173659,289.9353,102084.09,251.42856,102631.0,290.58115,1.2958972,293.64014,8.25,0.0,8.25,54.75,0.0,54.75,17.220646,7.687219,40.85684,6.123681,1.3024715,9.725347,4.2703786,1.2123942,8.124218,227.76656671849693,16.529739364838388,264.01908588409424,0.966447880221649,0.041993014912742724,0.9999998747478693,0.14802794,0.10177555,0.44553438,0.15410292,0.100952424,0.44553438,0.10957556,0.077353515,0.38821462,0.11226414,0.07483557,0.38821462,0.5640678,0.52012765,2.6583304,81.7266748242262,64.21287672384206,279.6310962585111,40.15405291933907,279.6310962585111,81.7266748242262,54.757999,8.2959995,54.75,8.25
228,507,507.0,0.0,507,1.522362793364176,0.23989945755217176,2.0312728881835938,5.517794702111221,0.3263609455098484,6.049139976501465,0.015284371085283233,0.002596804857686788,0.02204442024230957,291.747909918064,1.2195663274193425,294.22021484375,9.0,0.0,9.0,54.5,0.0,54.5,0.03753638235312359,0.0,0.03753638235312359,3.926586,0.9686017,6.521245,2.7077017,0.75786126,4.587597,102109.62,253.77623,102650.69,0.0043927403,0.00078020216,0.0059509277,286.43604,0.97863495,289.2517,102053.07,253.22313,102594.0,290.7467,1.4699643,293.95776,9.0,0.0,9.0,54.5,0.0,54.5,7.9367266,3.5981293,17.866209,3.9603105,0.96659464,6.521245,2.7297418,0.7263535,4.587597,233.90429955575524,20.600457381389706,289.41735458374023,0.9497252335565022,0.07391881284982586,0.999998748055394,0.047830075,0.033245407,0.12637831,0.04872492,0.03247042,0.12637831,0.03290376,0.023227278,0.11444152,0.03316266,0.022922747,0.11444152,0.12042865,0.1075471,0.50832826,64.80028827015947,62.2523461697535,275.87920244932315,37.42436842582572,275.87920244932315,64.80028827015947,54.472,9.0249996,54.5,9.0
229,508,508.0,0.0,508,0.5663194627296634,0.0769713696565371,0.7373700737953186,3.1441557116624788,0.1359060593907317,3.459228515625,0.021244498287759175,0.001922844260777824,0.025500714778900146,291.4404654153963,1.315216285666124,295.03173828125,9.75,0.0,9.75,54.75,0.0,54.75,0.12000977418564665,0.0,0.12000977418564665,3.7677393,0.8678932,6.0861864,2.6338508,0.6342643,4.207714,102097.086,248.78589,102583.56,0.0038338406,0.0007034428,0.00548172,286.481,1.1003826,289.34546,101891.33,246.74709,102376.0,290.86957,1.4733608,293.9773,9.75,0.0,9.75,54.75,0.0,54.75,7.474203,3.211684,15.955275,3.8035836,0.8543904,6.0861864,2.6347518,0.6326671,4.207714,190.66742999379227,8.54508118683775,223.11822509765625,0.9566365491316694,0.06301021624631983,0.9999998351248321,0.043631017,0.028433487,0.10613674,0.044402827,0.027813338,0.10613674,0.029948654,0.01890547,0.09705233,0.030054046,0.018755712,0.09705233,0.104988806,0.08605441,0.40540397,60.70265772284531,57.814707749308695,222.46874090400343,60.97046723606638,222.46874090400343,60.70265772284531,54.82333,9.6549997,54.75,9.75
230,509,509.0,0.0,509,1.6704842520923149,0.25886524850104153,2.1841049194335938,5.685602955701874,0.32814681055041345,6.199838638305664,0.015594637975460145,0.0028128184335519365,0.02231907844543457,291.5323039729421,1.2522532437378064,294.06201171875,8.75,0.0,8.75,55.0,0.0,55.0,0.09035867199201295,0.0,0.09035867199201295,4.4023905,0.99446213,7.1867723,2.9575815,0.92101103,5.44746,102085.695,247.97363,102593.44,0.0048335935,0.0008934123,0.006509781,286.50955,1.0659312,289.32788,101994.98,246.89122,102502.0,290.47443,1.3964963,293.50146,8.75,0.0,8.75,55.0,0.0,55.0,9.178698,4.3411365,22.358395,4.4440837,0.9892285,7.1867723,3.0006373,0.8685275,5.44746,226.7846319181163,16.200464993429257,268.7352600097656,0.950611903354187,0.09700321146884601,0.999981562300697,0.05995883,0.04157109,0.17430544,0.06155275,0.040533364,0.17430544,0.041389693,0.03166144,0.16261844,0.041973915,0.031126034,0.16261844,0.16344514,0.15735741,0.79608727,75.7742115288246,63.10017556796476,274.098569479048,38.060894510831496,274.098569479048,75.7742115288246,54.966702,8.6660004,55.0,8.75
231,510,510.0,0.0,510,2.0314268949555188,0.1969892877362718,2.4815235137939453,6.6832805726586315,0.2804179061238027,7.155235290527344,0.027071689687124114,0.003568451664747194,0.03443080186843872,288.193329601753,1.0337334686141795,290.5625,-0.5,0.0,-0.5,54.5,0.0,54.5,0.11519816147566916,0.0,0.11519816147566915,5.6195245,1.2507086,8.107671,4.4610806,1.1354352,7.4402084,102135.82,250.88719,102829.56,0.0043493365,0.0006212036,0.0056495667,285.4899,0.9112254,287.71558,101486.04,245.85077,102168.0,288.4166,0.8287774,290.3335,-0.5,0.0,-0.5,54.5,0.0,54.5,18.688541,8.833134,42.1158,5.6940327,1.203748,8.107671,4.4614944,1.1346029,7.4402084,269.5909188433391,24.470653259477977,313.41534423828125,0.953643070347478,0.07180270462386928,0.999953413571033,0.15422101,0.10734864,0.44658932,0.15882443,0.10752132,0.44658932,0.1353965,0.09605497,0.42421466,0.13579561,0.095614195,0.42421466,0.6774221,0.6190431,2.8246818,62.47017855760528,58.562556544345846,148.08353743933796,69.12758620971375,148.08353743933796,62.47017855760528,54.488632,-0.61463588,54.5,-0.5
232,511,511.0,0.0,511,1.5232467680442623,0.2389276494658691,2.0312728881835938,5.518738607080971,0.3257206105194019,6.049139976501465,0.015257453046193937,0.0026128854143735174,0.02204442024230957,291.6321038967226,1.2407711072796106,294.12646484375,8.5,0.0,8.5,54.75,0.0,54.75,0.16546917054255317,0.0,0.16546917054255317,5.5474267,1.228092,9.005132,3.8028286,1.2159233,7.3473625,102092.56,251.38876,102631.06,0.0054304544,0.0011552115,0.007627487,287.03796,1.1367009,289.85522,102087.41,251.30284,102626.0,290.65173,1.324384,293.72217,8.5,0.0,8.5,54.75,0.0,54.75,14.763826,6.5955405,34.820667,5.608306,1.2182689,9.005132,3.9082096,1.1153693,7.3473625,230.8241574757437,21.423317305659605,293.07988226413727,0.9484397864576505,0.11122447801125784,0.9999991529933692,0.11884124,0.080231845,0.34513515,0.12252399,0.0790175,0.34513515,0.08556947,0.06150458,0.310228,0.08760247,0.059700847,0.310228,0.4147041,0.38083324,1.9308727,72.39038819801516,63.06868964750779,275.8801869467885,37.42663279765574,275.8801869467885,72.39038819801516,54.632,8.3839998,54.75,8.5
233,519,519.0,0.0,519,3.1657501022990155,0.45347727288293976,3.939518451690674,9.654816441419648,0.5383673771627909,10.949177742004395,0.014941237321714075,0.0038888868453815905,0.02562272548675537,287.0711759241616,0.4995518765310803,287.910888671875,-6.75,0.0,-6.75,55.25,0.0,55.25,0.10270458204481457,0.0,0.10270458204481459,5.577487,1.3683406,8.607822,5.1054897,1.1308008,6.9160967,102105.94,278.92987,102893.75,0.0069337473,0.0013634099,0.010019302,284.6808,0.6741237,285.93506,101666.81,275.62915,102446.56,287.1576,0.59631664,288.3772,-6.75,0.0,-6.75,55.25,0.0,55.25,19.4254,8.79306,40.410866,5.7079444,1.3330595,8.607822,5.123245,1.1034026,6.9160967,257.08896009514973,12.143997515259965,280.6845169067383,0.9512079131162071,0.08548374988153758,0.9999838294290053,0.16010399,0.10910985,0.4264489,0.1691393,0.10906244,0.4264489,0.14886981,0.09525059,0.41287142,0.14886981,0.09525059,0.41287142,0.72104937,0.6207803,2.600613,52.679397327143974,60.1750039780634,283.09924079198646,20.16324816635454,283.09924079198646,52.679397327143974,55.206778,-6.656833,55.25,-6.75
234,520,520.0,0.0,520,2.7183488694632927,0.39712742781789856,3.415470600128174,9.260195871678794,0.5165925131330253,10.558796882629395,0.014860821933281131,0.003879558237291872,0.02530229091644287,286.9396913109756,0.5004756408220911,287.647705078125,-6.25,0.0,-6.25,55.75,0.0,55.75,0.1363667436657473,0.0,0.1363667436657473,4.419177,1.147014,6.807866,3.8842092,0.932438,5.6167803,102087.305,267.3683,102841.625,0.0058905208,0.000838707,0.0075569153,285.31445,0.6781698,286.51685,101659.34,264.1654,102406.56,288.04825,0.7052801,289.74634,-6.25,0.0,-6.25,55.75,0.0,55.75,11.605596,6.020587,27.599722,4.516253,1.1057074,6.807866,3.895021,0.9143979,5.6167803,250.89995715603595,12.669721872912952,271.02825832366943,0.9589971093402109,0.06171995675297677,0.9999982349329399,0.07648031,0.05790745,0.24150375,0.081545636,0.05877666,0.24150375,0.06961843,0.051007636,0.2207746,0.06961843,0.051007636,0.2207746,0.27080977,0.27244103,1.2130784,47.606281094434785,58.66352658535946,278.295654528349,20.182144232558418,278.295654528349,47.606281094434785,55.627583,-6.189917,55.75,-6.25
235,521,521.0,0.0,521,3.7189902270712505,0.5587962311794377,4.680363178253174,10.23688169805015,0.5114316561131969,11.606160163879395,0.00969712181789119,0.0022496037354208984,0.01741349697113037,287.3104039634146,0.5691053102689239,288.513427734375,-7.25,0.0,-7.25,55.25,0.0,55.25,0.148102160686464,0.0,0.148102160686464,4.825126,1.1461587,7.181553,4.2644076,0.918676,5.767659,102102.68,283.84662,102896.0,0.0061027715,0.0010592834,0.008333206,284.8901,0.66400445,286.1145,101464.61,278.83792,102246.56,287.74707,0.7195425,289.53345,-7.25,0.0,-7.25,55.25,0.0,55.25,14.151603,6.5040092,30.575212,4.9071918,1.1120675,7.181553,4.2762675,0.9005464,5.767659,257.99572726284583,10.72173101361976,275.866810798645,0.9609641409830478,0.05480619361987699,0.9999899182084478,0.10311548,0.07183589,0.28259954,0.106909476,0.07067842,0.28259954,0.09091406,0.059079498,0.26397637,0.09091406,0.059079498,0.26397637,0.38464963,0.34294102,1.4887385,53.905283206846654,57.36281916017112,283.44122714467983,15.094722285344634,283.44122714467983,53.905283206846654,55.3717,-7.3344,55.25,-7.25
236,522,522.0,0.0,522,3.1657501022990155,0.45347727288293976,3.939518451690674,9.654816441419648,0.5383673771627909,10.949177742004395,0.014941237321714075,0.0038888868453815905,0.02562272548675537,287.0711759241616,0.4995518765310803,287.910888671875,-6.75,0.0,-6.75,55.25,0.0,55.25,0.0971535210942451,0.0,0.0971535210942451,5.577487,1.3683406,8.607822,5.1054897,1.1308008,6.9160967,102105.94,278.92987,102893.75,0.0069337473,0.0013634099,0.010019302,284.6808,0.6741237,285.93506,101666.81,275.62915,102446.56,287.1576,0.59631664,288.3772,-6.75,0.0,-6.75,55.25,0.0,55.25,19.4254,8.79306,40.410866,5.7079444,1.3330595,8.607822,5.123245,1.1034026,6.9160967,257.08896009514973,12.143997515259965,280.6845169067383,0.9512079131162071,0.08548374988153758,0.9999838294290053,0.16010399,0.10910985,0.4264489,0.1691393,0.10906244,0.4264489,0.14886981,0.09525059,0.41287142,0.14886981,0.09525059,0.41287142,0.72104937,0.6207803,2.600613,52.679397327143974,60.1750039780634,283.09924079198646,20.16324816635454,283.09924079198646,52.679397327143974,55.200001,-6.6666999,55.25,-6.75
237,523,523.0,0.0,523,2.7183488694632927,0.39712742781789856,3.415470600128174,9.260195871678794,0.5165925131330253,10.558796882629395,0.014860821933281131,0.003879558237291872,0.02530229091644287,286.9396913109756,0.5004756408220911,287.647705078125,-6.25,0.0,-6.25,55.75,0.0,55.75,0.13645142447420902,0.0,0.13645142447420902,4.419177,1.147014,6.807866,3.8842092,0.932438,5.6167803,102087.305,267.3683,102841.625,0.0058905208,0.000838707,0.0075569153,285.31445,0.6781698,286.51685,101659.34,264.1654,102406.56,288.04825,0.7052801,289.74634,-6.25,0.0,-6.25,55.75,0.0,55.75,11.605596,6.020587,27.599722,4.516253,1.1057074,6.807866,3.895021,0.9143979,5.6167803,250.89995715603595,12.669721872912952,271.02825832366943,0.9589971093402109,0.06171995675297677,0.9999982349329399,0.07648031,0.05790745,0.24150375,0.081545636,0.05877666,0.24150375,0.06961843,0.051007636,0.2207746,0.06961843,0.051007636,0.2207746,0.27080977,0.27244103,1.2130784,47.606281094434785,58.66352658535946,278.295654528349,20.182144232558418,278.295654528349,47.606281094434785,55.627399,-6.1901002,55.75,-6.25
238,524,524.0,0.0,524,3.7189902270712505,0.5587962311794377,4.680363178253174,10.23688169805015,0.5114316561131969,11.606160163879395,0.00969712181789119,0.0022496037354208984,0.01741349697113037,287.3104039634146,0.5691053102689239,288.513427734375,-7.25,0.0,-7.25,55.25,0.0,55.25,0.14805664208001382,0.0,0.14805664208001382,4.825126,1.1461587,7.181553,4.2644076,0.918676,5.767659,102102.68,283.84662,102896.0,0.0061027715,0.0010592834,0.008333206,284.8901,0.66400445,286.1145,101464.61,278.83792,102246.56,287.74707,0.7195425,289.53345,-7.25,0.0,-7.25,55.25,0.0,55.25,14.151603,6.5040092,30.575212,4.9071918,1.1120675,7.181553,4.2762675,0.9005464,5.767659,257.99572726284583,10.72173101361976,275.866810798645,0.9609641409830478,0.05480619361987699,0.9999899182084478,0.10311548,0.07183589,0.28259954,0.106909476,0.07067842,0.28259954,0.09091406,0.059079498,0.26397637,0.09091406,0.059079498,0.26397637,0.38464963,0.34294102,1.4887385,53.905283206846654,57.36281916017112,283.44122714467983,15.094722285344634,283.44122714467983,53.905283206846654,55.3717,-7.3343201,55.25,-7.25
239,526,526.0,0.0,526,0.9505534012143205,0.15354331641511695,1.3684735298156738,4.088508582696682,0.2739608137646206,5.218997001647949,0.022420941329583888,0.0013632986149242515,0.025317609310150146,286.9382086032774,0.5124172620886422,287.802490234375,-5.0,0.0,-5.0,55.75,0.0,55.75,0.09366720090298412,0.0,0.09366720090298412,4.5238376,1.1151507,7.035405,3.7330859,0.98114014,5.4586134,102099.266,262.51895,102836.5,0.008100998,0.001064561,0.010505676,284.99634,0.7407156,286.28198,101011.61,253.5549,101731.56,287.68283,0.7758481,289.37134,-5.0,0.0,-5.0,55.75,0.0,55.75,12.025661,6.438473,29.795992,4.602453,1.080955,7.035405,3.7352042,0.9776113,5.4586134,183.7041414830743,5.852703008072261,196.69363403320312,0.9371528485189204,0.1128007867818204,0.9999828364267153,0.08397705,0.064114965,0.26927096,0.08645001,0.06365693,0.26927096,0.0724111,0.05812424,0.24913968,0.0724111,0.05812424,0.24913968,0.29470712,0.31661478,1.4138234,50.78899688255496,58.74212211907179,216.7187216206723,49.47435690322051,216.7187216206723,50.78899688255496,55.749806,-4.906333,55.75,-5.0
240,527,527.0,0.0,527,1.3659077969993032,0.19927294141382154,2.0878164768218994,6.098052466787943,0.4314468867433328,6.976066589355469,0.022605183647900092,0.0035962879298193097,0.030627667903900146,286.6207900628811,0.37628318185838466,287.751708984375,-3.25,0.0,-3.25,56.0,0.0,56.0,0.06905850798417297,0.0,0.06905850798417297,4.1379604,0.90731823,6.2653856,3.111149,0.71439606,4.680478,102080.55,253.0257,102737.125,0.004232453,0.000770911,0.0058956146,284.69714,0.8421767,286.56323,100553.86,241.18114,101186.56,288.41202,0.90140295,290.59058,-3.25,0.0,-3.25,56.0,0.0,56.0,11.578685,4.9985943,22.453592,4.158799,0.88005954,6.2653856,3.111149,0.71439606,4.680478,184.41303104307593,41.4933936959837,284.01184463500977,0.9363797249999722,0.09444662957589126,0.9999232881308905,0.07950394,0.049116544,0.21196719,0.07977491,0.0488255,0.21196719,0.059398673,0.039865497,0.16736148,0.059398673,0.039865497,0.16736148,0.25231963,0.21393393,0.8028809,48.515231807057454,44.71481338144698,118.51203993973935,57.2310157732984,118.51203993973935,48.515231807057454,55.989833,-3.181694,56.0,-3.25
241,528,528.0,0.0,528,1.6704842520923149,0.25886524850104153,2.1841049194335938,5.685602955701874,0.32814681055041345,6.199838638305664,0.015594637975460145,0.0028128184335519365,0.02231907844543457,291.5323039729421,1.2522532437378064,294.06201171875,8.5,0.0,8.5,55.0,0.0,55.0,0.06137684858492606,0.0,0.06137684858492606,5.484648,1.1925116,8.881597,3.7143009,1.2086596,7.1979485,102083.3,247.85416,102600.06,0.005492931,0.0011549457,0.007709503,286.9543,1.1496087,289.80835,102096.29,247.9216,102613.0,290.5764,1.3406692,293.68896,8.5,0.0,8.5,55.0,0.0,55.0,14.093456,6.4213967,34.049934,5.546742,1.1751509,8.881597,3.811762,1.1137027,7.1979485,225.3083398894566,17.148842824575368,265.02408599853516,0.953229519803157,0.07410593612336706,0.9999999191062489,0.11135941,0.07586254,0.3283348,0.11482388,0.074590996,0.3283348,0.079471074,0.059379797,0.30492342,0.081554435,0.057604033,0.30492342,0.38037524,0.35845363,1.8463415,72.15014090770629,62.99461332355599,274.098569479048,38.060894510831496,274.098569479048,72.15014090770629,55.01826759,8.44140467,55.0,8.5
242,530,530.0,0.0,530,1.9051301915471146,0.31309996912916466,2.523258686065674,6.2706767989367975,0.4027968095064485,6.896615982055664,0.015070512527372779,0.0024960178417411964,0.0198974609375,291.4540122427591,1.2560469429538934,294.04248046875,8.5,0.0,8.5,55.5,0.0,55.5,0.07455051978356633,0.0,0.07455051978356633,4.3963346,0.94811887,7.1433153,2.9356601,0.954765,5.56765,102065.484,244.40358,102536.81,0.004755811,0.00085234956,0.006570816,286.44684,1.0569721,289.13843,101921.7,242.37862,102391.0,290.34814,1.401275,293.5581,8.5,0.0,8.5,55.5,0.0,55.5,8.818736,4.1894355,22.425522,4.4454474,0.92875916,7.1433153,2.9921062,0.89220756,5.56765,226.89743404853635,17.317736301407816,269.559121131897,0.9675428428994679,0.06279229758957063,0.9998454654319903,0.055783078,0.038789887,0.17191665,0.0577367,0.037705112,0.17191665,0.03934702,0.031291302,0.16636755,0.040037908,0.030748539,0.16636755,0.15111773,0.15047008,0.80087465,67.64349821500662,63.57917523818824,269.16654750678344,34.904973252806975,269.16654750678344,67.64349821500662,55.4667,8.4333,55.5,8.5
243,531,531.0,0.0,531,1.3659077969993032,0.19927294141382154,2.0878164768218994,6.098052466787943,0.4314468867433328,6.976066589355469,0.022605183647900092,0.0035962879298193097,0.030627667903900146,286.6207900628811,0.37628318185838466,287.751708984375,-3.25,0.0,-3.25,56.0,0.0,56.0,0.0703436871439795,0.0,0.0703436871439795,4.1379604,0.90731823,6.2653856,3.111149,0.71439606,4.680478,102080.55,253.0257,102737.125,0.004232453,0.000770911,0.0058956146,284.69714,0.8421767,286.56323,100553.86,241.18114,101186.56,288.41202,0.90140295,290.59058,-3.25,0.0,-3.25,56.0,0.0,56.0,11.578685,4.9985943,22.453592,4.158799,0.88005954,6.2653856,3.111149,0.71439606,4.680478,184.41303104307593,41.4933936959837,284.01184463500977,0.9363797249999722,0.09444662957589126,0.9999232881308905,0.07950394,0.049116544,0.21196719,0.07977491,0.0488255,0.21196719,0.059398673,0.039865497,0.16736148,0.059398673,0.039865497,0.16736148,0.25231963,0.21393393,0.8028809,48.515231807057454,44.71481338144698,118.51203993973935,57.2310157732984,118.51203993973935,48.515231807057454,55.989799,-3.1803999,56.0,-3.25
244,532,532.0,0.0,532,0.9505534012143205,0.15354331641511695,1.3684735298156738,4.088508582696682,0.2739608137646206,5.218997001647949,0.022420941329583888,0.0013632986149242515,0.025317609310150146,286.9382086032774,0.5124172620886422,287.802490234375,-5.0,0.0,-5.0,55.75,0.0,55.75,0.09530067534409149,0.0,0.09530067534409149,4.5238376,1.1151507,7.035405,3.7330859,0.98114014,5.4586134,102099.266,262.51895,102836.5,0.008100998,0.001064561,0.010505676,284.99634,0.7407156,286.28198,101011.61,253.5549,101731.56,287.68283,0.7758481,289.37134,-5.0,0.0,-5.0,55.75,0.0,55.75,12.025661,6.438473,29.795992,4.602453,1.080955,7.035405,3.7352042,0.9776113,5.4586134,183.7041414830743,5.852703008072261,196.69363403320312,0.9371528485189204,0.1128007867818204,0.9999828364267153,0.08397705,0.064114965,0.26927096,0.08645001,0.06365693,0.26927096,0.0724111,0.05812424,0.24913968,0.0724111,0.05812424,0.24913968,0.29470712,0.31661478,1.4138234,50.78899688255496,58.74212211907179,216.7187216206723,49.47435690322051,216.7187216206723,50.78899688255496,55.749699,-4.9046998,55.75,-5.0
245,533,533.0,0.0,533,1.609234260349739,0.20513234325871377,2.1437246799468994,6.773847649737102,0.3210060712425964,7.464827537536621,0.02058777721916757,0.003602694566607548,0.028485000133514404,287.4683212652439,0.757586763681222,289.2607421875,-1.5,0.0,-1.5,55.0,0.0,55.0,0.06666989999999995,0.0,0.06666989999999995,4.1990905,0.90986806,6.2282763,3.0540352,0.77949697,4.9216537,102114.99,250.67198,102801.625,0.0035784186,0.0007311322,0.0047569275,285.09512,0.85738057,286.92456,101606.195,246.33038,102284.56,289.4522,0.9410182,291.97144,-1.5,0.0,-1.5,55.0,0.0,55.0,9.873439,4.4479036,22.314487,4.2205005,0.8849778,6.2282763,3.059309,0.77034396,4.9216537,250.33888512122923,50.793111641670265,301.7041358947754,0.9490366516429269,0.0793297912514082,0.9999837448950846,0.0632557,0.04246448,0.17198509,0.06426743,0.04198618,0.17198509,0.04830508,0.034495935,0.16384338,0.04830508,0.034495935,0.16384338,0.18598188,0.17011078,0.7929636,66.2731534446158,51.560703063438666,42.305098160680906,54.58844390837632,42.305098160680906,66.2731534446158,55.0,-1.4333301,55.0,-1.5
246,534,534.0,0.0,534,0.5663194627296634,0.0769713696565371,0.7373700737953186,3.1441557116624788,0.1359060593907317,3.459228515625,0.021244498287759175,0.001922844260777824,0.025500714778900146,291.4404654153963,1.315216285666124,295.03173828125,9.75,0.0,9.75,55.5,0.0,55.5,0.06669999999999732,0.0,0.06669999999999732,3.9537325,0.8347931,6.194585,2.7675421,0.7219885,4.5558586,102069.195,245.6068,102548.625,0.0037502428,0.0007343961,0.0053806305,285.93988,0.9859371,288.1892,101699.84,240.94945,102171.25,290.54764,1.5093079,293.82568,9.75,0.0,9.75,55.5,0.0,55.5,7.959721,3.4293296,18.074604,3.9761074,0.82538295,6.194585,2.7693007,0.7194838,4.5558586,192.6180146147565,13.314231262171662,252.36077117919922,0.9501613973952184,0.07408455121261356,0.9999663289999414,0.04735097,0.03061542,0.12405767,0.047911953,0.030053573,0.12405767,0.03313515,0.022678526,0.12070955,0.03326503,0.022520468,0.12070955,0.11916778,0.10305045,0.5202559,62.32257993482962,56.39742820982658,222.46874090400343,60.97046723606638,222.46874090400343,62.32257993482962,55.5667,9.75,55.5,9.75
247,535,535.0,0.0,535,0.5663194627296634,0.0769713696565371,0.7373700737953186,3.1441557116624788,0.1359060593907317,3.459228515625,0.021244498287759175,0.001922844260777824,0.025500714778900146,291.4404654153963,1.315216285666124,295.03173828125,10.0,0.0,10.0,55.0,0.0,55.0,0.0166997999999996,0.0,0.0166997999999996,4.2114162,0.9337618,6.706792,2.9550955,0.7429144,4.889843,102087.2,246.0244,102559.875,0.0036837414,0.0007327299,0.0051460266,286.3831,1.0962195,289.21265,101859.5,243.26653,102327.25,290.98193,1.5072856,294.40967,10.0,0.0,10.0,55.0,0.0,55.0,9.089295,3.7939024,19.260303,4.2537,0.9187608,6.706792,2.9550955,0.7429144,4.889843,190.34034014911185,8.589041133108898,219.51409912109375,0.9393315910432315,0.12830386732455365,0.9999840495900004,0.05777214,0.03693419,0.13929479,0.05912611,0.03593924,0.13929479,0.04016776,0.025137164,0.13008086,0.04032152,0.024918389,0.13008086,0.15392773,0.12297899,0.59075266,59.173402181485805,57.82101933043897,222.46874090400343,60.97046723606638,222.46874090400343,59.173402181485805,55.0,9.9833002,55.0,10.0
248,536,536.0,0.0,536,0.5663194627296634,0.0769713696565371,0.7373700737953186,3.1441557116624788,0.1359060593907317,3.459228515625,0.021244498287759175,0.001922844260777824,0.025500714778900146,291.4404654153963,1.315216285666124,295.03173828125,10.0,0.0,10.0,55.25,0.0,55.25,0.11788918559834063,0.0,0.11788918559834063,4.2827053,0.92413604,6.7683153,3.1078267,0.79404056,5.222851,102078.63,245.49046,102557.625,0.00441828,0.00085963064,0.0060272217,286.58685,1.1133122,289.3191,101817.54,242.61319,102291.25,290.7842,1.4645065,294.26123,10.0,0.0,10.0,55.25,0.0,55.25,9.6939535,4.0122104,20.856297,4.312988,0.9153303,6.7683153,3.1078267,0.79404056,5.222851,192.3869404676484,11.407111561907719,236.31944274902344,0.9493425810912988,0.06384436512416004,0.999945432985682,0.06223919,0.03961079,0.15286458,0.06333978,0.038623348,0.15286458,0.044808503,0.028951127,0.1505094,0.04498232,0.028717957,0.1505094,0.17466211,0.14136007,0.6927138,68.71771855179857,55.85593875071346,222.46874090400343,60.97046723606638,222.46874090400343,68.71771855179857,55.266701,9.8832998,55.25,10.0
249,537,537.0,0.0,537,1.9051301915471146,0.31309996912916466,2.523258686065674,6.2706767989367975,0.4027968095064485,6.896615982055664,0.015070512527372779,0.0024960178417411964,0.0198974609375,291.4540122427591,1.2560469429538934,294.04248046875,8.5,0.0,8.5,55.5,0.0,55.5,0.07454962645111142,0.0,0.07454962645111142,4.3963346,0.94811887,7.1433153,2.9356601,0.954765,5.56765,102065.484,244.40358,102536.81,0.004755811,0.00085234956,0.006570816,286.44684,1.0569721,289.13843,101921.7,242.37862,102391.0,290.34814,1.401275,293.5581,8.5,0.0,8.5,55.5,0.0,55.5,8.818736,4.1894355,22.425522,4.4454474,0.92875916,7.1433153,2.9921062,0.89220756,5.56765,226.89743404853635,17.317736301407816,269.559121131897,0.9675428428994679,0.06279229758957063,0.9998454654319903,0.055783078,0.038789887,0.17191665,0.0577367,0.037705112,0.17191665,0.03934702,0.031291302,0.16636755,0.040037908,0.030748539,0.16636755,0.15111773,0.15047008,0.80087465,67.64349821500662,63.57917523818824,269.16654750678344,34.904973252806975,269.16654750678344,67.64349821500662,55.466702,8.4333,55.5,8.5
250,538,538.0,0.0,538,1.6704842520923149,0.25886524850104153,2.1841049194335938,5.685602955701874,0.32814681055041345,6.199838638305664,0.015594637975460145,0.0028128184335519365,0.02231907844543457,291.5323039729421,1.2522532437378064,294.06201171875,8.5,0.0,8.5,55.0,0.0,55.0,0.06139977201912028,0.0,0.06139977201912029,5.484648,1.1925116,8.881597,3.7143009,1.2086596,7.1979485,102083.3,247.85416,102600.06,0.005492931,0.0011549457,0.007709503,286.9543,1.1496087,289.80835,102096.29,247.9216,102613.0,290.5764,1.3406692,293.68896,8.5,0.0,8.5,55.0,0.0,55.0,14.093456,6.4213967,34.049934,5.546742,1.1751509,8.881597,3.811762,1.1137027,7.1979485,225.3083398894566,17.148842824575368,265.02408599853516,0.953229519803157,0.07410593612336706,0.9999999191062489,0.11135941,0.07586254,0.3283348,0.11482388,0.074590996,0.3283348,0.079471074,0.059379797,0.30492342,0.081554435,0.057604033,0.30492342,0.38037524,0.35845363,1.8463415,72.15014090770629,62.99461332355599,274.098569479048,38.060894510831496,274.098569479048,72.15014090770629,55.016998,8.441,55.0,8.5
251,540,540.0,0.0,540,1.9051301915471146,0.31309996912916466,2.523258686065674,6.2706767989367975,0.4027968095064485,6.896615982055664,0.015070512527372779,0.0024960178417411964,0.0198974609375,291.4540122427591,1.2560469429538934,294.04248046875,8.75,0.0,8.75,55.25,0.0,55.25,0.1353438778227161,0.0,0.1353438778227161,4.1574564,0.9184493,6.7517138,2.7277238,0.85699135,4.999218,102076.39,245.71109,102560.31,0.0048441305,0.00091187784,0.006603241,286.3591,1.0515475,289.10327,101875.07,243.33495,102357.0,290.4352,1.4240036,293.53076,8.75,0.0,8.75,55.25,0.0,55.25,7.946662,3.8034248,19.885326,4.1990304,0.9106035,6.7517138,2.763546,0.8132786,4.999218,226.0252081824512,15.751460247832474,267.219304561615,0.9376040471584258,0.1315921884659991,0.9999453810019425,0.048877314,0.033946615,0.14576338,0.05013182,0.033030365,0.14576338,0.033181272,0.025964044,0.1368071,0.03357873,0.025608925,0.1368071,0.123040766,0.121181786,0.6297162,74.56366004594942,63.12895198251986,269.1632608546921,34.9228726738691,269.1632608546921,74.56366004594942,55.130798,8.6858997,55.25,8.75
252,541,541.0,0.0,541,1.9051301915471146,0.31309996912916466,2.523258686065674,6.2706767989367975,0.4027968095064485,6.896615982055664,0.015070512527372779,0.0024960178417411964,0.0198974609375,291.4540122427591,1.2560469429538934,294.04248046875,8.75,0.0,8.75,55.25,0.0,55.25,0.09432804461028416,0.0,0.09432804461028416,4.1574564,0.9184493,6.7517138,2.7277238,0.85699135,4.999218,102076.39,245.71109,102560.31,0.0048441305,0.00091187784,0.006603241,286.3591,1.0515475,289.10327,101875.07,243.33495,102357.0,290.4352,1.4240036,293.53076,8.75,0.0,8.75,55.25,0.0,55.25,7.946662,3.8034248,19.885326,4.1990304,0.9106035,6.7517138,2.763546,0.8132786,4.999218,226.0252081824512,15.751460247832474,267.219304561615,0.9376040471584258,0.1315921884659991,0.9999453810019425,0.048877314,0.033946615,0.14576338,0.05013182,0.033030365,0.14576338,0.033181272,0.025964044,0.1368071,0.03357873,0.025608925,0.1368071,0.123040766,0.121181786,0.6297162,74.56366004594942,63.12895198251986,269.1632608546921,34.9228726738691,269.1632608546921,74.56366004594942,55.1833,8.6833,55.25,8.75
253,542,542.0,0.0,542,1.6704842520923149,0.25886524850104153,2.1841049194335938,5.685602955701874,0.32814681055041345,6.199838638305664,0.015594637975460145,0.0028128184335519365,0.02231907844543457,291.5323039729421,1.2522532437378064,294.06201171875,8.5,0.0,8.5,55.0,0.0,55.0,0.10884172492206129,0.0,0.1088417249220613,5.484648,1.1925116,8.881597,3.7143009,1.2086596,7.1979485,102083.3,247.85416,102600.06,0.005492931,0.0011549457,0.007709503,286.9543,1.1496087,289.80835,102096.29,247.9216,102613.0,290.5764,1.3406692,293.68896,8.5,0.0,8.5,55.0,0.0,55.0,14.093456,6.4213967,34.049934,5.546742,1.1751509,8.881597,3.811762,1.1137027,7.1979485,225.3083398894566,17.148842824575368,265.02408599853516,0.953229519803157,0.07410593612336706,0.9999999191062489,0.11135941,0.07586254,0.3283348,0.11482388,0.074590996,0.3283348,0.079471074,0.059379797,0.30492342,0.081554435,0.057604033,0.30492342,0.38037524,0.35845363,1.8463415,72.15014090770629,62.99461332355599,274.098569479048,38.060894510831496,274.098569479048,72.15014090770629,55.087002,8.5654001,55.0,8.5
254,544,544.0,0.0,544,1.9051301915471146,0.31309996912916466,2.523258686065674,6.2706767989367975,0.4027968095064485,6.896615982055664,0.015070512527372779,0.0024960178417411964,0.0198974609375,291.4540122427591,1.2560469429538934,294.04248046875,8.5,0.0,8.5,55.25,0.0,55.25,0.08970830599314737,0.0,0.08970830599314737,5.2027764,1.1089294,8.402593,3.4787347,1.141955,6.694042,102074.125,245.38725,102568.31,0.0056765485,0.0011749152,0.0078086853,286.8181,1.1430478,289.6482,102039.07,244.97395,102533.0,290.48624,1.362077,293.6753,8.5,0.0,8.5,55.25,0.0,55.25,12.4261055,5.718847,30.597998,5.2638454,1.0873777,8.402593,3.561095,1.0585666,6.694042,224.33277413612458,16.067842472866037,266.43675422668457,0.9400569294404391,0.09153168001773498,0.9999907003671274,0.09265163,0.06306219,0.27644283,0.09569827,0.061598662,0.27644283,0.065245695,0.050262477,0.26280436,0.06688088,0.048920132,0.26280436,0.29670763,0.28408515,1.4909582,79.53443023453399,63.24673364743967,269.1632608546921,34.9228726738691,269.1632608546921,79.53443023453399,55.283298,8.5832996,55.25,8.5
255,545,545.0,0.0,545,1.9051301915471146,0.31309996912916466,2.523258686065674,6.2706767989367975,0.4027968095064485,6.896615982055664,0.015070512527372779,0.0024960178417411964,0.0198974609375,291.4540122427591,1.2560469429538934,294.04248046875,8.75,0.0,8.75,55.25,0.0,55.25,0.10671510297985316,0.0,0.10671510297985318,4.1574564,0.9184493,6.7517138,2.7277238,0.85699135,4.999218,102076.39,245.71109,102560.31,0.0048441305,0.00091187784,0.006603241,286.3591,1.0515475,289.10327,101875.07,243.33495,102357.0,290.4352,1.4240036,293.53076,8.75,0.0,8.75,55.25,0.0,55.25,7.946662,3.8034248,19.885326,4.1990304,0.9106035,6.7517138,2.763546,0.8132786,4.999218,226.0252081824512,15.751460247832474,267.219304561615,0.9376040471584258,0.1315921884659991,0.9999453810019425,0.048877314,0.033946615,0.14576338,0.05013182,0.033030365,0.14576338,0.033181272,0.025964044,0.1368071,0.03357873,0.025608925,0.1368071,0.123040766,0.121181786,0.6297162,74.56366004594942,63.12895198251986,269.1632608546921,34.9228726738691,269.1632608546921,74.56366004594942,55.333302,8.6833,55.25,8.75
256,546,546.0,0.0,546,1.1005334999503158,0.15948685173084515,1.4664959907531738,6.59854056195515,0.40214749156006807,7.8395586013793945,0.007830452628251983,0.0035969030608777575,0.020363330841064453,286.3477574790396,0.5415160800555655,287.208251953125,-6.0,0.0,-6.0,56.5,0.0,56.5,0.13885526135152523,0.0,0.13885526135152523,4.476653,1.2800866,7.323003,4.320922,1.0262095,6.256917,102062.96,260.8113,102761.75,0.010161888,0.001278076,0.012880325,284.74686,0.7361574,286.17725,101053.086,252.86293,101736.56,287.13916,0.75294375,288.8557,-6.0,0.0,-6.0,56.5,0.0,56.5,12.915675,7.014415,32.076527,4.565737,1.2134078,7.323003,4.320922,1.0262095,6.256917,220.25300570686417,11.994050060073615,258.8599319458008,0.938702400211797,0.1019500638686415,0.9999990609393192,0.08796868,0.07015059,0.29990733,0.09324725,0.07008634,0.29990733,0.08488587,0.066361174,0.27908325,0.08488587,0.066361174,0.27908325,0.34209543,0.35823873,1.638529,41.74778919685178,57.8479005280031,245.6626628751452,26.03334628652498,245.6626628751452,41.74778919685178,56.623111,-6.064222,56.5,-6.0
257,547,547.0,0.0,547,1.1005334999503158,0.15948685173084515,1.4664959907531738,6.59854056195515,0.40214749156006807,7.8395586013793945,0.007830452628251983,0.0035969030608777575,0.020363330841064453,286.3477574790396,0.5415160800555655,287.208251953125,-6.0,0.0,-6.0,56.5,0.0,56.5,0.13833006679681112,0.0,0.13833006679681112,4.476653,1.2800866,7.323003,4.320922,1.0262095,6.256917,102062.96,260.8113,102761.75,0.010161888,0.001278076,0.012880325,284.74686,0.7361574,286.17725,101053.086,252.86293,101736.56,287.13916,0.75294375,288.8557,-6.0,0.0,-6.0,56.5,0.0,56.5,12.915675,7.014415,32.076527,4.565737,1.2134078,7.323003,4.320922,1.0262095,6.256917,220.25300570686417,11.994050060073615,258.8599319458008,0.938702400211797,0.1019500638686415,0.9999990609393192,0.08796868,0.07015059,0.29990733,0.09324725,0.07008634,0.29990733,0.08488587,0.066361174,0.27908325,0.08488587,0.066361174,0.27908325,0.34209543,0.35823873,1.638529,41.74778919685178,57.8479005280031,245.6626628751452,26.03334628652498,245.6626628751452,41.74778919685178,56.6231,-6.0630999,56.5,-6.0
258,549,549.0,0.0,549,1.131475426801821,0.10261950645275134,1.488276481628418,4.085309121666885,0.24360161938064182,5.372073173522949,0.02456330962297393,0.0011239226279422118,0.02679908275604248,290.8011028010671,1.2979180283117417,293.99267578125,9.75,0.0,9.75,56.75,0.0,56.75,0.12695935019146581,0.0,0.12695935019146581,3.7438087,0.7566032,5.882085,2.51511,0.64561236,4.147728,102042.35,261.8884,102571.0,0.0038594967,0.0006659868,0.005554199,285.80267,1.074065,288.49976,101646.336,256.4224,102160.875,290.2675,1.4003583,293.29443,9.75,0.0,9.75,56.75,0.0,56.75,6.5836143,2.746164,14.616058,3.7514596,0.75047237,5.882085,2.51511,0.64561236,4.147728,210.56791374160022,24.341492422488283,306.4162063598633,0.949281261764221,0.06514049609650413,0.9999856192177549,0.03588903,0.022860497,0.08923831,0.0365449,0.022357747,0.08923831,0.025003402,0.0166833,0.0887357,0.025003402,0.0166833,0.0887357,0.08074208,0.06716639,0.34020445,50.25101631443675,56.23702939448914,217.99555508607037,74.1243013100128,217.99555508607037,50.25101631443675,56.633301,9.8000002,56.75,9.75
259,550,550.0,0.0,550,2.527052771754381,0.36854867994605683,3.364933490753174,6.851139068603516,0.41051250092334785,7.636753082275391,0.016056299209594727,0.001585824791452533,0.021343469619750977,290.4944859946646,1.2876793729212705,293.78857421875,8.0,0.0,8.0,56.5,0.0,56.5,0.11779749233748481,0.0,0.11779749233748481,6.474429,1.1512562,9.93189,3.9958696,1.3131981,7.83181,102028.64,244.78937,102523.5,0.005930505,0.0011938238,0.00881958,286.49954,1.1659782,289.42163,102009.63,244.55647,102503.875,289.74777,1.3131812,293.12256,8.0,0.0,8.0,56.5,0.0,56.5,16.321733,7.630895,39.889767,6.544573,1.0855772,9.93189,4.0801563,1.216987,7.83181,226.3988408606227,19.544722907063655,284.8358837366104,0.9400827062373889,0.09370042708152264,0.9998835406080105,0.14445359,0.095425926,0.41240776,0.15126878,0.09394919,0.41240776,0.096087545,0.07534685,0.3903162,0.09875654,0.07323151,0.3903162,0.5147107,0.49736854,2.5339756,73.72139493430534,61.90923534871522,275.3882879112004,37.46359224505086,275.3882879112004,73.72139493430534,56.524601,8.1152,56.5,8.0
260,551,551.0,0.0,551,2.539072266439112,0.3603660957264444,3.425602436065674,6.924644074788907,0.41189713138233996,7.690073013305664,0.017838008520079822,0.0018750500574572493,0.022426843643188477,290.2050423971037,1.2752448398064837,293.49755859375,8.25,0.0,8.25,56.75,0.0,56.75,0.05905322006596855,0.0,0.05905322006596855,5.133991,0.9248702,7.885503,3.0621278,0.98110765,6.073509,102026.984,251.24135,102554.5,0.004848294,0.00081765075,0.0065231323,285.97607,0.98708,288.4353,101907.484,250.00687,102430.875,290.03748,1.4181918,293.32373,8.25,0.0,8.25,56.75,0.0,56.75,10.031225,4.8963823,25.481422,5.165413,0.8954421,7.885503,3.0930774,0.94624865,6.073509,227.26303802466975,22.595550465857162,324.10502433776855,0.9517842737891835,0.06653739503939939,0.9999882795657258,0.072540656,0.049870443,0.20949078,0.074923426,0.04862625,0.20949078,0.046675146,0.03774469,0.20029265,0.047153097,0.037367728,0.20029265,0.19749434,0.20295592,1.0340149,70.47330553938703,61.8760491976071,274.00063378735337,39.1560842788695,274.00063378735337,70.47330553938703,56.7075,8.2089996,56.75,8.25
261,553,553.0,0.0,553,1.686698465812497,0.20902445702093414,2.1219394207000732,7.9672013724722515,0.2510957509894036,8.439961433410645,0.011059797391658875,0.0016100931157116045,0.015118300914764404,286.5213235994665,0.5939008837519055,287.7060546875,-5.25,0.0,-5.25,58.0,0.0,58.0,0.13937812466811478,0.0,0.13937812466811478,4.015877,0.96727306,6.401128,3.8107598,0.765765,5.50613,101986.516,253.64844,102519.06,0.008552086,0.0013159394,0.011013031,283.95886,0.78346837,285.58472,99946.516,236.9479,100468.81,286.5609,0.87851214,288.47998,-5.25,0.0,-5.25,58.0,0.0,58.0,12.418916,5.4793572,24.72171,4.0535913,0.93666863,6.401128,3.8107598,0.765765,5.50613,298.0716709814421,22.609015039317285,340.592737197876,0.9441255622379551,0.08888885478490342,0.9999993327912099,0.08080137,0.053133514,0.2471227,0.0823149,0.05211297,0.2471227,0.07199946,0.05068607,0.21103153,0.07199946,0.05068607,0.21103153,0.29225647,0.26120284,0.97327703,38.08097211326041,51.901538218486145,309.06574159562814,28.742939892444305,309.06574159562814,38.08097211326041,57.89525,-5.158056,58.0,-5.25
262,554,554.0,0.0,554,1.686698465812497,0.20902445702093414,2.1219394207000732,7.9672013724722515,0.2510957509894036,8.439961433410645,0.011059797391658875,0.0016100931157116045,0.015118300914764404,286.5213235994665,0.5939008837519055,287.7060546875,-5.25,0.0,-5.25,58.0,0.0,58.0,0.14002330977390995,0.0,0.14002330977390995,4.015877,0.96727306,6.401128,3.8107598,0.765765,5.50613,101986.516,253.64844,102519.06,0.008552086,0.0013159394,0.011013031,283.95886,0.78346837,285.58472,99946.516,236.9479,100468.81,286.5609,0.87851214,288.47998,-5.25,0.0,-5.25,58.0,0.0,58.0,12.418916,5.4793572,24.72171,4.0535913,0.93666863,6.401128,3.8107598,0.765765,5.50613,298.0716709814421,22.609015039317285,340.592737197876,0.9441255622379551,0.08888885478490342,0.9999993327912099,0.08080137,0.053133514,0.2471227,0.0823149,0.05211297,0.2471227,0.07199946,0.05068607,0.21103153,0.07199946,0.05068607,0.21103153,0.29225647,0.26120284,0.97327703,38.08097211326041,51.901538218486145,309.06574159562814,28.742939892444305,309.06574159562814,38.08097211326041,57.8955,-5.1567998,58.0,-5.25
263,559,559.0,0.0,559,1.7955075066264083,0.24066784836481617,2.5941641330718994,6.312343085684428,0.378896053056461,7.227783203125,0.02166181075863722,0.002415360641705873,0.026408076286315918,286.1425543064024,0.6957800307111559,287.83544921875,-2.0,0.0,-2.0,57.25,0.0,57.25,0.13016709352985434,0.0,0.13016709352985434,3.8808162,0.83623004,5.667241,4.491524,1.0906069,6.88387,102016.84,246.92484,102514.5,0.004535838,0.0010322388,0.007604599,284.3472,0.85590285,286.69995,101584.1,243.67656,102076.56,286.98035,0.6651747,288.6577,-2.0,0.0,-2.0,57.25,0.0,57.25,12.355767,5.95156,28.43733,3.9324877,0.8100528,5.667241,4.502062,1.0701658,6.88387,175.88196033384742,27.913353122213696,250.6019287109375,0.9637126126905857,0.06319959217014785,0.9999274768810158,0.06929587,0.043625668,0.18946141,0.07390479,0.047798924,0.20646486,0.08593717,0.06350161,0.28247452,0.08620473,0.06319054,0.28247452,0.29815125,0.28913596,1.2878257,42.23621393994587,58.13270804704491,127.86811882961621,54.30595005701686,127.86811882961621,42.23621393994587,57.150002,-2.0833299,57.25,-2.0
264,565,565.0,0.0,565,3.6789908060213414,0.47532824686753317,4.748404502868652,9.9554031883798,0.4293499113649922,10.627888679504395,0.00847140899518641,0.0010647231860647299,0.012051224708557129,286.7631716844512,0.6213419075436059,287.87109375,-6.5,0.0,-6.5,58.25,0.0,58.25,0.11888264635765938,0.0,0.1188826463576594,4.1057134,0.99246496,6.66187,3.8637893,0.81253916,5.687581,101954.164,252.50859,102511.69,0.0053418786,0.00077611365,0.007188797,284.42313,0.77405804,285.87524,101198.89,247.31425,101752.81,287.5935,0.8243618,289.2417,-6.5,0.0,-6.5,58.25,0.0,58.25,11.745439,5.388474,25.29298,4.1134396,0.98162144,6.66187,3.8637893,0.81253916,5.687581,278.1252551413164,21.222865749550618,318.3223400712013,0.965509556861876,0.052843475521307165,0.9999969038791433,0.07510833,0.05318083,0.21921353,0.07578996,0.052648332,0.21921353,0.070686854,0.04645257,0.20187491,0.070686854,0.04645257,0.20187491,0.26480535,0.24720526,1.0187777,43.95808298994855,56.63653408641797,294.56202012904225,23.550374110927176,294.56202012904225,43.95808298994855,58.207722,-6.388889,58.25,-6.5
265,566,566.0,0.0,566,3.30123433834169,0.41471412636865956,4.248404502868652,9.401439945872237,0.370922853521045,10.06985855102539,0.011701567870814627,0.001435681508093155,0.01485663652420044,286.0677996379573,0.5486346198783228,287.3603515625,-5.0,0.0,-5.0,58.5,0.0,58.5,0.06631484690474734,0.0,0.06631484690474734,5.436846,1.2281363,8.55689,4.2970233,0.8953176,6.2167063,101955.21,247.37657,102505.75,0.008049384,0.00120288,0.010295868,283.9151,0.7359997,285.6648,100806.06,240.16548,101323.875,286.38895,0.7721497,288.2671,-5.0,0.0,-5.0,58.5,0.0,58.5,18.16179,8.442422,38.485424,5.470508,1.185469,8.55689,4.2970233,0.8953176,6.2167063,285.2061447283117,24.626733557166233,338.4587345123291,0.9609140905827619,0.0559080886134298,0.9999458850139524,0.15492144,0.106263645,0.47399864,0.15773633,0.10439423,0.47399864,0.12267523,0.08670819,0.38100976,0.12267523,0.08670819,0.38100976,0.6360234,0.5979793,2.358696,46.58295154571533,58.16876756971332,306.04193588326297,25.299849932854723,306.04193588326297,46.58295154571533,58.456694,-5.050222,58.5,-5.0
266,567,567.0,0.0,567,3.6789908060213414,0.47532824686753317,4.748404502868652,9.9554031883798,0.4293499113649922,10.627888679504395,0.00847140899518641,0.0010647231860647299,0.012051224708557129,286.7631716844512,0.6213419075436059,287.87109375,-6.5,0.0,-6.5,58.25,0.0,58.25,0.12132876426474562,0.0,0.12132876426474562,4.1057134,0.99246496,6.66187,3.8637893,0.81253916,5.687581,101954.164,252.50859,102511.69,0.0053418786,0.00077611365,0.007188797,284.42313,0.77405804,285.87524,101198.89,247.31425,101752.81,287.5935,0.8243618,289.2417,-6.5,0.0,-6.5,58.25,0.0,58.25,11.745439,5.388474,25.29298,4.1134396,0.98162144,6.66187,3.8637893,0.81253916,5.687581,278.1252551413164,21.222865749550618,318.3223400712013,0.965509556861876,0.052843475521307165,0.9999969038791433,0.07510833,0.05318083,0.21921353,0.07578996,0.052648332,0.21921353,0.070686854,0.04645257,0.20187491,0.070686854,0.04645257,0.20187491,0.26480535,0.24720526,1.0187777,43.95808298994855,56.63653408641797,294.56202012904225,23.550374110927176,294.56202012904225,43.95808298994855,58.216702,-6.3833299,58.25,-6.5
267,568,568.0,0.0,568,3.30123433834169,0.41471412636865956,4.248404502868652,9.401439945872237,0.370922853521045,10.06985855102539,0.011701567870814627,0.001435681508093155,0.01485663652420044,286.0677996379573,0.5486346198783228,287.3603515625,-5.0,0.0,-5.0,58.5,0.0,58.5,0.06551408643192527,0.0,0.06551408643192527,5.436846,1.2281363,8.55689,4.2970233,0.8953176,6.2167063,101955.21,247.37657,102505.75,0.008049384,0.00120288,0.010295868,283.9151,0.7359997,285.6648,100806.06,240.16548,101323.875,286.38895,0.7721497,288.2671,-5.0,0.0,-5.0,58.5,0.0,58.5,18.16179,8.442422,38.485424,5.470508,1.185469,8.55689,4.2970233,0.8953176,6.2167063,285.2061447283117,24.626733557166233,338.4587345123291,0.9609140905827619,0.0559080886134298,0.9999458850139524,0.15492144,0.106263645,0.47399864,0.15773633,0.10439423,0.47399864,0.12267523,0.08670819,0.38100976,0.12267523,0.08670819,0.38100976,0.6360234,0.5979793,2.358696,46.58295154571533,58.16876756971332,306.04193588326297,25.299849932854723,306.04193588326297,46.58295154571533,58.457199,-5.0496001,58.5,-5.0
268,570,570.0,0.0,570,1.8801724154774735,0.31525973725130924,2.762638568878174,7.123460839434368,0.4490639514681337,8.06569766998291,0.013772086399357493,0.0016153831433964592,0.019603967666625977,290.1226717320884,1.2880647521313084,293.34716796875,7.5,0.0,7.5,58.0,0.0,58.0,0.06700000000000017,0.0,0.06700000000000017,4.352916,0.9267168,6.9592333,1.593765,0.6744158,3.4709702,102021.54,275.55386,102707.5,0.0068047917,0.0016130325,0.01203537,285.21045,1.17891,288.25366,101390.984,268.2649,102054.875,290.10318,1.4201088,293.2827,7.5,0.0,7.5,58.0,0.0,58.0,6.0302625,2.920939,13.017805,4.5502057,0.89769584,6.9592333,1.9090358,0.6122381,3.4709702,182.9640609869143,13.785862372810817,222.02861785888672,0.9570593912517287,0.06700979039651354,0.9999876297688873,0.028940244,0.024767559,0.10162795,0.039415278,0.025218006,0.10162795,0.012707988,0.013824504,0.06585305,0.018678846,0.014859915,0.06585305,0.071165405,0.066450246,0.26987025,108.51979046333128,75.70836944331705,234.1530950491672,37.53476779274867,234.1530950491672,108.51979046333128,58.0,7.567,58.0,7.5
269,571,571.0,0.0,571,2.1684953090621204,0.28336190327837085,2.955317497253418,6.726061355776903,0.31103592456898427,7.836181640625,0.026523313871244104,0.002970463170115458,0.032809674739837646,286.0037216558689,0.5548717697223075,287.3369140625,-3.0,0.0,-3.0,58.5,0.0,58.5,0.10462965213074044,0.0,0.10462965213074044,5.104717,1.2423428,7.729741,4.956164,1.356862,7.982991,101958.2,247.56554,102556.125,0.0046842154,0.0008583987,0.008514404,283.91022,0.7466963,285.87378,101811.0,246.76067,102404.875,286.2696,0.6326069,287.8374,-3.0,0.0,-3.0,58.5,0.0,58.5,16.381075,8.7919035,45.21793,5.1877217,1.1596245,7.729741,4.96524,1.3417555,7.982991,225.8507673217029,25.9502722693233,314.12816429138184,0.9367846498254221,0.11336406270558073,0.9999955346352994,0.111792125,0.078426935,0.3234649,0.12642291,0.08806782,0.40902728,0.12473357,0.10804312,0.5732429,0.12506832,0.10773215,0.5732429,0.54742485,0.620042,3.2561228,44.840851975650324,68.37192131165565,154.83507586040864,95.12163781944302,154.83507586040864,44.840851975650324,58.440972,-3.086389,58.5,-3.0
270,572,572.0,0.0,572,1.8384167392079422,0.2817973950798781,2.696598529815674,7.308605217352146,0.36503889139981366,7.894565582275391,0.010126653240948188,0.0009768422681489999,0.014766931533813477,289.2785704077744,1.359595043621958,292.58642578125,5.75,0.0,5.75,59.0,0.0,59.0,0.032460153450037645,0.0,0.032460153450037645,2.25866,0.61573607,4.5495653,3.1460557,0.83331984,5.19265,101995.17,263.43195,102740.5,0.011081439,0.0018265728,0.015470505,284.91534,1.118306,287.79663,100988.33,254.34866,101699.875,288.44293,1.3979737,292.07446,5.75,0.0,5.75,59.0,0.0,59.0,7.1648364,3.543458,20.575283,2.8828423,0.807755,5.471364,3.2051184,0.7491509,5.19265,230.42926537409062,16.56297753917775,260.14447593688965,0.9188225337475782,0.13302720110951946,0.9999997731878014,0.014662777,0.010804329,0.05533119,0.034287628,0.030107219,0.17927547,0.03280177,0.026523568,0.12560402,0.0349083,0.025038268,0.12560402,0.10125869,0.11825041,0.6741726,107.68365771014516,84.8443695388375,252.3042063168155,27.111317557577237,252.3042063168155,107.68365771014516,58.974339,5.730121,59.0,5.75
271,573,573.0,0.0,573,1.8801724154774735,0.31525973725130924,2.762638568878174,7.123460839434368,0.4490639514681337,8.06569766998291,0.013772086399357493,0.0016153831433964592,0.019603967666625977,290.1226717320884,1.2880647521313084,293.34716796875,7.5,0.0,7.5,58.0,0.0,58.0,0.05512906864803706,0.0,0.05512906864803706,4.352916,0.9267168,6.9592333,1.593765,0.6744158,3.4709702,102021.54,275.55386,102707.5,0.0068047917,0.0016130325,0.01203537,285.21045,1.17891,288.25366,101390.984,268.2649,102054.875,290.10318,1.4201088,293.2827,7.5,0.0,7.5,58.0,0.0,58.0,6.0302625,2.920939,13.017805,4.5502057,0.89769584,6.9592333,1.9090358,0.6122381,3.4709702,182.9640609869143,13.785862372810817,222.02861785888672,0.9570593912517287,0.06700979039651354,0.9999876297688873,0.028940244,0.024767559,0.10162795,0.039415278,0.025218006,0.10162795,0.012707988,0.013824504,0.06585305,0.018678846,0.014859915,0.06585305,0.071165405,0.066450246,0.26987025,108.51979046333128,75.70836944331705,234.1530950491672,37.53476779274867,234.1530950491672,108.51979046333128,58.006377,7.554759,58.0,7.5
272,574,574.0,0.0,574,1.6422806658395908,0.21294881663278678,2.174137592315674,5.448711372003323,0.3371349167273054,6.229256629943848,0.030552544244905798,0.0033610434686118865,0.03786647319793701,290.7183153105945,1.425990687115761,294.16943359375,9.75,0.0,9.75,59.0,0.0,59.0,0.10648669675128475,0.0,0.10648669675128473,3.0351248,0.81053793,5.030121,2.498616,0.64898896,4.2180758,102057.766,332.61182,102831.375,0.0064463965,0.0019995882,0.014110565,285.75238,1.3024029,289.00854,101322.97,321.02832,102068.875,290.37076,1.2297697,293.07593,9.75,0.0,9.75,59.0,0.0,59.0,6.9707346,3.5628676,16.781828,3.1401944,0.71404326,5.030121,2.7639542,0.6772558,4.2180758,191.06225630132164,8.871968238222712,215.1536455154419,0.9347701658156367,0.09927509307911786,0.9999958111304107,0.031822212,0.03062652,0.1303356,0.03482925,0.029695787,0.1303356,0.026294418,0.022505594,0.09637133,0.03173093,0.02224246,0.09637133,0.097103566,0.10182625,0.4484954,83.83845022829567,80.91217506526523,205.61504809943307,44.09795428817777,205.61504809943307,83.83845022829567,58.995212,9.856379,59.0,9.75
273,575,575.0,0.0,575,1.8384167392079422,0.2817973950798781,2.696598529815674,7.308605217352146,0.36503889139981366,7.894565582275391,0.010126653240948188,0.0009768422681489999,0.014766931533813477,289.2785704077744,1.359595043621958,292.58642578125,5.75,0.0,5.75,59.0,0.0,59.0,0.03246009220889521,0.0,0.03246009220889521,2.25866,0.61573607,4.5495653,3.1460557,0.83331984,5.19265,101995.17,263.43195,102740.5,0.011081439,0.0018265728,0.015470505,284.91534,1.118306,287.79663,100988.33,254.34866,101699.875,288.44293,1.3979737,292.07446,5.75,0.0,5.75,59.0,0.0,59.0,7.1648364,3.543458,20.575283,2.8828423,0.807755,5.471364,3.2051184,0.7491509,5.19265,230.42926537409062,16.56297753917775,260.14447593688965,0.9188225337475782,0.13302720110951946,0.9999997731878014,0.014662777,0.010804329,0.05533119,0.034287628,0.030107219,0.17927547,0.03280177,0.026523568,0.12560402,0.0349083,0.025038268,0.12560402,0.10125869,0.11825041,0.6741726,107.68365771014516,84.8443695388375,252.3042063168155,27.111317557577237,252.3042063168155,107.68365771014516,58.974339,5.7301211,59.0,5.75
274,576,576.0,0.0,576,1.8801724154774735,0.31525973725130924,2.762638568878174,7.123460839434368,0.4490639514681337,8.06569766998291,0.013772086399357493,0.0016153831433964592,0.019603967666625977,290.1226717320884,1.2880647521313084,293.34716796875,7.5,0.0,7.5,58.0,0.0,58.0,0.05512918433098706,0.0,0.05512918433098707,4.352916,0.9267168,6.9592333,1.593765,0.6744158,3.4709702,102021.54,275.55386,102707.5,0.0068047917,0.0016130325,0.01203537,285.21045,1.17891,288.25366,101390.984,268.2649,102054.875,290.10318,1.4201088,293.2827,7.5,0.0,7.5,58.0,0.0,58.0,6.0302625,2.920939,13.017805,4.5502057,0.89769584,6.9592333,1.9090358,0.6122381,3.4709702,182.9640609869143,13.785862372810817,222.02861785888672,0.9570593912517287,0.06700979039651354,0.9999876297688873,0.028940244,0.024767559,0.10162795,0.039415278,0.025218006,0.10162795,0.012707988,0.013824504,0.06585305,0.018678846,0.014859915,0.06585305,0.071165405,0.066450246,0.26987025,108.51979046333128,75.70836944331705,234.1530950491672,37.53476779274867,234.1530950491672,108.51979046333128,58.006378,7.554759,58.0,7.5
275,577,577.0,0.0,577,1.6422806658395908,0.21294881663278678,2.174137592315674,5.448711372003323,0.3371349167273054,6.229256629943848,0.030552544244905798,0.0033610434686118865,0.03786647319793701,290.7183153105945,1.425990687115761,294.16943359375,9.75,0.0,9.75,59.0,0.0,59.0,0.10648625219698486,0.0,0.10648625219698485,3.0351248,0.81053793,5.030121,2.498616,0.64898896,4.2180758,102057.766,332.61182,102831.375,0.0064463965,0.0019995882,0.014110565,285.75238,1.3024029,289.00854,101322.97,321.02832,102068.875,290.37076,1.2297697,293.07593,9.75,0.0,9.75,59.0,0.0,59.0,6.9707346,3.5628676,16.781828,3.1401944,0.71404326,5.030121,2.7639542,0.6772558,4.2180758,191.06225630132164,8.871968238222712,215.1536455154419,0.9347701658156367,0.09927509307911786,0.9999958111304107,0.031822212,0.03062652,0.1303356,0.03482925,0.029695787,0.1303356,0.026294418,0.022505594,0.09637133,0.03173093,0.02224246,0.09637133,0.097103566,0.10182625,0.4484954,83.83845022829567,80.91217506526523,205.61504809943307,44.09795428817777,205.61504809943307,83.83845022829567,58.995213,9.8563786,59.0,9.75
276,578,578.0,0.0,578,2.1684953090621204,0.28336190327837085,2.955317497253418,6.726061355776903,0.31103592456898427,7.836181640625,0.026523313871244104,0.002970463170115458,0.032809674739837646,286.0037216558689,0.5548717697223075,287.3369140625,-3.0,0.0,-3.0,58.5,0.0,58.5,0.10673688319418745,0.0,0.10673688319418745,5.104717,1.2423428,7.729741,4.956164,1.356862,7.982991,101958.2,247.56554,102556.125,0.0046842154,0.0008583987,0.008514404,283.91022,0.7466963,285.87378,101811.0,246.76067,102404.875,286.2696,0.6326069,287.8374,-3.0,0.0,-3.0,58.5,0.0,58.5,16.381075,8.7919035,45.21793,5.1877217,1.1596245,7.729741,4.96524,1.3417555,7.982991,225.8507673217029,25.9502722693233,314.12816429138184,0.9367846498254221,0.11336406270558073,0.9999955346352994,0.111792125,0.078426935,0.3234649,0.12642291,0.08806782,0.40902728,0.12473357,0.10804312,0.5732429,0.12506832,0.10773215,0.5732429,0.54742485,0.620042,3.2561228,44.840851975650324,68.37192131165565,154.83507586040864,95.12163781944302,154.83507586040864,44.840851975650324,58.4333,-3.0833299,58.5,-3.0
