station,u10_mean,u10_std,u10_q95,u10_q99,v10_mean,v10_std,v10_q95,v10_q99,d2m_mean,d2m_std,d2m_q95,d2m_q99,t2m_mean,t2m_std,t2m_q95,t2m_q99,msl_mean,msl_std,msl_q95,msl_q99,sst_mean,sst_std,sst_q95,sst_q99,sp_mean,sp_std,sp_q95,sp_q99,tp_mean,tp_std,tp_q95,tp_q99,mwd_mean,mwd_std,mwd_q95,mwd_q99,mwp_mean,mwp_std,mwp_q95,mwp_q99,swh_mean,swh_std,swh_q95,swh_q99,tide_mean,tide_std,tide_q95,tide_q99,residual_mean,residual_std,residual_q95,residual_q99,residual_is_deviant_mean,residual_is_deviant_std,residual_is_deviant_q95,residual_is_deviant_q99,magnitude_mean,magnitude_std,magnitude_q95,magnitude_q99,wind_dir_mean,wind_dir_std,wind_dir_q95,wind_dir_q99,u10_abs_mean,u10_abs_std,u10_abs_q95,u10_abs_q99,v10_abs_mean,v10_abs_std,v10_abs_q95,v10_abs_q99,wind_wave_diff_mean,wind_wave_diff_std,wind_wave_diff_q95,wind_wave_diff_q99,wind_wave_alignment_mean,wind_wave_alignment_std,wind_wave_alignment_q95,wind_wave_alignment_q99,tau_u_mean,tau_u_std,tau_u_q95,tau_u_q99,tau_v_mean,tau_v_std,tau_v_q95,tau_v_q99,tau_mag_mean,tau_mag_std,tau_mag_q95,tau_mag_q99,u10_annmaxmean,u10_annmaxmax,v10_annmaxmean,v10_annmaxmax,d2m_annmaxmean,d2m_annmaxmax,t2m_annmaxmean,t2m_annmaxmax,msl_annmaxmean,msl_annmaxmax,sst_annmaxmean,sst_annmaxmax,sp_annmaxmean,sp_annmaxmax,tp_annmaxmean,tp_annmaxmax,mwd_annmaxmean,mwd_annmaxmax,mwp_annmaxmean,mwp_annmaxmax,swh_annmaxmean,swh_annmaxmax,tide_annmaxmean,tide_annmaxmax,residual_annmaxmean,residual_annmaxmax,residual_is_deviant_annmaxmean,residual_is_deviant_annmaxmax,magnitude_annmaxmean,magnitude_annmaxmax,wind_dir_annmaxmean,wind_dir_annmaxmax,u10_abs_annmaxmean,u10_abs_annmaxmax,v10_abs_annmaxmean,v10_abs_annmaxmax,wind_wave_diff_annmaxmean,wind_wave_diff_annmaxmax,wind_wave_alignment_annmaxmean,wind_wave_alignment_annmaxmax,tau_u_annmaxmean,tau_u_annmaxmax,tau_v_annmaxmean,tau_v_annmaxmax,tau_mag_annmaxmean,tau_mag_annmaxmax,lat,lon,coast_bearing_deg,coast_normal1_deg,coast_normal2_deg,wind_to_mean_deg,wind_vs_coast_normal_diff_deg,wind_more_alongshore_deg
1,5.444261,6.467723,15.987159729003906,18.885734558105465,6.2643023,6.3506145,15.414497375488278,17.36559600830078,283.4133,3.260126,288.3157501220703,289.9234558105469,285.8736,2.8382623,290.3882690429688,291.7736895751953,99490.836,1175.2799,101388.3875,102026.00375,285.73132,2.0894876,288.844384765625,290.051240234375,99258.69,1173.4281,101151.27109375,101790.3265625,0.000757794,0.00090268767,0.0027939796447753896,0.003726353645324706,,,,,,,,,,,,,-0.3323069801181359,1.4742391871136888,2.200424919634162,2.6866116057837837,0.48272175,0.19363213,0.838006144762039,1.0492895293235778,0.0,0.0,0.0,0.0,50.120804,47.017296,147.07420501708984,205.862571105957,107.81162,110.0986,351.1088500976563,358.8002410888672,6.926032,4.843082,15.987159729003906,18.885734558105465,7.599043,4.666888,15.414497375488278,17.36559600830078,,,,,,,,,0.71401536,1.1112454,3.181382036209103,4.902946777343749,0.72934794,1.0961312,2.8552764177322363,4.758960103988647,7.51211,13.081803,34.44708480834961,67.48935913085934,13.942189,21.299103,13.780536,20.684235,287.69626,290.46896,289.73883,297.9201,100920.98,103507.44,288.45468,290.26782,100686.836,103259.17,0.0021266546,0.0045437813,,,,,,,1.5809360316046348,3.2399897230085344,0.7630015,1.4587858,0.0,0,118.57987,237.98804,263.83517,359.77692,13.973586,21.299103,13.867824,20.684235,,,,,2.370391,6.1728888,2.3017874,6.8981705,25.98391,90.1965,48.383,-4.495,237.672610261604,327.672610261604,147.672610261604,287.8116,-39.86099527136963,50.13900472863037
2,5.6406717,6.485263,16.039430236816404,19.071525573730458,6.324356,6.2798734,15.439537048339838,17.38368743896484,283.41962,3.284558,288.6227233886719,290.01824340820315,285.85638,2.7959185,290.4849853515625,291.72938537597656,99472.914,1171.4858,101332.91875,101977.47,285.7446,2.0699627,288.849560546875,289.83083496093747,99240.81,1169.6245,101093.9296875,101742.11953124999,0.00073880545,0.0008937573,0.0027393817901611296,0.00376801013946533,,,,,,,,,,,,,-0.3362679602025297,1.457301559064316,2.152923588665229,2.6394844062611873,0.48281506,0.19449042,0.8367992758750914,1.0506160902976989,0.0,0.0,0.0,0.0,51.34337,47.153038,145.63977661132805,205.31530456542964,105.32279,108.5714,350.9848388671875,358.8181121826172,7.084701,4.8621473,16.039430236816404,19.071525573730458,7.6119876,4.6314783,15.439537048339838,17.38368743896484,,,,,,,,,0.73648834,1.1268022,3.2024469852447464,4.7665076255798215,0.7451336,1.0974563,2.8213293313980086,4.786665487289428,7.730695,13.092723,33.779824066162064,67.13161712646482,14.108234,21.299103,13.764299,20.684235,287.74493,290.43558,289.66092,292.459,100887.57,103507.44,288.4872,290.26782,100653.53,103259.17,0.002094984,0.0045437813,,,,,,,1.5676506754095425,3.243174787778948,0.7632248,1.4538819,0.0,0,120.09791,237.98804,267.90042,359.83902,14.145872,21.299103,13.844412,20.684235,,,,,2.4221048,6.1728888,2.3187008,6.8981705,26.416685,90.1965,48.383,-4.5,237.67351606888667,327.67351606888667,147.67351606888667,285.32278,-42.350731645058545,47.649268354941455
3,5.5372815,6.501225,15.994964599609375,18.854166870117187,6.1996584,6.277372,15.329153442382811,17.30941101074219,283.3576,3.3763285,288.622900390625,290.1204467773438,285.81195,2.8496213,290.48638916015625,291.7319641113281,99526.99,1196.4369,101393.175,102034.3775,285.74905,2.0814114,288.87021484375,289.5523828125,99294.7,1194.3428,101156.415625,101798.525,0.00074902416,0.00091833464,0.0028142929077148433,0.003769311904907227,,,,,,,,,,,,,-0.3552503922333602,1.4584674983562858,2.145604734054456,2.6533310512798587,0.48564819,0.20549093,0.8451950430870055,1.1958274602890024,0.0,0.0,0.0,0.0,50.751953,46.82735,144.67447204589843,202.51106567382817,106.94376,108.6864,350.1607727050781,358.6536767578125,7.043221,4.8245826,15.994964599609375,18.854166870117187,7.5076737,4.62974,15.329153442382811,17.30941101074219,,,,,,,,,0.7308875,1.0927277,3.1686017990112303,4.248740043640138,0.7263907,1.0898334,2.800396585464477,4.7875312805175785,7.58587,12.795323,33.33227767944335,65.32095214843753,13.895708,21.299103,13.644733,20.684235,287.80994,290.6476,289.68924,292.61322,100966.74,103507.44,288.49432,290.26782,100732.29,103259.17,0.0021345848,0.0045437813,,,,,,,1.5638888649906368,3.2412072121315725,0.7867873,1.453062,0.0,0,119.14449,237.98804,264.94217,359.77692,13.934229,21.299103,13.766473,20.684235,,,,,2.3494852,5.3890977,2.3014205,6.8981705,25.884802,90.1965,48.38290024,-4.49503994,237.67262524279437,327.67262524279437,147.67262524279437,286.94376,-40.72886913927874,49.27113086072126
4,2.2685714,6.408777,12.657001495361328,15.923358306884765,5.4730163,5.8449845,13.452732086181639,15.753302307128905,282.85635,3.5643559,288.7165298461914,289.73004150390625,285.50113,3.6213503,291.12182159423827,292.6794799804687,99574.07,1123.387,101272.13125,102073.278125,285.8843,3.396805,291.00115966796875,291.8171240234375,99529.08,1123.1482,101226.3578125,102027.306875,0.00080180005,0.001021752,0.002886700630187988,0.0038197660446166984,212.31242,59.69433,290.48597412109376,322.6813757324219,5.3948145,1.4946381,8.134735441207885,10.515367441177368,1.3437685,0.65881574,2.5695798277854918,3.001912724971771,-0.5194574485579807,1.3245895037983015,1.693965804469929,2.148631555227502,0.62925565,0.2835754,1.15076265335083,1.480672310590744,0.0,0.0,0.0,0.0,34.59068,31.658634,93.69716987609856,139.49424255371093,144.8544,130.6523,350.8594345092773,358.300498046875,5.49571,3.9948316,12.829537963867185,15.987694549560546,6.9367967,3.994626,13.516287231445311,15.753302307128905,67.45802,158.63213,209.89118652343748,236.14511962890626,-0.018945914,0.7097621,0.9826715916395188,0.9995660275220871,0.20987135,0.697267,1.447171849012374,2.6395504403114303,0.37009814,0.6866116,1.585791850090026,3.0609046983718855,3.4979196,6.219454,13.98321962356565,30.988052597045897,10.422044,18.42514,11.74531,17.26149,287.26764,290.39304,290.15753,296.89233,100863.96,102648.31,290.50067,292.2339,100818.83,102602.61,0.0021909238,0.006872177,279.22327,349.71237,7.421133,12.430728,2.2524898,3.4159756,1.0818255611698728,2.3798854890027723,1.033006,1.8105942,0.0,0,76.560005,174.12018,311.5657,359.5308,10.946475,18.42514,11.849884,17.26149,201.81592,258.16098,0.78094524,0.99997133,1.0976985,3.5550292,1.2745754,3.76585,11.339875,48.281155,47.266862,-2.20155,237.90055861903517,327.90055861903517,147.90055861903517,324.8544,-3.0461579842695414,86.95384201573046
5,1.8339938,6.6329603,12.658761596679682,15.92524993896485,5.424979,5.4948735,13.503124999999995,16.00613586425782,282.7547,3.6561704,288.6086730957031,289.79805725097657,285.47897,3.6430757,290.8503112792969,292.60904418945313,99652.94,1209.4318,101745.15625,102548.3175,285.83362,3.3644934,290.9861328125,291.4773046875,99607.92,1209.1418,101700.27734375,102503.205625,0.00074215455,0.0009701967,0.002759122848510741,0.004097681045532235,208.24252,63.30902,295.2519989013672,332.5242968750002,5.30055,1.5070345,8.405202579498287,10.030884094238285,1.3152872,0.67394197,2.6249756097793573,3.223554658889772,-0.27492019340483914,1.1942909425552408,1.6754571052990146,2.0935929386637038,0.5194911,0.23341231,0.9504629492759703,1.1043058443069464,0.0,0.0,0.0,0.0,33.314754,30.135254,95.96249008178704,129.80337112426778,161.98079,132.9364,351.9208740234375,357.0561773681641,5.605027,3.9812658,12.807228088378903,16.75775695800783,6.6444283,3.927706,13.503124999999995,16.00613586425782,46.26173,169.61952,209.40825805664062,246.58274322509777,-0.047405113,0.7103789,0.9544855892658233,0.9982327270507814,0.19387276,0.7120218,1.6548183917999244,3.2384775209426926,0.36587942,0.6001718,1.3914712548255916,2.0985777282714855,3.2089026,5.6907053,14.666382980346658,26.83613590240487,9.966295,21.842987,11.125296,17.875671,287.12338,290.30237,289.9281,294.49103,101063.555,102951.125,289.95456,291.7959,101018.27,102903.58,0.0019717258,0.0068278313,277.39905,349.71237,7.3938446,12.203787,2.172993,3.627385,1.0882469993791426,2.4832396529835856,0.8149042,1.4832124,0.0,0,68.157265,174.12018,318.5711,359.48685,10.647224,21.842987,11.251383,17.875671,189.02953,290.2504,0.71474785,0.999954,1.0164626,3.7261934,1.0780157,3.76585,9.288365,48.281155,47.140383,-2.24635,358.5480521448369,88.5480521448369,268.5480521448369,341.98077,73.43272178094435,-16.567278219055652
6,6.1907163,7.560789,17.177349090576175,19.93776824951174,3.9676676,6.769821,14.143142700195314,16.647479705810547,283.58557,3.2824628,288.63977813720703,290.0715591430664,286.0776,2.9021401,290.67054443359376,291.83860260009766,99504.21,1170.3413,101361.271875,102037.75375,286.29654,2.3752298,290.05089111328124,290.66432373046877,99435.68,1169.8994,101292.683203125,101967.419453125,0.0007352537,0.0010655723,0.0029760122299194343,0.004613914489746096,235.45583,38.6879,285.4268798828125,310.9427307128909,7.9615517,1.8106682,11.191683912277222,12.507515916824348,2.7530234,1.5171465,5.706555581092836,6.983562583923341,-0.19446544558142054,1.04558379779488,1.5694918581369457,2.0330060169060657,0.42282096,0.17981079,0.7350828528404236,0.9043604081869127,0.0,0.0,0.0,0.0,51.598244,52.32146,163.51866836547853,210.4015721130374,110.58501,97.47426,331.1856872558594,355.81134948730477,8.214557,5.2836747,17.177349090576175,19.93776824951174,6.4530663,4.4549956,14.823050689697268,18.01307983398441,124.87082,110.77095,217.58587951660158,237.85122070312502,-0.038964447,0.70437527,0.9871396064758301,0.999610071182251,0.8283128,1.3628542,3.754495203495026,5.280008478164675,0.5477157,1.2557296,2.922860574722291,5.395699882507326,8.5853,15.081724,42.58100414276124,70.51326332092303,14.672004,26.36583,11.317479,18.554214,287.68753,291.2863,289.85858,293.2597,100944.875,102658.19,289.36295,291.1714,100875.89,102588.27,0.0021889254,0.009082794,271.4533,353.0394,10.272684,14.307749,4.8082447,8.04835,1.0395224546291093,2.263763170059026,0.6731867,1.2808826,0.0,0,123.802505,243.04007,245.03938,358.90543,15.050755,26.36583,12.098387,19.803558,203.59277,277.53287,0.73320764,0.9999958,2.7118442,7.686948,2.1457274,6.3872957,28.946539,94.06655,47.644274,-3.445852,271.7314221040323,1.7314221040322764,181.73142210403228,290.58502,-71.14640013137603,18.853599868623974
7,6.056985,6.936361,16.58538818359375,20.40078735351563,7.4962034,6.359625,16.336593627929688,19.369189453125017,283.55463,3.2255883,289.20684814453125,290.2016662597656,286.10544,2.8025413,290.69171142578125,291.660888671875,99507.79,1172.9807,101194.25,101932.8625,285.99136,2.2689843,289.651611328125,290.5779296875,99430.12,1172.4052,101115.53125,101855.0703125,0.00067364686,0.00088355324,0.0025930404663085938,0.0037759780883789068,,,,,,,,,,,,,-0.16820197973066472,1.599716234621445,2.415431000254282,2.8694341093669182,0.43575716,0.17801617,0.7367947697639465,1.0502802729606642,0.0,0.0,0.0,0.0,63.71314,59.511135,173.1890869140625,226.75867614746102,107.705666,112.88582,350.01641845703125,356.2248291015625,7.592235,5.2050595,16.58538818359375,20.40078735351563,8.4760685,4.9744587,16.336593627929688,19.369189453125017,,,,,,,,,1.0106875,1.5269942,4.106777191162109,5.788988304138186,1.1019685,1.4434025,4.193182468414307,5.584583663940432,12.086926,18.939995,47.766178131103516,81.90052490234382,14.232635,25.628525,14.570423,20.24858,287.753,291.10855,289.71082,293.2882,100924.61,102383.25,289.0884,290.92554,100846.16,102303.6,0.0019398862,0.004072666,,,,,,,1.6970578456728465,3.3549530027541317,0.66762066,1.3519646,0.0,0,157.25789,247.11522,271.65704,359.01233,14.595667,25.628525,14.948338,20.24858,,,,,3.3993044,8.923952,3.3364003,7.4659142,42.98399,97.2475,48.359098,-4.78075,347.9072213098951,77.90722130989508,257.9072213098951,287.70566,29.798436649089297,-60.2015633509107
8,5.701366,7.050966,16.858253479003906,21.174880371093746,6.230434,5.5435753,13.91551055908203,15.701701965332031,283.20413,3.4627728,288.8318725585938,289.72371765136717,285.818,3.1080618,290.9748077392578,291.9845300292969,99586.14,1151.1494,101289.14375,102079.67375,285.75204,2.3037546,289.262109375,289.6310986328125,99383.805,1149.693,101082.52890625,101870.57046875,0.0004724804,0.0007792816,0.002309656143188476,0.003566265106201172,236.67958,56.932343,285.7344451904297,318.7212243652344,8.204744,2.0279953,11.854396533966062,13.070929889678954,2.9804168,1.7380592,6.302028799057006,7.728858013153076,-0.7539063559495583,1.9411377822148859,2.5601249130761863,3.404508921643117,0.4542607,0.16714682,0.7378978013992309,0.9576884484291076,0.0,0.0,0.0,0.0,55.872524,52.762802,163.0411956787109,221.78686401367187,106.80011,107.83455,340.6464782714844,357.25010192871093,7.4777427,5.121382,16.858253479003906,21.174880371093746,7.2272973,4.1559434,13.91551055908203,15.701701965332031,129.87949,133.99068,227.995361328125,258.9794622802734,0.017507462,0.72279394,0.9827289998531341,0.9992707073688507,0.89391613,1.4348718,3.939945220947265,5.823197793960571,0.8211529,1.1288828,2.8990475177764887,4.7513771247863765,9.390311,16.075733,42.3390270233154,78.33765747070312,14.920895,23.507553,12.678651,18.794449,288.04187,290.40686,290.22116,293.70663,100962.37,103516.69,288.95895,289.96045,100758.555,103302.52,0.0015331507,0.0047135353,280.43994,355.2127,11.096671,16.610195,5.640866,9.661693,1.8994279104615326,3.6321077110391555,0.6953042,1.3402249,0.0,0,136.65875,256.98294,258.3477,358.29785,14.953434,23.507553,12.714346,18.794449,220.49303,278.03827,0.87267184,0.9999762,3.0857272,9.620357,2.577672,6.3527107,33.738598,105.169075,48.718426,-3.965679,193.91009250125492,283.9100925012549,103.91009250125492,286.8001,2.890017362026356,92.89001736202636
9,1.394058,6.3401055,13.005415344238273,15.935115661621067,3.2658513,6.0500174,11.48333587646484,13.924797363281249,282.57834,4.375436,289.3125885009766,291.54876953125,285.26462,4.513328,292.0932861328125,294.3461633300781,99710.41,1204.1306,101610.6625,102496.665,285.98923,3.837315,291.5697021484375,292.8607275390625,99486.266,1202.9658,101381.83125,102264.921875,0.0006837521,0.0010182563,0.0028882026672363255,0.0046791553497314425,205.79956,79.62962,319.8828552246093,353.22812133789057,4.5679016,1.2434196,6.932838058471678,8.08948511123657,0.9277673,0.51191103,1.815549170970916,2.2552249193191516,-0.5212948054328804,1.2718571615429994,1.6798318422864214,2.0361701075866043,0.5617525,0.25301605,1.0376108527183527,1.2856774044036852,0.0,0.0,0.0,0.0,28.04492,26.665749,83.87407150268552,110.54390884399398,157.40912,122.461006,346.8808624267578,354.8842364501953,5.236252,3.8231838,13.237022399902342,15.935115661621067,5.849503,3.5992346,11.890594482421868,13.924797363281249,48.390446,168.21323,203.75848541259762,230.77951263427718,-0.008314801,0.71434176,0.9831622838973999,0.9995534455776215,0.12794124,0.5990413,1.3031774997711179,2.1539532399177435,0.17809707,0.5111225,0.9757750988006565,1.578612258434295,2.3802357,4.071871,11.203174114227288,19.501497154235782,9.219958,17.975693,9.963894,16.904022,287.80948,292.79346,290.7326,296.2394,101084.2,102873.875,290.6799,293.9204,100858.695,102641.78,0.0020475658,0.006214142,295.79758,357.72073,6.313677,9.758896,1.5770386,2.414733,0.9685548956288437,2.557017516776745,0.8874996,1.5183618,0.0,0,65.9545,119.8695,302.06516,358.46628,10.408912,17.975693,10.516677,16.904022,190.58023,262.52597,0.74708265,0.9999998,0.8578891,3.2883928,0.7884909,2.492675,8.133375,22.88215,46.15850067,-1.22064996,337.81207480958966,67.81207480958966,247.81207480958966,337.40912,89.59704384275409,-0.40295615724591016
10,2.0276227,6.593917,13.129052734374994,16.84024597167968,1.531536,5.754183,9.902432250976558,11.526746826171873,281.9932,4.0258093,288.26292724609374,289.4417822265625,284.73065,4.2326903,290.72857666015625,293.7534130859375,99660.3,1196.9045,101415.9,102109.5475,285.90436,3.762847,291.5392578125,293.012646484375,99435.78,1195.6288,101189.284375,101883.588125,0.0005396881,0.00076143176,0.0020564079284667966,0.0033696746826171807,213.39624,83.1913,298.7701782226562,325.52509643554686,4.947561,1.4865309,7.80696449279785,9.390230484008782,0.89089596,0.48857749,1.8502849340438838,2.181946058273315,-0.2159566760383346,1.1056117135465524,1.4125553749665047,1.8246273296640347,0.5181229,0.27380964,1.021216320991516,1.3539250993728635,0.0,0.0,0.0,0.0,26.580814,28.15225,85.44387664794921,121.37569732666014,161.3343,113.677986,342.3883544921875,357.3131225585937,5.6389165,3.9593306,13.129052734374994,16.84024597167968,4.9244895,3.333588,11.2861083984375,12.054993896484374,52.061935,164.30138,211.9783752441406,229.2901269531249,-0.026923055,0.6987231,0.9908595561981202,0.999175751209259,0.13561787,0.60953695,1.2963866233825683,2.228220033645628,0.026324375,0.55635005,0.7298823714256281,1.0945315122604364,2.3819737,4.7296543,11.626311874389648,23.461216888427728,9.522243,17.574356,7.4936743,15.601959,286.5252,289.61346,289.47195,298.09302,101083.29,103437.56,290.329,293.91064,100857.93,103193.234,0.0014426443,0.004087925,281.73172,358.24777,6.842887,10.8062935,1.4786727,2.414733,1.051473356330872,1.8604471983037305,0.8347597,1.5878131,0.0,0,62.389484,127.27708,295.73093,359.23276,10.787579,17.574356,8.499474,15.601959,188.91464,267.02652,0.7696333,0.9994832,0.8291983,3.2854993,0.50100726,2.5958219,8.042871,25.79763,45.56848,-1.061555,128.1237290590198,218.1237290590198,38.12372905901981,341.3343,-56.78943950823856,-146.78943950823856
11,0.11891694,5.530608,9.911032104492184,13.716408691406253,4.7893295,5.88878,12.894897460937498,14.451564331054687,282.8015,3.9924853,288.6080688476562,290.54138671875,285.6072,4.1964154,291.836181640625,294.0578076171875,99567.04,1088.1882,101098.9625,101495.68000000001,286.0068,3.7853189,291.7953125,292.8498046875,99343.6,1087.1248,100876.675,101273.8184375,0.000765506,0.00097348477,0.0027482032775878905,0.004085254669189453,193.74565,74.19654,295.84716796875,326.4156689453125,4.57804,1.3394707,7.1945516586303695,9.443716506958008,0.9300307,0.50865835,1.8244442224502562,2.0796551799774172,-0.384540210232365,1.054410262040788,1.2817806674125016,1.732925850202442,0.47130063,0.21648124,0.8933868646621702,1.0333420562744142,0.0,0.0,0.0,0.0,28.210594,26.715376,77.59019622802731,122.82953582763675,183.67128,132.52756,353.591357421875,358.87608642578124,4.5116143,3.1863673,10.374285888671874,13.726020507812503,6.4595656,3.975228,12.894897460937498,14.451564331054687,10.074358,173.10631,206.73736877441405,229.9548205566406,0.033930264,0.70804596,0.9895641565322876,0.9995019483566284,0.047012836,0.51362985,0.8551527142524719,1.5877557754516616,0.3252132,0.5438965,1.2713573932647704,2.5740099716186546,2.398719,4.468731,9.5891164779663,24.04129692077638,7.239754,18.190765,11.139459,15.909256,287.50934,292.68628,290.7607,296.27737,100895.49,102647.69,291.2499,293.56982,100671.31,102416.37,0.0020014236,0.0047950745,274.59668,351.99362,6.492748,10.391882,1.6149259,2.4087234,0.8151249091261568,2.149393176086277,0.768941,1.2330122,0.0,0,68.03895,148.24706,322.63904,359.8354,8.905275,18.190765,11.389988,15.909256,191.4091,237.7739,0.7967987,0.99981534,0.67426175,2.9169288,1.1152267,3.0139766,8.591709,34.998676,46.497358,-1.793528,310.9647072497468,40.96470724974682,220.96470724974682,3.6712646,-37.29344260130932,52.70655739869068
12,4.2904387,6.373801,14.843746948242172,16.754508666992184,5.0241604,5.34534,13.218121337890622,14.897877807617185,283.08292,3.6069129,288.7809692382813,289.8791357421875,285.72568,3.4318247,290.95368041992185,291.7687109375,99904.97,1281.8467,102087.325,102734.985,285.94092,3.5564907,291.30732421875,292.1196484375,99862.39,1281.5055,102044.734375,102691.805625,0.00079363614,0.0011477345,0.0031500816345214787,0.0049071311950683585,225.11249,59.220882,286.9472595214843,314.36388061523434,5.6628075,1.5347434,8.414436149597167,10.530460815429686,1.3551503,0.69116807,2.634001350402831,3.011725149154662,-0.9381152039130264,1.5503251135707374,1.2735050981317957,2.0090718888328083,0.8554322,0.3657335,1.5336948871612548,1.8593094348907464,0.0,0.0,0.0,0.0,35.152287,30.796886,99.68493804931629,126.74837158203123,117.834015,115.79253,345.74956665039065,356.30600830078123,6.2947745,4.3941946,15.226187133789063,16.754508666992184,6.2105665,3.8962584,13.218121337890622,14.897877807617185,107.27847,145.9385,218.53484191894526,239.68611938476562,0.032674555,0.7042323,0.9846484184265136,0.9971243858337402,0.31011134,0.6739933,1.4945266723632804,2.4452898883819567,0.37717858,0.629047,1.6048439502716045,2.282180881500244,3.4711385,5.517929,15.835901069641075,25.588195419311514,12.019609,18.817764,11.559858,17.693192,287.79385,291.0058,290.16898,292.22485,101534.766,103681.875,291.0245,292.2417,101491.8,103637.266,0.0025703376,0.0066843033,284.5859,358.4304,7.86101,12.222712,2.289053,3.4159756,0.9667697637561079,2.254674600341528,1.3738239,1.9769069,0.0,0,77.67573,145.0865,287.24753,357.40662,12.129505,18.817764,11.562602,17.693192,211.0722,259.00873,0.82537663,0.99913,1.1998296,2.6487339,1.2724022,3.1254046,11.205823,33.522274,47.277217,-1.8898,301.351192923768,31.351192923767996,211.351192923768,297.834,86.48282196881013,-3.5171780311898715
13,3.5529065,6.148398,13.312728881835938,15.383940429687499,2.9573689,5.8481417,11.955374145507804,14.400711059570309,282.53156,4.192675,288.4564636230469,290.27080078125,285.3891,3.9203522,291.4844543457031,293.1564697265625,100229.95,1214.6187,101957.7375,103089.6025,285.81543,3.7388544,291.40380859375,292.48431640625,100004.73,1212.2236,101726.253125,102854.51468749999,0.00061153696,0.00096739293,0.0027183532714843734,0.0044125175476074216,220.24872,71.451935,302.317822265625,319.5448962402344,4.685361,1.3102499,6.978070259094235,8.446120719909667,0.9820645,0.52553695,1.848872113227844,2.1559366607666015,-1.051571963186448,1.3404407093832953,1.274312794342011,2.047045215423139,0.9727693,0.47697443,1.9505847692489624,1.998379249572754,0.0,0.0,0.0,0.0,28.549873,26.583872,81.31238250732417,119.14492218017573,138.03838,113.78963,345.28643798828125,356.32355346679685,5.8324304,4.0382895,13.345419311523436,15.385960083007811,5.4595084,3.6112628,12.194464111328125,14.400711059570309,82.21034,153.63574,206.69802551269532,232.4921771240234,-0.03324953,0.71119606,0.9735474944114685,0.9977576327323914,0.23695505,0.5339782,1.3410272121429427,2.0749809026718133,0.19792344,0.52513045,1.0958917140960687,1.6956655597686765,2.418179,4.119582,10.530422019958486,22.634527587890602,10.646405,18.340225,10.489781,16.909988,287.64285,290.76926,290.43393,297.03918,101647.39,103481.56,291.11536,293.56982,101418.37,103247.61,0.002031823,0.005824089,287.84875,347.33658,6.5520043,11.880443,1.6906241,2.461874,0.711695009152945,2.2597509572168044,1.6226071,1.9996696,0.0,0,66.562775,125.01483,293.94287,359.7354,11.077679,18.340225,10.5588875,16.909988,201.11395,258.82123,0.8140173,0.99967647,0.96014786,2.1879601,0.9394425,2.570154,8.162229,24.888718,47.205383,-1.765133,91.90359661818383,181.90359661818383,1.9035966181838262,318.0384,-43.865205504902576,-133.86520550490258
14,4.0839167,5.8259134,13.270887756347653,14.999956970214841,2.1694713,5.342002,10.174661254882803,14.25936767578124,282.37958,4.221972,288.72715454101564,289.867666015625,285.32306,3.9705431,291.3746032714844,293.1641528320312,100597.734,1343.2299,102610.95,103275.04125,285.83658,3.8032186,291.6547119140625,292.5142724609375,100371.62,1340.0802,102377.734375,103039.56984375,0.00046849015,0.00078019017,0.002147674560546874,0.0032519721984863256,238.81146,64.513794,309.08825988769524,335.24865234374994,4.961978,1.4134331,7.8262532234191875,9.315615234374995,0.93353945,0.55554557,2.0381703734397867,2.2554798603057855,-1.116750108717181,1.2574917813459845,1.376793143739326,2.0185113371635857,1.0721579,0.5354622,1.9950084447860716,1.9993271207809449,0.0,0.0,0.0,0.0,26.015314,27.40236,88.37792053222648,117.59850036621093,123.36825,103.74487,341.33656616210936,356.39210449218746,5.738958,4.1956553,13.270887756347653,14.999956970214841,4.7651825,3.2322617,11.473083496093725,14.25936767578124,115.44321,135.16342,227.37310943603507,273.296860961914,-0.010787144,0.6991094,0.9687867999076843,0.9983089280128479,0.2730293,0.5549885,1.401566898822784,2.4485196161270113,0.13305065,0.5134833,0.9507005453109725,1.6486141157150265,2.2676995,4.6551394,12.440174198150613,22.023383178710933,11.029973,18.340225,8.991145,14.7439575,287.55768,290.4462,290.338,296.38513,102145.125,103481.56,291.0068,293.56982,101914.36,103247.61,0.0015810013,0.0053954124,297.71567,339.66824,7.1301246,9.764512,1.7013583,2.461874,0.5224248796695085,2.0743944777822585,1.7318225,1.9997692,0.0,0,64.894165,147.05127,268.97137,359.79227,11.119688,18.340225,9.296228,14.7439575,212.86998,299.47165,0.8536781,0.9998848,1.0224959,2.7869306,0.819828,2.893604,8.293724,34.43634,47.19345,-1.633667,8.806992533107916,98.80699253310792,278.8069925331079,303.36826,24.56126308212646,-65.43873691787354
15,8.404694,6.3671885,17.63672409057617,19.231272430419907,2.928794,5.8733077,11.29030151367187,13.686821746826162,283.0572,3.8298237,290.12119750976564,291.18280639648435,286.15826,3.7342052,292.60695190429686,294.2917980957031,99928.664,1044.952,101451.871875,102164.149375,286.1878,3.6899636,291.8560546875,292.78545654296875,99886.17,1044.7927,101409.07578125,102121.912265625,0.00037420425,0.0006623151,0.0015643358230590814,0.0030336761474609375,246.4037,48.682293,296.5862152099609,332.47344207763666,5.79507,1.5956279,8.772061252593991,9.839382352828979,1.7070122,0.8933082,3.270110154151915,3.4267944622039783,-1.0091026882103726,2.7102115154994535,3.141342718365917,4.378543577508192,0.64430374,0.2258757,1.0900698304176322,1.1703618943691254,0.0,0.0,0.0,0.0,46.28492,41.068344,122.58782424926747,180.16381042480432,97.47964,83.74789,323.54324188232397,356.3435754394531,9.002535,5.4844584,17.63672409057617,19.231272430419907,5.5977836,3.4085174,11.81426239013671,13.686821746826162,148.92406,102.61524,209.4440124511719,246.1736299133295,0.027829938,0.7139497,0.9851760417222976,0.9996184277534484,0.839066,1.1069067,3.07744801044464,5.420944957733146,0.21085703,0.8865294,1.4134770989418028,2.533240547180165,6.0833907,10.915961,23.947772979736285,51.7858631134031,15.310514,21.012314,9.180049,17.803482,288.38837,291.9464,291.25226,295.80682,101207.016,102314.375,290.95135,293.17847,101164.55,102271.41,0.001288947,0.0052199364,292.31885,357.73233,7.696306,10.219365,2.741488,3.94379,1.9916983098891048,5.1567748993653275,0.95508677,1.4443679,0.0,0,98.87714,226.67485,210.49701,359.45645,15.361991,21.012314,9.88447,17.803482,208.31836,336.36612,0.786238,0.99996305,2.2339242,6.09633,1.1698864,3.6073577,19.20418,81.82502,48.640812,-2.028103,345.36987523823115,75.36987523823115,255.36987523823115,277.47964,22.10976953715948,-67.89023046284052
16,2.0513124,6.3593082,11.634483337402342,13.250005798339846,1.7414106,6.270567,10.77437286376953,14.857115020751964,281.8267,4.1855044,288.5148406982422,289.84509521484375,284.57404,4.35784,291.1470260620117,293.7944616699219,99697.71,1100.0592,101473.290625,101913.323125,285.5022,3.7300897,291.2194091796875,292.02337646484375,99473.05,1099.0221,101246.7890625,101689.78296875,0.00056488253,0.000876101,0.0023028135299682615,0.0038858938217163097,211.6466,83.98199,305.39336090087886,337.67443359375005,4.96235,1.7190795,8.10300097465515,10.038508844375611,0.885191,0.49907017,1.7402926325798034,2.1458244919776925,-0.3288728019793569,1.1842486541002686,1.7926308978617311,2.020472457619383,0.47569877,0.23493323,0.9359529286623,1.1888093030452735,0.0,0.0,0.0,0.0,30.597008,31.376863,103.96236000061035,119.80796890258789,151.16125,110.29126,339.1053070068359,352.80152618408204,5.704116,3.4479976,11.634483337402342,13.250005798339846,5.3304915,3.7065513,11.276969909667969,15.073536071777351,60.48535,167.44608,213.75799713134762,240.15775115966798,-0.055603262,0.6659433,0.9461651384830475,0.9902666753530502,0.21650088,0.6402934,1.5436285257339466,2.330789172649384,0.09824582,0.7237561,1.106746083498001,2.3800617241859467,3.0464413,5.535344,17.212794589996335,22.85868127822876,8.841508,13.353699,7.3681746,23.10289,286.31662,290.6093,289.2259,296.0023,101013.38,102026.19,289.67062,292.21484,100788.05,101795.58,0.0016798881,0.0042710304,272.748,359.34576,7.1710544,10.1874485,1.512518,2.7158308,0.9888666000366554,2.2099905090397804,0.72336984,1.2608229,0.0,0,68.09663,126.65561,277.0153,358.39478,10.130207,13.353699,9.241121,23.10289,170.88637,251.47583,0.6387223,0.9954145,1.0032098,2.5418663,0.7392571,3.847027,9.263283,25.546318,45.56843333,-1.06148333,128.58437869345892,218.58437869345892,38.584378693458916,331.16125,-67.42312381064642,-157.42312381064642
17,3.3766835,6.7235365,13.749819946289056,15.415446777343748,6.471095,5.148972,13.269848632812495,14.696052246093746,282.9534,3.4528828,288.7156005859375,289.77365844726563,285.5487,3.497114,291.1396911621094,292.51652099609373,99527.13,1089.3175,101036.7375,101685.9375,285.56335,3.3929267,291.098193359375,291.745048828125,99484.72,1089.116,100994.1859375,101642.5275,0.00091314747,0.0011825993,0.0033940315246582028,0.005267620086669908,209.08482,58.41663,274.36278076171874,284.3827819824219,5.4043546,1.4075321,8.052223587036131,9.517263221740714,1.4751433,0.64001197,2.697518825531004,2.9943757724761926,-0.5952612769089973,1.4792283877452441,1.8831865109950747,2.191777482027973,0.6977535,0.32286856,1.3135646581649774,1.500957007408138,0.0,0.0,0.0,0.0,37.967163,32.84255,107.8565872192382,132.0555413818359,139.4418,132.72401,350.95068359375,358.5762463378906,6.183331,4.267405,13.749819946289056,15.415446777343748,7.210015,4.042403,13.269848632812495,14.696052246093746,69.643005,168.72704,209.76300659179682,232.3953137207029,-0.06942589,0.69177824,0.9915761828422546,0.9999155354499817,0.27895424,0.73436964,1.7616469621658324,2.5660020542144752,0.4899494,0.664167,1.7273021221160885,2.786373796463005,4.00291,6.4321246,18.533311080932585,27.774880065917948,11.223399,18.817764,11.860266,14.941986,287.34152,290.30386,290.03116,294.53125,100724.84,102479.19,289.75668,291.99316,100682.266,102436.78,0.0025226197,0.0061154366,262.94287,319.78625,7.343123,9.926816,2.3505895,3.4159756,1.1296849971504463,2.5683301335706092,1.1088109,1.7214919,0.0,0,81.7393,161.88618,309.85333,359.5893,11.360671,18.817764,11.9199095,14.941986,202.70093,243.24402,0.6385082,0.9999737,1.138872,3.189098,1.3749106,3.3738081,12.30344,41.734867,47.305667,-2.0883,266.02180936088365,356.02180936088365,176.02180936088365,319.4418,-36.580006382368026,53.419993617631974
18,0.87159777,5.6508174,10.609683227539058,13.127581787109383,6.5496554,5.4582353,14.205148315429687,16.32953308105469,283.29813,3.7621434,289.3646484375,291.02340820312503,285.9949,3.750584,292.06201171875,293.4802685546875,99575.5,1066.0673,100965.6875,102102.1725,286.11612,3.455645,291.4724609375,292.2478125,99398.445,1065.2273,100787.478125,101922.018125,0.0009923734,0.00117002,0.0033491134643554633,0.004392547607421876,206.64204,58.18736,280.9994384765625,299.17350952148445,6.0219016,1.6145906,8.871792221069335,11.23908893585205,1.6400417,0.786627,3.076024103164672,3.8201535224914553,-0.35620832475449704,1.2005851021640026,1.5860600775076756,2.145545196719295,0.4737932,0.22280322,0.8772771954536438,1.0084435129165654,0.0,0.0,0.0,0.0,32.84398,29.108267,89.52238922119139,125.73128723144532,170.87103,141.84773,355.6482666015625,357.4201379394531,4.619708,3.3457122,11.169219970703123,13.443138427734375,7.5732636,3.9021113,14.205148315429687,16.32953308105469,35.77102,168.55762,216.1433898925781,240.93426574707036,-0.03160367,0.68802285,0.9825227379798889,0.9982727694511414,0.10233103,0.61424744,1.261963605880737,2.0163418483734166,0.42392027,0.60113823,1.4955934286117538,2.4823707866668703,3.0570388,5.314384,12.76517314910888,25.175513381958012,7.4135504,14.035782,11.412728,16.812408,287.5951,292.15656,290.10446,293.63055,100687.74,102197.94,289.96518,292.44604,100509.664,102013.92,0.002452144,0.0046024323,264.27148,323.76932,7.996195,13.278849,2.4047272,4.0371137,0.6927077335572804,2.408544725929244,0.7103906,1.1476339,0.0,0,62.14573,144.06367,312.75522,358.1113,7.9893346,14.035782,11.533203,16.812408,202.00934,252.57562,0.71331775,0.9995247,0.7200543,3.091693,1.0923388,3.2221189,7.970875,33.05129,47.542676,-2.895167,334.7863158488118,64.7863158488118,244.7863158488118,350.87103,-73.91528313396805,16.084716866031954
19,6.7218924,6.838834,15.780164337158196,19.427848205566406,6.1323767,6.538127,14.881658935546874,17.022986907958984,284.25067,3.1334298,289.1023574829102,290.76719482421873,286.50064,2.8713052,290.8738220214844,292.019153137207,99353.03,1001.83673,100844.5375,101176.36875,286.42242,2.4168177,290.1844482421875,290.86369384765624,99284.69,1001.47955,100775.8734375,101107.286015625,0.0010988542,0.0013079839,0.003269362449645996,0.00479182243347168,228.83363,31.786604,271.8930328369141,285.5222833251953,7.7996097,1.6405777,10.768108177185058,12.161815252304077,2.8952327,1.3654106,5.390427803993225,7.007380976676941,-0.2606678251605809,1.1176623750122885,1.599038965079933,2.121015940664791,0.4294154,0.17821199,0.7189538449048994,0.8458167058229447,0.0,0.0,0.0,0.0,60.689423,53.992855,162.97369384765625,232.0516815185546,94.89757,97.51545,334.6916625976562,355.3531396484375,8.220183,4.9229813,15.780164337158196,19.427848205566406,7.6936393,4.584755,15.425785064697264,17.48378707885742,133.93605,102.800644,210.19443511962888,229.34506835937498,0.013882354,0.7274392,0.9822955369949341,0.9995654481649399,0.9533044,1.4435226,3.4632490515708914,6.467455859184265,0.87844044,1.2975718,3.3574673414230336,5.679621529579162,10.477861,18.104319,42.29756202697754,87.53041122436518,14.951477,20.432098,13.403853,17.528275,288.5104,291.2863,290.3368,293.2597,100585.58,101500.19,289.69238,291.44824,100516.836,101429.984,0.0031766524,0.009082794,260.41394,309.05527,10.052078,13.586599,4.8419194,7.511458,1.2661399512231524,2.345778487636382,0.69566333,1.0529381,0.0,0,137.53406,274.04517,223.11758,358.49594,14.951477,20.432098,13.828726,19.803558,203.42035,249.43663,0.83801395,0.9999966,3.0346136,8.564469,2.7134018,7.4319906,35.16427,119.597946,47.873549,-3.907207,341.91969835357133,71.91969835357133,251.91969835357133,274.89758,22.977884654241166,-67.02211534575883
21,1.670954,5.86885,10.82221984863281,14.23044860839844,2.245296,6.172025,11.361935424804686,13.12943389892579,282.84384,4.1175523,289.2017120361328,291.25102661132814,285.60403,4.3674827,291.926708984375,294.3510534667969,99930.72,1220.0374,101751.3875,102168.88,286.20837,4.00139,292.58388671875,292.981669921875,99706.516,1219.3027,101526.8515625,101946.108125,0.00049850566,0.0008578421,0.0019029617309570298,0.004429025650024414,212.89577,90.08821,324.88906860351557,346.47291076660156,4.561954,1.2480229,7.049660301208496,7.754905986785889,0.83713835,0.51211715,1.6617954969406128,2.1524323463439945,-0.47322967087603474,0.533898861192561,0.5008249031662988,0.945639428449357,0.7193454,0.21554312,1.1627603054046631,1.331765139102936,0.0,0.0,0.0,0.0,27.996952,29.614952,88.26779479980466,125.84407958984379,162.92497,115.25017,353.5004180908203,354.9768505859375,5.018828,3.4363642,11.112269592285156,14.23044860839844,5.4614797,3.6116207,11.726055908203126,13.12943389892579,49.97079,168.36311,209.21686706542968,229.1324710083008,-0.03983474,0.71629655,0.9862365007400512,0.998040747642517,0.12390041,0.6064174,1.27004257440567,1.959455740451814,0.12770881,0.6031148,0.8730211853981017,1.654967682361605,2.630241,5.2278733,12.426327705383295,25.237152595520033,8.720875,15.373291,9.778093,16.571,288.14774,292.93906,290.81464,295.51923,101470.25,103162.81,291.14786,293.11523,101245.0,102935.78,0.0014045504,0.0045809746,297.80902,351.07535,6.2423444,8.170193,1.4946816,2.2904437,0.18528170067989003,1.053248184672975,0.99080837,1.4290634,0.0,0,61.645123,138.83563,281.01877,357.40585,8.961851,15.373291,10.209093,16.571,203.11234,231.9133,0.84008396,0.9992493,0.8280088,2.4538372,0.7773568,2.570154,8.176904,30.695967,46.007357,-1.174341,347.20775162277494,77.20775162277494,257.20775162277494,342.925,85.71723617019381,-4.282763829806186
22,2.3539474,5.946814,12.904830932617188,16.86819152832031,0.34869,6.4471545,9.420303344726562,13.654745483398415,281.06796,4.5612664,288.8252868652344,290.1681304931641,284.3292,4.301829,291.4573974609375,293.2711486816406,100455.08,1297.3098,102286.96875,103096.25625,285.33273,3.5953128,290.7930908203125,291.489013671875,100228.305,1295.5438,102055.33984375,102861.17578125,0.00028505168,0.0004945738,0.0013668537139892578,0.0020172119140624994,230.88728,89.45899,329.2622528076172,353.6974243164062,4.8188367,1.3394439,7.344522476196289,8.096847438812249,0.87541527,0.57346183,1.9551602005958557,2.3373579502105692,-0.38210519674021426,1.2959375215949056,1.8079927222534038,2.249264820666862,0.79215217,0.36591324,1.5430466532707214,1.7946663379669179,0.0,0.0,0.0,0.0,27.197739,33.56484,77.73857116699219,177.3986038208007,152.70343,105.254074,344.06605529785156,356.0549713134765,4.8799357,4.109606,12.904830932617188,16.86819152832031,5.399084,3.494959,11.243461608886719,13.654745483398415,78.183846,157.15953,229.9998550415039,242.82103271484365,-0.008407563,0.7436377,0.9782698452472687,0.9962128639221192,0.2769306,0.7213733,1.3425348401069641,3.4233896970748865,0.023030724,0.77499956,0.8796648681163788,1.543474245071388,2.9523916,8.261796,9.658717632293701,50.14551696777339,8.734694,17.481339,7.395624,17.134995,285.6861,290.89825,289.04535,293.95532,101877.375,103298.81,288.96448,291.91748,101649.484,103068.49,0.0009363227,0.0021305084,295.68228,354.24432,6.6134934,9.044778,1.5595862,2.6717196,1.168085177319988,2.4702044496485946,1.2238216,1.9807198,0.0,0,67.8701,190.22678,277.90753,359.19522,9.794817,17.481339,9.75123,17.134995,182.40346,257.24652,0.7306681,0.99939257,1.081861,3.9660673,0.68772465,5.1908092,10.835173,57.626568,45.199667,-0.744167,171.94334884763384,261.94334884763384,81.94334884763384,332.70343,70.76008132814741,160.7600813281474
23,3.241288,5.866091,12.182376861572266,13.870782775878897,1.352332,6.285409,10.129167938232415,13.35213211059569,281.8421,4.3204513,288.1940521240234,290.2923901367187,284.69318,4.250436,291.0604995727539,292.1856164550781,99772.43,1062.6288,101259.7625,101773.28812499999,286.0021,3.7661717,291.49183349609376,292.189423828125,99547.65,1061.365,101030.413671875,101542.00578125,0.00045705485,0.0006457454,0.0018365383148193323,0.0026236057281494134,221.70988,81.173775,300.77000122070314,319.62835754394524,5.0227256,1.643812,8.754453134536742,9.659703321456908,0.9434099,0.4907511,1.78139089345932,2.056043803691863,-0.5527264044643949,0.8031901393470542,1.0044121082579933,1.6270598106840812,0.5659422,0.24441361,1.1116843402385708,1.364320782423019,0.0,0.0,0.0,0.0,31.00938,28.389423,82.92544555664062,112.7369449615478,143.94359,107.02161,343.8154296875,346.9248501586914,5.820918,3.2731712,12.182376861572266,13.870782775878897,5.40804,3.4223793,11.212552642822265,13.35213211059569,77.76631,155.08505,204.90434188842772,213.60922042846676,-0.12801984,0.6738394,0.9798387557268141,0.9995773732662201,0.24262276,0.5546645,1.1375262200832366,1.8058878087997408,0.05490787,0.63264537,0.8685900479555124,1.6254482269287056,2.7974648,4.655384,10.95109610557556,20.270033073425278,8.762224,15.595154,7.2904663,15.601959,285.82703,290.46063,288.35904,292.91107,100985.13,102026.19,289.64713,292.19727,100759.12,101795.58,0.0011820475,0.0027384758,271.85556,332.54117,6.8616757,9.786019,1.5196117,2.1985219,0.3856552088708639,2.2350603473500765,0.8240957,1.4315675,0.0,0,66.17525,119.8695,277.4122,348.53302,9.91183,15.595154,9.100248,15.601959,169.62656,221.51875,0.5564218,0.9998319,0.84518933,2.3201747,0.643919,2.5958219,8.344767,22.88215,45.453667,-0.92305,107.24906441069129,197.2490644106913,17.24906441069129,323.9436,-53.30546089506629,-143.3054608950663
27,3.8709009,5.956458,11.740013122558594,16.25693130493163,-0.63720655,6.5226927,8.720794677734375,11.500792694091786,281.78345,3.8357086,287.66869354248047,288.63134613037107,284.80206,3.9450643,290.484375,291.3989013671875,99981.53,1192.4574,101708.125,102229.3625,285.88202,3.851292,291.51324462890625,292.196435546875,99756.4,1190.8644,101482.154296875,101998.726171875,0.00037115993,0.0005557918,0.0013427734375,0.0023328781127929673,242.78342,82.68952,335.9582977294922,359.44173126220704,5.0935793,1.7106781,8.918824195861816,9.327082967758173,0.9896629,0.49587932,1.8080872893333435,1.9791973590850809,-0.8340877568695575,1.067965009552677,1.088184178455595,1.5965833812432726,0.60027677,0.21741518,0.9187726080417633,1.2827845096588106,0.0,0.0,0.0,0.0,30.57208,27.221308,80.15956497192383,102.40229911804194,141.85518,92.0123,337.8042221069336,353.44668121337884,5.877544,3.9518087,11.740013122558594,16.25693130493163,5.589734,3.351414,11.114795684814453,13.384538269042958,100.92823,139.08557,207.04378509521484,221.80521163940418,-0.0832763,0.69476706,0.9700530618429184,0.9921897172927856,0.28877506,0.5495133,1.2808682024478912,1.9945265471935272,-0.056838777,0.5616105,0.8895315527915955,1.1482892453670481,2.650596,3.962925,10.233550071716309,16.735087728500346,10.272381,17.485947,7.2506127,12.71138,285.83203,289.46918,289.16733,291.91647,101442.21,102583.94,290.4401,292.21484,101214.84,102352.66,0.0010912418,0.00248909,319.7908,359.72696,7.6864314,9.896463,1.5649881,2.2175233,0.628294038515029,2.173536671831245,0.8904264,1.6076373,0.0,0,66.23019,108.86049,263.7828,359.59143,11.059716,17.485947,9.480422,14.634689,187.35509,236.05373,0.78005195,0.9998427,0.98603934,2.005291,0.56445533,1.3922076,8.310801,18.872091,45.335567,-0.795167,146.14973317735235,236.14973317735235,56.149733177352346,321.85516,85.7054303968664,175.7054303968664
35,3.8413172,6.2559423,13.145189666748045,16.926002807617174,-2.2092097,5.029779,6.546669006347652,10.158632507324205,281.81482,4.4166813,288.15062408447267,289.48101104736327,284.8092,4.0361495,290.84327545166013,292.1257907104492,100463.74,1208.069,102171.75625,102891.68,286.13284,4.039458,291.612646484375,292.23927490234377,100237.47,1206.1167,101941.0484375,102659.435078125,0.00044234595,0.0006910057,0.0020628452301025384,0.00230806827545166,240.97748,97.70481,322.58229675292966,346.674429321289,4.9426365,1.621473,8.338641262054443,9.006437826156615,0.8763239,0.51576245,1.8089855492115021,2.21780216217041,-1.1896575003043282,1.2621191462288175,1.4626812199923536,1.9931301477620655,0.77082217,0.28990504,1.3187574326992033,1.6689168131351453,0.0,0.0,0.0,0.0,27.491598,26.16035,68.42495002746573,109.6000331878662,145.60757,82.02564,298.68692626953117,351.7276275634766,5.9050317,4.3222938,13.145189666748045,16.926002807617174,4.7365294,2.7289276,8.890798950195313,11.684479675292962,95.369896,155.56982,236.85397033691402,254.4104541015625,-0.024649529,0.7008526,0.9813954919576645,0.989846687912941,0.29751042,0.5516933,1.706538265943527,1.9193038284778583,-0.15944086,0.44505718,0.3833957165479658,0.6314403387904156,2.2752776,4.0883026,7.530115795135474,19.130523471832273,12.067965,19.567139,4.115453,12.71138,287.0535,290.5829,289.97247,292.59485,102024.81,103458.375,291.4128,292.3152,101796.04,103222.74,0.001437521,0.0023522377,320.66452,358.21173,7.2091546,9.116302,1.5704677,2.308663,0.6405648421631374,2.4701720238133977,1.1529977,1.9861822,0.0,0,64.34115,110.618034,277.2321,354.5489,12.067965,19.567139,8.198072,12.71138,201.4038,257.7817,0.7604593,0.99625087,1.1159455,2.1252434,0.21282785,0.82203794,8.008756,19.486387,45.040483,-0.603517,294.3732642465658,24.373264246565782,204.37326424656578,325.60757,-58.76568978367516,31.234310216324843
41,5.524231,6.505059,15.994964599609375,18.854166870117187,6.189401,6.2777915,15.329153442382811,17.30941101074219,283.35474,3.371146,288.622900390625,290.0723022460937,285.80872,2.844538,290.4191040039062,291.7319641113281,99527.984,1197.2217,101393.175,102034.3775,285.74756,2.0793223,288.8521484375,289.5523828125,99295.695,1195.128,101156.415625,101798.525,0.0007482291,0.0009188253,0.0028142929077148433,0.003769311904907227,,,,,,,,,,,,,-0.35478965657084627,1.4588713696452382,2.146071873291237,2.6534170165954345,0.48571572,0.20543168,0.8453320622444151,1.1957947254180916,0.0,0.0,0.0,0.0,50.63728,46.88352,144.67447204589843,202.51106567382817,106.88327,108.73196,350.1607727050781,358.6536767578125,7.0301704,4.833824,15.994964599609375,18.854166870117187,7.4974165,4.633213,15.329153442382811,17.30941101074219,,,,,,,,,0.72964776,1.0932484,3.1686017990112303,4.248740043640138,0.72485226,1.0903639,2.800396585464477,4.7875312805175785,7.5757165,12.799592,33.33227767944335,65.32095214843753,13.895708,21.299103,13.626859,20.684235,287.79272,290.6476,289.67517,292.61322,100972.71,103507.44,288.48523,290.26782,100738.24,103259.17,0.0021345848,0.0045437813,,,,,,,1.5658796947129057,3.2413112691311543,0.7868296,1.4532427,0.0,0,119.14449,237.98804,264.94217,359.77692,13.934229,21.299103,13.748598,20.684235,,,,,2.3494852,5.3890977,2.3014205,6.8981705,25.884802,90.1965,48.3829,-4.4951,237.67263614235293,327.6726361423529,147.67263614235293,286.88327,-40.78936587868105,49.21063412131895
42,2.291152,6.4180465,12.657001495361328,15.923358306884765,5.491441,5.8326244,13.452732086181639,15.753302307128905,282.8525,3.5611699,288.7165298461914,289.73004150390625,285.50113,3.621351,291.12182159423827,292.6794799804687,99572.445,1121.7404,101272.13125,102073.278125,285.88962,3.4006934,291.00115966796875,291.8171240234375,99527.45,1121.503,101226.3578125,102027.306875,0.00079928956,0.0010220971,0.002886700630187988,0.0038197660446166984,212.85516,58.921215,290.48597412109376,322.6813757324219,5.3976097,1.4932325,8.134735441207885,10.515367441177368,1.3467327,0.6574101,2.5695798277854918,3.001912724971771,-0.512256558801576,1.3282175871498367,1.7173613725293528,2.1485956666017314,0.62933934,0.28358734,1.1511128067970273,1.4811616468429565,0.0,0.0,0.0,0.0,34.716625,31.630804,93.69716987609856,139.49424255371093,144.57916,130.70317,350.8594345092773,358.300498046875,5.5181136,3.9916725,12.829537963867185,15.987694549560546,6.943985,3.9893825,13.516287231445311,15.753302307128905,68.27601,158.32072,209.89118652343748,236.14511962890626,-0.018640362,0.70969296,0.9826715916395188,0.9995660275220871,0.21185075,0.6979001,1.447171849012374,2.6395504403114303,0.37122595,0.6864073,1.585791850090026,3.0609046983718855,3.509022,6.2175355,13.98321962356565,30.988052597045897,10.422044,18.42514,11.74531,17.26149,287.26764,290.39304,290.15753,296.89233,100858.84,102648.31,290.50067,292.2339,100813.7,102602.61,0.0021909238,0.006872177,279.22327,349.71237,7.421133,12.430728,2.2524898,3.4159756,1.0818910443733958,2.379389623089171,1.0331008,1.8105569,0.0,0,76.560005,174.12018,311.5657,359.5308,10.946475,18.42514,11.849884,17.26149,201.81592,258.16098,0.78094524,0.99997133,1.0976985,3.5550292,1.2745754,3.76585,11.339875,48.281155,47.27,-2.2,228.9044124597957,318.9044124597957,138.9044124597957,324.57916,5.674750137860542,95.67475013786054
43,6.056985,6.936361,16.58538818359375,20.40078735351563,7.4962034,6.359625,16.336593627929688,19.369189453125017,283.55463,3.2255883,289.20684814453125,290.2016662597656,286.10544,2.8025413,290.69171142578125,291.660888671875,99507.79,1172.9807,101194.25,101932.8625,285.99136,2.2689843,289.651611328125,290.5779296875,99430.12,1172.4052,101115.53125,101855.0703125,0.00067364686,0.00088355324,0.0025930404663085938,0.0037759780883789068,,,,,,,,,,,,,-0.16814936378541806,1.5996951912399637,2.4155754340860094,2.869283274688462,0.43585813,0.17801572,0.7366881966590881,1.050114977359773,0.0,0.0,0.0,0.0,63.71314,59.511135,173.1890869140625,226.75867614746102,107.705666,112.88582,350.01641845703125,356.2248291015625,7.592235,5.2050595,16.58538818359375,20.40078735351563,8.4760685,4.9744587,16.336593627929688,19.369189453125017,,,,,,,,,1.0106875,1.5269942,4.106777191162109,5.788988304138186,1.1019685,1.4434025,4.193182468414307,5.584583663940432,12.086926,18.939995,47.766178131103516,81.90052490234382,14.232635,25.628525,14.570423,20.24858,287.753,291.10855,289.71082,293.2882,100924.61,102383.25,289.0884,290.92554,100846.16,102303.6,0.0019398862,0.004072666,,,,,,,1.6971044731886435,3.354773097392909,0.6677491,1.3523905,0.0,0,157.25789,247.11522,271.65704,359.01233,14.595667,25.628525,14.948338,20.24858,,,,,3.3993044,8.923952,3.3364003,7.4659142,42.98399,97.2475,48.359299,-4.7809,348.3010656077618,78.30106560776181,258.3010656077618,287.70566,29.40459235122256,-60.59540764877744
44,6.1907163,7.560789,17.177349090576175,19.93776824951174,3.9676676,6.769821,14.143142700195314,16.647479705810547,283.58557,3.2824628,288.63977813720703,290.0715591430664,286.0776,2.9021401,290.67054443359376,291.83860260009766,99504.21,1170.3413,101361.271875,102037.75375,286.29654,2.3752298,290.05089111328124,290.66432373046877,99435.68,1169.8994,101292.683203125,101967.419453125,0.0007352537,0.0010655723,0.0029760122299194343,0.004613914489746096,235.45583,38.6879,285.4268798828125,310.9427307128909,7.9615517,1.8106682,11.191683912277222,12.507515916824348,2.7530234,1.5171465,5.706555581092836,6.983562583923341,-0.1944274033078859,1.0455565945247849,1.5694451508210066,2.0328301728628975,0.4229379,0.1798147,0.7354906082153321,0.9040283149480821,0.0,0.0,0.0,0.0,51.598244,52.32146,163.51866836547853,210.4015721130374,110.58501,97.47426,331.1856872558594,355.81134948730477,8.214557,5.2836747,17.177349090576175,19.93776824951174,6.4530663,4.4549956,14.823050689697268,18.01307983398441,124.87082,110.77095,217.58587951660158,237.85122070312502,-0.038964447,0.70437527,0.9871396064758301,0.999610071182251,0.8283128,1.3628542,3.754495203495026,5.280008478164675,0.5477157,1.2557296,2.922860574722291,5.395699882507326,8.5853,15.081724,42.58100414276124,70.51326332092303,14.672004,26.36583,11.317479,18.554214,287.68753,291.2863,289.85858,293.2597,100944.875,102658.19,289.36295,291.1714,100875.89,102588.27,0.0021889254,0.009082794,271.4533,353.0394,10.272684,14.307749,4.8082447,8.04835,1.039565485995738,2.2635230478261708,0.67330164,1.2812964,0.0,0,123.802505,243.04007,245.03938,358.90543,15.050755,26.36583,12.098387,19.803558,203.59277,277.53287,0.73320764,0.9999958,2.7118442,7.686948,2.1457274,6.3872957,28.946539,94.06655,47.644299,-3.4459901,271.7314220270265,1.7314220270264968,181.7314220270265,290.58502,-71.14640005437025,18.853599945629753
45,1.8339938,6.6329603,12.658761596679682,15.92524993896485,5.424979,5.4948735,13.503124999999995,16.00613586425782,282.7547,3.6561704,288.6086730957031,289.79805725097657,285.47897,3.6430757,290.8503112792969,292.60904418945313,99652.94,1209.4318,101745.15625,102548.3175,285.83362,3.3644934,290.9861328125,291.4773046875,99607.92,1209.1418,101700.27734375,102503.205625,0.00074215455,0.0009701967,0.002759122848510741,0.004097681045532235,208.24252,63.30902,295.2519989013672,332.5242968750002,5.30055,1.5070345,8.405202579498287,10.030884094238285,1.3152872,0.67394197,2.6249756097793573,3.223554658889772,-0.2749172976003879,1.1942906862686724,1.6754654777819633,2.0935853573537715,0.5194908,0.23341236,0.9504639863967894,1.1043062067031866,0.0,0.0,0.0,0.0,33.314754,30.135254,95.96249008178704,129.80337112426778,161.98079,132.9364,351.9208740234375,357.0561773681641,5.605027,3.9812658,12.807228088378903,16.75775695800783,6.6444283,3.927706,13.503124999999995,16.00613586425782,46.26173,169.61952,209.40825805664062,246.58274322509777,-0.047405113,0.7103789,0.9544855892658233,0.9982327270507814,0.19387276,0.7120218,1.6548183917999244,3.2384775209426926,0.36587942,0.6001718,1.3914712548255916,2.0985777282714855,3.2089026,5.6907053,14.666382980346658,26.83613590240487,9.966295,21.842987,11.125296,17.875671,287.12338,290.30237,289.9281,294.49103,101063.555,102951.125,289.95456,291.7959,101018.27,102903.58,0.0019717258,0.0068278313,277.39905,349.71237,7.3938446,12.203787,2.172993,3.627385,1.0882493902115502,2.483246217887973,0.81490296,1.4832165,0.0,0,68.157265,174.12018,318.5711,359.48685,10.647224,21.842987,11.251383,17.875671,189.02953,290.2504,0.71474785,0.999954,1.0164626,3.7261934,1.0780157,3.76585,9.288365,48.281155,47.140381,-2.24635,358.54805214456286,88.54805214456286,268.54805214456286,341.98077,73.43272178121839,-16.56727821878161
46,5.7013693,7.0481944,16.858253479003906,21.174880371093746,6.244805,5.5473065,13.91551055908203,15.701701965332031,283.16635,3.4841788,288.8318725585938,289.72371765136717,285.78592,3.0943105,290.97364501953126,291.7933099365234,99588.27,1152.886,101294.3375,102079.67375,285.74258,2.2962513,289.25341796875,289.6310986328125,99385.91,1151.3926,101091.44765625,101870.57046875,0.0004708697,0.00077996374,0.002309656143188476,0.003566265106201172,235.97336,57.925545,285.35487976074216,318.7212243652344,8.223777,2.039954,12.03894929885864,13.070929889678954,2.992783,1.7358389,6.302028799057006,7.728858013153076,-0.7688590356014412,1.9267380794491604,2.526354552945298,3.4041930259437723,0.45509094,0.16696024,0.7378592669963836,0.9584661388397216,0.0,0.0,0.0,0.0,56.0841,52.712254,163.0411956787109,221.78686401367187,106.93745,107.97533,340.6464782714844,357.25010192871093,7.4736004,5.1236362,16.858253479003906,21.174880371093746,7.2501774,4.1425586,13.91551055908203,15.701701965332031,129.0359,135.76595,227.995361328125,258.9794622802734,0.022223629,0.7218573,0.9827289998531341,0.9992707073688507,0.89802945,1.4348819,3.939945220947265,5.823197793960571,0.82366395,1.1282218,2.8990475177764887,4.7513771247863765,9.41957,16.066504,42.3390270233154,78.33765747070312,14.920895,23.507553,12.678651,18.794449,288.03836,290.40686,290.2033,293.70663,100959.0,103516.69,288.9538,289.96045,100755.07,103302.52,0.001530418,0.0047135353,279.73755,355.2127,11.096671,16.610195,5.644204,9.661693,1.856064951566175,3.632543531101703,0.6946262,1.3395007,0.0,0,136.90842,256.98294,258.36047,358.29785,14.953434,23.507553,12.714346,18.794449,220.49959,278.03827,0.87267184,0.9999762,3.0974143,9.620357,2.577672,6.3527107,33.78745,105.169075,48.718399,-3.9658999,193.910092862428,283.910092862428,103.910092862428,286.93744,3.027346102415777,93.02734610241578
47,1.3730391,6.3565464,13.005415344238273,15.935115661621067,3.2771482,6.061234,11.48333587646484,13.924797363281249,282.57718,4.3745184,289.3125885009766,291.54876953125,285.27042,4.517807,292.0932861328125,294.3461633300781,99710.09,1204.3359,101610.6625,102496.665,285.98923,3.837315,291.5697021484375,292.8607275390625,99485.96,1203.1682,101381.83125,102264.921875,0.00068732345,0.0010173967,0.0028882026672363255,0.0046791553497314425,205.73448,79.67276,319.8828552246093,353.22812133789057,4.567196,1.2437861,6.932838058471678,8.08948511123657,0.92708635,0.511674,1.815549170970916,2.2552249193191516,-0.5114635969431597,1.2828110256234,1.6974559187341989,2.0767347410346786,0.56183606,0.25298402,1.0373340010643,1.2858344626426683,0.0,0.0,0.0,0.0,28.279778,26.739243,83.87407150268552,110.54390884399398,157.31601,122.32042,346.75546875,354.8842364501953,5.2572703,3.8138702,13.237022399902342,15.935115661621067,5.8608003,3.6099474,11.890594482421868,13.924797363281249,48.418476,168.17363,203.75848541259762,230.77951263427718,-0.0077377562,0.7135936,0.9831622838973999,0.9995534455776215,0.12538789,0.6009627,1.3031774997711179,2.1539532399177435,0.18221648,0.5145118,1.0048988878726954,1.578612258434295,2.4075265,4.078747,11.203174114227288,19.501497154235782,9.219958,17.975693,9.9713745,16.904022,287.80948,292.79346,290.73343,296.2394,101084.2,102873.875,290.6799,293.9204,100858.695,102641.78,0.0020475658,0.006214142,295.79758,357.72073,6.313677,9.758896,1.5770386,2.414733,0.9696225648464728,2.5566770129619565,0.8875469,1.5187653,0.0,0,66.61628,119.8695,301.6157,358.46628,10.408912,17.975693,10.524156,16.904022,190.58023,262.52597,0.74708265,0.9999998,0.8578891,3.2883928,0.8001233,2.492675,8.239733,22.88215,46.148701,-1.2259001,337.81194256054783,67.81194256054783,247.81194256054783,337.316,89.50406696093654,-0.4959330390634591
48,2.0276227,6.593917,13.129052734374994,16.84024597167968,1.531536,5.754183,9.902432250976558,11.526746826171873,281.9932,4.0258093,288.26292724609374,289.4417822265625,284.73065,4.2326903,290.72857666015625,293.7534130859375,99660.3,1196.9045,101415.9,102109.5475,285.90436,3.762847,291.5392578125,293.012646484375,99435.78,1195.6288,101189.284375,101883.588125,0.0005396881,0.00076143176,0.0020564079284667966,0.0033696746826171807,213.39624,83.1913,298.7701782226562,325.52509643554686,4.947561,1.4865309,7.80696449279785,9.390230484008782,0.89089596,0.48857749,1.8502849340438838,2.181946058273315,-0.21580025157120553,1.1056224084090402,1.4133544255378048,1.825047374460612,0.5182709,0.27379435,1.0211575746536254,1.3540047979354857,0.0,0.0,0.0,0.0,26.580814,28.15225,85.44387664794921,121.37569732666014,161.3343,113.677986,342.3883544921875,357.3131225585937,5.6389165,3.9593306,13.129052734374994,16.84024597167968,4.9244895,3.333588,11.2861083984375,12.054993896484374,52.061935,164.30138,211.9783752441406,229.2901269531249,-0.026923055,0.6987231,0.9908595561981202,0.999175751209259,0.13561787,0.60953695,1.2963866233825683,2.228220033645628,0.026324375,0.55635005,0.7298823714256281,1.0945315122604364,2.3819737,4.7296543,11.626311874389648,23.461216888427728,9.522243,17.574356,7.4936743,15.601959,286.5252,289.61346,289.47195,298.09302,101083.29,103437.56,290.329,293.91064,100857.93,103193.234,0.0014426443,0.004087925,281.73172,358.24777,6.842887,10.8062935,1.4786727,2.414733,1.0516228976319797,1.8607510565029868,0.8348997,1.5874904,0.0,0,62.389484,127.27708,295.73093,359.23276,10.787579,17.574356,8.499474,15.601959,188.91464,267.02652,0.7696333,0.9994832,0.8291983,3.2854993,0.50100726,2.5958219,8.042871,25.79763,45.568432,-1.06148,128.60416724884294,218.60416724884294,38.60416724884294,341.3343,-57.26987769806169,-147.2698776980617
49,0.14915052,5.545957,9.911032104492184,13.716408691406253,4.7967677,5.889963,12.894897460937498,14.451564331054687,282.81186,3.989934,288.6080688476562,290.54138671875,285.6069,4.196485,291.836181640625,294.0578076171875,99566.43,1089.3192,101098.9625,101495.68000000001,286.0068,3.7853189,291.7953125,292.8498046875,99343.01,1088.236,100876.675,101273.8184375,0.0007754141,0.0009766426,0.0027482032775878905,0.004085254669189453,193.64792,74.126625,295.84716796875,326.4156689453125,4.5557184,1.3034045,6.942049026489254,9.443716506958008,0.9315656,0.5085156,1.8244442224502562,2.0796551799774172,-0.3831257958895704,1.055358780998257,1.2824601120560593,1.7322520275291815,0.4711304,0.21641639,0.8934715151786802,1.0338088178634646,0.0,0.0,0.0,0.0,28.389757,26.667152,77.59019622802731,122.82953582763675,182.23167,132.344,351.88934326171875,358.87608642578124,4.538644,3.1757412,10.374285888671874,13.726020507812503,6.467004,3.9738412,12.894897460937498,14.451564331054687,11.416248,173.38652,206.73736877441405,229.9548205566406,0.031007947,0.70999557,0.9895641565322876,0.9995019483566284,0.048867844,0.51418245,0.8551527142524719,1.5877557754516616,0.32709736,0.5435193,1.2713573932647704,2.5740099716186546,2.4107873,4.465771,9.5891164779663,24.04129692077638,7.239754,18.190765,11.139459,15.909256,287.50934,292.68628,290.7607,296.27737,100895.49,102647.69,291.2499,293.56982,100671.31,102416.37,0.0020106465,0.0047950745,274.04733,351.99362,6.4156227,10.391882,1.6149259,2.4087234,0.8152107066138402,2.1501609445749237,0.76864135,1.232086,0.0,0,68.03895,148.24706,322.63904,359.8354,8.905275,18.190765,11.389988,15.909256,191.4091,237.7739,0.7967987,0.99981534,0.67426175,2.9169288,1.1152267,3.0139766,8.591709,34.998676,46.497501,-1.7938,314.7756756027438,44.775675602743775,224.77567560274377,2.2316895,-42.543986149618775,47.456013850381225
50,4.2904387,6.373801,14.843746948242172,16.754508666992184,5.0241604,5.34534,13.218121337890622,14.897877807617185,283.08292,3.6069129,288.7809692382813,289.8791357421875,285.72568,3.4318247,290.95368041992185,291.7687109375,99904.97,1281.8467,102087.325,102734.985,285.94092,3.5564907,291.30732421875,292.1196484375,99862.39,1281.5055,102044.734375,102691.805625,0.00079363614,0.0011477345,0.0031500816345214787,0.0049071311950683585,225.11249,59.220882,286.9472595214843,314.36388061523434,5.6628075,1.5347434,8.414436149597167,10.530460815429686,1.3551503,0.69116807,2.634001350402831,3.011725149154662,-0.9381145401694753,1.5503199731411992,1.2734627008756272,2.0090807663684513,0.85542923,0.36573416,1.5336798191070555,1.8593287754058831,0.0,0.0,0.0,0.0,35.152287,30.796886,99.68493804931629,126.74837158203123,117.834015,115.79253,345.74956665039065,356.30600830078123,6.2947745,4.3941946,15.226187133789063,16.754508666992184,6.2105665,3.8962584,13.218121337890622,14.897877807617185,107.27847,145.9385,218.53484191894526,239.68611938476562,0.032674555,0.7042323,0.9846484184265136,0.9971243858337402,0.31011134,0.6739933,1.4945266723632804,2.4452898883819567,0.37717858,0.629047,1.6048439502716045,2.282180881500244,3.4711385,5.517929,15.835901069641075,25.588195419311514,12.019609,18.817764,11.559858,17.693192,287.79385,291.0058,290.16898,292.22485,101534.766,103681.875,291.0245,292.2417,101491.8,103637.266,0.0025703376,0.0066843033,284.5859,358.4304,7.86101,12.222712,2.289053,3.4159756,0.966763789478934,2.254665614215874,1.3738217,1.9769005,0.0,0,77.67573,145.0865,287.24753,357.40662,12.129505,18.817764,11.562602,17.693192,211.0722,259.00873,0.82537663,0.99913,1.1998296,2.6487339,1.2724022,3.1254046,11.205823,33.522274,47.277222,-1.8898,301.3511932688202,31.351193268820225,211.35119326882023,297.834,86.4828216237579,-3.5171783762421
51,3.5529065,6.148398,13.312728881835938,15.383940429687499,2.9573689,5.8481417,11.955374145507804,14.400711059570309,282.53156,4.192675,288.4564636230469,290.27080078125,285.3891,3.9203522,291.4844543457031,293.1564697265625,100229.95,1214.6187,101957.7375,103089.6025,285.81543,3.7388544,291.40380859375,292.48431640625,100004.73,1212.2236,101726.253125,102854.51468749999,0.00061153696,0.00096739293,0.0027183532714843734,0.0044125175476074216,220.24872,71.451935,302.317822265625,319.5448962402344,4.685361,1.3102499,6.978070259094235,8.446120719909667,0.9820645,0.52553695,1.848872113227844,2.1559366607666015,-1.0515495207131318,1.3404366819237397,1.274308753226218,2.0470895116838057,0.9727664,0.47697237,1.9505849123001098,1.9983772182464599,0.0,0.0,0.0,0.0,28.549873,26.583872,81.31238250732417,119.14492218017573,138.03838,113.78963,345.28643798828125,356.32355346679685,5.8324304,4.0382895,13.345419311523436,15.385960083007811,5.4595084,3.6112628,12.194464111328125,14.400711059570309,82.21034,153.63574,206.69802551269532,232.4921771240234,-0.03324953,0.71119606,0.9735474944114685,0.9977576327323914,0.23695505,0.5339782,1.3410272121429427,2.0749809026718133,0.19792344,0.52513045,1.0958917140960687,1.6956655597686765,2.418179,4.119582,10.530422019958486,22.634527587890602,10.646405,18.340225,10.489781,16.909988,287.64285,290.76926,290.43393,297.03918,101647.39,103481.56,291.11536,293.56982,101418.37,103247.61,0.002031823,0.005824089,287.84875,347.33658,6.5520043,11.880443,1.6906241,2.461874,0.7117024894571166,2.2597939951142685,1.6225909,1.9996012,0.0,0,66.562775,125.01483,293.94287,359.7354,11.077679,18.340225,10.5588875,16.909988,201.11395,258.82123,0.8140173,0.99967647,0.96014786,2.1879601,0.9394425,2.570154,8.162229,24.888718,47.205379,-1.76513,91.90359674903095,181.90359674903095,1.903596749030953,318.0384,-43.8652056357497,-133.8652056357497
52,1.8834704,5.9360223,13.037834167480469,15.434474792480454,1.5134586,6.0229454,11.496775054931634,12.82564086914062,282.35553,3.961834,288.9676254272461,290.0189761352539,285.1631,4.107683,291.60236206054685,292.8457373046875,100209.35,1391.9569,102380.4,102946.64625,286.041,3.6551123,291.993310546875,293.03477783203124,99984.03,1390.0066,102151.963671875,102712.3215625,0.00042665482,0.0008031458,0.0019185781478881817,0.0036330509185790952,223.34625,84.663284,321.288508605957,352.4821429443359,4.8690276,1.6303934,8.305579900741577,11.308403291702264,0.8265951,0.48214468,1.75929394364357,1.9728807854652393,-0.927918265487477,1.0631463441979838,1.1497317678863148,1.7421804979920943,0.61870116,0.27338326,1.0579828679561611,1.4548409295082085,0.0,0.0,0.0,0.0,24.216648,26.528627,65.19173183441158,115.82750167846649,154.7899,110.758545,342.21325225830077,353.7947378540039,5.0203433,3.665328,13.037834167480469,15.434474792480454,5.0448985,3.599998,12.120126342773434,14.094542236328124,68.55635,163.1659,219.76259765625,254.26077941894516,0.12278028,0.73868203,0.9980183869600296,0.9994411927461624,0.12185815,0.5424433,1.0027655124664285,1.519528651237486,0.07571792,0.57184744,0.8617629170417763,1.3878047573566417,2.0471945,5.152221,6.770546078681937,21.827004518508797,7.655218,16.392014,8.028967,14.072815,286.4571,290.26282,289.60562,293.8683,101653.67,103175.5,290.3536,293.5952,101426.72,102946.69,0.0013279299,0.0053396225,294.99594,354.68863,6.9483056,11.965132,1.3821297,2.17076,0.15226637503882295,2.093234324394396,0.88518536,1.9572785,0.0,0,54.62334,175.97325,271.18365,359.87045,9.166604,16.392014,9.428609,16.167435,178.5173,273.09088,0.8315374,0.9999977,0.64358824,3.9660673,0.6173422,2.9699664,6.718126,49.31429,45.853409,-1.17782,11.707030581353877,101.70703058135388,281.7070305813539,334.78992,53.08288641083362,-36.91711358916638
53,4.108364,5.8006268,13.270887756347653,14.999956970214841,2.1500058,5.3646946,10.174661254882803,14.25936767578124,282.38574,4.2129335,288.72715454101564,289.867666015625,285.3337,3.958444,291.3746032714844,293.1641528320312,100593.33,1336.946,102580.15,103275.04125,285.8371,3.8029287,291.6547119140625,292.5142724609375,100367.24,1333.8418,102350.9125,103039.56984375,0.00046849015,0.00078019017,0.002147674560546874,0.0032519721984863256,238.6782,64.33928,308.99767761230464,330.8996234130858,4.9594545,1.4098519,7.8262532234191875,9.315615234374995,0.9345038,0.5549392,2.0381703734397867,2.2554798603057855,-1.1171973747408543,1.2576806935403477,1.3768070872518272,2.018440889521044,1.0721786,0.53550774,1.9955812215805053,1.9993197655677795,0.0,0.0,0.0,0.0,25.988308,27.421846,88.37792053222648,117.59850036621093,123.02229,103.455315,341.33656616210936,356.39210449218746,5.720365,4.210096,13.270887756347653,14.999956970214841,4.784648,3.2278743,11.473083496093725,14.25936767578124,115.65591,135.15974,227.37310943603507,273.296860961914,-0.011274017,0.6997402,0.9687867999076843,0.9983089280128479,0.27335662,0.55480886,1.401566898822784,2.4485196161270113,0.13302886,0.5134903,0.9507005453109725,1.6486141157150265,2.2671556,4.655397,12.440174198150613,22.023383178710933,11.029973,18.340225,8.991145,14.7439575,287.55768,290.4462,290.338,296.38513,102133.24,103481.56,291.0068,293.56982,101902.67,103247.61,0.0015810013,0.0053954124,296.94284,339.66824,7.1301246,9.764512,1.7013583,2.461874,0.5223945621936593,2.07435117962028,1.7318186,1.9999139,0.0,0,64.894165,147.05127,268.14627,359.79227,11.119688,18.340225,9.296228,14.7439575,212.86998,299.47165,0.8536781,0.9998848,1.0224959,2.7869306,0.819828,2.893604,8.293724,34.43634,47.193451,-1.63367,8.806992533107916,98.80699253310792,278.8069925331079,303.02228,24.215285298923334,-65.78471470107667
54,8.452702,6.3671546,17.63672409057617,19.231272430419907,2.9103818,5.872295,11.29030151367187,13.686821746826162,283.0522,3.840973,290.12119750976564,291.18280639648435,286.14224,3.742755,292.60695190429686,294.2917980957031,99931.484,1046.2554,101451.871875,102164.149375,286.19278,3.6870797,291.8560546875,292.78545654296875,99888.98,1046.0938,101409.07578125,102121.912265625,0.0003747137,0.0006620521,0.0015643358230590814,0.0030336761474609375,246.69646,48.673332,296.5862152099609,332.47344207763666,5.81523,1.5946754,8.772061252593991,9.839382352828979,1.7172257,0.8934887,3.270110154151915,3.4267944622039783,-1.0193233530577637,2.717406888619078,3.1418351410430474,4.379460337419213,0.6443032,0.22570844,1.0894117295742025,1.170522812604904,0.0,0.0,0.0,0.0,46.39527,41.204613,122.58782424926747,180.16381042480432,97.725945,83.63364,323.54324188232397,356.3435754394531,9.050542,5.479156,17.63672409057617,19.231272430419907,5.5793715,3.4212415,11.81426239013671,13.686821746826162,148.97052,102.63887,209.4440124511719,246.1736299133295,0.036522154,0.7099147,0.9851760417222976,0.9996184277534484,0.8438891,1.107405,3.07744801044464,5.420944957733146,0.21216726,0.88858795,1.4134770989418028,2.533240547180165,6.117438,10.926066,23.947772979736285,51.7858631134031,15.310514,21.012314,9.186717,17.803482,288.38837,291.9464,291.25226,295.80682,101203.13,102314.375,290.95135,293.17847,101160.66,102271.41,0.001288947,0.0052199364,292.31885,357.73233,7.696306,10.219365,2.741488,3.94379,1.9761704880717634,5.15710320686515,0.95525026,1.4457333,0.0,0,99.86684,226.67485,210.49701,359.45645,15.361991,21.012314,9.891138,17.803482,208.80444,336.36612,0.786238,0.99996305,2.2514591,6.09633,1.1836821,3.6073577,19.42418,81.82502,48.641102,-2.0276,345.05791426597943,75.05791426597943,255.05791426597943,277.72595,22.668037882458066,-67.33196211754193
55,3.3766835,6.7235365,13.749819946289056,15.415446777343748,6.471095,5.148972,13.269848632812495,14.696052246093746,282.9534,3.4528828,288.7156005859375,289.77365844726563,285.5487,3.497114,291.1396911621094,292.51652099609373,99527.13,1089.3175,101036.7375,101685.9375,285.56335,3.3929267,291.098193359375,291.745048828125,99484.72,1089.116,100994.1859375,101642.5275,0.00091314747,0.0011825993,0.0033940315246582028,0.005267620086669908,209.08482,58.41663,274.36278076171874,284.3827819824219,5.4043546,1.4075321,8.052223587036131,9.517263221740714,1.4751433,0.64001197,2.697518825531004,2.9943757724761926,-0.5952612769345206,1.4792283877486336,1.8831865111427737,2.19177748177185,0.6977535,0.32286856,1.3135646581649774,1.500957007408138,0.0,0.0,0.0,0.0,37.967163,32.84255,107.8565872192382,132.0555413818359,139.4418,132.72401,350.95068359375,358.5762463378906,6.183331,4.267405,13.749819946289056,15.415446777343748,7.210015,4.042403,13.269848632812495,14.696052246093746,69.643005,168.72704,209.76300659179682,232.3953137207029,-0.06942589,0.69177824,0.9915761828422546,0.9999155354499817,0.27895424,0.73436964,1.7616469621658324,2.5660020542144752,0.4899494,0.664167,1.7273021221160885,2.786373796463005,4.00291,6.4321246,18.533311080932585,27.774880065917948,11.223399,18.817764,11.860266,14.941986,287.34152,290.30386,290.03116,294.53125,100724.84,102479.19,289.75668,291.99316,100682.266,102436.78,0.0025226197,0.0061154366,262.94287,319.78625,7.343123,9.926816,2.3505895,3.4159756,1.1296849971034169,2.568330134378657,1.1088109,1.7214919,0.0,0,81.7393,161.88618,309.85333,359.5893,11.360671,18.817764,11.9199095,14.941986,202.70093,243.24402,0.6385082,0.9999737,1.138872,3.189098,1.3749106,3.3738081,12.30344,41.734867,47.305672,-2.0883,266.0218093546591,356.0218093546591,176.02180935465913,319.4418,-36.5800063761435,53.4199936238565
56,0.86161804,5.658883,10.609683227539058,13.127581787109383,6.5362463,5.4588485,14.205148315429687,16.32953308105469,283.2952,3.7628167,289.3646484375,291.02340820312503,285.9765,3.757142,292.06201171875,293.4802685546875,99579.55,1069.1512,100965.6875,102102.1725,286.11908,3.4520986,291.4724609375,292.2478125,99402.45,1068.2845,100787.478125,101922.018125,0.0009969553,0.0011677054,0.0033491134643554633,0.004392547607421876,206.51505,58.31024,280.9994384765625,299.17350952148445,6.016912,1.6185962,8.871792221069335,11.23908893585205,1.6393209,0.78728753,3.076024103164672,3.8201535224914553,-0.3630089015474229,1.2002708628331595,1.5860804127915318,2.145077084512199,0.47399524,0.22297248,0.8768710136413573,1.0088139867782597,0.0,0.0,0.0,0.0,32.857597,29.103392,89.52238922119139,125.73128723144532,170.7505,141.71199,355.6482666015625,357.4201379394531,4.6296883,3.34284,11.169219970703123,13.443138427734375,7.559855,3.9065113,14.205148315429687,16.32953308105469,35.764534,168.56592,216.1433898925781,240.93426574707036,-0.03421976,0.6910547,0.9825227379798889,0.9982727694511414,0.10189373,0.6144157,1.261963605880737,2.0163418483734166,0.42357618,0.6012532,1.4955934286117538,2.4823707866668703,3.058015,5.3139677,12.76517314910888,25.175513381958012,7.4135504,14.035782,11.412728,16.812408,287.5951,292.15656,290.10446,293.63055,100687.74,102197.94,289.96518,292.44604,100509.664,102013.92,0.002452144,0.0046024323,264.27148,323.76932,7.996195,13.278849,2.4047272,4.0371137,0.6928887577166423,2.4098048303965034,0.7105933,1.1494979,0.0,0,62.14573,144.06367,312.75522,358.1113,7.9893346,14.035782,11.533203,16.812408,202.00934,252.57562,0.71331775,0.9995247,0.7200543,3.091693,1.0923388,3.2221189,7.970875,33.05129,47.5429,-2.8954,334.80737456858975,64.80737456858975,244.80737456858975,350.7505,-74.05688628733975,15.94311371266025
57,6.758843,6.787159,15.363784790039062,19.31231506347656,6.30311,6.3902297,14.881658935546874,17.022986907958984,284.28162,3.140333,289.22034149169923,290.76719482421873,286.52325,2.8913074,290.8738220214844,292.019153137207,99360.98,1002.4635,100844.5375,101176.36875,286.4253,2.4119444,290.1844482421875,290.86369384765624,99292.625,1002.10364,100775.8734375,101107.286015625,0.0010946711,0.0012789391,0.0032125473022460932,0.004756946563720703,228.88426,31.389297,268.972509765625,285.5222833251953,7.790292,1.6241168,10.768108177185058,12.161815252304077,2.8978183,1.3505722,5.390427803993225,7.007380976676941,-0.2556531114000993,1.1195634802394085,1.6005303644201554,2.1237841839508187,0.4276233,0.17948045,0.7168207257986067,0.8448899412155151,0.0,0.0,0.0,0.0,61.343025,53.960598,162.97369384765625,232.0516815185546,94.244934,97.405464,334.6916625976562,355.3531396484375,8.257134,4.83944,15.363784790039062,19.31231506347656,7.7113924,4.579264,15.425785064697264,17.48378707885742,134.63931,103.035126,212.99490356445312,230.1349249267578,0.0005599237,0.72402984,0.9822955369949341,0.9995654481649399,0.9636382,1.4403697,3.4632490515708914,6.467455859184265,0.9009567,1.2877283,3.3574673414230336,5.679621529579162,10.599371,18.080599,42.29756202697754,87.53041122436518,14.697188,20.432098,13.33543,17.528275,288.55124,291.2863,290.38623,293.2597,100592.16,101500.19,289.70242,291.44824,100523.37,101429.984,0.003114627,0.009082794,259.85275,309.05527,10.052078,13.586599,4.7954445,7.511458,1.248821997961327,2.346514190360219,0.697243,1.0605788,0.0,0,138.50804,274.04517,219.81456,358.49594,14.697188,20.432098,13.760302,19.803558,203.5236,249.43663,0.83896387,0.9999966,3.0261507,8.564469,2.7248595,7.4319906,35.41859,119.597946,47.873798,-3.9075999,341.01353582328767,71.01353582328767,251.01353582328767,274.24493,23.23139825874358,-66.76860174125642
58,3.6436133,6.8776526,13.95519104003906,18.271038513183584,5.751554,7.338576,16.390846252441406,18.461879882812497,284.17188,3.3751874,289.5164733886719,290.7225897216797,286.59396,2.9986904,290.98935546875,292.4835046386719,99654.94,1169.3516,101380.765625,103248.67375,286.48508,2.466147,290.12236328125,291.0378100585937,99586.39,1168.8029,101310.84375,103177.919765625,0.0010758443,0.0014790163,0.004136991500854491,0.005911984443664546,227.35788,46.902523,283.91263580322266,314.3038485717773,7.7846065,1.6344981,10.570929956436157,11.618295249938964,2.6139648,1.3868202,5.233407807350158,6.8639919900894135,-0.2608529655179427,1.1413871593308311,1.6195475096295477,2.0870928785034093,0.49071166,0.2338168,0.9067275285720824,1.2817448973655696,0.0,0.0,0.0,0.0,47.367832,47.18639,146.4458374023437,211.7259152221678,127.28967,120.978325,350.69533386230466,355.152317199707,6.4467397,4.3310604,13.95519104003906,18.271038513183584,7.9240756,4.8858485,16.390846252441406,18.461879882812497,100.068214,134.62598,222.33735198974608,234.07443588256837,-0.021679377,0.7386395,0.9863083630800247,0.9998346745967865,0.5344055,1.1048862,2.8030708909034723,3.9856853413581836,0.633427,1.2561542,2.728274583816527,6.2120258092880185,7.0866656,15.132317,34.22654953002928,71.70635566711415,12.293469,19.035461,13.924114,18.567871,288.81183,291.2863,290.6172,293.2597,101341.766,103448.625,289.7287,291.44824,101272.23,103378.34,0.0031522198,0.009082794,273.8968,328.80725,10.069906,12.677686,4.6399407,7.511458,1.3182820706444662,2.367765621524997,0.79288256,1.3281257,0.0,0,116.75004,267.52924,294.37415,359.54865,12.543618,19.035461,13.924114,18.567871,209.99493,241.65631,0.81232536,0.9999783,2.1788285,6.5338254,2.4118803,7.4319906,26.971745,113.97824,47.88092,-4.1159801,139.83871052490974,229.83871052490974,49.83871052490974,307.28967,77.45096232665276,167.45096232665276
59,4.167835,6.3086166,15.471160888671873,16.62118179321289,1.3460237,5.607351,10.245055389404296,12.788152008056636,283.37274,3.866328,288.62868347167966,289.9092114257812,286.03293,3.1854796,290.1653564453125,291.6204565429687,100633.66,1196.7385,102606.7,102810.591875,286.15286,2.6178577,289.702392578125,290.1241943359375,100229.08,1193.6118,102191.9828125,102398.177890625,0.00038667375,0.0007229521,0.0020710229873657222,0.0030826854705810537,255.65799,69.78768,325.28712158203126,344.0712841796875,7.685576,1.8969944,10.974193334579468,11.900068082809447,1.9909207,1.1628006,4.24460608959198,5.360519323348997,-0.7587806046062185,1.4659284475604357,1.791790848585877,2.7212333739244037,0.8465336,0.4367256,1.9723764061927795,1.993361176252365,0.0,0.0,0.0,0.0,31.396875,31.988226,84.85236206054687,143.8757020568847,125.87537,93.356155,310.71949920654293,342.36144073486327,6.2784877,4.1890097,15.471160888671873,16.62118179321289,4.817654,3.1381614,10.835484313964841,12.788152008056636,129.78262,127.02284,236.29604415893553,262.54455444335935,0.11526251,0.69405776,0.9833823919296265,0.9957955294847488,0.40991655,0.7415899,1.7873145997524258,3.2498129463195795,0.117564134,0.60016567,1.1991670727729793,1.5933377635478971,3.1845353,6.3507085,11.466544771194457,33.009123878478974,12.229468,16.692398,7.953137,12.901596,287.97552,290.3356,289.8003,293.85425,102083.91,102817.875,289.5212,290.33545,101675.61,102404.516,0.001573387,0.003897667,310.2867,355.29144,10.480348,13.009895,3.7253313,5.974592,1.2577557700648003,3.1330990215463754,1.3508469,1.9999039,0.0,0,79.281456,157.6474,257.01944,349.2751,12.229468,16.692398,8.80756,12.901596,226.29207,287.90405,0.85438174,0.9998581,1.5889901,3.331427,0.80362767,2.5873213,11.97865,39.57793,48.588699,-3.8382599,88.98025006228431,178.9802500622843,358.9802500622843,305.87537,-53.10488385134681,-143.1048838513468
60,1.670954,5.86885,10.82221984863281,14.23044860839844,2.245296,6.172025,11.361935424804686,13.12943389892579,282.84384,4.1175523,289.2017120361328,291.25102661132814,285.60403,4.3674827,291.926708984375,294.3510534667969,99930.72,1220.0374,101751.3875,102168.88,286.20837,4.00139,292.58388671875,292.981669921875,99706.516,1219.3027,101526.8515625,101946.108125,0.00049850566,0.0008578421,0.0019029617309570298,0.004429025650024414,212.89577,90.08821,324.88906860351557,346.47291076660156,4.561954,1.2480229,7.049660301208496,7.754905986785889,0.83713835,0.51211715,1.6617954969406128,2.1524323463439945,-0.47316550590791345,0.53380402125998,0.5010631619230049,0.9449374704596079,0.7196017,0.21555756,1.1624069452285766,1.3321430850028995,0.0,0.0,0.0,0.0,27.996952,29.614952,88.26779479980466,125.84407958984379,162.92497,115.25017,353.5004180908203,354.9768505859375,5.018828,3.4363642,11.112269592285156,14.23044860839844,5.4614797,3.6116207,11.726055908203126,13.12943389892579,49.97079,168.36311,209.21686706542968,229.1324710083008,-0.03983474,0.71629655,0.9862365007400512,0.998040747642517,0.12390041,0.6064174,1.27004257440567,1.959455740451814,0.12770881,0.6031148,0.8730211853981017,1.654967682361605,2.630241,5.2278733,12.426327705383295,25.237152595520033,8.720875,15.373291,9.778093,16.571,288.14774,292.93906,290.81464,295.51923,101470.25,103162.81,291.14786,293.11523,101245.0,102935.78,0.0014045504,0.0045809746,297.80902,351.07535,6.2423444,8.170193,1.4946816,2.2904437,0.18532424740491985,1.0522530874446152,0.9910182,1.4294665,0.0,0,61.645123,138.83563,281.01877,357.40585,8.961851,15.373291,10.209093,16.571,203.11234,231.9133,0.84008396,0.9992493,0.8280088,2.4538372,0.7773568,2.570154,8.176904,30.695967,46.007359,-1.17434,347.2077519606868,77.20775196068678,257.2077519606868,342.925,85.71723583228197,-4.282764167718028
61,3.241288,5.866091,12.182376861572266,13.870782775878897,1.352332,6.285409,10.129167938232415,13.35213211059569,281.8421,4.3204513,288.1940521240234,290.2923901367187,284.69318,4.250436,291.0604995727539,292.1856164550781,99772.43,1062.6288,101259.7625,101773.28812499999,286.0021,3.7661717,291.49183349609376,292.189423828125,99547.65,1061.365,101030.413671875,101542.00578125,0.00045705485,0.0006457454,0.0018365383148193323,0.0026236057281494134,221.70988,81.173775,300.77000122070314,319.62835754394524,5.0227256,1.643812,8.754453134536742,9.659703321456908,0.9434099,0.4907511,1.78139089345932,2.056043803691863,-0.5527755364007049,0.8031971451814065,1.0043762181069122,1.6270165243119232,0.5659525,0.24440931,1.1116854906082148,1.364330205917358,0.0,0.0,0.0,0.0,31.00938,28.389423,82.92544555664062,112.7369449615478,143.94359,107.02161,343.8154296875,346.9248501586914,5.820918,3.2731712,12.182376861572266,13.870782775878897,5.40804,3.4223793,11.212552642822265,13.35213211059569,77.76631,155.08505,204.90434188842772,213.60922042846676,-0.12801984,0.6738394,0.9798387557268141,0.9995773732662201,0.24262276,0.5546645,1.1375262200832366,1.8058878087997408,0.05490787,0.63264537,0.8685900479555124,1.6254482269287056,2.7974648,4.655384,10.95109610557556,20.270033073425278,8.762224,15.595154,7.2904663,15.601959,285.82703,290.46063,288.35904,292.91107,100985.13,102026.19,289.64713,292.19727,100759.12,101795.58,0.0011820475,0.0027384758,271.85556,332.54117,6.8616757,9.786019,1.5196117,2.1985219,0.38561217423706695,2.2350034073665137,0.82409865,1.4315696,0.0,0,66.17525,119.8695,277.4122,348.53302,9.91183,15.595154,9.100248,15.601959,169.62656,221.51875,0.5564218,0.9998319,0.84518933,2.3201747,0.643919,2.5958219,8.344767,22.88215,45.453671,-0.92304999,107.24906447161771,197.24906447161771,17.249064471617714,323.9436,-53.305460955992714,-143.30546095599271
65,3.8709009,5.956458,11.740013122558594,16.25693130493163,-0.63720655,6.5226927,8.720794677734375,11.500792694091786,281.78345,3.8357086,287.66869354248047,288.63134613037107,284.80206,3.9450643,290.484375,291.3989013671875,99981.53,1192.4574,101708.125,102229.3625,285.88202,3.851292,291.51324462890625,292.196435546875,99756.4,1190.8644,101482.154296875,101998.726171875,0.00037115993,0.0005557918,0.0013427734375,0.0023328781127929673,242.78342,82.68952,335.9582977294922,359.44173126220704,5.0935793,1.7106781,8.918824195861816,9.327082967758173,0.9896629,0.49587932,1.8080872893333435,1.9791973590850809,-0.8340747623695197,1.0679680755858518,1.0882212272138243,1.5965881451536807,0.6002774,0.21741463,0.9187468439340591,1.2827980041503877,0.0,0.0,0.0,0.0,30.57208,27.221308,80.15956497192383,102.40229911804194,141.85518,92.0123,337.8042221069336,353.44668121337884,5.877544,3.9518087,11.740013122558594,16.25693130493163,5.589734,3.351414,11.114795684814453,13.384538269042958,100.92823,139.08557,207.04378509521484,221.80521163940418,-0.0832763,0.69476706,0.9700530618429184,0.9921897172927856,0.28877506,0.5495133,1.2808682024478912,1.9945265471935272,-0.056838777,0.5616105,0.8895315527915955,1.1482892453670481,2.650596,3.962925,10.233550071716309,16.735087728500346,10.272381,17.485947,7.2506127,12.71138,285.83203,289.46918,289.16733,291.91647,101442.21,102583.94,290.4401,292.21484,101214.84,102352.66,0.0010912418,0.00248909,319.7908,359.72696,7.6864314,9.896463,1.5649881,2.2175233,0.6283127484781642,2.1735384152153996,0.89042336,1.6076626,0.0,0,66.23019,108.86049,263.7828,359.59143,11.059716,17.485947,9.480422,14.634689,187.35509,236.05373,0.78005195,0.9998427,0.98603934,2.005291,0.56445533,1.3922076,8.310801,18.872091,45.335571,-0.79517001,146.14973486146494,236.14973486146494,56.149734861464935,321.85516,85.70542871275381,175.70542871275381
70,3.8413172,6.2559423,13.145189666748045,16.926002807617174,-2.2092097,5.029779,6.546669006347652,10.158632507324205,281.81482,4.4166813,288.15062408447267,289.48101104736327,284.8092,4.0361495,290.84327545166013,292.1257907104492,100463.74,1208.069,102171.75625,102891.68,286.13284,4.039458,291.612646484375,292.23927490234377,100237.47,1206.1167,101941.0484375,102659.435078125,0.00044234595,0.0006910057,0.0020628452301025384,0.00230806827545166,240.97748,97.70481,322.58229675292966,346.674429321289,4.9426365,1.621473,8.338641262054443,9.006437826156615,0.8763239,0.51576245,1.8089855492115021,2.21780216217041,-1.1897394688011196,1.2622137067911081,1.462704481523511,1.9929804486153004,0.770886,0.2898831,1.3185249686241147,1.6689954018592816,0.0,0.0,0.0,0.0,27.491598,26.16035,68.42495002746573,109.6000331878662,145.60757,82.02564,298.68692626953117,351.7276275634766,5.9050317,4.3222938,13.145189666748045,16.926002807617174,4.7365294,2.7289276,8.890798950195313,11.684479675292962,95.369896,155.56982,236.85397033691402,254.4104541015625,-0.024649529,0.7008526,0.9813954919576645,0.989846687912941,0.29751042,0.5516933,1.706538265943527,1.9193038284778583,-0.15944086,0.44505718,0.3833957165479658,0.6314403387904156,2.2752776,4.0883026,7.530115795135474,19.130523471832273,12.067965,19.567139,4.115453,12.71138,287.0535,290.5829,289.97247,292.59485,102024.81,103458.375,291.4128,292.3152,101796.04,103222.74,0.001437521,0.0023522377,320.66452,358.21173,7.2091546,9.116302,1.5704677,2.308663,0.6405576821017978,2.4700426076505715,1.1530105,1.9861571,0.0,0,64.34115,110.618034,277.2321,354.5489,12.067965,19.567139,8.198072,12.71138,201.4038,257.7817,0.7604593,0.99625087,1.1159455,2.1252434,0.21282785,0.82203794,8.008756,19.486387,45.040482,-0.60351998,294.3801028620302,24.380102862030185,204.38010286203018,325.60757,-58.77252839913956,31.22747160086044
84,1.9347936,7.492712,13.287017822265625,17.265991210937475,7.628042,6.6464467,16.709442138671875,19.28771057128906,283.143,3.647931,289.00787353515625,289.990966796875,285.8358,3.1255186,290.95770263671875,291.9346435546875,99322.75,1210.4971,100969.8125,101922.25,285.86783,2.5842776,290.2568359375,291.54311523437497,99340.33,1210.6395,100987.953125,101939.70625,0.0006412564,0.0009882541,0.0026230812072753906,0.004127025604248033,211.95145,45.48857,269.62908935546875,289.936328125,8.017529,1.5355817,10.396810531616211,11.706487655639643,3.2430909,1.4945241,6.002255439758301,6.87317543029785,0.7154614039259718,1.3603496669876411,2.279556847179861,2.534213941508059,0.43100068,0.29967391,0.6857700347900391,1.9556062221527095,0.0,0.0,0.0,0.0,53.89135,48.154423,137.71881103515625,224.63223266601548,153.46085,134.72949,350.17578125,357.26542358398433,6.405241,4.318555,14.101959228515625,17.320019531249976,8.765311,5.0426216,16.709442138671875,19.28771057128906,58.49059,152.9107,211.27577209472656,223.55684204101553,0.034112394,0.7165759,0.985454797744751,0.9997947812080383,0.4298569,1.231509,3.0388317108154297,4.769389152526852,0.8944786,1.2415949,2.864511489868164,5.50249166488646,8.297426,14.569078,30.204105377197266,80.4046890258788,11.325855,19.270126,14.971796,20.393082,287.47186,290.58847,289.61053,293.406,100738.12,103242.625,289.3865,292.9077,100755.96,103261.88,0.0020450652,0.0059604645,253.67754,304.74228,9.903729,13.214029,5.244348,7.5157495,2.039848606615239,2.5868950234824197,0.68935394,1.9986731,0.0,0,120.391754,245.32875,328.6262,359.77368,12.292669,19.270126,14.971796,20.393082,194.4451,233.72192,0.7934715,0.99998033,2.1156795,6.8094573,2.5586767,7.9672923,27.420568,95.84652,49.917833,-6.317139,184.56130959656934,274.56130959656934,94.56130959656934,333.46085,58.89953635069628,148.89953635069628
85,2.4083946,7.735707,13.539196014404295,17.175851440429714,7.595295,6.604331,17.478229522705078,19.297678222656252,283.59424,2.980233,288.6856353759766,289.3457565307617,286.07697,2.5898101,290.5127227783203,291.2443511962891,99304.055,1149.6847,100803.1,102076.79375000001,285.94397,2.3988254,289.97613525390625,290.6899462890625,99321.58,1149.8298,100820.754296875,102094.52953125001,0.00080392003,0.001145419,0.003215670585632323,0.004895291328430178,214.46385,44.594604,268.2553314208984,300.14615997314456,8.129033,1.6396343,10.697961044311523,12.597085990905764,3.364641,1.5544924,6.223600530624389,7.11522814750672,0.014572036659748615,1.4371170470414336,2.0490557768839897,2.438605950714104,0.36439726,0.18128482,0.5937062978744507,0.7275720298290254,0.0,0.0,0.0,0.0,56.06745,50.292896,153.63739700317376,233.82923599243168,135.2821,127.85849,347.71759338378905,357.4666082763672,6.7846336,4.402014,14.414318847656247,17.476000671386743,8.600552,5.2193956,17.478229522705078,19.297678222656252,79.18174,149.3383,212.4265380859375,234.5413436889649,0.03163276,0.7525389,0.9866608649492263,0.999464042186737,0.4964888,1.272525,3.4687242627143857,4.736159334182741,0.93496776,1.2979964,3.227136611938476,6.591610093116761,9.010999,15.296181,37.643212890624966,87.07351013183596,11.433018,20.100967,15.157957,20.393082,287.2947,290.26096,289.31052,292.0209,100624.42,103161.56,289.1672,292.55933,100642.06,103180.164,0.002457188,0.0053567886,259.70273,340.59097,10.289347,13.214029,5.5054593,7.5592847,1.8009051449288282,2.485486355409951,0.57508785,1.992578,0.0,0,131.88864,245.32875,285.43918,358.60757,12.662509,20.100967,15.157957,20.393082,206.21123,241.18571,0.85475034,0.9999767,2.3025873,5.0471354,2.8796518,7.9672923,31.548643,95.84652,49.9179,-6.3155999,184.56128569202085,274.5612856920209,94.56128569202085,315.2821,40.720818800166626,130.72081880016663
87,8.913029,6.434961,18.323764038085933,20.539149627685546,5.8680162,5.9920726,14.883154296874999,16.199571838378905,283.05975,3.4313178,288.6300506591797,290.00034271240236,285.91782,3.1430757,290.95052642822264,292.8267086791992,99770.45,1012.3912,101336.596875,101726.593125,286.06903,3.4199355,291.227197265625,291.83833251953126,99663.72,1011.56665,101227.33359375,101615.531171875,0.00051388546,0.00068695855,0.00172581672668457,0.0035824012756347657,242.17441,34.801266,283.242610168457,311.3703240966796,6.6800346,1.7001574,9.868087339401246,10.916344137191771,1.9914695,0.86645466,3.4808429956436155,3.641667902469635,-0.40542253003926526,2.5695598250888603,3.2748997178819486,4.509678472368897,0.61373514,0.2684252,0.951126405596733,1.9444499826431274,0.0,0.0,0.0,0.0,60.880634,48.908077,155.39580459594725,182.338049621582,91.79846,91.44887,350.30599212646484,358.63626586914063,9.506506,5.515478,18.323764038085933,20.539149627685546,7.1553016,4.365013,14.883154296874999,16.199571838378905,150.37595,100.13962,210.9821464538574,229.7441627502441,-0.08876542,0.68421865,0.9901068717241287,0.9982037138938904,1.106568,1.2435565,3.9646086692810054,4.7544306755065895,0.73776436,1.1336514,3.08732064962387,4.706393723487853,9.692148,13.174283,38.458447456359856,52.94782836914061,16.543896,20.80481,12.782518,19.341736,287.64798,290.65222,290.14447,293.22464,101039.98,102170.625,290.7563,292.62402,100932.47,102059.45,0.0014958237,0.0039072037,276.89728,355.89285,9.011619,12.782601,3.148476,3.6529484,2.537524394375122,5.514953512001781,0.9419146,1.9617345,0.0,0,135.53813,198.40018,220.56502,359.23303,16.543896,20.80481,12.842482,19.341736,206.91086,249.75711,0.7524172,0.99999446,3.0932767,5.432129,2.3593216,5.107916,31.018375,62.684986,49.183333,-2.116667,135.59254930488646,225.59254930488646,45.59254930488646,271.79846,46.20591260917604,136.20591260917604
88,7.362924,4.95607,14.462020874023438,16.04245620727538,3.209892,5.2565503,10.47868423461914,12.414907531738272,281.4605,4.072879,288.4436889648438,289.73587890625,284.60922,4.0091896,291.04848022460936,293.80077026367184,100121.74,1070.9108,101719.25625,102442.190625,285.35873,3.6939182,291.135791015625,292.249765625,99537.09,1066.782,101130.769921875,101840.358046875,0.00029362933,0.0004498671,0.0011475205421447752,0.00216230869293212,252.48958,45.92356,308.916763305664,351.14224334716783,6.3520675,1.2944705,8.511772966384887,9.096988735198972,2.193539,1.2501781,4.396352005004882,5.173199429512022,-0.6771769026494768,1.8063889490249379,2.3824772102111593,3.605385077131376,0.76286125,0.27744013,1.255012202262878,1.4672694039344785,0.0,0.0,0.0,0.0,38.01299,32.07637,100.25998420715332,138.6749423217768,90.74424,76.30024,312.3931304931639,354.6378256225586,7.7687755,4.2899895,14.462020874023438,16.04245620727538,5.2054577,3.2848687,11.053504180908192,12.93853073120117,161.74535,94.11371,214.18038635253905,235.7287937927246,-0.010666323,0.72515434,0.9906857401132583,0.9999235111474991,0.5792065,0.65995324,1.8628349304199217,2.8281486701965153,0.28381398,0.62142295,1.3990251123905182,2.1367874813079832,3.935027,6.2023287,16.007913303375243,30.7621670722959,12.491287,16.853287,8.7275915,16.766968,286.6406,290.15363,289.6193,298.0003,101418.48,103123.44,290.0068,292.45532,100828.79,102504.28,0.00093180314,0.0031900406,290.28284,356.88144,7.9433827,11.504639,3.778947,5.8628917,1.2032695142454115,4.482981510513101,1.102156,1.733552,0.0,0,78.29251,182.20056,192.92096,359.9213,12.614105,16.853287,9.438642,16.766968,205.84834,249.1034,0.8158001,0.999998,1.4288266,3.8837593,1.0258973,4.8650093,11.609339,52.86629,49.92917,1.08449,72.02675974176964,162.02675974176964,342.02675974176964,270.74423,-71.28252756403526,-161.28252756403526
89,8.1364975,4.3630695,14.523796081542969,15.625639801025391,2.5752544,5.3075666,10.090205383300777,12.510061187744142,281.82788,3.962131,288.2044876098633,289.8850772094727,285.04242,3.775928,290.963916015625,292.74752136230467,100054.05,1005.67993,101504.3125,101946.6475,285.42676,3.9267793,291.527001953125,292.5304248046875,99724.95,1003.8249,101173.43828125,101615.59125,0.00045920204,0.0006883164,0.0017943859100341786,0.0028106117248535164,258.14767,42.44315,315.9252685546874,350.3280624389648,5.093484,1.0979029,7.030225515365599,7.7567005443573045,1.6104413,0.83281326,3.023596119880676,3.7846809339523326,-0.42740838121792607,1.8956388337608998,2.389962276386599,2.844784378277131,0.74834365,0.29775026,1.2699974775314329,1.7723545336723352,0.0,0.0,0.0,0.0,37.96743,28.145008,84.1368522644043,115.96131233215334,82.33296,56.503613,173.757432556152,331.7966561889651,8.320006,4.000925,14.523796081542969,15.625639801025391,4.9791355,3.155293,10.782933044433593,13.024837188720713,175.81473,63.727882,214.56633834838865,235.97854705810556,0.0066536535,0.7061328,0.982628059387207,0.9988160687685013,0.5804486,0.58326286,1.6913749396800994,2.2707668137550354,0.20972009,0.54117286,1.1843174219131465,1.5845219385623945,3.5533378,4.89431,11.273324489593506,21.41481620788575,12.724583,16.301071,8.441574,14.380661,286.74564,290.56738,289.91653,294.54987,101207.19,102863.5,290.52798,293.35205,100876.78,102518.58,0.0013124174,0.005419731,302.94687,358.85696,6.3638616,8.326288,2.6028998,4.806705,1.7152784659122273,2.988282028213836,1.1379579,1.9630098,0.0,0,74.44123,174.15514,155.55573,358.219,12.724583,16.301071,9.126374,16.885605,206.9863,265.8364,0.80674833,0.99957496,1.3438376,3.893741,0.86833525,3.4403348,10.012674,48.300545,49.481892,0.10598,301.1028723889732,31.102872388973196,211.1028723889732,262.33295,51.230074388370554,-38.769925611629446
90,7.7331553,5.574737,15.916983032226563,19.025269470214845,5.853553,5.4095397,13.197753906249996,15.423153991699218,282.78378,3.6667323,288.5043243408203,289.8761938476562,285.49393,3.266367,291.0214813232422,292.6187664794922,99662.086,1112.8491,101436.21875,102094.59,,,,,99338.3,1110.4297,101109.26015625,101760.2625,0.00046134228,0.00067616947,0.0017259597778320301,0.002989377975463867,230.30397,40.95039,273.25270996093747,296.7665081787109,6.7932234,1.5255972,9.306730079650878,10.415388984680176,2.7669916,1.455026,5.417511081695556,6.489782123565673,-0.3545045039853153,1.1376766687418347,1.2468492614419782,2.2580959177723074,0.5064356,0.19010925,0.8485417127609252,1.0064053654670715,0.0,0.0,0.0,0.0,53.691788,42.623707,134.91302642822265,171.02958740234374,76.85314,75.94251,293.5669036865234,349.93361694335937,8.314864,4.659604,15.916983032226563,19.025269470214845,6.916685,3.955034,13.197753906249996,15.423153991699218,153.45082,95.78397,209.96248931884764,235.05249725341795,0.013734294,0.70064986,0.9882010757923126,0.9997434830665588,0.86293435,0.9887634,3.039698910713195,3.8940690565109253,0.6760315,0.9215412,2.3844852447509766,3.5621563673019403,7.47467,10.44524,28.985969161987303,46.58245918273926,14.463465,22.026306,11.702031,17.521912,287.66156,290.86804,290.10315,295.72678,100934.03,102627.69,,,100607.2,102297.35,0.0013673718,0.004930973,265.52472,329.12643,8.9282465,15.43079,4.895188,8.798138,0.8954376980742846,2.8001713623778546,0.7603284,1.2944207,0.0,0,108.301834,197.19524,175.78087,356.03043,14.463465,22.026306,11.743081,17.521912,206.12587,249.07654,0.81121856,0.9999756,2.2096934,4.736012,1.8370131,5.181906,20.786795,61.92589,49.651447,-1.635508,97.5183145865874,187.5183145865874,7.518314586587394,256.85315,69.3348348274751,159.3348348274751
93,7.3697677,4.94761,14.462020874023438,16.04245620727538,3.2240183,5.2644763,10.47868423461914,12.414907531738272,281.47287,4.0808253,288.4436889648438,289.73587890625,284.6176,4.0114727,291.04848022460936,293.80077026367184,100117.87,1076.4141,101719.25625,102442.190625,285.3664,3.702295,291.169580078125,292.249765625,99533.26,1072.2375,101130.769921875,101840.358046875,0.0002974831,0.0004546199,0.0011510848999023438,0.00216230869293212,252.42189,45.94412,308.916763305664,351.14224334716783,6.348818,1.2927535,8.44436259269714,9.096988735198972,2.1969104,1.2466614,4.396352005004882,5.173199429512022,-0.6905119950302374,1.8034294008352323,2.3833818954541055,3.606853116751616,0.76275456,0.27744836,1.2550763726234433,1.4669661271572112,0.0,0.0,0.0,0.0,38.11035,32.03554,100.25998420715332,138.6749423217768,89.90935,75.24872,308.1999877929686,354.6378256225586,7.7658677,4.297282,14.462020874023438,16.04245620727538,5.217471,3.2923138,11.053504180908192,12.93853073120117,162.51254,93.22772,214.18038635253905,235.7287937927246,-0.011333043,0.7235205,0.9906857401132583,0.9999235111474991,0.58150864,0.660545,1.8628349304199217,2.8281486701965153,0.28473285,0.62118775,1.3990251123905182,2.1367874813079832,3.9426732,6.200162,16.007913303375243,30.7621670722959,12.513071,16.853287,8.773202,16.766968,286.6406,290.15363,289.6193,298.0003,101415.97,103123.44,290.0068,292.45532,100826.29,102504.28,0.0009350367,0.0031900406,290.03696,356.88144,7.9329247,11.504639,3.7744987,5.8628917,1.18713988152057,4.483597267400096,1.1022047,1.733596,0.0,0,78.03637,182.20056,189.59866,359.9213,12.635889,16.853287,9.484252,16.766968,205.84834,249.1034,0.82298964,0.999998,1.4301772,3.8837593,1.0240096,4.8650093,11.570289,52.86629,49.93,1.085,72.02670889349321,162.0267088934932,342.0267088934932,269.90936,-72.11734610052446,-162.11734610052446
94,8.1364975,4.3630695,14.523796081542969,15.625639801025391,2.5752544,5.3075666,10.090205383300777,12.510061187744142,281.82788,3.962131,288.2044876098633,289.8850772094727,285.04242,3.775928,290.963916015625,292.74752136230467,100054.05,1005.67993,101504.3125,101946.6475,285.42676,3.9267793,291.527001953125,292.5304248046875,99724.95,1003.8249,101173.43828125,101615.59125,0.00045920204,0.0006883164,0.0017943859100341786,0.0028106117248535164,258.14767,42.44315,315.9252685546874,350.3280624389648,5.093484,1.0979029,7.030225515365599,7.7567005443573045,1.6104413,0.83281326,3.023596119880676,3.7846809339523326,-0.42734460058133944,1.895646102935355,2.390007745190648,2.844747761936073,0.74850494,0.29777333,1.2703141510486602,1.7730883717536952,0.0,0.0,0.0,0.0,37.96743,28.145008,84.1368522644043,115.96131233215334,82.33296,56.503613,173.757432556152,331.7966561889651,8.320006,4.000925,14.523796081542969,15.625639801025391,4.9791355,3.155293,10.782933044433593,13.024837188720713,175.81473,63.727882,214.56633834838865,235.97854705810556,0.0066536535,0.7061328,0.982628059387207,0.9988160687685013,0.5804486,0.58326286,1.6913749396800994,2.2707668137550354,0.20972009,0.54117286,1.1843174219131465,1.5845219385623945,3.5533378,4.89431,11.273324489593506,21.41481620788575,12.724583,16.301071,8.441574,14.380661,286.74564,290.56738,289.91653,294.54987,101207.19,102863.5,290.52798,293.35205,100876.78,102518.58,0.0013124174,0.005419731,302.94687,358.85696,6.3638616,8.326288,2.6028998,4.806705,1.7154252917894843,2.9884728253715136,1.1380996,1.9630073,0.0,0,74.44123,174.15514,155.55573,358.219,12.724583,16.301071,9.126374,16.885605,206.9863,265.8364,0.80674833,0.99957496,1.3438376,3.893741,0.86833525,3.4403348,10.012674,48.300545,49.481602,0.1056,301.10290851912265,31.10290851912265,211.10290851912265,262.33295,51.2300382582211,-38.7699617417789
95,7.7331553,5.574737,15.916983032226563,19.025269470214845,5.853553,5.4095397,13.197753906249996,15.423153991699218,282.78378,3.6667323,288.5043243408203,289.8761938476562,285.49393,3.266367,291.0214813232422,292.6187664794922,99662.086,1112.8491,101436.21875,102094.59,,,,,99338.3,1110.4297,101109.26015625,101760.2625,0.00046134228,0.00067616947,0.0017259597778320301,0.002989377975463867,230.30397,40.95039,273.25270996093747,296.7665081787109,6.7932234,1.5255972,9.306730079650878,10.415388984680176,2.7669916,1.455026,5.417511081695556,6.489782123565673,-0.354396957637489,1.1376498560759627,1.2464781382298935,2.258194752865489,0.50657165,0.19008599,0.8484942495822906,1.0065462493896484,0.0,0.0,0.0,0.0,53.691788,42.623707,134.91302642822265,171.02958740234374,76.85314,75.94251,293.5669036865234,349.93361694335937,8.314864,4.659604,15.916983032226563,19.025269470214845,6.916685,3.955034,13.197753906249996,15.423153991699218,153.45082,95.78397,209.96248931884764,235.05249725341795,0.013734294,0.70064986,0.9882010757923126,0.9997434830665588,0.86293435,0.9887634,3.039698910713195,3.8940690565109253,0.6760315,0.9215412,2.3844852447509766,3.5621563673019403,7.47467,10.44524,28.985969161987303,46.58245918273926,14.463465,22.026306,11.702031,17.521912,287.66156,290.86804,290.10315,295.72678,100934.03,102627.69,,,100607.2,102297.35,0.0013673718,0.004930973,265.52472,329.12643,8.9282465,15.43079,4.895188,8.798138,0.8955144004761684,2.800501422484722,0.7604632,1.2944964,0.0,0,108.301834,197.19524,175.78087,356.03043,14.463465,22.026306,11.743081,17.521912,206.12587,249.07654,0.81121856,0.9999756,2.2096934,4.736012,1.8370131,5.181906,20.786795,61.92589,49.651299,-1.6355,97.51831544233971,187.5183154423397,7.518315442339713,256.85315,69.33483397172279,159.3348339717228
97,9.23661,6.249957,17.892169189453124,20.637718048095703,6.219595,5.7808194,14.656446838378905,16.146937255859374,283.29358,3.2749672,288.5886932373047,290.20141235351565,286.12262,3.055493,291.14760131835936,292.90305084228515,99753.52,992.6397,101354.790625,101566.14125,286.09543,3.4416814,291.227197265625,292.3120556640625,99646.88,991.93567,101245.9515625,101457.806875,0.0004985775,0.0006513702,0.00172581672668457,0.002776637077331537,240.50592,35.40233,281.56384429931643,294.3034854125976,6.682922,1.6396526,9.775070285797119,10.623795328140258,2.0463815,0.8639241,3.4894410014152526,3.626712927818298,-0.4493191224936988,2.551048001810548,3.262293670962208,4.36202267428775,0.5970184,0.21346201,0.9304128855466842,1.177085963487625,0.0,0.0,0.0,0.0,63.454548,50.6492,158.29793624877928,187.25374801635732,84.882774,87.20112,351.645263671875,359.17922119140627,9.666196,5.5587325,17.892169189453124,20.637718048095703,7.3268003,4.2826996,14.656446838378905,16.146937255859374,155.62315,96.91916,212.98950576782227,229.7441627502441,0.013663768,0.7044415,0.9936933428049087,0.9982109755277634,1.196803,1.3356943,4.050462317466735,4.782631521224971,0.76752526,1.1757529,2.925686609745025,4.803137755393982,10.476418,14.67844,39.908418464660635,55.866357040405205,16.690216,20.80481,12.974928,19.341736,287.83118,290.85437,290.3498,293.64825,101003.26,101599.5,290.77023,292.8269,100895.945,101492.27,0.0014173768,0.0041675568,272.97873,320.98746,8.781964,11.079733,3.1740708,3.6529484,2.5881010127150357,4.637330601241538,0.89317435,1.7689332,0.0,0,138.77959,248.8689,210.09209,359.2525,16.690216,20.80481,12.974928,19.341736,206.66495,249.75711,0.8541054,0.99999446,3.2706218,7.0495377,2.4778872,5.5451093,33.188416,98.632645,49.1833,-2.1166999,135.59255250114109,225.59255250114109,45.592552501141085,264.88278,39.29022948128079,129.2902294812808
99,8.200244,4.248657,13.468434143066405,14.676173858642578,2.8891726,4.865766,10.213003540039061,12.548921356201173,282.2715,3.674951,288.7928756713867,290.2779400634766,285.71118,3.4451048,291.48876953125,293.2416833496094,100152.14,976.5437,101732.475,102595.10125,286.28336,3.9191513,292.21654052734374,293.4313134765625,99823.5,974.38385,101400.942578125,102260.09046875,0.00038604735,0.0004941529,0.0013779163360595702,0.001988587379455567,255.33395,40.676003,303.0443969726562,349.60323516845705,5.0174093,1.0071903,6.5960185527801505,6.997806091308594,1.5749174,0.78851604,2.831154680252075,3.192688348293305,-0.8146550788427719,1.9891742248051965,1.9034963514856234,2.440671878705848,0.7733309,0.3432541,1.4893954873085022,1.9067841958999634,0.0,0.0,0.0,0.0,36.516563,28.39246,84.19484825134278,113.56291358947756,85.1185,63.515347,175.2597953796386,339.96126251220704,8.3610935,3.917728,13.468434143066405,14.676173858642578,4.6790395,3.1517088,10.213003540039061,12.548921356201173,170.21547,74.79935,210.42883377075194,222.7657066345215,-0.01653453,0.760311,0.9945540457963943,0.9987158453464509,0.55546236,0.5485347,1.4472222030162805,2.4254180073738105,0.20832218,0.5224522,1.0444753646850586,1.3375540328025823,3.3889594,4.490291,11.288877773284913,20.57243112564088,12.793124,14.737061,8.812657,13.252029,287.68518,291.27676,290.4572,294.13257,101319.164,103060.94,291.67325,293.73218,100988.25,102717.31,0.0010602871,0.002129078,300.20102,350.076,6.298348,7.173957,2.6201031,3.3645542,1.3328255809950793,2.613388474919413,1.3106726,1.9270135,0.0,0,78.656815,120.526985,177.29237,341.5219,12.793124,14.737061,9.296168,13.252029,204.56557,229.60385,0.9012951,0.99887073,1.3462701,2.5945652,0.8967912,1.5294096,10.43282,23.133856,49.48378,0.11458,301.1016521973301,31.10165219733011,211.1016521973301,265.1185,54.016847558529264,-35.983152441470736
102,1.6782349,6.7681723,12.339773559570311,15.978956909179688,7.0303283,6.2814565,16.14696350097656,17.791587524414066,283.0465,3.339761,288.1049438476563,289.8305981445312,285.37024,3.0605924,290.354443359375,291.9181689453125,99337.086,1203.0133,101082.3875,102106.365,285.43527,2.5043204,289.6017578125,290.6343359375,99160.85,1201.5568,100904.93125,101924.708125,0.00080919394,0.0010433873,0.0031321525573730457,0.004134635925292969,212.96735,38.16325,265.0058349609375,289.1618884277344,7.906162,1.6054721,10.845872116088866,11.934320144653322,3.0143712,1.351432,5.379342937469483,6.632088489532473,-0.11934102580988898,1.2293083694534783,1.7083810033327094,2.0393199331123038,0.4489703,0.15535484,0.7368449211120605,0.8831561279296877,0.0,0.0,0.0,0.0,41.83955,37.64017,121.49441680908201,150.4850195312501,143.87398,133.3723,353.106396484375,358.76259155273436,5.756205,3.9255695,13.242858886718748,16.194496459960945,8.117771,4.7895913,16.158322143554688,17.791587524414066,69.093346,151.93358,213.84774780273438,232.58783325195316,0.061806828,0.70847404,0.991218876838684,0.9988631749153137,0.21730387,0.89456755,1.6994136333465575,3.564867382049562,0.6192542,0.86458987,2.313223457336426,3.1365274715423612,5.0379887,8.860822,23.50750198364257,36.08782699584965,9.3046875,19.069748,13.785313,19.89412,287.5582,290.3521,289.59796,293.95093,100829.32,102685.31,289.02542,291.50928,100651.164,102501.91,0.0023603588,0.004977703,252.70369,341.0334,9.989824,13.178572,4.748457,8.168373,1.3336532037952595,2.633802384593815,0.6478579,0.99543256,0.0,0,94.78896,222.16933,308.9897,359.8213,10.959528,19.069748,13.835819,19.89412,206.32869,249.23074,0.83334637,0.99998474,1.3808111,4.819968,1.7831825,6.0588775,16.886,78.604546,50.102,-5.542,176.30417619479772,266.3041761947977,86.30417619479772,323.87396,57.56978620754603,147.56978620754603
103,1.6884487,6.80928,12.422042083740234,15.587961120605446,6.8924856,6.4162745,15.893711853027343,17.9845344543457,283.009,3.30462,288.0534439086914,289.3137564086914,285.45834,2.9845436,290.4301284790039,291.4038293457031,99415.49,1279.6145,101431.125,102584.0275,285.54507,2.5162735,289.63316650390624,290.5088793945313,99239.19,1278.0178,101250.17265625,102401.29078125,0.0008071688,0.0010618046,0.00320746898651123,0.0041386461257934565,215.41711,39.059162,277.3434585571289,304.12018341064436,7.8828254,1.5662471,10.545809650421141,11.861136198043823,3.0125618,1.4340409,5.676002264022827,6.726264810562131,0.2561352988143726,1.2217535351389694,1.8929796644275254,2.180244373749509,0.5201435,0.2868269,0.8515240043401715,1.92050832390785,0.0,0.0,0.0,0.0,42.993626,39.941185,126.98565826416014,154.67993408203102,142.92746,131.90152,353.01379241943357,358.5744619750977,5.7621317,3.9933808,13.407691955566404,16.005440979003904,8.111029,4.779671,16.010122680664058,17.9845344543457,72.48965,150.35075,214.6596076965332,229.0761054992675,0.018892394,0.69338876,0.9821246296167373,0.9990538257360458,0.25639597,0.908527,2.0249115586280815,3.359147510528562,0.64941996,0.9261523,2.515136873722075,3.8586035585403384,5.4785013,9.382759,25.679810619354242,38.12935821533192,9.86299,18.011902,14.023424,19.89412,287.40155,290.03253,289.54706,293.95093,100997.16,102754.81,289.10284,290.86133,100818.76,102574.41,0.0023481052,0.004981041,259.25476,341.0334,10.101591,12.642699,4.9884334,8.168373,1.6314196970906496,2.606010452623304,0.7964323,1.9853077,0.0,0,100.70564,222.16933,312.31393,359.8213,11.140898,18.011902,14.059727,19.89412,206.30336,249.23074,0.8268794,0.99998474,1.5551772,4.819968,1.9513521,6.0588775,18.706755,78.604546,50.103,-5.54275,177.55318548352693,267.55318548352693,87.55318548352693,322.92746,55.374274233269944,145.37427423326994
104,1.068752,6.4992833,10.832896423339834,14.635072479248047,8.437593,6.043127,15.965965270996094,18.048017730712893,283.39038,3.355613,288.51573333740237,290.1263772583008,285.84213,2.924994,290.7135009765625,291.74685241699217,99418.05,1201.4303,101150.0,102572.3725,285.77664,2.4770539,289.93089599609374,290.586181640625,99242.01,1199.8796,100971.8,102391.31859375,0.0009077352,0.0010906148,0.003560328483581537,0.004127044677734375,208.02728,37.50718,266.0033615112305,289.84147583007814,7.8184257,1.5268744,10.436365270614623,11.834740991592412,3.1130993,1.4025631,5.725388026237486,6.727162747383118,0.2090657323787406,1.3095881907474547,1.8492523845479523,2.1187573435767075,0.47873446,0.3454319,0.8359415739774697,1.8605158233642578,0.0,0.0,0.0,0.0,46.88944,39.76659,117.80747489929195,177.21554626464848,153.03201,141.25511,354.60428161621087,358.6603921508789,5.425619,3.71603,12.08580474853515,15.723635253906252,9.194223,4.807719,15.965965270996094,18.048017730712893,54.995262,159.84872,212.90647506713864,235.7392683410645,-0.041353874,0.7065349,0.9894774883985519,0.9954201537370682,0.2234585,0.90842605,1.9538905441761014,3.47017805337906,0.7953874,0.9552962,2.7047980785369874,4.177697796821597,6.0075445,9.718382,22.102834415435776,50.01607261657717,8.869427,16.964005,15.050411,19.156403,287.76077,290.99918,289.81406,292.35345,100904.15,102820.5,289.35922,290.8916,100725.87,102636.67,0.0024942807,0.0048446655,246.60362,297.1579,9.867704,12.607828,5.1169353,7.751029,1.548055124159322,2.3432219371391527,0.7718381,1.9156845,0.0,0,102.558716,206.89487,339.33905,359.62277,10.133398,16.964005,15.050411,19.156403,205.22495,240.22646,0.84710014,0.9999209,1.4623485,4.819968,2.1624103,4.6597633,19.4066,68.16773,50.099998,-5.53333,170.8328394535697,260.8328394535697,80.8328394535697,333.032,72.19917348588342,162.19917348588342
108,3.4642274,5.687824,12.82755737304687,15.175663452148438,6.8169045,6.726471,15.72923583984375,18.269034423828128,282.69028,4.0168653,288.7382385253906,289.918408203125,285.1244,3.5852382,290.4798095703125,291.2168237304688,99851.914,1393.1576,102451.3375,102888.9475,285.7121,3.2388835,290.46630859375,290.8927734375,99473.984,1387.8903,102067.909375,102492.3975,0.0008443553,0.0010831476,0.0030492782592773434,0.004160232543945315,205.12889,49.994694,280.28943481445293,330.23751342773437,6.3148365,1.2736664,8.276092147827148,9.050790023803712,2.5090308,1.4105829,5.245420455932617,5.947062721252442,-0.2629082096981609,0.4912397915205732,0.6473353981657382,0.9040294007816512,0.6693361,0.5164848,1.9361627578735352,1.9888474702835084,0.0,0.0,0.0,0.0,44.4338,42.509895,139.70958862304687,182.14479858398445,109.692184,116.6492,349.5518249511718,358.48996704101563,5.494053,3.7521267,12.82755737304687,15.175663452148438,8.323261,4.725159,15.72923583984375,18.269034423828128,95.4367,143.68951,197.21092224121094,208.66174926757813,0.018821867,0.70360124,0.9730538487434385,0.9990475106239319,0.45086777,0.8982762,2.2956817626953088,3.861710605621338,0.70285434,1.0146427,2.679544734954834,4.302757778167732,6.0079274,10.990509,31.083972167968742,52.8394538879395,11.087166,16.451202,14.583391,18.937866,288.05508,290.37842,290.0443,292.60074,101564.84,103009.75,290.16843,291.72314,101180.67,102612.08,0.0024323603,0.0057873726,262.04663,331.81396,7.970116,10.011566,4.5703025,7.611964,0.3936987675144285,1.1216739948313852,1.1282512,1.9969709,0.0,0,113.08202,214.99089,267.49985,359.5274,11.255623,16.451202,14.634947,18.937866,192.51202,219.14807,0.8503292,0.99997926,1.9201871,4.455331,2.2670443,6.2588964,23.220938,73.60707,50.6085,-2.447944,200.30007963358287,290.30007963358287,110.30007963358287,289.6922,-0.6078799265516182,89.39212007344838
109,4.2032924,6.0038395,12.985549926757812,15.363900756835944,6.3578753,7.050776,16.750152587890625,19.18423767089844,283.00336,3.7848752,288.9024658203125,290.0879211425781,285.908,3.2989066,291.2413787841797,292.89515686035156,100194.41,1381.5502,102316.4375,103045.0125,286.1225,3.4047158,291.1280517578125,292.0071533203125,100144.71,1380.9271,102266.3203125,102993.01875,0.000729763,0.0010719264,0.003137826919555664,0.004045391082763674,210.87566,53.2783,285.97801208496094,324.2689392089844,5.5796037,1.1415466,7.479487895965576,8.407037925720216,1.8862387,1.112795,3.95986545085907,4.869044828414922,-0.013458504549630818,0.8254845506207592,0.9844027257628127,1.1420570509679948,0.6223105,0.44067836,1.2857494950294495,1.9967022299766541,0.0,0.0,0.0,0.0,47.925125,45.74236,133.53936004638672,205.52603607177738,108.751015,109.3269,339.20068359375,355.8450317382813,6.2405415,3.8267803,12.985549926757812,15.363900756835944,7.9803004,5.1297154,16.750152587890625,19.18423767089844,102.12465,138.53152,198.42729949951172,217.3464340209963,0.09466337,0.68800676,0.9936180114746094,0.9998677790164947,0.5114648,1.0263773,2.3497668504714966,5.230205583572392,0.76600105,1.1592917,3.1671645641326904,4.23100438117981,6.9702854,13.435033,28.422380447387695,67.27619628906254,11.5191965,16.462479,13.902914,19.465546,288.20255,291.38922,290.55618,293.99442,101774.12,103939.19,290.54123,292.47607,101723.61,103886.86,0.0021423965,0.004360199,267.50433,342.61243,7.102825,8.60042,3.4156115,5.4887567,0.3434635003848465,1.4908042113699356,0.9114244,1.9988728,0.0,0,106.70719,264.78766,265.5406,359.63943,11.654227,16.462479,14.10027,19.465546,194.73236,237.98332,0.86445796,1.0,1.9017243,5.8529387,2.198617,8.044112,22.477995,111.65417,50.714333,-1.874861,247.43192419732358,337.4319241973236,157.43192419732358,288.751,-48.680917117245485,41.31908288275454
111,3.7799926,4.6892266,10.999569702148436,13.224888916015622,4.599892,5.654475,12.679229736328123,14.622172851562492,282.5637,3.8923573,289.0214599609375,289.85270263671873,285.14703,3.7605166,291.38857421875,292.78954833984375,100083.56,1441.7786,102504.8,103069.6175,285.5971,4.105705,291.40009765625,293.151220703125,99858.484,1439.1383,102277.8625,102832.004375,0.0006984847,0.0010283112,0.002906227111816406,0.004112930297851556,,,,,,,,,,,,,-0.30305642673085736,0.79340982089136,0.810461034674643,0.9059478023878995,0.7669596,0.56902796,1.9659512519836426,1.991573152542114,0.0,0.0,0.0,0.0,31.873226,35.302784,95.32080688476562,141.30066894531245,106.62369,103.62379,344.71539916992185,359.02156005859376,5.0387473,3.283516,10.999569702148436,13.224888916015622,6.0584035,4.0346465,12.679229736328123,14.622172851562492,,,,,,,,,0.35646307,0.6424085,1.3953203678131103,2.550522756576538,0.42165148,0.6994883,1.8586394071578973,2.874486284255981,3.5836341,7.465873,14.46994228363037,31.799748611450173,9.372964,13.739853,10.997849,16.920624,287.90033,290.3205,290.43332,293.33908,101786.18,103440.5,291.3315,293.73926,101557.15,103207.0,0.002225611,0.0055947304,,,,,,,0.5874695877456291,0.9093518396414499,1.2350408,1.9964108,0.0,0,83.600494,177.42566,255.99554,359.79517,9.495886,13.739853,11.129155,16.920624,,,,,1.2880292,3.7412658,1.4531381,3.7860782,13.870913,50.131687,50.7403,-1.50714,280.3405419454203,10.340541945420284,190.34054194542028,286.6237,-83.71685420127966,6.283145798720341
114,4.555969,6.099739,13.171546936035156,13.873094177246093,3.1309013,6.00324,11.772201538085938,13.131082153320312,282.06155,4.393116,288.185302734375,288.92543334960936,285.07184,3.9128792,290.68157958984375,292.06142578125,100612.24,1244.5365,102448.28125,103143.19374999999,285.91748,3.0945027,290.53564453125,290.8284912109375,100417.11,1242.4042,102249.984375,102941.42031249999,0.00021919735,0.0003958718,0.0011653900146484375,0.001641798019409178,218.61087,56.7976,291.1491241455078,319.2219177246093,6.261978,1.3536332,8.37742280960083,9.920644664764405,2.0006356,0.88841176,3.50071382522583,4.045237898826598,-1.1192173949851876,1.4989113478805065,1.72892147786987,2.6971145414365747,0.9418779,0.555523,1.81019788980484,1.9032946586608888,0.0,0.0,0.0,0.0,36.709198,29.82774,88.19148635864258,105.16408157348626,118.25781,101.14109,328.7440185546875,355.87555236816405,6.699736,3.5682626,13.171546936035156,13.873094177246093,5.772435,3.4906225,11.772201538085938,13.131082153320312,100.35306,136.56706,196.3671417236328,205.44800720214843,-0.004353991,0.62693435,0.9784611165523529,0.9993260264396667,0.3867603,0.6121147,1.47841876745224,2.101764917373656,0.27829933,0.61267495,1.5199135541915894,1.794339275360107,3.54288,4.8705373,12.386193752288818,17.805314540863012,10.944249,13.891113,8.966613,13.368011,287.60587,289.16388,290.03738,292.54178,102174.69,103730.625,290.00815,291.21216,101976.56,103525.516,0.00081245106,0.002064705,269.2664,341.33694,8.214402,10.007818,3.2555401,4.297973,1.109168630552581,3.628266436311562,1.6077304,1.9067398,0.0,0,81.9376,121.98404,251.1342,357.0974,11.172344,13.891113,10.097393,13.368011,190.079,207.53363,0.74849075,0.9999749,1.2949001,2.477693,1.0964724,1.8578918,11.3874855,23.696568,50.70888,-2.76411,290.6328851295896,20.632885129589624,200.63288512958962,298.2578,-82.37507262958962,7.624927370410376
115,7.381224,5.325811,15.658993530273435,16.746225280761717,3.5545897,4.7841244,10.933212280273432,13.261103820800779,281.80496,4.0340996,288.8442779541016,289.78761291503906,284.97977,3.4416852,290.6820922851563,292.5574206542969,100452.75,1222.3185,102449.3875,102934.95375,,,,,99725.47,1215.7445,101700.4953125,102183.52609375,0.00022945525,0.00041499198,0.0009506225585937498,0.0017736434936523422,253.57326,22.704784,279.58153076171874,324.9731732177734,7.8438597,1.7932304,10.599725246429443,12.781140899658203,3.2430813,1.9161925,6.471685981750484,7.5514358901977525,3.6282547360184716,2.5387428836017656,8.443955584402152,8.75897231097926,1.2688631,0.31152213,1.8734744310379026,1.9580306029319763,0.0,0.0,0.0,0.0,36.44144,29.737627,88.04497070312499,114.56064849853514,89.160255,76.60534,318.94166870117186,345.6001342773437,7.923821,4.466914,15.658993530273435,16.746225280761717,4.9334426,3.3217537,10.933212280273432,13.261103820800779,164.413,80.01671,214.18380737304688,228.49940429687496,-0.044763483,0.6965165,0.96265070438385,0.9893415915966034,0.5400299,0.6336202,1.8221766710281355,2.5522522115707393,0.32337642,0.5381698,1.3846356868743896,2.0572702503204345,3.5052695,4.8954043,12.345117187499998,20.94489437103271,14.372981,17.200531,9.609278,14.805786,287.05066,290.39163,289.71875,293.09772,101996.016,103299.75,,,101260.22,102543.04,0.0008183993,0.0028076172,280.6787,330.3618,10.423588,13.087896,6.058524,8.585448,7.024084312823656,9.133169010946402,1.745384,1.97284,0.0,0,78.56095,124.536224,181.56866,356.02045,14.372981,17.200531,9.947521,14.805786,210.1677,253.36617,0.72063094,0.9959638,1.4937943,2.8501897,1.0760318,2.1476912,10.805708,24.698515,50.59419,-4.83437,86.05506898906299,176.055068989063,356.055068989063,269.16025,-86.89482118632861,-176.8948211863286
120,7.8094397,4.2245,14.004922485351557,14.937787017822266,1.5585567,6.36384,11.130988311767577,13.876075744628906,280.60883,4.4058814,287.60890045166013,289.7751382446289,284.1934,3.8233762,290.55027465820314,292.8513034057617,100344.484,1109.8475,102138.965625,102556.840625,285.2599,3.6281338,290.595947265625,291.8051171875,100254.35,1109.0181,102046.871875,102463.785390625,0.00025941955,0.00059470336,0.0014480829238891601,0.0029793548583984383,250.6478,62.0441,335.21553802490234,351.13412109375,5.0870595,0.8870698,6.600692510604857,7.004669494628907,1.6289536,0.81664324,2.970513486862181,3.677240233421326,-0.4568382651795639,1.4436632790305264,1.6220781256247851,2.0792138266857436,0.84788173,0.2936143,1.4006917417049405,1.6151197516918185,0.0,0.0,0.0,0.0,43.297028,35.676735,107.1100257873535,142.03035003662112,92.20879,58.77543,188.61251068115234,333.49945373535166,8.043285,3.7586198,14.004922485351557,14.937787017822266,5.488071,3.5662923,12.066508483886716,14.006571655273438,158.43901,87.3069,198.95013580322265,222.4295768737793,-0.10965345,0.7094445,0.9745858252048492,0.9972551184892654,0.66996515,0.74066186,2.0269595265388483,3.1492647457122813,0.22643344,0.791881,1.6008825719356525,2.6384900164604193,5.0057526,7.6585474,18.270164680480953,32.125203189849856,12.05653,17.081512,8.562484,14.931152,286.17004,290.91403,289.10364,294.78748,101633.8,103241.875,289.60455,293.33008,101542.67,103148.33,0.00095167494,0.004681587,310.81534,355.86935,6.1439786,9.010164,2.6420624,5.506311,1.1060765861230668,2.591640439159999,1.2356946,1.7067813,0.0,0,88.45187,209.37206,153.07588,358.7375,12.05653,17.081512,9.947269,17.321854,197.14459,287.101,0.782278,0.9999048,1.6478752,4.980709,1.1671829,4.6733027,14.6045475,69.809875,50.9693985,1.86772001,66.33147386274089,156.3314738627409,336.3314738627409,272.2088,-64.12267259320964,-154.12267259320964
121,8.019231,4.6691732,14.567350769042966,16.534811096191405,3.4269993,5.7233663,11.327625274658196,14.006492309570312,281.0337,4.09796,287.64305114746094,289.0736370849609,284.34473,3.6767561,289.98907775878905,291.9626275634766,100139.2,1137.5435,102084.128125,102473.460625,,,,,99755.59,1134.2046,101694.098828125,102078.87078125,0.0002874216,0.00054915564,0.0011674642562866187,0.0025365114212036123,225.41257,54.399025,303.9579406738281,334.92451202392573,5.1883492,0.925742,6.888832998275756,7.469621925354003,1.6483959,0.8594279,3.2432873606681816,4.023762862682342,-0.9890102870771648,1.8088633262104092,1.6104705255568683,2.724807560832728,0.87360966,0.32455358,1.496653044223785,1.716250138282775,0.0,0.0,0.0,0.0,46.327457,38.982613,119.91619453430164,151.6444575500488,84.32939,63.5046,209.90606231689435,346.62154937744134,8.324339,4.0979967,14.567350769042966,16.534811096191405,5.6068935,3.6029015,11.562979125976563,14.006492309570312,141.08318,91.97283,189.85055541992188,201.29895416259762,-0.0019294752,0.6967858,0.9848482787609101,0.9997631287574769,0.7597086,0.9088895,2.4617873787879936,3.42248524904251,0.41440845,0.8486963,2.0186258077621453,3.605572438240045,5.827741,9.949554,22.905190277099564,36.62894309997558,12.722027,19.4861,9.802267,19.947632,285.76648,289.70416,288.5633,292.55872,101437.11,103479.0,,,101049.42,103075.25,0.00096181233,0.0044636726,275.74042,359.6019,6.1878033,8.33345,2.652083,5.3857317,0.8271769030705438,3.5171312785668336,1.2389115,1.9428566,0.0,0,93.07983,253.275,162.37502,357.55832,12.722027,19.4861,10.137918,19.947632,182.78535,218.56938,0.76219374,0.9999553,1.8133311,7.8595314,1.4512832,5.2425084,17.074318,102.156044,50.72738,1.57766,18.63936877302382,108.63936877302382,288.6393687730238,264.3294,-24.30996203474257,-114.30996203474257
122,7.8151774,4.2116723,14.004922485351557,14.937787017822266,1.5447438,6.3650723,11.130988311767577,13.876075744628906,280.60764,4.4049397,287.60890045166013,289.7751382446289,284.1908,3.8228407,290.55027465820314,292.8513034057617,100341.164,1109.5708,102138.965625,102556.840625,285.2602,3.6280131,290.595947265625,291.8051171875,100251.03,1108.7379,102046.871875,102463.785390625,0.00025913157,0.0005948078,0.0014480829238891601,0.0029793548583984383,250.19768,63.182068,335.21553802490234,351.13412109375,5.0897403,0.8832188,6.600692510604857,7.004669494628907,1.6303436,0.8145726,2.970513486862181,3.677240233421326,-0.4577573636239152,1.4428364796261746,1.6223023513421138,2.07958083731798,0.84822667,0.29373863,1.4011211514472959,1.6156361353397373,0.0,0.0,0.0,0.0,43.274666,35.70128,107.1100257873535,142.03035003662112,91.85189,57.702145,188.61251068115234,333.4468063354493,8.037548,3.7684913,14.004922485351557,14.937787017822266,5.4816694,3.5723338,12.066508483886716,14.006571655273438,158.34576,87.662254,198.95013580322265,222.4295768737793,-0.10383349,0.7110353,0.9769184291362762,0.9972551184892654,0.6700605,0.7405733,2.0269595265388483,3.1492647457122813,0.2263049,0.7919149,1.6008825719356525,2.6384900164604193,5.00545,7.658744,18.270164680480953,32.125203189849856,12.05653,17.081512,8.562484,14.931152,286.17004,290.91403,289.10364,294.78748,101625.22,103241.875,289.60455,293.33008,101534.09,103148.33,0.00095167494,0.004681587,310.81534,355.86935,6.1439786,9.010164,2.6420624,5.506311,1.1060316824525176,2.5902307675337704,1.236242,1.7081587,0.0,0,88.45187,209.37206,151.14737,358.7375,12.05653,17.081512,9.947269,17.321854,197.14459,287.101,0.7978581,0.9999048,1.6478752,4.980709,1.1671829,4.6733027,14.6045475,69.809875,50.969501,1.8677,66.33147259371265,156.33147259371265,336.33147259371265,271.8519,-64.47957440035327,-154.47957440035327
123,8.041419,4.662286,14.567350769042966,16.534811096191405,3.497511,5.693618,11.327625274658196,14.006492309570312,281.02274,4.1109,287.64305114746094,289.46130004882815,284.3523,3.6756282,290.14013671875,291.9626275634766,100146.15,1138.3636,102084.128125,102473.460625,,,,,99762.54,1135.0326,101694.098828125,102078.87078125,0.0002932759,0.00055306056,0.0012682199478149401,0.0025365114212036123,224.95999,54.009216,301.8949066162109,333.9666424560546,5.2016006,0.92085093,6.888832998275756,7.469621925354003,1.6564664,0.8547302,3.2432873606681816,4.023762862682342,-0.9525538330209181,1.8035131900586634,1.681250446725966,2.725225536804069,0.8725451,0.3248108,1.4956770718097683,1.716200568675994,0.0,0.0,0.0,0.0,46.572823,38.91012,119.91619453430164,151.6444575500488,83.88201,63.45995,209.90606231689435,346.62154937744134,8.346527,4.0884852,14.567350769042966,16.534811096191405,5.6250496,3.5953844,11.562979125976563,14.006492309570312,141.07796,91.96822,189.85055541992188,201.29895416259762,0.009270293,0.7001077,0.9873872548341751,0.9997631287574769,0.7637008,0.90747076,2.4617873787879936,3.42248524904251,0.4198312,0.84697556,2.0186258077621453,3.605572438240045,5.8550873,9.940166,22.905190277099564,36.62894309997558,12.722027,19.4861,9.802267,19.947632,285.75845,289.70416,288.5865,292.55872,101443.64,103479.0,,,101055.97,103075.25,0.0009864807,0.0044636726,274.35815,359.6019,6.1878033,8.33345,2.652083,5.3857317,0.8565989691035785,3.5184492807038836,1.2391042,1.9428638,0.0,0,93.07983,253.275,162.27988,357.55832,12.722027,19.4861,10.137918,19.947632,182.86124,218.56938,0.78061897,0.9999553,1.8133311,7.8595314,1.4512832,5.2425084,17.074318,102.156044,50.727501,1.5774,18.63937393352552,108.63937393352552,288.6393739335255,263.88202,-24.75735489055677,-114.75735489055677
124,6.6621547,5.1375012,14.80140686035156,16.718668212890634,3.9337623,7.6371946,15.471884155273436,17.4734716796875,281.22855,4.221894,288.25380859375,289.34703369140624,284.68246,3.5103245,290.54278564453125,291.5082666015625,100177.75,1380.4135,102347.075,103078.88,285.6241,3.4698403,290.734228515625,291.496171875,99993.18,1377.828,102157.9875,102886.50125,0.00042591096,0.0007308464,0.001926612854003905,0.0032839393615722674,,,,,,,,,,,,,0.24225123105677082,1.5591061210899737,2.41808405020555,2.852310779618074,0.5213479,0.19212797,0.9163386702537536,1.0026948761940002,0.0,0.0,0.0,0.0,49.803257,45.8347,137.01935119628902,174.65965820312502,97.25062,82.80957,312.9999145507811,357.4322302246094,7.1199636,4.478104,14.80140686035156,16.718668212890634,7.2996316,4.5090203,15.471884155273436,17.4734716796875,,,,,,,,,0.7445655,0.97267914,2.5867462635040277,4.313120641708379,0.63554734,1.138203,2.927421236038206,4.620484771728516,7.2792163,12.014415,29.898867416381822,48.58087890625001,13.169777,19.294022,13.911155,18.223145,286.69632,290.0711,289.30933,291.55905,101996.53,103433.69,290.5134,292.18555,101807.95,103238.41,0.001630797,0.004091263,,,,,,,2.095610637743324,2.981533955467968,0.7808633,1.0284859,0.0,0,121.0083,221.03554,211.37317,359.7526,13.169777,19.294022,13.911155,18.223145,,,,,2.2367537,5.3756423,2.5235896,6.2109933,25.75264,77.804306,50.783298,0.06667,274.1580010457665,4.158001045766525,184.15800104576653,277.2506,-86.90739069420403,3.0926093057959747
125,2.5794697,5.995249,12.198365783691404,15.615727233886709,8.70322,4.8100886,15.295657348632812,17.22140502929687,283.548,3.2488585,288.92006225585936,289.91259765625,285.54773,2.8881507,290.18146057128905,290.78064514160155,99385.29,1116.9482,100990.5125,101326.83375,285.8726,2.732071,290.197705078125,290.6759423828125,98966.25,1113.9788,100567.384375,100905.09953125,0.0011676897,0.0012247642,0.003878974914550778,0.004763574600219727,,,,,,,,,,,,,-0.2764076035576696,1.3663601374649326,1.7703132553410024,1.9979974627300006,0.4661321,0.16834952,0.7782939255237573,0.8701623201370239,0.0,0.0,0.0,0.0,46.252872,43.598175,135.4235275268553,180.30240234375,125.92781,137.58514,353.6651153564453,358.95086364746095,5.2787976,3.8243887,12.450733947753902,15.916955261230466,8.944713,4.3421216,15.295657348632812,17.22140502929687,,,,,,,,,0.42862606,0.9538719,2.1928810596466026,3.9315735292434653,0.80266,0.9888727,3.1852472066879263,4.562624521255489,6.4189935,11.463538,29.211616897582946,51.77051414489746,10.284833,15.980698,14.208667,17.724564,287.82642,291.22272,289.4631,292.55975,100728.75,102035.875,289.60034,291.14062,100306.586,101603.83,0.0031394537,0.0056757927,,,,,,,1.4444820096599915,2.172029669362963,0.7142183,1.2880658,0.0,0,115.64439,195.75896,305.27557,359.93655,10.706058,16.391708,14.208667,17.724564,,,,,1.916746,4.948636,2.409041,5.3707476,24.394676,61.0271,50.368401,-4.1852002,104.30383032579499,194.303830325795,14.30383032579499,305.9278,-68.37603491563874,-158.37603491563874
126,4.453252,5.032851,12.06877288818359,13.652494812011716,6.2390842,6.136119,14.921343994140624,16.88358612060546,282.30878,4.180747,288.8389953613281,290.26185302734376,285.11566,3.7051644,291.26817016601564,292.2273791503906,99910.27,1324.8622,102290.58125,102739.99375,285.55548,3.8494575,290.9655029296875,292.54228515625,99658.86,1321.6459,102028.2453125,102477.72078125,0.0007826166,0.0010205263,0.0029812335968017567,0.004055528640747067,,,,,,,,,,,,,-0.1864550892334658,1.1863483972345295,1.611998066499276,1.8084356560588843,0.54456174,0.24086706,0.906774216890334,1.1746921992301933,0.0,0.0,0.0,0.0,41.938133,39.490124,127.19626693725577,149.0152474975586,102.70537,108.18519,349.38982849121095,355.09100341796875,5.6957917,3.5576074,12.06877288818359,13.652494812011716,7.5389132,4.4333115,14.921343994140624,16.88358612060546,,,,,,,,,0.45932773,0.76248413,2.247494935989377,3.033638038635253,0.62914675,0.8996165,2.6873209476470907,3.63805725574493,5.2721224,9.136231,25.767010879516565,35.362328414916995,10.513887,15.31105,13.406505,18.666443,287.88867,290.40863,290.17288,297.13647,101644.836,102867.44,290.8661,293.3457,101388.17,102605.36,0.0024516862,0.0046958923,,,,,,,1.2723541475638502,2.0948877588658688,0.83981335,1.9962832,0.0,0,102.17029,201.05362,263.8236,357.30478,10.66198,15.31105,13.406505,18.666443,,,,,1.5976043,3.4485908,2.063899,5.976582,18.953102,64.372925,50.8004,-1.1102,354.98528978094134,84.98528978094134,264.98528978094134,282.70538,17.720093519839907,-72.2799064801601
127,3.8323953,5.678589,12.415029144287109,15.140750274658203,7.8815465,6.3531923,15.665011596679687,18.272008209228517,282.85852,3.7535684,288.67700042724607,289.68903686523436,285.20932,3.3268535,290.3514129638672,290.76067810058595,99532.805,1174.7246,101420.778125,102381.528125,285.5874,3.2323496,290.39576416015626,290.8244287109375,99156.22,1171.0048,101031.1171875,101997.42703125,0.0010793958,0.001230294,0.0033547401428222655,0.005208029747009278,207.74556,39.252003,252.05657424926758,329.83849792480464,6.4809556,1.3033634,8.633179807662964,9.451899871826171,2.7481656,1.4274505,5.373240327835083,6.266222133636474,-0.11551814248019682,0.4504471498745654,0.6353118129236922,0.9132012826719719,0.47932348,0.18642399,0.7945884168148041,1.044547791481018,0.0,0.0,0.0,0.0,49.876984,48.46794,146.56876754760742,202.31559112548828,106.822685,120.283936,353.11997375488284,358.4110394287109,5.6833653,3.8139513,12.415029144287109,15.140750274658203,8.915785,4.785919,15.665011596679687,18.272008209228517,100.922874,139.49776,197.24430618286132,208.56070251464843,0.04312786,0.6983591,0.987472665309906,0.9998630034923554,0.5349037,1.0272121,2.668631827831268,4.026017942428589,0.88275254,1.1989006,3.208547985553741,5.651188879013061,7.6843524,13.591447,34.211388969421385,65.18376739501953,10.520106,16.559418,15.005589,19.110855,287.82178,290.17303,289.70142,291.07098,101013.74,102453.25,290.13712,291.72314,100631.27,102059.43,0.0028584143,0.0057873726,253.05899,332.77603,8.154869,10.011566,4.7970977,7.611964,0.49917544346517434,1.1930406573438876,0.7376876,1.1978788,0.0,0,124.48465,214.99089,279.18076,358.56992,10.657594,16.559418,15.005589,19.110855,192.90677,220.15456,0.89077836,0.99999255,2.1132414,4.455331,2.7103977,6.2588964,28.46517,73.60707,50.607899,-2.4465001,200.30000811200793,290.30000811200796,110.30000811200793,286.8227,-3.4773152409142085,86.52268475908579
128,5.080561,6.0123725,14.255978393554686,15.44648864746093,8.595649,6.169013,17.677490234375,19.21661987304687,282.9776,3.6640275,288.77402954101564,289.7629663085937,285.618,3.3083594,291.0475158691406,291.87153686523436,99748.13,1153.9174,101527.6625,102625.9175,285.65964,3.420481,290.86767578125,291.57791015624997,99698.61,1153.4905,101477.109375,102574.3225,0.0008579514,0.0010440871,0.0030656814575195307,0.003986110687255859,208.68384,39.540676,255.77937011718745,304.9314294433593,5.8303447,1.0360863,7.575532913208007,8.245994758605955,2.2150362,1.0593295,4.0388804912567124,4.815871982574461,-0.21727073940835923,0.46777118009746077,0.33929180603878484,0.5036918396392385,0.52698,0.2466202,1.0025197267532344,1.3061303329467733,0.0,0.0,0.0,0.0,56.699207,48.10113,148.41212768554672,195.08223083496094,93.47517,110.67381,341.49633789062494,358.75815551757813,6.6117773,4.258634,14.255978393554686,15.44648864746093,9.353812,4.9361024,17.677490234375,19.21661987304687,115.20868,130.5992,198.08959045410157,204.77701843261718,0.04879464,0.70861137,0.9932646512985229,0.9999067974090576,0.6949757,1.0669538,2.863668012619014,4.0586380767822146,1.0031679,1.2399554,3.3589845657348625,5.719692955017089,8.781836,14.338363,35.09937095642083,60.60591323852539,12.175306,17.381516,15.168657,20.559753,287.92825,290.9698,290.05368,292.68872,101246.36,103240.56,290.2936,292.3501,101196.05,103189.03,0.0024130004,0.004360199,251.1009,318.38406,7.210113,8.60042,3.580127,5.4887567,0.27131450378153105,0.8181550677243183,0.8284726,1.637057,0.0,0,119.478935,264.78766,271.24106,359.84155,12.175306,17.381516,15.168657,20.559753,192.74414,205.50876,0.8357602,0.9999444,2.1278741,5.8529387,2.6506,8.044112,27.158672,111.65417,50.7136,-1.8747,247.44369639803756,337.44369639803756,157.44369639803756,273.47516,-63.96853770663131,26.03146229336869
129,4.1202655,4.464896,10.635199737548826,13.30886459350586,4.71927,6.193405,14.342045593261718,17.215948333740236,282.2066,3.8976312,288.4781524658203,290.09564025878905,285.09415,3.809542,291.47393188476565,292.26280334472654,99893.94,1402.2781,102225.01875,102716.83375,285.66476,3.94411,291.273193359375,292.14270751953126,99642.71,1399.7704,101967.06796875,102453.0296875,0.0005599133,0.0009889541,0.0024058580398559565,0.0037720060348510743,,,,,,,,,,,,,8.241259700327344,0.9282267020076905,9.550832747808355,9.714732417628444,0.5419568,0.31192908,1.1414546370506256,1.8762256145477296,0.0,0.0,0.0,0.0,33.017235,34.129047,106.86541175842281,139.60912536621095,94.351524,93.776955,320.1656341552734,356.4471533203125,5.1406817,3.2249258,10.635199737548826,13.30886459350586,6.4221888,4.3834167,14.342045593261718,17.215948333740236,,,,,,,,,0.34912696,0.60277563,1.5490160286426535,2.6776325106620793,0.43795013,0.75848806,2.056238162517545,3.5438998508453374,3.5744138,6.8873615,18.193107223510726,31.038956470489502,8.920031,13.657867,12.623267,19.883514,287.99893,290.511,290.86444,294.9528,101744.98,102867.44,291.08603,293.00146,101488.94,102605.36,0.0021103055,0.00652647,,,,,,,9.334414543886066,9.715968284649621,0.92284626,1.968901,0.0,0,82.50613,147.09685,247.60236,358.16336,8.95176,13.657867,12.676138,19.883514,,,,,1.1236091,2.9882288,1.6383618,3.8459527,13.214343,34.45769,50.651108,-1.1531577,46.30542084219411,136.3054208421941,316.3054208421941,274.35153,-41.953888859772235,-131.95388885977223
130,3.7159076,4.6705217,11.644720458984374,13.719901123046872,4.9734573,5.487253,12.679229736328123,14.622172851562492,282.51163,4.0791135,289.2292724609375,289.995986328125,285.1913,3.918553,291.5218200683594,292.25431640625,100134.125,1485.1046,102633.45,103193.105,285.68152,4.1302323,291.64228515625,293.151201171875,99909.0,1482.2429,102404.78125,102960.50125,0.0006867954,0.0010359578,0.0029475212097167967,0.004112930297851556,,,,,,,,,,,,,-0.37634071225831506,0.7762970084778164,0.750381070570039,0.8443715215069376,0.79773855,0.53734165,1.9709484100341796,1.9898246622085571,0.0,0.0,0.0,0.0,30.608612,33.98943,94.18930206298828,141.30066894531245,106.94401,108.423256,349.4862060546875,359.02156005859376,4.8101907,3.5205247,11.644720458984374,13.719901123046872,6.252502,3.9513779,12.679229736328123,14.622172851562492,,,,,,,,,0.3414482,0.62598306,1.3810733556747432,2.550522756576538,0.40619695,0.66631967,1.8586394071578973,2.874486284255981,3.3142567,7.283925,14.128173637390136,31.799748611450173,9.389261,13.7565,11.245681,16.920624,288.05188,290.3205,290.5433,293.33908,101991.41,103440.5,291.35672,293.73926,101762.79,103207.0,0.0022956794,0.0055947304,,,,,,,0.5464685066660588,1.0182024305193378,1.2705292,1.9989506,0.0,0,76.036835,177.42566,282.45862,359.79517,9.512183,13.7565,11.245681,16.920624,,,,,1.1567712,3.7412658,1.359262,3.7860782,12.423312,50.131687,50.740292,-1.5071276,280.3405415719605,10.3405415719605,190.3405415719605,286.944,-83.39654132781988,6.603458672180125
131,4.865203,5.4399734,12.609226989746093,15.046942138671877,7.4637113,6.8918357,16.354521179199217,17.933679809570314,282.85318,3.7210007,288.2917724609375,289.6986083984375,285.49405,3.4065714,290.64585571289064,291.32713623046874,99731.75,1378.3379,102276.23125,103524.44375,285.739,3.4307833,290.6114501953125,291.34390625,99699.61,1377.9811,102242.26796875,103491.175,0.00092889386,0.0011900812,0.003348875045776367,0.004193019866943362,211.15999,45.858646,278.8064575195312,322.8602423095703,5.963303,1.2121165,7.88629035949707,8.37903877258301,2.320818,1.2475787,4.786123847961425,5.3353388500213645,-0.12961706291873154,0.4219920499245887,0.29910263646099733,0.4486303035852832,0.46809182,0.18525544,0.7917677938938139,0.9750183093547824,0.0,0.0,0.0,0.0,53.9379,51.451824,154.04048004150388,200.31625183105473,82.08729,93.91622,311.53137512207024,353.4923760986328,6.16756,3.8822482,12.609226989746093,15.046942138671877,8.881164,4.907427,16.354521179199217,17.933679809570314,129.07271,110.66926,191.18958587646483,196.22809020996098,0.057116557,0.6944821,0.9808161079883575,0.9952404832839966,0.68330675,1.090745,2.793487334251401,4.50737575531006,0.9540474,1.2641206,3.690539216995239,5.0400848293304445,8.804488,14.759303,37.82152824401854,63.931854553222685,11.322638,16.035767,14.729941,19.071014,287.54538,290.1203,289.589,292.1579,101503.01,103714.5,289.75208,291.46875,101470.3,103680.94,0.0024520368,0.0053539276,253.95824,323.3438,7.626595,9.471068,3.9395308,6.343181,0.2398315389540711,0.6051570603421182,0.7207276,1.0990238,0.0,0,128.68376,217.56543,202.98402,359.19965,11.54734,16.035767,14.751691,19.071014,189.89555,210.0292,0.8992262,0.99661463,2.3575523,5.19149,2.7045586,5.185639,30.67116,75.38053,50.609333,-1.949177,175.82175019761235,265.82175019761235,85.82175019761235,262.08728,-3.734469924174846,86.26553007582515
133,3.6471002,5.8064494,13.043705749511714,14.763834075927722,1.4195487,6.447703,10.883698272705077,12.520169830322265,281.42572,4.7493067,288.5841888427734,289.4717742919922,284.6117,3.8873193,290.3527374267578,292.9521124267578,100605.49,1251.5642,102520.88125,103032.52875,,,,,99876.15,1243.2565,101775.86328125,102272.30187499999,0.0003040487,0.00065420446,0.0016590356826782166,0.0032640266418457005,251.64117,50.66717,324.5810607910156,338.9910623168945,8.237631,2.096648,11.754911661148068,13.664867744445797,2.685558,1.167935,4.490786814689633,5.932563238143921,-1.0644435134897203,1.4650420958077506,2.0718749720160363,2.462437617441618,0.9946916,0.5757047,1.876051342487335,1.9170584678649898,0.0,0.0,0.0,0.0,28.639965,23.108759,70.61866607666015,87.11890357971183,133.2389,103.8708,341.7862182617188,353.8928729248047,5.705623,3.7736936,13.043705749511714,14.763834075927722,5.667327,3.3351736,10.960455322265624,13.03981964111327,118.40229,124.62794,225.35908126831052,250.33882766723627,-0.083411545,0.7005606,0.9456770479679107,0.9998141032457352,0.23337609,0.45569247,0.9842901587486261,1.6573645401000967,0.09136817,0.5062334,1.0360161572694773,1.499262474775314,2.1469991,3.1088815,7.942598891258237,12.155243568420383,10.424591,17.143417,8.322947,12.723877,287.20758,289.81348,289.57465,293.12772,102113.4,103768.875,,,101373.26,103004.516,0.00098931,0.003733635,293.38885,350.32275,11.090886,14.475126,4.398868,6.0610094,1.2022163650997224,3.6093780380674834,1.6402595,1.9820756,0.0,0,62.139717,104.10287,245.71149,354.63846,10.67832,17.143417,9.57826,15.154205,214.57887,262.43723,0.6971678,0.9999442,0.8863422,1.8373556,0.6200083,1.5572337,6.7250795,17.258572,50.594177,-4.8344054,86.05507062050958,176.05507062050958,356.0550706205096,313.2389,-42.81617901894708,-132.81617901894708
140,3.6149235,4.967885,11.073341369628906,13.287044525146484,5.432986,5.1170607,13.243568420410156,15.597328186035156,281.63635,3.9403486,287.73895263671875,288.977294921875,284.649,4.050213,290.7359313964844,294.59070587158203,99921.664,1382.4221,102044.078125,102815.65625,284.86288,3.560805,290.26092529296875,290.7703857421875,99696.55,1380.2382,101820.046875,102587.69140625,0.00048330822,0.00087125297,0.0019561052322387695,0.0042362213134765625,,,,,,,,,,,,,-0.6379354859943851,1.0427429942718296,1.167792785703972,1.3735094570452993,0.73078084,0.22916187,1.1452254056930542,1.415041595697403,0.0,0.0,0.0,0.0,32.816303,34.36107,98.57745361328125,146.03994369506836,113.68049,116.26695,344.4709930419922,356.0453186035156,5.088618,3.4346056,11.326019287109375,13.287044525146484,6.241134,4.087537,13.243568420410156,15.597328186035156,,,,,,,,,0.3331968,0.65704507,1.6035118997097015,2.92582368850708,0.44831997,0.6716134,1.6408076882362366,3.085947573184967,3.5868971,6.8568563,15.475911378860474,33.99273872375488,9.235823,13.694229,11.370493,20.770447,286.45404,289.56863,289.76248,297.0077,101628.516,103527.19,289.48712,291.50293,101400.625,103293.61,0.0017106105,0.0067768097,,,,,,,0.5880258344109656,1.7653785173322778,1.0531217,1.7445918,0.0,0,82.02615,167.71504,265.27927,356.69583,9.506978,13.694229,11.478606,20.770447,,,,,1.2214375,3.0801814,1.3353357,4.1908197,12.872296,44.794376,50.8839,-1.3931,138.76688288670732,228.76688288670732,48.76688288670732,293.68048,64.91359807032393,154.91359807032393
141,3.585596,5.1634903,11.38159790039062,13.735969238281253,5.5428166,5.8166037,13.645886230468749,15.048663330078133,281.51483,4.2386394,287.6364379882813,288.13654296875,284.4332,4.0220604,290.4955200195312,293.7347265625,99969.37,1332.4711,102234.525,102791.78,284.9763,3.6114814,290.26953125,291.031689453125,99717.39,1329.7262,101981.628125,102534.30125,0.00053262577,0.00080351403,0.0019268035888671824,0.0034871673583984405,,,,,,,,,,,,,-0.18970829995766364,1.1629998808899458,1.4920111070920676,1.7651821360938444,0.5483318,0.20186333,0.8423393368721006,1.0306821441650398,0.0,0.0,0.0,0.0,35.85243,33.95923,105.23308410644525,138.47131103515636,125.74897,119.97826,348.06205444335933,357.53534790039066,5.1657457,3.5713627,11.38159790039062,13.735969238281253,6.8607426,4.1704946,13.645886230468749,15.048663330078133,,,,,,,,,0.36259738,0.63696104,1.8251023769378663,2.6209662628173844,0.49605173,0.6749,1.7650703191757193,2.8288180351257375,3.8731358,6.5330486,17.642875671386697,30.58861869812017,9.72891,14.563736,11.7658205,16.799072,286.7468,289.32227,289.98676,295.43375,101610.99,103849.25,289.86935,291.2998,101354.35,103580.0,0.0018402577,0.004163742,,,,,,,1.2624551132762272,1.8847455546185918,0.82088464,1.7683553,0.0,0,82.183846,155.00404,304.55878,359.90836,9.72891,14.563736,11.7658205,16.799072,,,,,1.2145817,2.8582404,1.4415948,3.6633441,12.533259,38.26181,50.802194,-1.11125,182.28295283084444,272.28295283084447,92.28295283084444,305.74896,33.466009571499285,123.46600957149928
142,2.6392334,5.7765856,11.32860717773437,14.25206832885741,5.7925615,6.172855,14.668263244628905,16.081544952392576,282.33264,3.9443626,288.2683410644531,289.2839205932617,284.9512,3.441138,290.26349487304685,291.27793701171873,99964.29,1613.6671,102439.403125,103314.413125,285.37982,2.7672672,289.5084716796875,290.20048583984374,99542.17,1608.6605,102000.3625,102873.161875,0.00057292957,0.0008597981,0.0021873235702514634,0.003719482421874999,,,,,,,,,,,,,-0.3531796905478329,1.1199109620384604,1.7364843234111498,2.1237497871530278,0.71339965,0.41420648,1.7333511829376207,1.9218912816047669,0.0,0.0,0.0,0.0,39.625454,37.64512,108.13504180908197,146.259884185791,129.89952,122.42635,340.9585220336914,351.559504699707,5.258038,3.544938,11.630524444580077,14.25206832885741,7.1546106,4.512907,14.668263244628905,16.081544952392576,,,,,,,,,0.3548292,0.7735657,1.7997653603553763,2.6953658294677703,0.5769287,0.7969527,2.184495866298672,2.818493211269376,4.7442045,7.497435,18.632922077178932,34.067302970886225,9.660612,16.575531,12.630068,16.526062,287.38675,289.82507,289.58725,292.26367,101848.45,103750.125,289.0601,290.79395,101419.75,103315.86,0.0019644375,0.0052690506,,,,,,,1.0673997936520505,2.352547165890685,1.1406333,1.9687972,0.0,0,91.10506,165.34178,294.21484,354.19012,10.033953,16.575531,12.809,16.526062,,,,,1.4555194,4.36445,1.6230391,3.3533096,15.309681,43.535614,50.368389,-4.18525,103.92027490040186,193.92027490040186,13.920274900401864,309.89954,-64.02073876758936,-154.02073876758936
146,1.7217679,5.3124714,10.613693237304686,14.087628173828124,0.5574831,5.4272213,9.793017578124996,12.2155712890625,280.9189,4.478565,287.49599609375,288.5838244628906,284.128,3.794119,289.668359375,291.69451904296875,101585.164,1122.4941,103166.1625,103921.33,,,,,101261.02,1118.8853,102827.6265625,103582.8765625,0.00010900137,0.00029153193,0.0005794525146484369,0.00152313232421875,236.22379,77.60423,346.3058349609375,358.5956018066406,5.807236,1.3368857,8.252910232543945,9.402917404174804,1.145633,0.7844085,2.5515821933746334,4.208749084472656,7.774823018998655,0.1957651190532508,7.998330858266391,8.020640673690563,1.989126,0.017499764,1.9994314193725586,1.999809923171997,0.0,0.0,0.0,0.0,18.939371,21.437006,64.47567138671873,85.56776794433593,155.88675,101.51094,329.4794677734375,355.58356323242185,4.5222564,3.2690847,10.833917236328121,14.087628173828124,4.4165044,3.1946974,10.596395874023436,12.905059814453121,80.33702,141.45454,206.1943115234375,229.80730529785154,-0.04126648,0.69275475,0.9863653898239135,0.998739423751831,0.12662694,0.4049533,0.789090979099273,1.6138081502914419,0.07122887,0.38216886,0.8124955892562866,1.548411302566528,1.3010052,3.2936082,6.620893383026119,11.661376380920409,8.049178,18.635666,7.369055,14.205872,286.0704,289.87,288.71027,292.5999,102814.805,104102.0,,,102485.11,103770.54,0.00045286492,0.002471447,309.90967,359.83734,7.6235013,10.217588,2.211315,5.254149,7.954306601685322,8.089589901517279,1.9980363,1.9999666,0.0,0,47.21751,151.24994,290.1258,359.77914,8.865614,18.635666,8.46932,15.685883,197.30077,239.82962,0.76290804,0.99988467,0.60143465,3.3641236,0.530443,2.6083903,4.914487,36.430897,51.707389,-5.051778,277.73336861997626,7.733368619976261,187.73336861997626,335.88675,-31.846619352398136,58.153380647601864
147,-1.4660764,5.5634785,9.518704223632806,12.360299072265617,6.0791364,6.014115,14.12464904785156,17.54234558105468,282.59375,3.5050929,287.9893859863281,288.882373046875,284.3639,3.2102022,289.4586547851562,291.23950561523435,98956.88,1128.1603,100747.525,101267.5425,,,,,97967.64,1120.6201,99742.290625,100259.009375,0.0011538233,0.0011840439,0.0032928466796874993,0.005017356872558593,221.31267,73.42646,299.39805297851564,354.6739257812497,8.163531,2.2210164,11.941349792480468,13.349547462463377,1.6387912,0.7612928,3.0820988655090327,3.7090317344665515,-0.005917660257523401,0.797019156786886,1.0981515065570522,1.219407730114649,0.45792565,0.17103098,0.7927875518798828,0.930346655845642,0.0,0.0,0.0,0.0,35.373966,34.60766,109.74143371582029,145.28096740722654,214.58488,130.98564,356.0017517089844,359.72728759765624,4.813467,3.119309,10.712155151367185,12.394605712890623,7.363415,4.3289247,14.12464904785156,17.54234558105468,6.7277946,164.18622,235.72582397460937,265.7412548828125,-0.026801482,0.7504473,0.9924577832221985,0.999912965297699,-0.00054340303,0.71503866,1.2337165594100952,2.588144454956052,0.5322548,0.76962143,2.2065622329711907,2.9869092941284174,3.8818796,7.1743374,19.193512344360343,33.612293243408196,5.31762,13.403564,12.974207,18.279999,286.69052,289.5039,288.2828,291.42838,100420.41,101447.25,,,99419.18,100440.016,0.002870886,0.00505352,283.36368,357.46637,10.734359,13.40212,2.6821678,4.077363,0.8360351385670894,1.277815217078716,0.6953842,0.9504026,0.0,0,86.45477,156.84375,345.27124,359.96436,8.60455,13.403564,12.974207,18.279999,181.6686,266.9802,0.89268863,0.99998826,0.79814017,3.3478577,1.6835067,3.4773486,13.827031,39.175438,51.6496,-9.9034,245.61261153988363,335.61261153988363,155.61261153988363,34.5849,58.97228836246012,148.97228836246012
148,-2.143511,6.7957473,8.415972900390624,12.851748046875,7.2888346,6.655821,16.502772521972656,18.463938293457044,282.9062,3.4576313,288.81668853759766,289.2395318603516,284.99554,3.171931,289.8933349609375,290.64073638916017,99188.266,1112.0536,101157.7,101661.919375,285.2121,2.7906578,289.98134765625,291.3452880859375,98948.39,1109.99,100914.551953125,101414.300859375,0.0010650555,0.0011521664,0.003490471839904783,0.0042912483215332056,169.09528,30.84861,211.31286849975587,213.05563430786134,7.2231116,1.4333503,10.017675447463986,10.256693296432495,2.3819866,1.127179,4.123992776870727,5.462084341049197,-0.0352605698403189,1.112354552160662,1.6181937526495214,1.9062199131156214,0.46092242,0.20777944,0.7987528592348097,0.9540196651220324,0.0,0.0,0.0,0.0,47.051304,37.40797,113.00620841979978,145.36958847045906,207.29733,134.83298,349.7169616699219,355.8171694946289,6.016529,3.767947,13.026562499999999,13.898919677734375,8.45756,5.067053,16.502772521972656,18.463938293457044,-38.20207,151.41489,176.14536361694334,183.8958987426758,0.08051182,0.7491946,0.9890557736158371,0.9998544472455978,-0.16336966,0.8888286,1.209245026111602,2.55001846790314,0.73459256,0.93724984,2.4091126322746277,3.446225512027743,5.727462,8.774974,20.340217876434316,34.339509372711234,6.0267477,13.0651245,14.679636,24.241592,287.5954,289.45215,289.3934,291.87543,100751.21,101701.5,289.37234,291.708,100508.48,101451.93,0.002423382,0.005526066,198.29099,213.09445,9.099498,10.286835,3.9267726,6.782876,1.380407048756243,1.9950621256133436,0.73511124,1.0796854,0.0,0,99.24189,191.23964,342.2918,356.98114,11.375126,14.006317,14.887144,24.241592,146.69125,188.25241,0.9424868,0.9999761,0.8892117,3.9006789,2.0926461,4.547288,17.939264,58.241867,51.8278,-8.0007,184.919262512684,274.919262512684,94.91926251268401,27.297333,-67.62192974901214,-157.62192974901214
151,4.942129,6.750967,16.24802551269531,18.36763076782226,9.653677,4.90106,16.363300323486328,18.526953430175766,283.0677,3.2198875,288.41827392578125,289.50412414550783,285.39856,2.804378,290.1905883789062,291.3942578125,99201.06,1064.9562,100718.321875,101134.07875,,,,,98886.16,1062.7699,100397.48671875,100809.806796875,0.0008094752,0.0009513046,0.002931714057922362,0.004271287918090818,213.50435,28.891817,245.94488067626952,295.9681030273435,6.871964,1.4184045,9.270949983596802,10.023076963424677,2.4636793,1.1711719,4.673054981231688,5.1988452625274615,-0.3440563753490041,1.6639805958848242,2.2168994034688327,2.8612257434303574,0.5345886,0.2178462,0.9596622854471206,1.0609184372425067,0.0,0.0,0.0,0.0,60.241302,45.994984,147.4790992736816,181.29068679809563,108.21163,127.386696,352.17394104003904,356.74009796142576,6.7623386,4.91568,16.24802551269531,18.36763076782226,9.884219,4.41514,16.363300323486328,18.526953430175766,105.292725,140.03513,203.354541015625,210.5387182617187,0.0672351,0.73010045,0.9957286596298218,0.9998089814186096,0.75366324,1.2045029,3.252112209796902,4.463822841644285,1.0358462,1.0166453,3.1449069976806627,4.463449487686154,9.131355,12.994474,34.637403678894024,52.34043197631832,13.69685,22.514038,14.784825,20.944489,287.3071,290.29077,289.05048,291.56604,100454.17,101519.875,,,100137.01,101192.516,0.0021088533,0.004678726,244.97989,354.4333,8.754567,11.665687,4.0558476,6.0208297,1.5638665430826924,3.4223626736295514,0.81470287,1.2821887,0.0,0,123.53309,247.86266,287.06494,358.49237,13.847996,22.514038,14.784825,20.944489,195.82233,216.04991,0.84539956,0.9999994,2.4516814,6.41242,2.5029354,6.0224085,26.861069,97.83666,51.716702,-5.0500002,277.73336221826656,7.733362218266564,187.73336221826656,288.21164,-79.52172281396969,10.478277186030311
152,-1.4784815,4.8490744,5.934326171874999,8.291998901367181,6.1176686,5.4295774,13.23131103515625,16.174235229492176,282.95938,3.4531271,288.00978393554686,289.50351806640623,284.5334,3.1865635,289.1667785644531,291.2533544921875,99023.766,1186.0775,100779.425,101508.6875,,,,,98034.68,1177.7963,99772.653125,100502.250625,0.0011808758,0.0011508559,0.00316314697265625,0.0048291015624999985,218.61917,75.617584,297.26652221679683,311.33760742187496,8.134583,2.2017124,12.122819900512695,13.352069358825682,1.576583,0.65696776,2.8536296844482423,3.501255664825436,0.09095757771941823,0.8319239542991211,1.1454517850526844,1.4615875417388096,0.45862448,0.2578503,0.7769349336624145,1.7159762334823563,0.0,0.0,0.0,0.0,28.743992,25.699507,67.6745834350586,102.52192565917952,209.47012,135.13803,356.4432006835938,359.3913916015625,4.1881094,2.830465,9.541445922851562,12.201948852539047,7.087214,4.06872,13.23131103515625,16.174235229492176,9.149053,166.8654,251.96756286621093,265.7412548828125,0.033851266,0.6941449,0.9748058080673218,0.9974524402618408,-0.04259037,0.48901036,0.5528400301933288,1.1792771744728068,0.39343086,0.5176664,1.2588104486465455,2.346881818771359,2.3575237,4.522408,7.2937068939208975,16.787492904663036,3.9251628,13.403564,11.988017,17.089035,287.0173,289.5905,288.4206,291.46045,100479.695,102000.69,,,99478.38,100997.28,0.0027973526,0.00502491,280.81805,323.02573,10.903375,13.40212,2.433407,3.71526,0.8676751691208286,1.7487256700735703,0.79677874,1.9988528,0.0,0,62.7144,156.84375,324.12344,359.96436,7.5672417,13.403564,11.988017,17.089035,193.79373,270.5943,0.73608685,0.9989014,0.4597032,3.3478577,1.0765188,2.9227629,7.457734,39.175438,51.649601,-9.9034004,245.61261154981406,335.61261154981406,155.61261154981406,29.470123,53.85751174120156,143.85751174120156
153,-1.9599259,6.8257084,7.589852905273436,10.971235961914058,7.6471853,7.0500293,17.106930541992188,19.9797637939453,282.89615,3.4071922,288.8046020507812,289.832822265625,285.1371,3.0965333,290.195849609375,291.56999755859374,99177.54,1096.2247,101306.66249999999,101572.7525,285.352,2.803443,289.9787109375,291.10134765624997,98937.79,1094.2014,101062.14375,101329.526875,0.0012482419,0.0012595658,0.0033091545104980465,0.005326194763183593,175.0577,32.1673,212.88992614746093,256.24149536132785,7.050956,1.4208882,9.251375770568847,10.366411819458005,2.4114394,1.2308571,4.2742394447326655,5.576422271728508,0.03191553408846311,1.080483681447845,1.6208708407780599,1.80554860887445,0.48728755,0.22245362,0.7947181344032287,0.979459238052368,0.0,0.0,0.0,0.0,47.954887,39.63662,122.35435180664062,149.4334466552734,194.28992,140.12614,354.9707336425781,359.2142810058594,5.841351,3.9937131,12.620208740234375,13.473093872070312,8.926262,5.315245,17.106930541992188,19.9797637939453,-19.23223,157.5723,184.14334106445312,191.72202636718748,0.06061238,0.7309425,0.9703816652297974,0.9962308382987975,-0.23307854,0.9059118,0.976918089389801,2.3920203685760475,0.7679866,0.97460556,2.778497076034546,3.3237868785858153,6.1347084,8.478541,23.840756225585938,35.58502120971678,5.515744,11.958328,15.393887,23.56549,287.70255,290.38043,289.52866,291.7763,100725.32,101651.19,289.41788,292.3999,100482.08,101402.266,0.0027886073,0.005526066,211.98904,318.20013,8.862246,10.950587,4.0604725,7.4893093,1.2685299900782985,1.9058096259746176,0.76062423,1.0073406,0.0,0,101.54218,158.3152,337.39093,359.80045,10.807292,13.774597,15.508008,23.56549,136.23827,193.53238,0.9021992,0.9987333,0.766751,3.014897,2.1594505,3.3377528,18.360905,39.913948,51.827801,-8.0007,184.91926251297352,274.91926251297355,94.91926251297352,14.289917,-80.62934552078602,-170.62934552078602
154,-1.1687547,6.0669355,8.316119384765619,11.500966796875,7.6890893,5.5797133,16.215422058105467,18.525072631835933,283.33304,3.1883929,288.4095489501953,289.17381469726564,285.1361,3.0224214,290.08344116210935,291.2213372802734,99197.56,1136.079,101025.60625,101787.2375,,,,,98838.03,1133.09,100661.8203125,101422.2865625,0.0010997555,0.0012546035,0.0031353473663330066,0.005423107147216796,173.01395,25.222094,211.1064239501953,215.17906402587892,7.044472,1.3536139,9.10130214691162,10.215669059753418,2.4906332,1.2165253,4.53650221824646,5.557641735076903,-0.022677726790225002,0.938363940925258,1.3389949142552542,1.7119772474246957,0.5105494,0.24389768,0.8744205117225646,1.224031481742858,0.0,0.0,0.0,0.0,40.614666,32.093716,89.59669723510738,124.41902877807615,199.12985,140.7934,353.3002410888672,356.18563354492187,5.164481,3.343261,11.329368591308594,12.137048034667968,8.174868,4.8299103,16.215422058105467,18.525072631835933,-26.115908,155.76114,178.03435821533202,191.7066711425781,-0.061578393,0.7323008,0.9926984250545502,0.9986500823497773,-0.06236206,0.6664107,1.0289695501327514,2.1919267416000365,0.6508116,0.7250776,2.078112030029297,2.9938069200515742,4.2464323,5.675944,12.788728332519522,24.7405418395996,6.953903,12.125671,13.845376,22.357803,287.70334,289.40704,289.27103,292.3401,100634.81,102186.5,,,100271.99,101821.39,0.002805812,0.006023407,202.45793,217.30577,8.792554,10.286835,3.8903039,6.782876,1.0435979734960463,2.05516683462113,0.77049,1.9340724,0.0,0,80.463646,138.45505,320.23123,358.00952,9.623452,12.177383,13.845376,22.357803,167.6121,204.63708,0.80754167,0.9998025,0.8156664,2.2875702,1.577961,3.175849,11.445203,30.527908,51.84,-8.3039999,103.13346362297057,193.13346362297057,13.133463622970567,19.129852,5.996388671951308,-84.00361132804869
156,6.0160966,4.3798103,12.244056701660156,13.63120727539063,-1.8355213,5.652547,8.244178771972656,11.377674102783205,279.19034,4.515768,286.73656463623047,289.00171661376953,283.42157,4.118946,290.11837005615234,291.80137939453124,100910.65,1103.7484,102535.421875,103060.259375,284.91486,3.72032,290.448974609375,291.6515258789062,100814.04,1102.8033,102436.4609375,102959.6546875,0.00015195452,0.00044489626,0.000943303108215332,0.002186203002929689,249.33641,82.5751,343.55570220947266,355.06639251708987,4.931986,0.72948545,6.01574444770813,6.559297800064088,1.2393653,0.5836652,2.249573767185211,2.8240426659584057,0.3455998210823106,1.6020314998064302,2.401845164621514,2.7453005533607593,0.7943265,0.33982745,1.4521921873092651,1.98729128241539,0.0,0.0,0.0,0.0,29.160856,26.583044,84.008056640625,111.23490028381349,115.0514,52.168133,204.53638458251953,245.29168548584,6.54906,3.5311496,12.244056701660156,13.63120727539063,4.8175063,3.473015,11.264949798583984,13.829436492919925,134.285,103.565506,199.4796485900879,216.0708778381348,-0.028753612,0.6871446,0.9840611517429352,0.9994967460632325,0.3599112,0.49027705,1.4692600965499878,2.0297016143798845,-0.0666317,0.5207011,0.8353689163923264,1.5671159386634848,2.4767027,4.165927,11.239494323730469,19.704409694671636,10.959599,16.706512,5.7162213,13.023346,285.22345,290.6095,289.0952,293.94653,102201.46,103433.75,290.04758,292.18457,102103.69,103333.25,0.00070020335,0.0045289993,326.2101,357.44827,5.8205476,7.2401857,2.0563686,3.404202,2.0326702846054028,3.1139689765546197,1.2349668,1.9999529,0.0,0,68.96432,137.85678,188.2917,356.1962,10.959599,16.706512,9.747846,15.609711,192.89984,244.24762,0.79308325,0.9999164,1.0736059,2.9390903,0.56520706,2.2606347,8.610236,30.264654,51.114389,1.322528,250.9466517121802,340.9466517121802,160.9466517121802,295.0514,-45.8952601106177,44.1047398893823
157,2.8385954,4.141297,8.513555908203124,9.718162841796866,-3.3191555,4.252196,3.7842285156249997,6.405722045898437,278.47382,4.853047,286.43421630859376,289.3696179199219,282.69,4.7351756,290.8949951171875,293.18544189453127,101321.47,1034.2605,102899.65,103346.3225,284.40726,3.984807,291.0466796875,293.172578125,101021.37,1031.9854,102586.696875,103037.0640625,0.00012603216,0.0004030538,0.0008099555969238278,0.0018875122070312438,223.88477,117.80909,347.0389892578125,356.2956005859375,4.0917525,0.8717633,5.483391189575196,6.571789093017578,0.9520959,0.6078229,2.0325979709625237,2.9069665431976297,-0.18776143181161356,1.2763326513483628,1.9116761273405851,2.189300615212172,1.0843444,0.5467722,1.9915616989135743,1.9974330234527589,0.0,0.0,0.0,0.0,17.78014,17.572948,55.857286834716795,77.81593383789061,141.422,63.059357,265.8297485351562,338.68917724609355,4.2880707,2.6056995,8.747262573242187,10.280435180664055,4.4307904,3.0725267,9.87110900878906,12.722646484374994,82.462746,155.93863,199.570458984375,219.89354370117184,-0.0382784,0.7154995,0.9936895847320556,0.9996358704566956,0.08743354,0.26765573,0.5194110512733452,0.8476468777656544,-0.15062594,0.27201664,0.07103413045406341,0.23072006702423065,0.99376076,1.8556134,4.968682098388671,9.643270111083982,7.186478,11.3806,1.4979701,8.597763,284.47696,291.70453,288.95233,298.1405,102555.75,103729.94,289.90378,294.41968,102251.914,103426.336,0.0005669101,0.004450321,331.27728,359.53738,5.206726,7.677556,1.75075,3.7778132,1.347001167862531,2.3568341925942127,1.6962451,1.9998484,0.0,0,41.080494,88.49412,226.7661,359.25668,7.5947504,12.669662,8.402711,13.608063,195.24535,254.26624,0.7954771,0.9999543,0.38811398,1.4147977,0.053366106,0.713751,3.3375645,12.4712,51.445639,0.743361,208.32156615898762,298.3215661589876,118.32156615898762,321.422,23.100430911324906,113.1004309113249
158,2.1279752,5.370645,10.003164672851565,13.319187469482422,0.4126994,4.224098,7.396051025390626,9.372889862060513,282.19376,4.382231,288.97703857421874,289.64456756591795,285.18518,4.1506557,291.04956970214846,292.27924774169924,101601.62,1039.5344,103149.696875,103697.748125,286.05505,3.6740885,290.721728515625,291.44273681640624,100952.72,1032.0509,102476.2421875,103017.97367187499,0.00012955666,0.0003272069,0.0007356643676757823,0.001234431266784667,244.72939,52.811234,308.09263916015624,336.5049740600585,6.468977,1.7548015,9.64488377571106,10.763402309417724,0.9804285,0.59769416,2.2065140128135687,2.787255618572234,8.668383202860118,0.32873058218991663,9.176371576047117,9.23149097091059,1.2792206,0.33980253,1.754866224527359,1.8095415973663327,0.0,0.0,0.0,0.0,15.3580885,16.16305,51.55673141479493,70.58935714721675,149.73926,96.50058,324.9197738647461,348.87361816406246,4.818759,3.175637,10.273782348632816,13.319187469482422,3.3221335,2.6339722,8.199596405029297,10.714328613281246,94.99011,122.96784,213.4037223815918,237.47548233032217,0.022940427,0.6862864,0.9894385665655137,0.9994788855314255,0.09898021,0.26717684,0.760166782140732,1.0096092802286125,0.01335149,0.24254628,0.43001489937305454,0.6613583278655977,0.7901699,1.5814872,4.233058691024782,7.936735725402821,8.251987,15.386749,5.4719596,14.084381,287.18185,290.27972,289.83694,293.2218,102728.42,104388.75,289.9247,292.15674,102067.875,103706.01,0.00051259995,0.0036478043,288.31595,348.0128,8.733461,12.03906,1.7713933,2.9847472,9.106415690763336,9.389670070300204,1.6797932,1.838379,0.0,0,36.508896,81.864716,265.91165,359.71033,8.817671,15.386749,6.6674094,14.084381,196.76392,256.43796,0.837135,0.99998367,0.43438387,1.4179546,0.25805014,0.9000004,2.6862662,10.672667,51.211139,-4.112389,84.61918545867672,174.61918545867672,354.6191854586767,329.73926,-24.879927646176725,-114.87992764617672
160,4.1189723,4.550955,10.535511016845703,11.227333831787108,-3.1963236,5.137582,6.57393569946289,10.86884643554687,278.46683,4.6337605,287.191064453125,289.2410314941406,282.92087,4.4073653,290.3466522216797,292.1124517822266,101154.58,1016.5761,102678.33125,103008.76,,,,,100980.17,1015.3042,102499.351171875,102830.607265625,0.0001316382,0.00047523784,0.000633120536804198,0.0017312955856323212,239.52644,115.939316,352.52405548095703,355.74697479248044,5.000335,0.978562,6.6903588294982885,7.2352322387695285,1.5352125,0.8212887,2.9838149309158326,3.893763215541836,-0.10149503675246521,0.9390748407631833,1.4949136602215936,1.9506759086973298,0.8765977,0.57907486,1.991806197166443,1.9974764204025268,0.0,0.0,0.0,0.0,24.39612,21.602608,68.57042732238769,88.28032135009762,140.66708,65.52837,259.1596145629882,350.96552734374995,5.225639,3.2129464,10.535511016845703,11.227333831787108,5.1765866,3.120762,10.639780426025391,12.536721038818353,98.85937,153.56415,205.81980667114257,221.64743850707998,0.032358944,0.7200228,0.9798115640878676,0.999333136677742,0.20680502,0.3696139,0.9325012177228926,1.3864446926116936,-0.15811588,0.38325495,0.3042214125394819,0.9544501280784602,1.6876379,2.7627375,7.487828707695005,12.41562876701354,8.906634,13.345703,2.5302217,13.467209,284.3846,290.25244,288.6892,295.04163,102272.11,103200.44,,,102095.25,103018.92,0.00054163684,0.0056791306,336.62177,359.6404,6.0808406,8.212798,2.5215547,4.270274,1.048840072761109,2.2045020301785274,1.4428753,1.9992999,0.0,0,52.85194,103.46693,221.7814,359.2891,9.018376,13.345703,9.084785,13.622971,200.43343,248.68925,0.88752764,0.9999511,0.67023396,1.4637227,0.19734679,1.3890113,5.4092655,17.048359,51.948,1.292056,143.7610743675425,233.7610743675425,53.761074367542506,320.66708,86.90600937269187,176.90600937269187
161,7.7997017,6.450294,16.825509643554685,19.285436401367186,3.7385755,4.547618,10.533593749999998,13.289282836914056,281.7808,3.7368324,288.1952880859375,289.495732421875,284.9215,3.6320047,290.66387329101565,292.21429443359375,99872.05,1182.2388,101774.3875,102002.715,284.95425,3.949498,290.5953125,291.741884765625,99402.02,1178.5497,101308.13125,101519.13875,0.00039141113,0.0005404144,0.0015899658203124996,0.002031440734863281,210.46214,53.61783,279.42335815429686,292.44902832031244,3.15462,0.7091876,4.383044433593749,4.7622793197631825,0.65416497,0.4283512,1.4442422866821287,1.7694590187072747,-1.1375795631025816,2.8458972813677033,4.017675348885272,5.599180442676005,0.924581,0.39922762,1.8696303367614746,1.9499921321868896,0.0,0.0,0.0,0.0,38.04562,30.979536,99.13707122802732,125.32536834716797,100.76026,89.87706,337.9297790527343,346.47430664062495,8.715489,5.1380625,16.825509643554685,19.285436401367186,4.8954387,3.2616205,10.533593749999998,13.289282836914056,109.70189,123.21399,179.4294464111328,188.3895782470703,0.009008054,0.7265941,0.9951204895973205,0.9994524431228637,0.6231615,0.73629504,2.1186947584152187,3.1442402648925767,0.3219063,0.5125621,1.4063068628311137,1.820078177452087,3.8252058,5.4499207,15.6518268585205,25.012826843261717,14.546997,20.766525,9.154959,15.257416,286.49762,291.0224,289.41956,296.52716,101246.24,102767.625,290.1186,293.31177,100771.56,102279.78,0.0011641532,0.0030260086,259.2037,359.92676,4.021192,4.9751415,1.2235643,1.9604594,2.9816976590693662,5.956078729815025,1.5553291,1.9867879,0.0,0,81.62451,137.23672,231.43594,359.99338,14.573068,20.766525,9.154959,15.257416,166.8161,212.98787,0.82012063,0.9999849,1.6444488,3.5980794,1.0861146,2.2310784,11.970804,29.993015,51.21525,-3.134472,93.03858446553937,183.03858446553937,3.0385844655393726,280.76025,-82.27833055928937,-172.27833055928937
162,5.425262,4.871252,13.374481201171871,15.058922729492187,4.4734716,3.671161,10.314266967773435,11.382444152832011,282.12155,3.8152564,288.6211853027344,289.8065374755859,284.82962,3.609338,290.7005615234375,292.1023712158203,99934.03,1217.6831,101769.675,103124.97374999999,,,,,99219.86,1212.6143,101049.87578125,102379.6753125,0.00043838675,0.0007382182,0.001954841613769527,0.003451395034790036,210.05643,49.625584,271.81434020996096,324.05375122070285,3.164508,0.70531374,4.3756767272949215,4.743351840972897,0.6607589,0.43555495,1.4945133447647094,1.760598144531248,-2.393808736362204,2.640126397508305,3.0452811203344536,5.06634766285488,1.1077126,0.33166617,1.8257823467254637,1.9231526494026174,0.0,0.0,0.0,0.0,28.60731,24.32741,78.1766609191894,91.75115905761719,91.137505,95.31351,342.444692993164,359.7158648681641,5.9705596,4.1810975,13.374481201171871,15.058922729492187,5.015239,2.8825529,10.314266967773435,11.382444152832011,118.91891,122.5709,187.33025360107422,202.99398468017557,0.0013879312,0.7122488,0.9872775614261627,0.9997368001937866,0.37735096,0.47477132,1.3824356079101563,1.8113887906074497,0.2641603,0.32964775,0.9757057070732112,1.1706418156623812,2.2407053,3.1896937,9.738858890533436,13.406152210235593,11.5336275,15.821823,8.667452,13.6132965,287.1021,291.26312,289.59296,292.3696,101397.27,104043.75,,,100679.34,103280.72,0.0014214516,0.00404644,263.4989,358.8439,4.0948887,4.9338846,1.2698414,1.9306464,1.19809256540504,5.858423520277529,1.5772449,1.9978331,0.0,0,62.544613,93.16582,241.65588,359.96448,11.538158,15.821823,8.667452,13.6132965,184.35991,227.12227,0.8224552,0.9999989,1.059798,2.236585,0.7189284,1.6197832,6.7825627,13.822692,51.55,-2.987444,218.4697284085555,308.4697284085555,128.4697284085555,271.1375,-37.33221620152426,52.66778379847574
163,5.7522163,4.4629807,11.183288574218748,12.563632812499996,6.7307982,4.6356344,12.160803222656249,12.4089892578125,280.2478,3.2414043,285.29942626953124,287.21467529296876,283.1558,4.016412,288.8452880859375,290.8576391601562,100471.5,1156.6635,102367.525,102542.0125,,,,,100298.86,1154.743,102188.81875,102363.938125,0.00028764724,0.0003241344,0.000832366943359375,0.0008621025085449218,197.01883,52.303284,239.19214782714843,308.9509411621092,5.628266,0.75218546,6.815457916259765,6.859695816040039,2.291092,0.9594321,3.870756530761718,4.042394294738769,11.67539559728477,1.2032838793549705,12.821586692385493,12.847901471388608,-1.7625301,1.1967893,0.5882512629032131,0.6219598603248596,0.0,0.0,0.0,0.0,44.029606,39.279285,124.64061737060534,139.0172229003906,50.295937,45.92755,90.20890045166016,196.87451293945284,6.280152,3.647081,11.183288574218748,12.563632812499996,7.17172,3.8863575,12.160803222656249,12.4089892578125,146.7229,82.611626,191.89968872070307,252.33279418945298,-0.062933534,0.7762432,0.9731297254562378,0.9857668519020081,0.5617817,0.7562977,2.158876013755795,2.784953384399413,0.6154206,0.7635929,2.2758571624755835,2.4858516788482663,5.4459577,8.353744,25.221673774719193,30.792543869018548,6.3692484,12.9565735,7.229037,12.460815,281.7762,287.81726,285.1149,291.48944,101036.625,102567.06,,,100863.1,102389.31,0.0003088202,0.0008702278,198.6404,330.74448,5.7764244,6.868002,2.3970735,4.088729,12.046870271377086,12.855170309318796,-1.425023,0.6220284,0.0,0,53.27406,140.811,68.01898,230.47714,7.311991,12.9565735,8.006805,12.460815,140.25891,270.40878,0.31013203,0.9897192,0.7113121,2.9054017,0.77581555,2.5012662,7.398259,31.575674,51.95769444,1.34655556,213.07429254791046,303.07429254791043,123.07429254791046,230.29593,-72.7783635928323,17.221636407167665
164,1.2348828,4.0744014,6.692964172363276,9.32943756103515,-0.32837594,2.657893,4.820265197753905,5.545608215332029,280.97375,4.0280066,286.56702575683596,286.8443133544922,284.3682,3.577472,288.94140625,289.778125,101562.805,1155.7272,102807.403125,103826.680625,,,,,100962.2,1150.9884,102195.94570312499,103202.807890625,0.00010646714,0.00026894335,0.0005439758300781241,0.0009823608398437488,243.04036,57.111073,294.68555450439453,301.3464126586914,7.0862837,2.2047381,10.454149484634398,11.100958681106565,0.94300056,0.73872757,1.886683773994443,3.188262810707089,9.861704613220034,0.09047726119009734,10.008811228375343,10.0173678908454,0.117457286,0.11216714,0.236583486944437,0.24928095653653143,0.0,0.0,0.0,0.0,4.732252,4.576087,11.731968832015982,16.663730802535998,174.83269,90.74494,344.26332397460936,354.43352416992184,3.1246567,2.8067033,7.079637908935542,9.406772308349604,2.085412,1.6043082,5.012078094482421,5.583970794677733,68.207695,126.71217,178.0487236022949,190.2066807556152,0.21311973,0.7019191,0.9980664998292923,0.9990171581506729,0.014323,0.07716832,0.08180107399821247,0.24410288602113683,0.0040512253,0.029922396,0.05796639751642936,0.08925384011119597,0.067157984,0.1226359,0.22987037599086715,0.4540246093273157,3.2702293,9.988556,0.3425293,5.726944,283.89014,286.91364,286.68158,289.9873,102365.02,104081.5,,,101762.414,103454.52,0.00018203259,0.0010919571,271.12543,303.01163,8.0070915,11.262661,1.2207642,3.5136576,9.884089376010866,10.019507056462913,0.17293794,0.25245532,0.0,0,6.58723,17.896671,228.44148,356.97607,4.688505,9.988556,2.972025,5.726944,130.63033,193.24617,0.41608888,0.9992548,0.04957595,0.28467834,0.010964195,0.0970757,0.11154855,0.5100632,51.57,-3.975472,152.4302047070238,242.4302047070238,62.43020470702379,354.8327,-67.59750207030504,-157.59750207030504
165,0.43284032,3.0211997,5.726599121093743,7.109458007812499,0.0019851192,3.1729112,4.537295532226559,9.122993164062498,280.09595,4.5784297,287.106884765625,288.52032592773435,283.62024,5.9979963,293.6999267578125,296.9537109375,101678.65,1142.8751,103381.025,103925.03,,,,,100763.71,1129.2095,102439.071875,102983.65,7.7934674e-05,0.00031054587,0.00017566680908203124,0.001683158874511718,,,,,,,,,,,,,8.347784319871895,0.17317948417771897,8.5772206079441,8.615948924531315,0.93417203,0.6733462,1.573095154762268,1.7161962461471558,0.0,0.0,0.0,0.0,6.2017555,6.976225,17.588798141479494,28.2793785858154,160.86208,100.10765,333.8853759765624,349.56939453125,2.4547014,1.7961016,5.83692016601562,7.109458007812499,2.542691,1.879313,5.819595336914058,9.122993164062498,,,,,,,,,0.0076921703,0.079371795,0.11409129798412286,0.2817164695262905,-0.00028934554,0.07112186,0.09060798585414881,0.16923735857009864,0.13792033,0.3506632,0.49266515374183656,1.3027497148513765,3.870075,7.627365,3.760236,10.474243,285.11353,289.13626,290.62552,304.55225,102858.664,104001.56,,,101925.95,103029.22,0.0003916516,0.0021648407,,,,,,,8.424356514917966,8.646730126001414,1.1679773,1.7406046,0.0,0,14.636941,42.798134,275.06525,350.88754,4.9460745,7.627365,4.6776743,10.474243,,,,,0.09567707,0.5198509,0.07034892,0.29352427,0.47001937,2.916951,51.5,-2.72847222,67.39922265768291,157.3992226576829,337.3992226576829,340.86206,3.4628378891920875,-86.53716211080791
166,3.809526,4.508279,10.027191162109377,10.7431298828125,-4.0580735,4.8070416,4.116290283203126,6.210575561523439,278.8414,4.928924,287.4991943359375,288.9463720703125,283.2207,4.698327,290.7617431640625,293.2091748046875,101431.805,936.52234,102866.85,103175.3875,285.04797,4.342086,291.4732421875,292.228994140625,101216.08,934.78076,102646.86875,102953.98625,0.000100921345,0.00027394883,0.0005020141601562504,0.0012860870361328127,227.96033,117.47626,348.18896484375,354.8771447753906,4.0861297,0.83016247,5.30931396484375,6.350743598937989,0.9704099,0.568955,2.0507824897766116,2.51184289932251,-0.48449537419637767,1.081840747734141,1.487866292185966,1.6931034293002012,1.0783856,0.40276113,1.827909803390503,1.9451120328903198,0.0,0.0,0.0,0.0,25.86035,22.428654,76.43515930175784,92.66904998779297,135.52202,55.785255,218.74008789062503,290.3060595703125,5.149176,2.8728516,10.17032470703125,10.838216552734375,5.3274612,3.3353407,11.342092895507815,12.290709228515626,92.43832,151.82248,198.8934539794922,205.01925842285158,-0.015699375,0.685755,0.9914373278617858,0.9963338541984558,0.18303908,0.38079366,0.837263584136963,1.264573931694031,-0.23790732,0.4042193,0.10291478037834172,0.5055499315261842,1.8614645,2.998398,9.307100677490238,13.676391716003419,8.618326,11.858948,2.0685904,7.4570465,285.45224,289.7306,289.7732,295.59155,102510.1,103319.06,290.92447,293.4834,102291.94,103094.79,0.00039243698,0.0021514893,328.31323,358.62537,5.168266,6.665577,1.7566677,2.827884,0.7581489136820416,2.1160878414121265,1.6003098,1.9832774,0.0,0,55.117958,103.776825,207.43343,349.59207,8.765322,11.858948,9.916012,15.102997,192.95908,209.96257,0.77746683,0.9992423,0.6670902,1.5350548,0.117089495,0.94449407,5.634527,17.150637,51.38198,1.11553,84.6574645385503,174.6574645385503,354.6574645385503,315.52203,-39.13543084714405,-129.13543084714405
167,5.4853187,3.9790425,11.10634307861328,12.348267211914063,-2.2129116,5.8955903,7.598519897460936,11.037538146972654,279.54593,4.278971,286.3776885986328,289.19511657714844,283.83694,4.200128,291.011865234375,291.73,101009.45,1173.8512,102650.76875,102854.58,285.5817,3.7792673,290.8482421875,291.349794921875,100867.45,1172.3434,102506.6328125,102709.129375,0.00013902083,0.00036343056,0.0007958889007568357,0.0019886207580566404,257.4709,96.44854,351.62278442382814,357.6060632324219,4.756697,0.8211521,6.016739082336426,6.519789180755615,1.4279451,0.7206233,2.6391404390335076,3.436372032165527,6.513048082898932,1.3953191776748466,8.754967878598082,8.898676704525379,0.8146781,0.34681046,1.483545422554016,1.8017565822601318,0.0,0.0,0.0,0.0,27.964836,23.703266,75.026123046875,98.21136215209961,114.17295,52.37926,192.95913238525387,241.1959521484375,5.9386563,3.257059,11.10634307861328,12.348267211914063,5.1974077,3.52816,11.27797393798828,14.06799865722656,143.29793,112.63262,210.10151062011718,268.2955722045898,-0.0015504324,0.7031676,0.9631512880325317,0.9998291182518005,0.31843245,0.3910286,1.1202817559242246,1.6707688283920286,-0.12344124,0.45899093,0.6468474745750422,0.9454215741157531,2.1323435,3.2786086,8.966075515747068,15.363571014404297,10.306045,12.947403,5.96644,17.68077,285.04233,289.43634,289.6844,291.87692,102316.336,103145.44,290.7688,292.17578,102172.23,102999.016,0.000569444,0.0022435188,339.01254,358.2951,5.8349786,6.6472883,2.470615,3.5845962,8.25925609255579,9.031066898777869,1.2582372,1.8785541,0.0,0,64.8959,108.17106,189.80809,251.87927,10.306045,12.947403,10.408154,17.68077,211.03427,350.6967,0.7799303,0.9999238,0.94293183,1.9095222,0.4203758,1.2519623,7.4437394,18.633806,51.22378,1.40923,174.60719294144099,264.607192941441,84.60719294144099,294.17294,29.56575017379339,119.56575017379339
168,0.14504884,3.1627464,5.969768524169922,7.009914398193359,0.9450864,2.9222195,5.115581512451172,6.5217742919921875,280.98776,5.1859784,290.2671813964844,290.7960891723633,284.80234,6.0372868,294.92919921875,297.02896881103516,101796.33,1332.5033,103592.734375,104321.65625,,,,,100883.13,1319.2993,102671.23828125,103350.17578125,0.00011792308,0.000330512,0.00052642822265625,0.001772165298461914,,,,,,,,,,,,,8.221088102753663,0.5356688375794775,8.75434397706513,8.938974583108852,1.6292018,0.2678871,1.9556367695331573,1.9966241717338562,0.0,0.0,0.0,0.0,6.5511413,7.8035316,15.327447414398193,37.51624584197998,154.85985,119.27361,351.20729064941406,359.3415222167969,2.4806194,1.9464751,5.969768524169922,7.009914398193359,2.5588179,1.6761909,5.295783996582031,6.575595855712891,,,,,,,,,0.013361812,0.084019884,0.13848738372325897,0.3919595777988434,0.01780186,0.08951557,0.08016611076891422,0.35840246826410294,0.1640455,0.48093867,0.37452582269907,2.3059545159339905,3.8340442,7.358444,4.2182536,8.27858,287.41122,290.99945,293.4028,299.77777,103362.766,104755.44,,,102426.47,103795.36,0.000551077,0.0017957687,,,,,,,8.570452859450452,9.110558355502492,1.9172482,1.9996785,0.0,0,16.486385,48.544445,308.1524,359.5887,4.982031,7.358444,4.8259745,8.27858,,,,,0.10923611,0.4533177,0.110110566,0.6399924,0.65129125,3.752827,51.57012,-2.70001,231.5314847615053,321.53148476150534,141.5314847615053,334.85986,13.32837851974466,103.32837851974466
170,8.002323,4.439417,14.114937591552724,16.312832183837894,-3.0891361,6.850946,7.809860229492178,11.540897216796878,279.8487,4.47705,286.68409729003906,289.43457763671876,283.87222,3.9684072,290.2218933105469,292.142021484375,100698.41,1105.7941,102373.0875,103201.156875,285.23364,3.9092855,291.1880737304688,292.2144287109375,100718.375,1106.0015,102393.93125,103221.5625,0.0002047865,0.00045083393,0.0008696556091308583,0.0019572496414184595,275.2407,69.186554,347.85775299072264,354.9467254638672,5.7751265,1.1992716,7.6341051101684565,8.342715911865234,2.391902,1.1413354,4.219769072532653,4.833305153846741,-0.9569847586001552,1.3197101237806348,1.3876697858345202,2.03543988017715,0.9030203,0.34686807,1.527755182981491,1.8082263481616974,0.0,0.0,0.0,0.0,47.955696,37.070084,117.14934120178222,151.37342590332034,111.87948,48.937946,179.11802215576168,313.89302093505864,8.237674,3.9844446,14.114937591552724,16.312832183837894,6.314048,4.0654,13.342699432373044,15.030974273681641,163.36122,81.30009,202.5593452453613,228.80806060791016,-0.008951304,0.7282297,0.9924566894769669,0.9991621315479279,0.7233339,0.758044,2.1263374090194698,3.4379357147216805,-0.31410584,0.8965667,0.9463879942893973,2.1095533013343823,5.8447375,7.9477673,21.85542001724243,36.49370552062989,12.704041,18.85353,5.6374154,13.828384,285.53625,291.66855,289.2136,294.47205,101948.914,104061.125,290.0389,293.79395,101969.14,104082.13,0.0007036337,0.0050644875,330.61404,359.33136,7.121594,9.500584,3.745792,5.912299,0.6478119409549583,2.397477491511209,1.3639826,1.9700723,0.0,0,96.32466,177.4963,170.46216,351.93243,12.704041,18.85353,11.35272,16.967514,198.72363,273.93387,0.8010769,0.99997467,1.7340456,4.1649685,0.66696846,3.4049842,16.561722,50.171616,51.048091,2.366698,96.88975345645571,186.8897534564557,6.889753456455708,291.8795,-75.01026737247133,-165.01026737247133
172,7.051454,3.6337814,12.691913604736325,14.298910064697264,-2.7378755,4.9053283,7.1771522521972635,9.523251190185547,279.30392,4.654822,286.6616271972656,289.4669201660156,282.72592,4.329597,289.6550598144531,291.76829406738284,100499.945,1053.907,102088.47499999999,102745.846875,,,,,100515.15,1054.0223,102103.575390625,102761.107265625,0.00028144236,0.00049786764,0.001095890998840332,0.0026158428192138653,290.1519,42.690117,338.5171844482422,349.2113970947266,6.2426863,1.1860336,8.315899038314818,8.970897521972656,2.1546166,0.83771014,3.6507787108421312,4.061817617416382,-0.549600613628453,1.423839270179321,1.9977735625621469,2.5405801749453265,1.2686368,0.43345708,1.9545620799064636,1.9895653021335602,0.0,0.0,0.0,0.0,30.373705,23.343094,74.1881893157959,99.71848243713377,114.305244,37.763866,172.15707855224602,192.355615234375,7.130721,3.4750934,12.691913604736325,14.298910064697264,4.7833343,2.9367197,9.514883422851563,11.81673080444336,175.84663,36.57651,197.78476943969724,205.4018243408203,0.035323028,0.70022255,0.9775534033775329,0.9989742815494538,0.39458364,0.42065695,1.1273530602455135,1.6608493566513058,-0.12234521,0.45793387,0.5039028018712988,1.3249280238151542,2.33392,3.8036408,8.764997386932372,15.839583435058588,11.05111,15.374084,4.277204,12.781235,285.7001,289.86032,288.36185,293.00967,101745.76,103288.75,,,101761.08,103304.25,0.0009069443,0.0038843155,330.3723,355.39032,7.7731104,9.662767,3.2194216,4.4608493,1.4003476091191747,2.797083227342097,1.8053844,1.9973274,0.0,0,62.969498,161.28664,162.71541,230.00156,11.147613,15.374084,8.479581,12.781235,193.19969,212.8027,0.804655,0.9999945,1.0266536,3.663872,0.42764717,2.9041145,7.3361855,41.426308,51.399148,4.209993,253.15678435963588,343.1567843596359,163.15678435963588,294.30524,-48.85154754322963,41.14845245677037
173,6.186264,4.4715242,12.876564025878906,14.471058349609374,-2.5079756,4.159552,3.8795181274414055,7.048154449462889,278.78604,4.985108,286.61683959960936,288.64827911376955,282.2998,4.604601,288.9944274902344,291.5467083740234,100756.72,1296.2405,103015.275,103657.63124999999,,,,,100771.99,1296.4628,103031.711328125,103673.80234375,0.00017177674,0.0003649555,0.0008860588073730464,0.0016435003280639642,281.71848,63.942493,342.1490051269531,355.23468017578125,5.904276,1.3354667,8.18143253326416,8.468087100982666,1.8912369,1.0439934,3.7992263436317444,4.214185528755187,0.44183152603748443,1.3445087202842918,1.696714737500499,1.8790628773668432,1.5312555,0.43329948,2.276324880123138,2.4662145733833314,0.0,0.0,0.0,0.0,24.264599,21.931118,67.34153327941894,88.06230400085447,125.38701,57.850704,250.4843597412109,324.8574057006835,6.6376324,3.762868,12.876564025878906,14.471058349609374,3.922454,2.8517046,9.66326522827148,11.446873779296869,156.33147,92.95387,200.75424041748047,227.52056076049803,-0.03788767,0.6927086,0.981711533665657,0.9943549889326095,0.3165075,0.40720293,1.1472618758678435,1.5931246936321253,-0.15570173,0.33293536,0.15372588336467738,0.700668384432791,1.6973915,2.9578822,7.221801710128784,12.361469144821159,10.644621,15.374084,2.2894952,7.4964447,284.7471,288.94397,287.74594,292.7669,102232.12,103779.875,,,102247.62,103796.16,0.00065898895,0.002565384,331.00385,356.56467,7.4371767,8.503976,3.0892255,4.435692,0.8992534953152692,1.914510177064483,2.0191135,2.557372,0.0,0,50.51333,116.36079,190.48753,355.27716,10.695891,15.374084,7.751915,12.887878,201.96434,263.78943,0.8128641,1.0,0.8095936,2.3570628,0.13479535,0.81945235,5.167933,21.562183,51.506519,4.249998,300.38457975009675,30.384579750096748,210.38457975009675,305.38702,-84.9975558243155,5.002444175684502
174,7.31666,3.2451255,12.121958923339843,14.8126284790039,-3.2712357,4.4703174,5.366790771484374,7.863991699218749,279.09903,4.4150996,286.0980590820312,288.0695324707031,282.8722,4.117576,289.3001312255859,290.8421313476562,100677.58,954.0964,102090.375,102628.995,,,,,100692.734,954.2095,102105.65859375,102643.84953125,0.0002339009,0.00039290477,0.0010972499847412087,0.0016036319732665952,294.4366,41.55105,334.99989013671876,347.1677227783203,6.4467096,1.2045715,8.337539958953856,9.117309207916259,2.2762825,0.80841374,3.6308521986007687,4.142314510345456,-0.4743768648223106,1.0650458237701674,1.462757387576698,1.6487126222678963,1.0799836,0.4120909,1.8575134873390196,1.9426933622360225,0.0,0.0,0.0,0.0,31.095238,21.571491,71.65990905761718,82.85990097045897,116.03904,32.334534,165.79602050781247,184.5056710815429,7.3793645,3.0990388,12.121958923339843,14.8126284790039,4.6926556,2.9323447,9.462753295898436,11.447604064941398,178.39758,41.118843,201.0723159790039,207.69957763671871,0.040135078,0.695909,0.9843568563461302,0.9994624590873719,0.39711905,0.37853637,1.1369728803634638,1.440285775661468,-0.17895587,0.39517248,0.5444644868373865,0.8848704278469083,2.2766123,2.7086418,8.17773036956787,10.93435279846191,11.248892,15.852402,2.769252,8.232956,284.97406,289.4427,288.1307,293.00967,101782.055,102763.06,,,101797.33,102778.53,0.0008068879,0.002450943,327.19077,350.22427,7.916929,10.297004,3.3328166,4.749682,1.0289140967989199,1.7361375613367511,1.6457692,1.9863707,0.0,0,58.805214,93.07892,155.14482,205.37729,11.248892,15.852402,8.244489,13.203781,196.1452,214.53897,0.82166046,0.9999924,0.92283404,2.3497727,0.29383,1.1002256,6.0059175,13.79692,51.511332,4.165743,294.0476712086603,24.04767120866029,204.0476712086603,296.03903,-88.00863922623842,1.9913607737615848
175,8.334547,4.241635,14.611121368408199,16.516017608642578,-3.8442426,5.113687,5.121214771270744,10.429965057373042,278.6932,4.3106236,285.4883804321289,287.2698083496094,282.37006,4.1574636,288.5386260986328,291.63509857177735,100334.3,1261.8278,102271.51875,103201.3125,,,,,100317.35,1261.6215,102253.92890625,103183.997265625,0.00026227237,0.0003934351,0.0010447978973388663,0.0016514301300048812,295.48007,29.606213,336.3623382568359,346.2270330810546,6.1497235,1.199049,7.9060815334320065,8.682428798675534,2.125076,0.84374446,3.4875237703323365,3.713559997081756,-0.36338265478516474,1.2603101269675019,1.851838431870984,2.086650167580108,1.1043429,0.43509448,1.8543354988098144,1.9615362501144407,0.0,0.0,0.0,0.0,39.57682,29.806332,94.56813201904296,116.28257583618138,117.16853,35.321033,167.9310409545898,192.71572494506813,8.399992,4.1088204,14.611121368408199,16.516017608642578,5.345605,3.4896784,11.36812973022461,13.207560882568346,178.31155,15.404533,194.67068481445312,205.35520095825194,-0.1008651,0.68720174,0.9853234946727752,0.9993088012933731,0.59978306,0.6213458,1.5531212210655205,2.6604994177818235,-0.25804585,0.60139805,0.40336313545703817,1.9219326198101,3.8914914,5.4906797,14.242317056655882,22.007103443145645,12.198159,16.524612,2.4277334,10.935516,284.062,290.2677,287.42374,291.68744,101889.625,103290.19,,,101872.41,103272.66,0.0008066177,0.0018510818,326.09323,351.58408,7.375768,9.039787,2.8207827,3.7776284,1.2466185620185248,2.1057650365566722,1.5266855,1.9966927,0.0,0,69.86084,149.741,156.63039,219.72581,12.2032385,16.524612,8.69778,14.945221,189.49425,205.99101,0.7493798,0.9996592,1.3090292,3.468248,0.39903745,2.4551096,9.829128,35.70762,51.399115,3.564552,123.02473879534341,213.0247387953434,33.02473879534341,297.16852,84.14377927106284,174.14377927106284
178,9.230324,4.0718384,15.18293075561523,17.73555450439453,-3.6927798,6.0313454,7.339916229248046,10.145512237548825,279.4289,4.3367133,286.77516784667966,287.7604064941406,283.0583,3.9024472,289.2231384277344,290.8350405883789,100450.24,1068.1234,102055.25625,102428.796875,284.55322,4.7037363,291.7589477539062,292.94958251953125,100449.766,1068.0653,102054.5171875,102428.56203125,0.00038248146,0.00062696834,0.0013429880142211913,0.002390823364257806,289.24902,40.54078,337.6421585083008,347.6129537963867,6.305984,1.136618,8.183556175231933,9.03849082946777,2.2319229,0.8315954,3.61642130613327,4.137064962387084,-0.3121615730850963,0.8144975852987189,1.2363389481965035,1.4389747103824815,1.105019,0.41712415,1.862794017791748,1.9550762498378753,0.0,0.0,0.0,0.0,49.83087,34.717316,104.82812614440917,145.29266616821275,112.72006,34.80341,166.82160110473632,191.04936996459955,9.300639,3.9078453,15.18293075561523,17.73555450439453,5.9922724,3.7431052,12.06256866455078,13.709730682373044,176.52896,31.391457,196.51000595092773,210.58640075683581,-0.01856693,0.70565665,0.989624398946762,0.9994078266620636,0.7958768,0.7400336,2.013650047779083,2.93842802286148,-0.32721537,0.83986956,0.9521758496761321,2.155132458209989,5.8655863,8.053506,17.50039482116699,33.672471618652274,13.7710905,19.423782,4.357583,12.864319,285.42462,289.55005,288.37247,292.2141,101633.99,103171.44,290.94366,293.40942,101633.48,103171.43,0.001202619,0.0057344437,327.92178,352.6205,7.757966,9.537047,3.2981982,4.440846,0.8026519040748157,1.584043773312773,1.6643711,1.9752359,0.0,0,94.43253,220.23923,155.4452,207.41075,13.7710905,19.423782,10.59582,15.521912,193.64174,230.93372,0.8326623,0.9998231,1.7727213,6.0045714,0.66533715,4.511915,15.940618,77.24472,51.750754,3.811483,258.50273882735695,348.50273882735695,168.50273882735695,292.72006,-55.782676571497575,34.217323428502425
179,7.2690587,3.8413916,12.756039428710938,14.453046264648435,-3.14618,4.082245,4.107135009765628,6.027596435546875,278.14194,4.541335,284.8210205078125,287.684482421875,281.81174,4.2972775,288.18499145507815,290.78703857421874,100410.81,1164.4807,102015.5875,102446.0625,,,,,100426.05,1164.6057,102030.753125,102461.086875,0.00023059284,0.00041558183,0.0009126663208007815,0.002177391052246092,286.3078,54.235985,333.29835205078126,339.71185424804685,6.229891,1.233502,8.258238220214844,8.84507568359375,2.1665154,0.88459194,3.6512839317321784,4.021525058746337,-0.5632898155497709,1.2193616222087973,1.7421051660999267,2.0855635081351216,1.1652614,0.43738827,1.8909452438354493,1.9850770092010497,0.0,0.0,0.0,0.0,30.012396,22.38577,70.41835021972658,88.74491851806638,118.87123,39.311394,169.77863464355474,266.41432250976544,7.499029,3.3671534,12.756039428710938,14.453046264648435,4.3243136,2.7938473,9.191738891601563,9.973110351562498,167.43658,71.37975,199.5511169433594,228.8922265624998,0.020331044,0.7477445,0.9975299715995789,0.999607412815094,0.39476633,0.38129288,1.047776651382447,1.6342763423919666,-0.21030122,0.367869,0.228793314099312,0.5111375331878649,2.2272568,2.9133327,7.8978651046752955,12.54292442321777,11.798656,17.81215,2.2700212,8.086395,284.15137,288.76822,287.28207,291.68018,101690.29,103076.25,,,101705.58,103091.555,0.00076272857,0.0028276443,324.88214,350.99533,7.902215,9.111467,3.3433306,4.260486,0.8153795788223288,2.2164602433175316,1.7260568,1.9978113,0.0,0,61.25341,98.75419,167.775,326.71823,11.798656,17.81215,7.9506273,10.686783,197.63048,241.4507,0.86714846,0.99996275,0.9128614,1.9205939,0.16851601,1.2717154,6.5480757,15.530681,51.655118,4.102756,9.26078851614966,99.26078851614966,279.26078851614966,298.87122,19.61042730416284,-70.38957269583716
180,9.408654,4.459632,15.81928482055664,17.135616149902344,-3.649448,5.404878,5.860274410247792,10.09729675292969,278.62637,4.4294405,286.3221908569336,288.8938632202148,282.4152,4.2171807,289.3235687255859,290.74958404541013,100261.07,1241.0818,101925.178125,103212.3875,283.8682,4.5135207,290.8875732421875,291.5372607421875,100260.6,1241.0656,101924.55,103211.90265625,0.00030803925,0.00041689823,0.0012934446334838866,0.0014212036132812502,290.15045,29.111416,333.30641937255854,350.917890625,6.2885237,1.1359003,8.171448230743408,8.360833644866943,2.238815,0.95460767,3.9192658066749573,4.2612451171875,-0.07248152215425173,0.9639593087676858,1.3673253000720578,1.5070072490507465,1.045426,0.42622864,1.7682437479496,1.9943290853500366,0.0,0.0,0.0,0.0,46.828583,37.634502,115.05442848205561,140.65063552856455,115.839745,37.479294,173.38672103881837,234.4290750122071,9.533351,4.1835327,15.81928482055664,17.135616149902344,5.3510575,3.7066798,12.234519958496094,13.53709411621094,174.3107,22.078598,196.73985214233397,203.01408538818362,0.01935472,0.70303696,0.9843388825654983,0.9991411346197129,0.8077466,0.8882687,2.2442459344863877,3.311874773502353,-0.32392478,0.8151673,0.5797771304845785,1.883327796459201,5.72475,9.665679,21.086260032653794,31.81577590942388,12.625409,17.63527,2.540346,12.864319,283.83826,289.09625,287.37805,290.94434,101719.22,103305.75,289.2647,291.57373,101718.664,103305.25,0.00089202984,0.0015211105,325.71008,352.30173,7.605945,9.037102,3.22747,4.2856317,0.854930330797177,1.595894053533824,1.4904748,1.998349,0.0,0,89.69716,220.23923,163.50102,294.2143,13.304317,17.63527,9.460586,15.521912,180.40631,222.80557,0.8264606,0.99930423,1.8233685,6.0045714,0.48229185,4.511915,16.348232,77.24472,51.675798,3.756442,86.72783365464238,176.72783365464238,356.7278336546424,295.83975,-60.88808145737676,-150.88808145737676
181,8.016832,3.720588,13.220593261718747,15.433187408447264,-3.251189,5.489122,6.936886596679687,8.829020843505855,279.64395,4.614388,287.31858520507814,289.5446856689453,283.08322,4.163024,289.87904357910156,291.7014910888672,100554.4,1086.5117,102156.540625,103125.08125,,,,,100537.44,1086.3616,102139.14140625,103107.529140625,0.00032926683,0.0005769637,0.0013711929321289051,0.002796654701232907,292.1523,35.992817,339.59792785644527,351.65151092529294,5.9915757,1.2894709,7.93517894744873,9.033455877304077,1.9972131,0.80740136,3.3402084946632384,3.707072055339813,-0.5313870133995984,1.1246975256119398,1.507287341645509,1.7950899255026969,1.0428894,0.40517887,1.7675171256065367,1.9677946496009826,0.0,0.0,0.0,0.0,39.611893,28.830997,92.99878463745114,116.45490997314447,113.32173,36.80806,168.61181793212887,190.35967544555663,8.089982,3.558154,13.220593261718747,15.433187408447264,5.4034185,3.3821373,11.488278961181637,12.519367675781249,178.83058,26.028786,198.97205505371093,210.0871290588379,-0.025116915,0.69164914,0.993539947271347,0.9998307782411575,0.5665294,0.54593223,1.6227116107940645,2.355366106033325,-0.24940181,0.6083664,0.6455494016408916,1.3166414606571197,3.8179271,5.097333,13.774271059036243,21.630609359741186,12.004545,16.524612,4.2946444,12.153946,286.00836,290.2677,288.66455,292.44913,101839.31,103967.125,,,101822.19,103950.125,0.0010842498,0.005030155,332.0928,356.97052,7.6992884,9.50859,2.9959533,3.9469333,0.9525431259102661,2.259731784560161,1.6002814,1.9929413,0.0,0,78.01555,149.741,159.38618,234.87491,12.113244,16.524612,9.724698,13.235321,194.24695,243.36267,0.81923777,0.9999909,1.3253384,3.468248,0.4688152,2.4551096,10.710838,35.70762,51.379296,3.376275,72.01153109491929,162.0115310949193,342.0115310949193,293.32172,-48.68981478632554,-138.68981478632554
183,9.144071,4.757763,15.605899047851562,17.143316040039057,-4.516801,5.244834,2.783908081054679,9.495178222656222,278.5168,4.39078,285.23466796875,286.5049072265625,282.22644,4.194199,288.68291015625,290.17704345703123,100382.31,1246.202,102062.65,103185.45,283.9663,4.4955206,290.88818359375,291.5328515625,100381.87,1246.223,102062.2,103185.19,0.00030674884,0.0004410237,0.0010857582092285135,0.0016441535949706977,296.48355,26.861235,344.326220703125,352.33376464843747,6.398924,1.0971632,8.196640205383298,8.533517761230465,2.2975261,0.916322,3.983582210540771,4.08240825653076,-0.07325439503923409,1.0663251233272855,1.4631735223956055,1.7316792983021245,1.0697737,0.44549483,1.8483579158782957,1.9755395317077635,0.0,0.0,0.0,0.0,46.220783,36.937878,98.49460144042959,141.47113647460873,119.80714,33.838802,175.84317016601557,193.02115112304654,9.286742,4.4698296,15.605899047851562,17.143316040039057,5.7156014,3.88766,12.884356689453124,14.558850097656242,176.67642,15.231049,193.68268737792968,204.80277465820296,-0.03844207,0.70169485,0.9652374386787413,0.9967767190933228,0.7868692,0.8882557,2.2160167217254636,3.3396345329284447,-0.36918348,0.7855936,0.15286407470703012,1.6903398132323986,5.5525727,9.526589,15.46908607482907,32.28411552429162,13.319195,17.69899,2.3803873,12.864319,283.77655,286.72595,287.39426,290.41534,101857.31,103305.75,289.78946,291.53613,101856.89,103305.25,0.00091915973,0.0022969246,330.6882,353.10266,7.8013234,9.037102,3.3905773,4.267398,1.017894499557995,1.8420605222541653,1.5769603,1.9796901,0.0,0,93.484,220.23923,163.78001,232.58005,13.686846,17.69899,10.642621,15.521912,189.8467,222.80557,0.86184275,0.9991361,1.8880801,6.0045714,0.46767494,4.511915,16.96685,77.24472,51.60088,3.85938,120.9702694103554,210.9702694103554,30.9702694103554,299.80713,88.8368594958946,178.8368594958946
194,7.420942,3.6349735,13.080848693847653,15.741321716308608,-2.9729314,4.6761093,5.34447021484375,8.632474060058602,279.00793,4.4362717,286.366943359375,287.9920751953125,282.54297,4.1886783,288.89385681152345,291.41167602539065,100418.234,1095.3175,101935.7375,102443.08125,,,,,100433.44,1095.4365,101951.096875,102458.8590625,0.0002938272,0.0005550981,0.0011864185333251953,0.0024066352844238303,289.46402,41.757034,332.00165100097655,343.7442199707031,6.3442416,1.2227151,8.351393127441407,9.092337074279788,2.2295465,0.8756736,3.6253879308700556,4.304788293838501,-0.5968344486969669,1.343530170822416,1.6878532587405728,2.0227201022194374,1.1961735,0.42689982,1.9310033202171326,1.981761362552643,0.0,0.0,0.0,0.0,32.79317,24.989973,80.27799530029296,103.42940460205095,113.5621,36.037487,167.9792770385742,200.9452062988282,7.5017,3.464741,13.080848693847653,15.741321716308608,4.7310815,2.877853,9.860856628417967,11.188150024414064,175.90192,42.516724,199.8954635620117,226.22748413085944,0.0052992264,0.6926829,0.9894360065460205,0.9989445054531098,0.44771636,0.50643295,1.317488133907318,1.9983107495307941,-0.18231168,0.4696904,0.44992126226425166,1.2051809573173542,2.7042103,4.3926306,10.26310873031616,17.06146018981939,11.940571,19.24466,3.5679824,9.75499,285.01074,290.57455,288.1061,293.24417,101717.19,102716.125,,,101732.5,102731.234,0.0010009306,0.0060043335,325.63196,352.30173,7.9472613,10.123075,3.3130827,4.994605,1.2464622187298928,2.1954755193658553,1.7795556,1.9987097,0.0,0,65.31304,178.7085,156.41193,236.41269,11.940571,19.24466,8.382635,13.074417,197.02425,246.47668,0.82052016,0.9999691,1.1080191,5.213664,0.33781254,2.7762046,7.865281,50.859238,51.445556,4.006959,292.35289888561675,22.352898885616753,202.35289888561675,293.5621,-88.79079561413238,1.209204385867622
195,9.050423,4.1814375,15.210211944580077,17.644115600585938,-2.6275275,6.2703695,8.343870544433594,10.59551620483399,279.7518,4.3859076,287.0680557250977,289.00424926757813,283.50067,4.002616,290.10815582275393,292.1999719238281,100527.33,1100.0182,102116.06875,102813.588125,284.70105,4.7103114,292.159228515625,293.2014428710938,100526.91,1099.9976,102115.8640625,102813.0915625,0.0003174588,0.00051329413,0.0013543605804443358,0.0020963621139526377,282.47226,46.82673,333.20139007568355,347.65826904296875,6.118466,1.2557954,8.177554655075074,8.90825743675232,2.1258287,0.88358253,3.668306839466095,4.082683267593384,-0.1875570522243862,0.700050882588056,1.0601864100126976,1.15776357186191,0.9605925,0.38010105,1.6531370043754576,1.8861211800575257,0.0,0.0,0.0,0.0,47.763012,34.439632,104.69115905761718,145.98098518371594,107.62817,40.6425,161.88860397338865,192.05874801635744,9.134371,3.9938295,15.210211944580077,17.644115600585938,5.7421603,3.6230712,11.863944244384765,14.624054412841803,174.84409,47.99244,198.3501754760742,248.82744506835948,-0.06690387,0.7165299,0.9799979567527771,0.9993828904628753,0.76274294,0.7379774,1.982180422544479,2.721360909938813,-0.22355677,0.83699125,1.1605402290821072,1.6954510796070106,5.5129976,7.924323,17.45441246032715,34.06233882904058,13.405109,19.423782,5.971811,12.864319,285.79642,291.9632,288.88815,295.1123,101681.93,103171.44,290.86868,294.3108,101681.59,103171.43,0.0009878811,0.0035762787,319.29248,352.6205,7.58259,9.652313,3.144026,4.384242,0.6655128858054722,1.255619224446706,1.4625052,1.9407182,0.0,0,88.83074,220.23923,153.31818,335.54547,13.405109,19.423782,9.826023,15.521912,197.57944,268.31384,0.7897596,0.99991405,1.6611229,6.0045714,0.7754032,4.511915,14.755511,77.24472,51.863131,3.860766,55.79026491659869,145.7902649165987,325.7902649165987,287.62817,-38.16209108847369,-128.1620910884737
196,4.24296,3.1661308,10.17440414428711,11.299072113037115,-1.7001896,4.249044,4.622528076171874,8.163778228759767,277.98248,4.1812205,284.3571472167969,285.16566772460936,281.44675,4.490726,289.1384216308594,290.2731771850586,101000.38,1034.7062,102520.7375,103163.236875,,,,,101015.71,1034.8495,102536.5953125,103179.018046875,7.9516e-05,0.00020600286,0.00026836395263671857,0.0007976341247558621,307.8361,27.88566,344.4027984619141,349.8899737548828,6.23569,1.0129278,7.887366485595702,8.329259300231934,1.6502986,0.6936356,3.0051336050033566,3.373380484580995,-0.02684207828747177,0.08132323102451239,0.14499090386372124,0.1615945415289978,0.48073217,0.17334488,0.7062294363975524,0.7515374594926835,0.0,0.0,0.0,0.0,15.220796,14.070572,47.5144191741943,56.58215316772462,117.784836,62.783268,196.21577835083008,326.249210510254,4.5272875,2.7376306,10.17440414428711,11.299072113037115,3.7767034,2.552784,8.163976287841797,9.619602050781252,190.05124,51.91974,245.8542411804199,267.4281015014649,0.019580398,0.6692217,0.9848113507032394,0.9932127755880356,0.13725515,0.18636435,0.5236635521054266,0.7661236101388936,-0.07861843,0.18993852,0.13568025603890418,0.21114527881145506,0.6797193,1.1977123,3.6405484437942457,5.106833834648135,7.5372186,12.787064,2.7949536,8.506241,282.50482,285.71442,286.69473,291.09518,102228.195,103167.94,,,102243.78,103183.875,0.00023922554,0.0016188622,337.28104,354.537,7.5802817,8.400485,2.5525248,3.718182,0.07822257876061192,0.16341466262573168,0.61474884,0.7779682,0.0,0,31.953655,60.00477,202.52489,351.2803,7.775096,12.787064,6.117169,10.192398,220.60098,277.14203,0.8833125,0.9999871,0.38084793,0.93185633,0.06343774,0.29987496,2.0244236,5.7339115,51.835992,4.054941,73.68350569221246,163.68350569221246,343.68350569221246,297.78485,-45.898654617993714,-135.8986546179937
197,8.284954,3.4901683,13.635157012939452,15.248885498046876,-2.522571,4.5168486,5.95096206665039,9.61387878417969,278.32544,4.5634236,285.56187438964844,286.9385073852539,281.72012,4.0900903,288.80081329345705,289.84076599121096,100173.93,1209.3868,101957.69375,102561.735,,,,,100189.13,1209.5708,101973.58125,102577.727578125,0.00034386042,0.0006257959,0.0013470411300659142,0.0029584360122680664,285.28546,40.04658,329.9724777221679,335.81994140625,6.118738,1.1761003,7.933980894088745,8.514760341644287,2.2200508,0.8710405,3.6395744919776893,4.0762060546875,-0.2282512653150578,0.788257368167649,1.1594165693721965,1.3046123983434073,1.2259728,0.42679903,1.916202437877655,1.9831070697307587,0.0,0.0,0.0,0.0,34.306084,26.361732,82.34698829650875,108.06969017028815,111.547066,37.61021,156.2975593566894,202.83369979858415,8.387011,3.2345417,13.635157012939452,15.248885498046876,4.3574057,2.7655313,8.64107666015625,11.315973663330078,173.7384,50.096394,196.19428100585938,208.75035552978517,-0.014107744,0.63393676,0.9789192497730255,0.9992697256803512,0.49924687,0.534226,1.4290114521980273,2.2345554828643817,-0.15857644,0.5078909,0.35954202413558806,1.3480172371864336,2.9696255,5.1249785,10.801351165771477,18.73838569641116,12.118292,15.757034,3.6357555,11.306702,284.2784,287.3934,287.36417,289.8548,101612.57,103288.75,,,101628.02,103304.25,0.0010312304,0.0031170845,317.71054,336.18488,7.706238,8.58671,3.4430928,4.1248903,0.9839148567796021,1.3050262964382646,1.7874167,1.990029,0.0,0,69.14175,161.28664,152.48805,336.36774,12.118292,15.757034,7.5897565,11.615768,195.3429,209.12201,0.71215236,0.99978435,1.2511337,3.663872,0.42651004,2.9041145,9.0602,41.426308,51.829224,4.04484,101.99304114699294,191.99304114699294,11.993041146992937,291.54706,-80.44598304152419,-170.4459830415242
200,4.330705,3.4267519,9.503227233886715,11.88030700683595,-1.6820848,4.420747,5.308808898925781,8.648622131347674,278.7571,4.577124,286.15529174804686,288.65570861816406,282.27682,4.344641,289.1282470703125,290.61223876953125,101098.12,968.2029,102484.5375,102924.6075,,,,,101113.43,968.2943,102499.8578125,102940.66125,0.00011683335,0.00023190408,0.0005388736724853511,0.001222095489501954,293.3468,57.15622,341.1294189453125,348.12375488281253,6.1462197,1.1753644,8.144976615905762,8.749059391021731,1.6678637,0.75537694,3.027482223510742,3.7228059387207035,-0.02286803976424495,0.09941447379283899,0.13143554309368935,0.18402734277337898,0.60681605,0.23895065,0.9576522231101989,1.0061927700042725,0.0,0.0,0.0,0.0,16.800215,15.146809,48.022957611083974,64.33406723022463,120.133385,64.03557,219.37765960693352,342.72033203125005,4.732106,2.8450472,9.503227233886715,11.88030700683595,3.8824103,2.6951654,8.769004821777342,11.13607238769532,173.2134,87.14535,235.79533386230466,277.69550598144536,0.009419316,0.69474024,0.9667370438575744,0.9996803283691407,0.14621429,0.20684156,0.5933016419410702,0.8116089117527018,-0.07932544,0.24096341,0.18102987259626388,0.49198227226734403,0.8137863,1.3960294,3.672795844078063,6.591756877899175,8.253746,13.838318,3.8581898,11.309204,284.80273,291.17,287.96414,292.75067,102218.48,103190.5,,,102233.9,103206.74,0.0004134137,0.0019936562,333.82166,355.52576,7.489437,10.297004,2.5939233,4.38537,0.07474763875463467,0.21165795912059712,0.84189403,1.0301131,0.0,0,38.216476,79.31496,201.55896,359.89368,8.276354,13.838318,7.648072,13.203781,227.52504,288.5889,0.8338103,0.9999845,0.41487145,1.2944226,0.14338562,0.9775988,2.7268143,10.018198,51.819721,4.128239,7.004773937588823,97.00477393758882,277.0047739375888,300.1334,23.128618396395552,-66.87138160360445
203,9.473205,4.1372867,15.280509948730469,18.94685394287112,-3.6559694,5.680713,6.602995300292969,10.319793701171886,279.11127,4.4047256,286.5137512207031,288.0848699951172,282.94284,4.082258,289.6227172851562,291.19538818359376,100431.53,1121.9048,102067.35,102573.49875,284.30835,4.6075044,291.2244140625,291.9431005859375,100435.33,1121.9388,102071.42578125,102577.33796875,0.00029647315,0.00043895553,0.0012759685516357418,0.001794719696044922,287.02484,41.90331,331.36305541992186,340.71524536132813,6.3043175,1.2056735,8.206641101837159,8.981338424682617,2.2451618,0.8777556,3.680085825920105,4.338881273269656,-0.13654911650840248,0.5720000236355893,0.8966836716578658,1.0461574225178623,1.0021334,0.3892881,1.6848964810371396,1.949064464569092,0.0,0.0,0.0,0.0,49.655075,36.75035,117.37989120483397,162.48773651123057,111.99967,33.65438,161.53742828369138,191.3101937866211,9.562697,3.925386,15.280509948730469,18.94685394287112,5.690029,3.6339011,11.808299255371093,13.523959045410159,175.02516,42.01195,197.21922607421874,208.4260333251953,0.006810477,0.7091319,0.9872738420963287,0.9991953599452973,0.81915355,0.82370836,2.1865207433700555,3.3439999055862444,-0.37080207,0.85758185,0.7214082658290862,1.8123041629791277,6.0711236,8.910564,21.942469406127923,42.05716438293463,14.306709,20.345215,3.9500859,13.565491,285.17206,290.0932,288.68857,293.452,101750.086,102875.75,290.69336,292.84668,101753.984,102880.25,0.0009282622,0.0025353432,323.37595,346.77362,7.8248577,9.652313,3.3698292,4.994605,0.6506555652389533,1.1102951549218245,1.5613686,1.9885737,0.0,0,100.94008,211.72713,150.95323,222.31908,14.306709,20.345215,10.40472,15.544266,194.45692,258.81836,0.8370426,0.99986446,1.9540405,6.6531596,0.5621675,4.474553,18.265774,71.38919,51.977572,4.119881,56.91074116202242,146.91074116202242,326.9107411620224,291.99966,-34.91107685538179,-124.9110768553818
205,8.607251,4.7389383,14.940600585937494,17.161371459960936,-4.8784337,5.4460144,3.60585632324217,9.635559082031245,278.46307,4.4190416,285.24693603515624,286.960439453125,282.129,4.2092605,288.857080078125,290.50128173828125,100318.234,1219.8339,101936.025,103217.2,283.91644,4.570663,290.890625,291.539140625,100317.8,1219.9231,101935.396875,103216.714375,0.00030828035,0.0004444355,0.0011503219604492166,0.0016713523864746083,296.14624,28.537048,340.92297363281244,352.3658020019531,6.3794193,1.1498579,8.292109107971191,8.554500427246094,2.2500892,0.9206665,3.9872979164123534,4.09157485961914,-0.3827424326989022,1.1594696024918385,1.4882353017310899,1.6157619856102288,1.0781109,0.45011145,1.8415752887725825,1.9831933498382568,0.0,0.0,0.0,0.0,47.138798,36.459133,99.94180145263664,144.75314025878893,122.355156,35.132442,176.70423889160153,194.66943847656242,8.762509,4.4420075,14.940600585937494,17.161371459960936,6.200295,3.8542633,12.904394531249999,14.59897766113281,173.7911,15.958164,192.74619140624998,201.86986206054686,-0.019607734,0.68506193,0.979183542728424,0.9969364285469056,0.76877445,0.8789601,2.2083488941192626,3.45067357063293,-0.3855711,0.80022335,0.2568197220563862,1.807905454635615,5.632738,9.609445,15.94013404846189,34.15747398376457,13.183963,17.63527,2.5672653,12.864319,283.4561,289.65704,286.8248,291.48956,101684.984,103305.75,289.1623,291.57373,101684.56,103305.25,0.00092476956,0.0022969246,329.4698,353.10266,7.7838826,9.037102,3.2985172,4.2856317,0.9198000893105797,1.885092082273609,1.5818357,1.9984154,0.0,0,90.432,220.23923,164.96103,232.58005,13.551613,17.63527,10.662537,15.521912,186.42596,204.05266,0.79027724,0.9999036,1.7960334,6.0045714,0.4937931,4.511915,16.18384,77.24472,51.543944,3.865419,149.7803720467587,239.7803720467587,59.780372046758714,302.35516,62.574791527460036,152.57479152746004
208,7.658749,3.738691,13.661166381835937,14.605846557617188,-2.9288955,4.191106,4.46175231933593,6.365119628906251,278.34872,4.2918353,284.9275146484375,286.599267578125,281.9955,4.20491,288.1925415039062,291.5061962890625,100387.46,1225.2843,102003.425,103268.2675,,,,,100402.73,1225.413,102018.7703125,103283.7140625,0.0002515469,0.0004783717,0.0010884284973144524,0.0022549438476562505,294.8434,27.009289,336.25189819335935,350.5122595214844,6.3506985,1.1477715,8.170565795898437,8.49690502166748,2.2679892,0.9245163,3.919443368911743,4.244979648590088,-0.1373650138095347,1.3018674733860305,1.9128445098489868,2.0801783779484375,1.1216209,0.47106716,1.9074885606765746,1.9735806608200073,0.0,0.0,0.0,0.0,29.59866,23.985693,68.23575897216796,89.2682879638672,114.93405,33.19107,170.579345703125,184.5389825439453,7.713109,3.6241496,13.661166381835937,14.605846557617188,4.242315,2.8388994,9.77860107421875,11.031612548828127,179.9094,14.878976,196.29153442382812,201.8114697265625,0.08174758,0.72771364,0.9978561401367188,0.9997342300415039,0.41525933,0.47198525,1.3727502107620235,1.5770981788635254,-0.18216431,0.39905903,0.29315063953399617,0.6036759567260745,2.30294,4.038112,7.41587915420532,12.69173408508301,11.533421,17.81215,2.483694,8.693375,283.48657,288.76822,286.81873,291.76776,101793.15,103288.75,,,101808.56,103304.25,0.0008926266,0.0028276443,329.32593,352.30173,7.7582183,8.613035,3.3617089,4.446432,1.160765801376985,2.124965745787336,1.6566262,1.9937457,0.0,0,60.24057,146.86897,160.99162,230.00156,11.782293,17.81215,7.9645143,11.615768,191.61288,241.4507,0.81916356,0.99996275,1.0011472,3.4177299,0.20931031,1.1842474,7.0912275,34.351017,51.666274,4.095356,355.52250881352336,85.52250881352336,265.52250881352336,294.93405,29.411542700148516,-60.588457299851484
209,7.2689905,3.1769757,11.774915313720701,14.16648269653321,-2.5662777,4.8601108,5.644736480712879,7.4873951721191485,279.58154,4.3511777,286.7103332519531,288.45080810546875,283.03903,3.9697962,289.24747772216796,291.3550836181641,100632.58,1027.6699,102236.796875,103035.77375000001,,,,,100647.734,1027.7733,102251.92578125,103051.17703125,0.00023729271,0.00043959037,0.0011233568191528307,0.0019771671295166055,292.49567,36.650898,334.59986724853513,347.00328125000004,6.2452807,1.2094365,8.291400480270385,9.038768796920778,2.1493583,0.8369667,3.6173425197601317,4.147957372665409,-0.31881127556746025,1.0534455056135834,1.4583587696920102,1.627153010686767,1.0554674,0.42748463,1.7850137770175931,1.9901672768592835,0.0,0.0,0.0,0.0,31.303879,23.413004,76.10282630920409,99.14349334716798,110.640785,34.777065,165.55867614746091,178.98214767456057,7.2887144,3.131203,11.774915313720701,14.16648269653321,4.665665,2.8901908,9.216128540039058,11.648493652343758,181.85489,31.891344,203.9306457519531,243.66675292968756,0.009261841,0.7037288,0.9768461972475051,0.9980652487277984,0.40917325,0.39105436,1.2276865780353543,1.5681220328807832,-0.14405607,0.44786423,0.4978705003857599,0.945097971558572,2.428652,3.28856,9.223251390457149,15.653384885787965,10.721509,14.988922,4.4182744,9.457397,285.87238,289.5894,288.39456,292.234,101889.28,103895.56,,,101904.59,103911.02,0.0008285276,0.0029740334,327.38956,352.6205,7.838625,10.123075,3.1847944,4.5167904,1.2215812621520528,1.7209007916550596,1.6033493,1.9998726,0.0,0,60.789745,107.680305,151.48502,189.73071,10.721509,14.988922,8.145697,13.074417,203.62924,266.70636,0.786101,0.99994797,0.949362,1.6535852,0.39303425,1.4924867,6.673172,18.465115,51.659342,4.144264,71.41264529350053,161.41264529350053,341.41264529350053,290.64078,-50.77186770560991,-140.7718677056099
210,1.149016,4.4328365,9.495023345947256,12.692922210693357,-1.4727825,3.7812274,3.8996910095214834,7.174537048339843,279.66086,5.573578,287.85258331298826,289.4382778930664,282.65964,5.494787,290.3386566162109,293.5163632202148,101510.66,1063.8346,103057.85625,103663.6475,,,,,101525.98,1063.9625,103073.64296875,103679.448125,0.00012947031,0.00048439193,0.00046876668930053616,0.002437825202941893,235.73607,119.348,353.823957824707,358.5574282836914,4.8282185,1.287243,7.141599845886226,9.041504907608033,1.0054945,0.8026713,2.7825474858283985,3.7612179970741257,-0.25496981264002383,0.3705213664323399,0.3639063730643532,0.4073516384475186,0.9605228,0.58741874,1.8886114716529845,1.957608779668808,0.0,0.0,0.0,0.0,11.743645,17.581333,42.9601783752441,88.75312530517571,165.99622,87.79466,321.4660705566406,350.04360107421877,3.6156635,2.8013687,9.495023345947256,12.692922210693357,3.155436,2.5450213,8.478751373291006,10.911136627197264,69.73987,173.94339,234.8927162170408,274.39396026611325,0.02884971,0.6798831,0.9853473544120788,0.9989751237630844,0.0735931,0.31960177,0.48325002044439314,1.175899884700774,-0.052711897,0.30237108,0.09211638197302809,0.3219370028376569,0.70980555,3.1974258,2.9396939635276738,12.616182785034162,7.074645,14.264694,2.7811303,11.306702,286.5051,291.57562,289.72702,305.30896,102669.56,104180.06,,,102685.19,104195.734,0.0005616367,0.005355835,340.38974,359.4284,6.628309,9.531974,2.1437182,4.4608493,-0.17539645335918683,0.4330574444053294,1.0575411,1.9936765,0.0,0,34.537075,161.28664,269.26804,353.7629,7.6438355,14.264694,6.7182693,12.506866,214.26282,333.42343,0.82202816,0.99998635,0.4239692,3.663872,0.13420476,2.9041145,3.3741157,41.426308,51.450047,4.229827,92.86506642191091,182.8650664219109,2.8650664219109103,345.99622,-16.86885060159841,-106.86885060159841
216,4.7477555,3.1224802,9.424130249023436,10.530747680664062,-1.9103069,4.1320486,4.556041717529296,7.795146636962864,277.9852,4.2334223,285.3839477539062,286.4840374755859,281.53235,3.961577,288.3192169189453,289.239833984375,101018.4,939.0498,102464.428125,102864.5825,,,,,101033.695,939.1444,102480.00546875,102879.99390625,9.269857e-05,0.00018055944,0.0004303455352783203,0.0006552886962890615,301.00748,44.640255,338.99779052734374,353.25881500244134,6.2407513,0.9525181,7.949245500564574,8.444675607681274,1.733021,0.6770959,2.9088527679443357,3.4378618979453983,-0.03305617745019887,0.08195633789367653,0.10553700794913773,0.15283527122578025,0.5036616,0.15966523,0.7377088636159896,0.7696117126941678,0.0,0.0,0.0,0.0,17.993704,15.299399,46.27834854125976,65.19613056182853,116.31163,54.72301,194.11915206909174,341.9938058471679,5.0222645,2.654761,9.424130249023436,10.530747680664062,3.7553747,2.5576675,8.562106323242187,10.028477020263669,184.69586,65.93765,238.0426132202148,282.5638534545898,-0.08307567,0.7071435,0.9706125110387802,0.9924983948469162,0.16249049,0.20417811,0.5414641320705412,0.7026252871751781,-0.093949735,0.23837665,0.16055132448673237,0.2954620721936224,0.88558644,1.4494891,3.411048936843871,6.784059004783614,8.3490715,12.486832,3.111494,11.309204,283.73166,287.23822,286.97305,289.36188,102103.914,102919.25,,,102119.42,102934.66,0.00030322696,0.0015029907,334.001,358.583,7.48179,8.746711,2.6669383,3.63143,0.07839491345050123,0.1797904466118729,0.69041014,0.78987557,0.0,0,38.835724,81.088264,186.55763,345.63193,8.3490715,12.486832,7.327696,11.309204,230.74084,293.70645,0.8962445,0.9978541,0.43523383,1.2247641,0.109462366,0.81191695,2.811955,10.471176,51.773558,4.192415,305.6873678117181,35.687367811718104,215.6873678117181,296.31165,80.6242776960944,-9.375722303905604
226,8.309633,3.865585,13.761405944824219,15.032400512695308,-3.8757784,5.966946,6.169219970703125,8.866566467285155,279.57132,4.2703605,286.7916717529297,288.77741088867185,283.34207,3.9308913,290.0846862792969,291.2397155761719,100749.516,968.5918,102292.0,102926.08125,284.77896,4.72616,292.310302734375,293.2637451171875,100749.07,968.57074,102291.625,102925.33125,0.00028405266,0.0004628339,0.0011572837829589844,0.0018631935119628883,293.69403,36.701324,339.42543029785156,347.35912475585934,6.241731,1.2757947,8.281454086303711,8.986752796173091,2.1153264,0.84244335,3.450599789619446,4.014998722076416,-0.45039681882471544,0.8144397230837336,1.1932047458101973,1.35372823207837,0.9452676,0.40437517,1.7587686777114868,1.9507703304290769,0.0,0.0,0.0,0.0,44.386436,33.19388,106.07025146484375,126.95210037231443,114.70881,35.85631,170.23365783691406,188.51240844726559,8.384507,3.6994886,13.761405944824219,15.032400512695308,5.946307,3.8936484,12.0338134765625,13.91486053466796,178.98523,30.914227,200.79724884033203,210.9168823242187,-0.05951538,0.7160198,0.98067307472229,0.9959657251834869,0.65187746,0.6130821,1.939103901386261,2.4813141822814933,-0.34769195,0.7557216,0.6711246073246002,1.465928018093109,4.8829565,6.303618,17.919569969177246,25.669231033325186,12.763793,16.089294,4.5729585,10.288452,286.1592,289.72028,289.12653,292.15225,101919.65,103042.44,291.65454,294.3108,101919.22,103042.09,0.00096675754,0.0035276413,329.97113,354.38196,7.9179277,9.909851,3.2087975,4.5200763,0.7019020538702905,1.5347038233173966,1.5571859,1.9889386,0.0,0,88.22267,157.68126,158.56032,207.41075,12.763793,16.089294,10.992803,15.149689,197.65788,255.30235,0.8174719,0.9987372,1.49814,2.6212897,0.5275063,2.0436943,13.395832,39.594933,51.619106,3.686358,83.79954097294058,173.79954097294058,353.7995409729406,294.7088,-59.09073970340933,-149.09073970340933
227,8.588695,3.837104,13.961134338378905,16.19242446899414,-3.348755,6.2458334,7.8518356323242084,9.920091857910165,279.80716,4.1088414,286.94017639160154,287.82744232177737,283.43356,3.8651676,290.0021453857422,290.88281188964845,100592.63,1019.8423,102184.009375,102726.72875,284.7403,4.6691947,292.0422607421875,293.0356103515625,100592.16,1019.825,102183.043359375,102726.148359375,0.00035920492,0.00065169635,0.0014274358749389643,0.0025413370132446327,286.46786,47.844627,338.31112213134764,347.34089111328126,6.1823707,1.2675996,8.289889764785766,9.554188432693481,2.086232,0.84186786,3.534005403518676,4.0145329666137695,-0.35870357339273307,0.9674150384370146,1.4476042074164106,1.6527572500126526,1.0177653,0.41811588,1.8362826704978938,1.9688001668453217,0.0,0.0,0.0,0.0,45.693512,32.762493,103.33930549621581,132.82533370971686,111.08883,37.003067,168.56831283569335,188.46571472167972,8.663178,3.6649225,13.961134338378905,16.19242446899414,5.9349856,3.8567905,12.352922058105468,13.901635284423833,175.37904,38.305016,198.52855987548827,210.85331359863284,-0.08728186,0.6989301,0.9820399701595306,0.9962868809700013,0.67728585,0.6151233,1.9260716736316679,2.5878714585304263,-0.30603167,0.7824319,0.8235777646303171,1.4852261114120493,5.025432,6.360133,17.00650243759155,28.139123077392608,12.926053,17.476212,5.4737897,12.365829,285.82755,289.6076,288.77432,292.15225,101805.73,102996.75,291.104,293.40942,101805.19,102996.1,0.0012264396,0.0057344437,327.49985,352.6205,7.8511086,9.909851,3.1966853,4.5200763,0.8729564715675798,1.6941963384942094,1.5957329,1.9916621,0.0,0,90.57958,157.68126,154.11852,207.41075,12.926053,17.476212,10.755426,15.149689,194.32368,223.02907,0.8340727,0.9997474,1.5683305,2.8749247,0.6666984,2.9423058,14.19812,39.594933,51.619592,3.682065,83.79958369308895,173.79958369308895,353.79958369308895,291.08884,-62.71074702316707,-152.71074702316707
236,7.353314,3.391222,12.462813568115227,14.641340332031248,-2.7686515,4.796602,5.75659561157226,7.8724816894531235,279.19727,4.4430223,286.6525253295898,289.2713446044922,282.76212,4.2021766,289.886148071289,291.542060546875,100527.22,1080.4221,102054.890625,103041.378125,,,,,100542.41,1080.5084,102070.6078125,103056.4196875,0.000268658,0.00051670667,0.0011444091796874991,0.002618508338928221,291.7559,38.20343,336.9750350952148,348.41907501220703,6.321653,1.2166218,8.279244470596312,9.218004503250121,2.2091556,0.85717106,3.682899367809294,4.184016218185424,-0.4973198728135212,0.9327144748302292,1.2054681542371382,1.4688177327258427,1.0739598,0.43004027,1.8466954231262207,1.9833454704284668,0.0,0.0,0.0,0.0,31.35236,24.569754,72.57885513305663,100.24292358398434,112.8275,35.383297,169.06757049560545,189.1607046508789,7.4067817,3.2723768,12.462813568115227,14.641340332031248,4.653158,2.9953637,9.480536651611327,11.529453430175781,178.92838,33.788937,200.8602760314941,211.85333206176756,0.03205721,0.6780711,0.9866017878055572,0.9999133771657944,0.41653112,0.4572717,1.2071704030036925,1.72336459636688,-0.1578562,0.4669063,0.5315984085202204,0.9250409907102581,2.5233912,4.2079043,8.388907480239865,16.011556367874135,11.151099,15.480972,3.7229378,11.306702,285.31046,289.6953,288.45078,293.00967,101757.41,103277.375,,,101772.73,103293.195,0.00094289193,0.0036611557,329.13467,352.30173,7.9285927,10.123075,3.2878628,4.5167904,0.3894736765329344,1.5713565439119277,1.6460224,1.9976734,0.0,0,63.66485,161.28664,158.25775,230.00156,11.247601,15.480972,8.433989,13.074417,197.00131,266.70636,0.85956746,0.9999691,1.0154836,3.663872,0.36474597,2.9041145,7.615068,41.426308,51.595404,4.006011,64.46061297459198,154.46061297459198,334.460612974592,292.8275,-41.63309832615448,-131.63309832615448
237,7.521479,3.5487406,12.611511230468743,14.438833618164061,-3.1183999,3.9797108,4.782386779785152,6.884680786132805,278.29572,4.276417,285.1741439819336,287.6062649536133,281.99252,4.004202,288.1448715209961,289.74056640625,100458.4,1106.7961,102031.24375,102511.1925,,,,,100473.64,1106.8821,102046.0015625,102526.565546875,0.00017570853,0.0002935778,0.000865054130554199,0.0011439323425292969,294.3001,40.650417,331.7163223266601,341.1452908325195,6.373173,1.1137066,8.087566471099853,8.574181861877442,2.2245443,0.8731918,3.737997543811797,4.181687927246093,-0.4522169807549954,1.2860870470585182,1.6866042237482666,1.9387456697822343,1.3006318,0.42332473,1.949511021375656,1.9833107650279997,0.0,0.0,0.0,0.0,31.371668,23.96322,68.79796562194812,93.31926277160642,118.338806,39.483196,162.20706100463852,261.99008529663047,7.6086936,3.3564396,12.611511230468743,14.438833618164061,4.3173695,2.620452,8.866137695312496,10.31457580566406,175.96127,52.31717,200.68144454956052,221.8406312561035,-0.03808899,0.72803617,0.9871135175228117,0.9995728886127472,0.4356559,0.5290148,1.195963811874388,1.7960268628597253,-0.18210953,0.41674748,0.29510517269372877,0.8835073989629723,2.4760644,4.710063,7.541524910926791,13.900950937271109,11.439661,18.319702,2.4905396,9.75499,284.23373,289.4837,287.71835,291.6978,101749.44,102769.25,,,101764.8,102784.67,0.0005586589,0.0020895004,326.63943,357.199,7.773266,8.808077,3.3211741,4.2856317,0.7002883313903943,1.988186242240676,1.8334447,1.9991456,0.0,0,61.76971,178.7085,167.38496,344.01822,11.439661,18.319702,7.890968,11.050537,197.65584,241.4507,0.8053271,1.0,1.0222683,5.213664,0.28019235,2.7762046,7.503237,50.859238,51.626665,4.254928,335.30823140993886,65.30823140993886,245.30823140993886,298.3388,53.030574742404895,-36.969425257595105
238,8.096964,3.4703445,12.96693420410156,15.36937438964844,-2.1871123,4.8172436,4.947352600097654,9.357987365722687,279.2937,4.472797,286.3514404296875,288.76583984375003,282.82892,4.0586386,289.24317626953126,291.66469909667967,100406.98,980.2849,101931.81875,102307.66625,,,,,100422.2,980.4415,101947.06875,102323.5215625,0.00032690048,0.0007878166,0.0010162830352783193,0.0032428550720215036,285.03418,44.417908,328.3518829345703,342.16110961914063,6.3971252,1.109609,8.073782062530517,9.15340976715088,2.3079517,0.8388861,3.591556143760681,4.199687738418581,-0.16423134220285523,0.7801373738079936,1.2619522274145962,1.4142168836743794,1.2261571,0.40641415,1.9435960054397583,1.983851146697998,0.0,0.0,0.0,0.0,32.15416,25.66923,79.38512496948239,99.87016418457037,106.84301,32.57165,161.05155181884763,180.13719146728522,8.144138,3.3566003,12.96693420410156,15.36937438964844,4.3017826,3.0493488,9.38701019287109,12.871813049316414,178.19118,44.730824,200.5760284423828,211.7393362426759,0.013516613,0.6838886,0.979550015926361,0.9958753669261933,0.45507285,0.4398858,1.3151091456413266,1.4859251308441161,-0.13305666,0.5186422,0.46957921385765033,1.1897562527656622,2.6817923,3.768851,10.074057102203362,15.917804946899432,11.864359,15.757034,4.323773,13.910507,285.6788,289.44568,288.67123,292.19113,101668.41,102529.25,,,101683.8,102545.09,0.0012850761,0.0060043335,323.53644,346.0369,7.877632,9.35502,3.4273798,4.4608493,0.8966749991399339,1.609917153043945,1.7803003,1.983927,0.0,0,68.1642,107.680305,143.19904,189.73071,11.864359,15.757034,8.330212,13.910507,196.38455,230.42044,0.84176797,0.9999945,1.1317114,1.4860834,0.46715838,2.1515834,7.9789004,18.465115,51.827026,4.033445,118.5505696224057,208.5505696224057,28.550569622405703,286.84302,78.2924479557193,168.2924479557193
240,8.24046,3.744248,14.10955657958984,15.977312011718757,-3.4517002,5.1776586,5.9422271728515605,8.366776733398446,279.18732,4.426322,286.643359375,288.5326025390625,282.83133,4.1072693,289.08362731933596,290.64343200683595,100516.27,1093.0608,102106.58125,102592.3025,,,,,100499.3,1092.9373,102089.44453125,102574.84390625001,0.0002797873,0.00049380236,0.0013102054595947265,0.002385711669921879,294.57578,34.610153,338.16082763671875,353.4938018798829,6.113438,1.2432932,8.110350131988525,8.87635480880738,2.06257,0.807922,3.35565230846405,3.7223536634445193,-0.40845798744777007,1.3141970476630211,1.8937681343907828,2.1790643430599337,1.1714262,0.41773698,1.913712215423584,1.977485911846161,0.0,0.0,0.0,0.0,40.133934,28.6109,89.02052307128905,115.6591699218752,112.903145,34.824593,163.97952575683593,195.07977081298836,8.327783,3.5451994,14.10955657958984,15.977312011718757,5.2566447,3.3233485,10.905760192871092,12.761850585937506,181.67262,24.78554,199.81599884033204,222.61816894531256,0.02483507,0.6929264,0.9819759488105774,0.9972746586799621,0.58244914,0.5633314,1.4875655651092528,2.2347363471984885,-0.28368688,0.58652663,0.5669373214244829,1.1668229579925542,3.8649294,5.173591,12.620155715942381,21.343248901367264,12.620085,16.929733,3.4480207,10.859436,285.15457,290.81088,288.2445,293.05862,101772.64,102798.69,,,101755.484,102781.234,0.0009296269,0.0031867027,330.43857,358.79874,7.7430253,9.380309,3.0664258,3.965605,1.2980908918303482,2.277776053641826,1.7532938,1.9933616,0.0,0,77.3404,183.84737,154.57224,205.10411,12.620085,16.929733,9.473364,14.945221,197.96832,278.87552,0.80535704,0.99999136,1.3456955,4.9566355,0.38251242,3.1793926,10.595344,53.82627,51.336209,3.819812,106.02910854629238,196.02910854629238,16.029108546292377,292.90314,-83.12597133926113,-173.12597133926113
242,8.782341,4.4708676,14.836782836914061,17.202579956054684,-3.8371406,5.595586,6.677010726928708,10.46813476562499,278.79337,4.7480474,286.4155334472656,288.9209875488281,282.49158,4.37352,290.062939453125,290.9651171875,100344.05,1206.5386,101997.6,102799.52249999999,283.9892,4.525883,290.8955078125,291.53326171875,100343.586,1206.5938,101997.6828125,102799.295625,0.00031246577,0.00045017127,0.001249504089355468,0.0018579673767089835,290.69815,30.866245,337.26711425781247,351.10335327148437,6.2509723,1.2605094,8.184283447265624,8.519905090332031,2.161543,0.9835318,3.9664412498474118,4.108449363708496,-0.25003531732254924,0.9900955751822739,1.3339149058615554,1.6018877078074527,1.0137357,0.4519136,1.8037661790847779,1.940319766998291,0.0,0.0,0.0,0.0,47.043255,38.264816,118.4399459838867,142.434060668945,115.28542,35.537453,165.29154663085936,185.63874145507793,8.855871,4.3216057,14.836782836914061,17.202579956054684,5.6998606,3.6516197,12.161053466796874,13.289533691406241,175.41273,18.700481,194.07752685546876,209.93076660156237,-0.13902995,0.6819207,0.9552593350410461,0.9983905792236328,0.7929797,0.91168714,2.1891804218292235,3.627493467330923,-0.3098299,0.8420902,0.7749009609222404,2.2356127071380523,5.8286104,9.986887,22.346535110473628,34.14405654907209,12.981496,17.63527,3.0717773,12.864319,284.70828,289.09625,288.00674,291.07422,101841.86,103248.19,289.89206,291.53613,101841.46,103248.66,0.0009705226,0.0020418167,325.5923,352.30173,7.7656574,8.558598,3.3022332,4.2856317,0.9445840178727618,1.663122584658097,1.5255312,1.9453102,0.0,0,89.08279,220.23923,155.56143,232.58005,13.398167,17.63527,9.804276,15.521912,190.05284,240.06241,0.69227993,0.9991361,1.8516219,6.0045714,0.58236355,4.511915,16.249868,77.24472,51.599317,3.75183,83.79892038501629,173.7989203850163,353.7989203850163,295.28543,-58.51348947681316,-148.51348947681316
243,8.32689,3.753916,13.583782958984372,16.01057525634766,-3.184686,5.312938,6.833212280273434,8.927741088867192,279.09512,4.3102865,286.26287231445315,287.59747802734375,282.7611,4.121209,289.07220153808595,291.48296142578124,100498.65,1128.6086,102112.59375,102667.2575,,,,,100481.66,1128.4531,102095.734375,102649.68046875,0.0002821914,0.0004832064,0.0012974262237548826,0.002448883056640626,292.33475,37.97785,338.01170043945314,357.41017578125,6.1296997,1.2336924,8.149396324157715,8.957970256805423,2.0772588,0.7986544,3.385784149169922,3.7530527591705334,-0.49476399558518547,1.1924691712015227,1.6603540907463805,1.9722344064117223,1.0875262,0.4048237,1.864671444892883,1.975246138572693,0.0,0.0,0.0,0.0,41.459934,29.152746,94.20173873901366,122.26774673461921,112.575966,36.339573,164.0390625,199.1392376708985,8.451835,3.4625728,13.583782958984372,16.01057525634766,5.2895203,3.2154257,10.520265197753906,12.592131652832036,179.75877,33.382095,199.24958343505858,209.16408020019534,-0.038819697,0.6921172,0.9808642804622649,0.9990281248092652,0.6097233,0.57936186,1.5051413536071774,2.5659097576141403,-0.254187,0.61086655,0.6770747959613799,1.661270611286164,4.0869274,5.1511106,14.132033252716061,23.812161979675324,12.595895,19.095688,4.0508413,10.935516,284.92734,290.87173,288.18396,293.3551,101775.06,102798.69,,,101757.93,102781.234,0.0009229676,0.0031867027,329.3636,359.29843,7.7369885,9.380309,3.060556,3.9826968,1.091550432452241,2.2587127415043895,1.6540374,1.9959868,0.0,0,78.538315,149.741,157.36844,250.7551,12.595895,19.095688,9.494619,14.945221,195.92747,237.9776,0.81242293,0.9999989,1.3809754,4.2682815,0.47571486,2.4551096,10.807719,35.70762,51.442308,3.596057,282.85953774300583,12.85953774300583,192.85953774300583,292.57596,-80.2835794910527,9.716420508947294
245,7.3064137,3.4145274,12.277233886718749,14.622993164062498,-3.1538548,4.499623,5.4082427978515595,8.598846435546864,278.40045,4.220203,284.628369140625,287.221201171875,281.85422,4.1456532,288.6171447753906,290.3407373046875,100353.586,1165.8232,102005.9625,102373.1725,,,,,100368.82,1165.95,102021.534375,102388.511875,0.00026548826,0.00044574222,0.0011439323425292969,0.0021480941772460925,295.10477,34.13763,332.9040588378906,353.86885620117187,6.2812977,1.2398013,8.297016525268555,8.82534309387207,2.2076492,0.9091779,3.710102033615111,4.270528450012207,-0.3457611319493855,1.146034775619953,1.4653713987950128,1.8301582460868833,1.1595315,0.4340263,1.8939253330230712,1.9790153312683105,0.0,0.0,0.0,0.0,32.43783,26.107653,78.7194641113281,107.02943023681622,113.4437,34.71781,163.30119018554686,186.77862487792964,7.367615,3.27957,12.277233886718749,14.622993164062498,4.652144,2.9122748,9.768374633789062,10.838941040039058,181.66104,34.160473,204.58812255859374,243.03101440429688,-0.020632515,0.6964683,0.9904391765594482,0.9983824872970581,0.43511987,0.54311454,1.1826384067535396,2.014948754310606,-0.21136308,0.48428056,0.2930715262889859,1.3106647586822502,2.7546897,5.1119375,9.877869796752922,18.4743027877807,11.296282,18.319702,3.0902383,9.75499,284.27365,289.86032,287.81757,291.9234,101738.195,102810.75,,,101753.46,102825.95,0.0008642929,0.002565384,329.6201,359.2235,7.8528566,9.058434,3.3308868,4.321107,1.0492386457969682,1.9576610952442044,1.7250814,1.9816817,0.0,0,65.29578,178.7085,157.77786,239.11923,11.296282,18.319702,8.451487,11.615768,204.01831,305.2424,0.7794003,0.99996275,1.0647705,5.213664,0.30982623,2.7762046,8.366317,50.859238,51.496839,4.056964,152.28819560264446,242.28819560264446,62.288195602644464,293.4437,51.15549946571491,141.1554994657149
248,8.320416,3.5888882,13.708012390136718,15.913361663818359,-2.1607957,5.799975,7.44822311401367,10.53903564453125,279.57794,4.450707,286.6394470214844,288.3687493896484,283.1975,4.1390734,289.4589569091797,291.8116790771484,100496.18,1112.1658,102112.625,103078.809375,,,,,100479.24,1111.9886,102095.80234375,103060.950546875,0.00027931482,0.0005347777,0.0012777328491210909,0.0022765827178955057,286.59964,36.763054,335.25142974853514,351.20618560791013,5.936699,1.2791382,8.023218488693237,8.760811223983763,1.9850159,0.81498384,3.3744062304496762,3.7369784569740294,-0.19993385208720804,1.0840737202412516,1.5375942279135817,1.8856214931391824,1.0142463,0.3932331,1.726547211408615,1.95492262840271,0.0,0.0,0.0,0.0,40.021603,29.414,94.15935783386229,125.20150154113765,105.676926,37.543564,162.68189239501953,191.23506515502928,8.385989,3.4323204,13.708012390136718,15.913361663818359,5.165949,3.3977935,11.192096710205073,12.943188171386717,180.92271,25.83381,200.29800567626953,212.6155418395996,-0.03731738,0.69471496,0.9886826694011688,0.9993917268514633,0.5834088,0.5491263,1.5307065010070795,2.4462394428253176,-0.16762657,0.6618694,0.8430592834949485,1.9169676268100733,3.9237735,5.307743,14.119340467452997,24.983373165130594,12.276519,16.524612,5.550813,15.904205,285.57205,289.78763,288.6851,292.44913,101793.664,103290.19,,,101776.48,103272.66,0.0009344257,0.005030155,329.35593,358.27368,7.657357,9.50859,2.9924998,3.965605,1.120869025501168,2.060048920847161,1.5462703,1.9867142,0.0,0,79.767715,149.741,154.838,234.87491,12.385218,16.524612,9.547083,15.904205,195.84448,243.36267,0.82224095,0.9999909,1.3601141,3.468248,0.62085503,2.643306,11.227336,35.70762,51.521445,3.440031,340.5268394445628,70.52683944456282,250.52683944456282,285.67694,35.150101473405925,-54.849898526594075
251,7.4256063,3.6737862,12.950729370117184,14.42501220703125,-2.9347866,4.3743787,4.82773056030273,7.531812744140622,278.43787,4.3140807,284.988916015625,288.670712890625,281.95938,4.1242814,288.5748352050781,291.02936279296875,100391.35,1243.3427,102318.7625,102576.965,,,,,100406.62,1243.4967,102334.459375,102592.4121875,0.00025051262,0.00043928096,0.0010005950927734371,0.0021700668334960933,293.73715,30.35867,332.35985717773434,339.87696166992185,6.2557845,1.2548678,8.133751678466798,8.831817932128907,2.201062,0.9283157,3.6339117527008034,4.048862113952636,-0.41278934756897256,1.0019702761912914,1.3249453107886446,1.6070008749642226,1.1175524,0.42327577,1.8480332612991328,1.9768572330474852,0.0,0.0,0.0,0.0,31.119633,24.329002,71.70303955078123,96.52170806884764,114.88064,43.667477,164.67823486328123,285.8636804199217,7.498031,3.5226314,12.950729370117184,14.42501220703125,4.4808435,2.7562127,9.172985839843747,10.332954711914061,178.85652,36.211502,202.95374145507813,229.799853515625,-0.0021797202,0.6856812,0.9874362111091614,0.9995332479476928,0.425155,0.46591324,1.0439587831497181,1.9316626119613647,-0.19376016,0.43371168,0.18039432764053334,0.9646371793746935,2.4788246,4.2382464,8.188070869445797,14.842667579650875,11.809164,14.509537,2.9807205,11.306702,284.46936,288.9247,287.95584,291.492,101853.03,103704.5,,,101868.39,103720.47,0.00084684446,0.002565384,326.23895,352.10995,7.902837,9.058434,3.3432143,4.267398,0.7242895442871488,1.7062925135224345,1.7249997,1.9995131,0.0,0,63.715237,161.28664,168.6238,342.3215,11.809164,14.509537,8.074355,11.306702,200.54425,283.20154,0.85585594,0.9999822,1.0318617,3.663872,0.27151892,2.9041145,7.6460843,41.426308,51.642157,3.910813,125.42508494538231,215.4250849453823,35.42508494538231,294.88065,79.45556080657082,169.45556080657082
254,7.91599,3.935185,14.143167877197266,16.174833984375002,-3.4774942,5.026562,5.1927749633789055,7.771824951171876,278.89923,4.516907,286.55013580322264,288.16714141845705,282.42657,4.260169,288.9526596069336,290.5700653076172,100467.53,1187.6908,102139.8625,102405.18375,,,,,100450.516,1187.5643,102122.970703125,102388.135,0.00022817754,0.00038514574,0.0009798765182495114,0.0015147209167480507,292.89807,36.2158,336.6144775390625,347.8857308959961,5.9745216,1.3245025,8.18684720993042,8.625662345886232,1.9812584,0.88831604,3.4073066115379333,3.728611741065979,0.07721007447293642,1.2400309589231924,1.8704524881922893,2.101132173917246,1.3574234,0.35892212,1.9205619573593138,1.9754865622520448,0.0,0.0,0.0,0.0,38.60518,30.692083,90.64357032775878,125.91012107849129,116.27463,40.40456,164.08928298950192,254.8866389465339,8.031163,3.6930182,14.143167877197266,16.174833984375002,5.112883,3.337142,11.2196533203125,11.904342651367191,176.62344,40.88422,199.35638046264648,204.54462341308596,-0.06409922,0.7044308,0.9789561480283737,0.9962906092405319,0.56152064,0.626751,1.5739044725894922,2.6495508575439457,-0.31053832,0.61137015,0.38298468589782636,0.6609125298261646,3.8649182,6.1946397,13.08511152267456,25.265241928100618,11.972782,16.929733,3.0159252,10.859436,284.89987,289.0595,287.72522,293.15845,101718.03,102612.94,,,101700.89,102595.59,0.0007385746,0.0029101372,317.18292,358.38553,7.5665655,9.123995,3.0076952,3.78612,1.5467481835821189,2.2016249621810973,1.7153732,1.9977331,0.0,0,77.69576,183.84737,161.10661,328.40286,12.293733,16.929733,9.193293,13.534439,181.44315,210.47044,0.6816795,0.9997091,1.3179406,4.9566355,0.2972876,3.1793926,11.462336,53.82627,51.33621206,3.81981192,106.02910855928502,196.02910855928502,16.02910855928502,296.27463,-79.75448087373815,-169.75448087373815
255,8.428785,4.1366887,14.920730590820312,18.10950256347656,-3.916312,5.7848654,6.187625122070308,9.144142456054684,279.38504,4.2067375,286.7911743164062,288.2383728027344,283.34384,3.9787624,289.6759887695313,291.2542041015625,100662.48,1105.5908,102187.5875,102703.075,284.6836,4.5550065,291.52392578125,292.8133203125,100652.234,1105.5164,102177.2828125,102692.679375,0.0002014971,0.0003389357,0.0008629798889160145,0.001390724182128906,292.073,48.366096,343.9228515625,353.6230859375,6.3883867,1.1807402,8.386312484741211,9.019185905456542,2.7223694,1.1810799,4.692446327209472,5.284833602905273,-0.09784176651425033,0.8230170481053092,1.1103829966462027,1.2946765126910482,1.004972,0.36660928,1.5951274394989008,1.9122370338439942,0.0,0.0,0.0,0.0,45.397,33.14588,104.95102996826171,130.03951477050782,117.11141,41.50627,171.336669921875,209.42852233886717,8.510258,3.9656937,14.920730590820312,18.10950256347656,5.879896,3.7621603,12.264523315429685,13.074569702148438,174.96158,55.022156,203.69335021972657,216.99332641601563,-0.046760656,0.72353566,0.9936365127563477,0.9998113799095154,0.6789338,0.6361963,1.7959373712539672,2.6850417041778565,-0.38560134,0.73487765,0.6088887810707083,1.3124263715744016,5.024755,6.17286,17.54100456237793,26.929618453979494,13.658509,20.135742,3.9644508,13.034805,285.29602,289.1543,288.91614,292.4693,101978.65,103800.125,290.83133,293.6665,101968.305,103789.42,0.00065238366,0.002407074,333.02908,358.50003,7.9755054,9.970771,4.270281,5.43666,0.8386467746763894,1.3127310943779387,1.5087533,1.9710717,0.0,0,92.61723,136.10757,165.95322,359.89642,13.658509,20.135742,10.656861,13.2860565,199.3875,237.19348,0.7687104,0.9999999,1.6102207,3.1294422,0.45992228,2.3531382,14.473182,29.501495,51.76762642,3.61712418,204.58619842221995,294.5861984222199,114.58619842221995,297.11142,2.5252212555144524,92.52522125551445
259,8.79793,4.404819,14.667881774902343,17.023974914550752,-2.98323,6.2830033,8.117847442626942,11.600054931640614,279.67993,4.367908,286.9086212158203,288.4758367919922,283.64423,4.087433,290.2923385620117,291.7016979980469,100616.94,1139.6271,102266.44374999999,102739.83875,284.89124,4.6500063,291.5358642578125,292.13224609375,100606.72,1139.5215,102256.02109375,102729.15515625,0.00024552093,0.0004393423,0.0012032270431518554,0.0020659589767456047,281.33887,59.963345,343.1009750366211,349.8394717407226,6.394652,1.2043405,8.192075777053832,8.780970916748037,2.8155737,1.206847,4.602099442481993,4.901236510276785,-0.266103737874627,0.9512888037294894,1.1567717549520735,1.4184587800229878,1.0113246,0.37575364,1.6576049208641053,1.8821834123134609,0.0,0.0,0.0,0.0,48.51647,35.22579,104.42697143554682,137.48677307128887,109.90774,40.66493,173.97569961547842,199.3465924072263,8.931671,4.1253705,14.667881774902343,17.023974914550752,5.94191,3.5958004,12.182775878906249,13.152256774902343,171.43112,66.985725,201.44170989990235,241.78748245239254,-0.045734018,0.73344415,0.978282207250595,0.999666445851326,0.7772277,0.75640064,1.922344034910202,3.2228558969497536,-0.2570891,0.8147406,1.0703860759735095,1.8972164571285106,5.714166,7.463348,17.37065935134886,30.133509178161525,13.538573,19.159607,5.746879,14.018585,285.81357,289.13696,289.1671,292.68994,101811.086,102991.5,290.9477,292.99487,101800.79,102981.016,0.0008541598,0.002407074,331.11823,354.66418,7.802752,9.469991,4.2762156,7.0038824,0.8873250504926499,1.661980680522233,1.5296502,1.9518487,0.0,0,95.061806,195.05334,159.1384,264.55496,13.538573,19.159607,10.628712,14.018585,203.13011,288.3973,0.7311271,0.99999887,1.825771,4.912405,0.7697199,3.8311129,15.644363,60.58795,51.64286987,3.4810545,58.254907758185254,148.25490775818525,328.25490775818525,289.90775,-38.34716239685713,-128.34716239685713
260,7.4708543,3.5478942,12.67374877929687,13.887091064453124,-3.0859962,5.5724072,6.623809814453118,8.81104248046875,279.8985,4.453317,287.6840087890625,289.2028173828125,283.69473,4.2614007,290.77471923828125,292.65897705078123,100821.92,981.7049,102380.0,102724.315,,,,,100804.96,981.5515,102362.33437499999,102706.758125,0.00021029808,0.00032598377,0.0009614944458007804,0.0013521957397460932,293.14395,39.61592,337.9208251953125,351.07031982421876,6.01692,1.2520556,8.100502586364746,8.605870933532714,1.9562452,0.772755,3.233747529983519,3.5030199337005614,-0.36717707527266097,1.3654355670386564,1.7732525790542282,2.102661284480724,1.3028966,0.418766,1.9326520681381225,1.9876632499694824,0.0,0.0,0.0,0.0,36.377766,26.076654,83.46665191650389,100.19963989257812,116.937256,46.646088,170.1222259521484,347.15996948242184,7.5546656,3.364728,12.67374877929687,13.887091064453124,5.368655,3.4128797,10.50386962890625,12.23827453613281,176.20671,50.45142,200.39498291015624,220.66353515624996,0.07359559,0.69171077,0.9743815541267393,0.9989157795906067,0.48353145,0.47790408,1.3472999811172484,1.8880676412582384,-0.21291369,0.5325224,0.6427951455116271,1.403719763755798,3.1844554,3.8140023,11.094517898559568,15.98932132720947,11.622995,18.565277,4.7312245,9.943314,286.41916,289.67407,289.83844,293.98975,101980.266,102914.31,,,101963.16,102896.98,0.0006570201,0.0016975403,332.66956,358.27368,7.749854,9.208629,2.9912393,3.9048605,1.5357401100465893,2.2172787168478236,1.8501319,1.9920313,0.0,0,73.42312,110.57067,175.24873,353.04074,11.622995,18.565277,9.456074,12.963516,200.28145,265.86414,0.90358865,0.9999615,1.2394246,3.0064368,0.45446968,1.5673436,9.063323,19.469704,51.39842692,4.02620594,115.06752845110054,205.06752845110054,25.067528451100543,296.93726,-88.13027259172554,-178.13027259172554
264,6.8843985,3.2786353,11.860946655273438,13.224148559570308,-2.711664,4.8183455,6.5442047119140625,8.119046020507811,279.54785,4.498829,286.3377380371094,289.10301513671874,283.1973,4.495639,290.37335205078125,292.87456665039065,100671.69,1014.3697,102153.8125,102580.125,,,,,100686.88,1014.43713,102169.3125,102595.52187499999,0.00018525631,0.0003041344,0.0007920265197753906,0.0012708663940429687,294.07422,39.045444,334.9377136230469,341.79323730468747,6.3170958,1.1506158,8.16771411895752,8.91262969970703,2.132433,0.79901457,3.2896854877471924,3.8133316516876214,-0.5675326551961555,1.3403442422365808,1.8359037998784051,2.125156032309106,1.3364118,0.40736985,1.9727180004119873,1.9872985363006592,0.0,0.0,0.0,0.0,30.824427,21.825825,67.65168762207031,89.40741424560542,113.8604,36.220707,165.78248596191406,194.3981079101562,6.956873,3.1207612,11.860946655273438,13.224148559570308,4.7562847,2.7996902,8.841827392578125,10.326333618164062,180.21384,35.86164,201.38299560546875,213.5802307128906,0.14769793,0.69845927,0.9810315370559692,0.9982444405555725,0.38752112,0.43898132,0.9916232824325562,1.5996033430099466,-0.12432531,0.401294,0.568132221698761,1.1595794916152953,2.26634,3.2329464,7.28847599029541,12.761956214904771,10.544311,18.542831,3.483813,9.517532,285.70322,290.13757,289.1589,294.3105,101797.23,102771.44,,,101812.445,102787.44,0.00058197975,0.0018062592,326.47858,359.40833,7.7469325,9.216171,3.1098688,4.415299,1.278381801373769,2.14949114241787,1.8485266,1.9979663,0.0,0,59.96803,130.8184,156.75578,212.30779,10.544311,18.542831,7.9724846,10.638077,193.40968,220.7121,0.80942225,0.99922526,0.95545816,3.8629966,0.38044822,1.469742,6.556642,27.253178,51.37786806,4.16499237,34.773564751943695,124.7735647519437,304.7735647519437,293.8604,-10.913152154287445,-100.91315215428745
265,7.3218875,4.6516767,14.16650466918945,16.005625000000002,-3.106184,5.036409,5.866506958007808,9.854221496582047,279.0578,4.776345,286.4676681518555,288.8610061645508,282.38037,4.349053,288.74828948974607,291.97501953125,100402.41,1147.7494,102015.475,103024.519375,,,,,100385.43,1147.6089,101997.71171875,103006.9678125,0.0002877984,0.00045903245,0.0011570215225219724,0.002133512496948245,285.56412,61.20488,344.3484176635742,356.21297119140627,5.8866725,1.3107594,7.8905827522277825,8.391902046203613,1.9016169,0.95679986,3.4755603194236753,3.6951837754249572,0.12334014961032254,1.0420854245573896,1.5402537439506567,1.7750731273717277,1.2020799,0.3698053,1.781368052959442,1.9502973484992985,0.0,0.0,0.0,0.0,37.0715,32.39036,98.99333267211912,117.34882522583011,118.28279,46.42875,191.9970703125,239.24675933837892,7.606027,4.1664076,14.16650466918945,16.005625000000002,4.99931,3.1440268,10.856924438476561,11.607544250488283,167.28131,78.543304,201.23197479248043,237.30150024414067,0.045028474,0.7233413,0.9926143884658813,0.9996121543645858,0.5561015,0.6560437,1.9379339277744292,2.4140048480033887,-0.2533645,0.61389995,0.41873965859413,1.646964540481572,3.844659,5.901344,15.60925321578979,21.940833072662368,10.125325,16.524612,2.5927022,10.935516,283.71597,291.19733,286.24545,292.8377,101540.664,103174.56,,,101523.586,103157.29,0.00071793795,0.0023889542,315.3856,359.23398,7.185066,8.587435,2.6354926,3.7113824,1.1023449353412016,1.8103820830712563,1.3945055,1.9777204,0.0,0,71.796524,149.741,167.26733,328.8486,10.770009,16.524612,7.9494896,13.534439,181.5882,331.03802,0.79150176,0.99999255,1.2098392,3.468248,0.32840627,2.4551096,10.277549,35.70762,51.37929817,3.37627452,72.0115310943263,162.0115310943263,342.0115310943263,298.28278,-43.72875521542005,-133.72875521542005
266,7.5168214,4.677284,14.073498535156249,15.924509277343757,-2.8622153,5.2224507,6.831949615478513,10.852324371337893,279.02747,4.777161,287.1021026611328,288.93855072021483,282.5612,4.5415306,288.8377166748047,293.8252807617188,100444.734,1169.5637,102073.328125,103024.519375,,,,,100427.74,1169.4504,102055.675390625,103006.9678125,0.00025806302,0.00040076976,0.0010427713394165036,0.0015034103393554692,287.74744,51.84812,344.3484176635742,351.4444989013672,5.9110775,1.3079604,8.10302186012268,8.564266815185547,1.9275608,0.9526717,3.496199536323547,3.7665632128715516,0.18758881669709576,0.918431398786935,1.4153605957462314,1.8219169498763546,1.1664525,0.37145078,1.7163821756839752,1.9391322910785675,0.0,0.0,0.0,0.0,36.837135,31.511648,94.74256057739255,109.2902306365967,116.415695,45.213478,191.9970703125,239.24675933837892,7.8481956,4.091499,14.073498535156249,15.924509277343757,4.949555,3.2899654,10.970474243164062,13.17956314086915,171.33174,64.03683,201.7338264465332,236.52784194946298,0.001031644,0.73866975,0.9912493318319321,0.9981941431760788,0.5439072,0.6293274,1.8783383846282957,2.41287009716034,-0.20947836,0.6183973,0.693524351716041,1.7282645809650439,3.728438,5.5632195,14.303306341171256,19.024077358245854,10.27839,16.524612,3.3469207,10.941849,283.7338,290.57794,286.64166,296.31097,101590.15,103174.56,,,101573.07,103157.29,0.0006816983,0.0023889542,314.21732,353.21884,7.131127,8.79289,2.627055,3.78612,1.0241776635860862,1.8547215351387587,1.3701237,1.9443178,0.0,0,69.39428,149.741,163.93187,301.8739,10.923073,16.524612,8.350686,13.534439,181.4055,279.91104,0.71145195,0.9996592,1.1361849,3.468248,0.41691723,2.4551096,9.691575,35.70762,51.52144786,3.44003089,340.5268394452316,70.52683944523159,250.5268394452316,296.4157,45.88887100398716,-44.11112899601284
269,7.1104894,3.869936,13.029859924316405,14.46988693237304,-2.505122,4.4704123,4.925561523437493,6.837819976806637,278.79813,4.767778,287.22839202880857,289.3976071166992,282.3568,4.4684153,289.1486480712891,291.65000213623046,100330.555,1077.0767,101776.5875,102111.861875,,,,,100345.74,1077.1787,101792.50703125,102127.45625,0.00025215856,0.00046330655,0.0010601043701171872,0.002495622634887688,289.25873,39.415325,339.5582595825195,355.8478063964844,6.197946,1.1676092,8.168303871154786,8.544249773025513,2.1310775,0.9295088,3.8498215794563286,4.064512085914612,0.08272356662063791,0.9773437298265583,1.4041449060234572,1.5570294699626501,1.1910048,0.40375012,1.853210735321045,1.989165381193161,0.0,0.0,0.0,0.0,27.545424,21.705023,70.03831253051756,86.0923078918457,111.044075,39.372265,172.07549972534179,225.4368179321287,7.2644744,3.569621,13.029859924316405,14.46988693237304,4.2221212,2.8854744,9.855933380126949,11.576073303222655,178.21466,41.542744,201.78328475952148,216.72048980712887,0.08805212,0.68222517,0.9644995272159576,0.9970844238996506,0.36199737,0.37966895,1.1618145942687985,1.544001458883285,-0.15661675,0.35354152,0.2820719286799421,0.6347732329368581,1.9516028,2.7245858,7.812932705879208,11.803438453674316,9.980458,17.81215,2.3842149,8.127258,284.1606,290.09836,286.6809,292.9317,101439.72,102449.19,,,101454.95,102465.07,0.0007553209,0.0028276443,310.61844,357.46506,7.211261,8.58671,2.9586382,4.260486,0.7584053996662173,1.6978914476574123,1.4474585,1.9977757,0.0,0,52.213295,89.54245,155.32631,230.00156,10.582747,17.81215,7.4982967,11.615768,181.75981,333.6706,0.692144,0.9999691,0.75555795,1.5796912,0.17281118,1.001167,5.1097784,12.768427,51.59540662,4.00601046,64.46061297634697,154.46061297634697,334.46061297634697,291.04407,-43.416545593534465,-133.41654559353447
270,6.699988,3.6041672,12.113922119140625,12.599090576171875,-3.2348022,4.500378,5.28826904296875,6.9484100341796875,279.12186,4.5325775,286.2398681640625,289.447265625,282.91132,4.467356,290.62738037109375,292.65386962890625,100738.73,1004.15216,102414.4375,103014.8125,,,,,100753.92,1004.2119,102429.3125,103030.34375,0.000117998316,0.00019809144,0.0005354881286621094,0.0010347366333007812,296.09564,36.712845,340.8644104003906,352.45379638671875,6.207597,1.3211765,8.250977516174316,8.882073402404785,2.1123435,0.88306457,3.4944846630096436,3.683356285095215,-0.23059849996516152,1.1109427900387288,1.5007426475986245,1.6686154949798992,1.1452978,0.41646975,1.8005788326263428,1.8856215476989746,0.0,0.0,0.0,0.0,27.19206,20.560417,62.670135498046875,82.5700454711914,117.099976,37.95711,171.8466796875,190.70608520507812,6.7770524,3.4555795,12.113922119140625,12.599090576171875,4.6465797,3.002562,9.843551635742188,11.262405395507812,178.99567,37.918846,200.6482696533203,206.3883056640625,0.06989655,0.7468003,0.9785967469215393,0.9979293942451477,0.33248574,0.34189856,0.9487382769584656,1.5625684261322021,-0.17218447,0.34353325,0.33333417773246765,0.5133975744247437,1.844041,2.5850153,6.254616737365723,10.857366561889648,9.763387,14.278671,2.558078,7.2072144,284.31738,290.7155,288.01627,296.41046,101916.59,103234.94,,,101931.87,103251.08,0.00035757766,0.0011439323,325.6979,356.13593,7.681082,9.119172,3.0539315,3.7938511,0.9730071863867588,1.7059792460342762,1.5831982,1.8868344,0.0,0,51.883236,99.31934,155.72505,248.15002,9.763387,14.278671,8.310445,11.524429,195.95842,252.90157,0.6958996,0.99936163,0.75969,1.5890142,0.18328479,0.91366583,5.00736,15.708949,51.50615366,4.07513028,152.28638728950955,242.28638728950955,62.28638728950955,297.09998,54.81358829642795,144.81358829642795
271,8.913282,4.0911894,15.000494384765625,18.16403442382811,-3.061439,6.248286,8.193502807617186,12.278867187499985,279.86145,4.4591002,286.97001953125,288.0240209960937,283.72836,4.086679,290.3875244140625,291.05271240234373,100494.96,1186.9799,102082.125,102694.26,284.96643,4.7723374,291.654736328125,292.125625,100498.734,1187.025,102085.5828125,102697.7396875,0.00031408583,0.00044179708,0.0013387680053710933,0.0019450378417968722,285.9827,42.299686,334.5668212890625,343.8018273925781,6.1948886,1.1459496,8.14531021118164,8.328334274291992,2.1462147,0.8705792,3.3758311271667476,4.084937343597412,0.0006750328134649016,0.5962128123906866,0.8772326058097892,1.0004958748121566,1.014199,0.3990645,1.7841014862060547,1.9226274013519282,0.0,0.0,0.0,0.0,49.010353,35.854862,102.03087005615234,153.54088134765618,112.67226,43.868347,165.7559143066406,194.39557983398436,8.995234,3.9059057,15.000494384765625,18.16403442382811,5.8868012,3.6764061,12.075161743164061,13.45895080566406,173.31044,46.680016,201.44296264648438,207.50943359374997,0.05450962,0.70700574,0.9834939360618591,0.9999374389648438,0.76276505,0.70114243,1.977861380577087,3.198439807891843,-0.31601876,0.88090086,0.8247163295745848,1.5135124158859243,5.8529825,7.711687,16.58079204559326,37.55115676879879,13.762012,19.595657,5.4938464,13.475204,286.08444,288.58374,289.4911,291.36945,101809.1,102802.06,291.41663,292.8711,101812.89,102805.67,0.00096623105,0.0020418167,326.21295,350.55872,7.6689005,8.403689,3.2636876,4.1614265,0.6543495146222138,1.196389520303246,1.6051141,1.9643649,0.0,0,101.523415,164.9742,163.50958,358.67715,13.762012,19.595657,10.775442,13.653885,194.51036,208.02039,0.8329966,0.99999887,1.7993071,3.377748,0.7065594,3.5402248,17.743359,43.342255,51.95823879,4.16144308,47.53576432629012,137.53576432629012,317.5357643262901,292.67224,-24.86352311535262,-114.86352311535262
272,6.834588,3.6967423,12.14579620361328,16.08931335449218,-2.696072,4.7204084,5.6520141601562495,6.667380676269524,279.3869,4.191654,285.95122985839845,287.45447509765626,282.90652,4.1115036,288.9469909667969,290.74999633789065,100684.58,1111.4852,102398.84375,102850.0025,,,,,100699.78,1111.5656,102414.49921875,102865.533125,0.00018006864,0.00040759353,0.0006955146789550775,0.0024584770202636702,286.2911,48.524994,335.74652709960935,337.6509979248047,6.0882354,1.1072756,7.857619571685789,8.49424331665039,2.041615,0.8004381,3.248260498046875,4.043742485046387,-0.22350576363843638,1.5342916398196118,2.0279083318492335,2.193589897068034,1.4478613,0.45878476,1.9759120225906373,1.991631853580475,0.0,0.0,0.0,0.0,28.430016,18.944422,61.002398681640585,76.18503662109373,115.08095,42.849163,164.7941207885742,199.0879367065425,6.961754,3.4487073,12.14579620361328,16.08931335449218,4.6454115,2.7973518,9.078567504882812,10.627886352539056,171.21017,60.80309,198.60266113281247,214.41257781982407,0.037862685,0.6956501,0.9860323071479797,0.9995600700378418,0.34102678,0.2960586,0.9551162660121915,1.0738409256935115,-0.14920957,0.34953135,0.4065310478210445,0.5939256131648999,1.8529243,2.2134907,5.932860183715812,9.244275169372553,10.411532,17.81215,3.6327565,8.598236,284.62283,287.57446,287.95795,291.48553,102006.66,103153.31,,,102022.04,103168.05,0.00063233904,0.0028276443,320.4543,337.70618,7.2542768,8.581707,2.8262594,4.066655,1.5846458674794002,2.5018880097019824,1.8350291,1.9992541,0.0,0,51.16882,82.13475,154.55455,313.999,10.411532,17.81215,7.9353724,12.120377,198.58585,251.37694,0.81720614,0.9999082,0.70775336,1.1846997,0.25580472,1.0415156,4.7262135,10.743192,51.34208224,4.24763328,162.49395954218062,252.49395954218062,72.49395954218062,295.08093,42.58697307500688,132.58697307500688
273,9.2304,4.873432,16.008645629882807,18.00583877563476,-3.2150064,5.8998537,6.964081573486327,9.63986999511717,279.36127,4.4623733,286.8109985351562,289.02730346679687,283.035,3.9666047,289.6330291748047,291.02757751464844,100366.54,1115.2881,101883.709375,102352.6375,284.25208,4.610482,291.3310791015625,291.68379150390626,100366.08,1115.3201,101883.19921875,102352.4721875,0.0002793847,0.0004086535,0.000961089134216308,0.0017427635192871064,274.5865,62.128113,332.8641143798828,348.38007324218745,6.166527,1.2975546,8.127877235412598,9.014194583892822,2.2143002,0.96195966,3.772741365432739,4.24195773363113,-0.02984660101747656,1.209427169973049,1.3058560195331232,1.4375339965308234,1.1929231,0.38938293,1.9127831280231473,1.9585632491111753,0.0,0.0,0.0,0.0,46.62884,38.415035,111.93122558593738,157.5592102050778,111.0695,38.886738,175.6997604370117,202.21647323608397,9.393732,4.546072,16.008645629882807,18.00583877563476,5.620184,3.6423852,12.144683074951168,13.754045410156248,163.517,71.62942,196.022110748291,207.058046875,0.080208935,0.7949207,0.9911863803863525,0.9987544691562652,0.7991295,0.9477609,2.239755189418792,4.549735021591179,-0.24617489,0.86058795,0.7337653517723078,2.337980537414539,5.78081,10.380358,20.096513271331744,41.84774326324444,14.569067,18.746521,3.0834422,12.864319,285.67468,290.02277,288.53217,291.7284,101625.83,102597.19,290.49274,291.8982,101625.43,102597.55,0.0008722085,0.0022969246,323.1681,353.26364,7.6717443,9.085713,3.34377,4.994605,1.0340872138540553,1.6397067603471132,1.7252293,1.9960911,0.0,0,99.88961,220.23923,165.964,206.70074,14.569067,18.746521,10.7411,14.166809,193.10501,207.07819,0.9501743,0.999481,2.1147685,6.0045714,0.62939924,4.511915,18.433998,77.24472,51.72154375,3.67591773,183.03346046562294,273.03346046562297,93.03346046562294,291.06952,18.036058577345784,108.03605857734578
277,7.6672945,4.5308948,14.599830627441406,16.465418395996092,-3.7963047,4.466708,4.660124206542968,6.930645446777345,279.31055,4.5125804,286.5613220214844,287.74322631835935,283.06482,3.828329,289.0107360839844,289.36006103515626,100617.984,1048.8798,101961.3375,102606.61875000001,,,,,100601.016,1048.6442,101944.3,102589.3646875,0.00016333564,0.00025222742,0.0007692337036132812,0.0009372329711914067,284.9783,68.395615,342.19410705566406,354.3785278320313,5.972048,1.2082441,7.659580612182617,8.698633499145508,1.9258538,0.82377076,3.3579880475997923,3.6025266647338876,-0.3133334256931215,1.0480498457463392,1.4067670604407145,1.5372927322898653,1.0595659,0.4080443,1.7824500560760497,1.8922502708435058,0.0,0.0,0.0,0.0,34.581993,25.306557,76.73506851196288,102.55351242065433,122.71223,39.3075,180.7832473754883,232.72505645751977,7.833851,4.2314954,14.599830627441406,16.465418395996092,5.0700316,2.9113638,9.667097473144532,11.25310211181641,162.26607,86.3956,198.89600219726563,210.01981414794926,-0.03976054,0.7429146,0.9836051523685455,0.9923060095310211,0.5047073,0.5236979,1.256895065307617,2.2998347258567833,-0.22166388,0.42537034,0.34053498506546015,0.8955589723587047,2.9081767,3.8035207,9.392080831527707,16.805869750976573,12.755188,16.524612,1.7963008,7.293747,285.3551,287.91272,288.06964,289.36945,101795.02,102973.0,,,101777.87,102955.97,0.00053921615,0.0010271072,337.82077,359.79785,7.3884854,8.814473,2.8550727,3.8639898,1.1315296532633545,1.562660916724093,1.6311264,1.9078528,0.0,0,69.908516,110.2083,176.27272,291.37308,12.755188,16.524612,9.158294,12.400513,196.77354,221.50653,0.8359478,0.9996592,1.2673229,2.883424,0.22800817,1.1773164,8.232819,19.342297,51.58282787,3.47102233,58.25984029245984,148.25984029245984,328.25984029245984,302.71222,-25.54762105417859,-115.54762105417859
326,8.049412,4.3688464,14.114937591552724,16.312832183837894,-3.0988045,6.848574,7.809860229492178,11.540897216796878,279.82007,4.463884,286.68409729003906,289.43457763671876,283.85315,3.9670134,290.2218933105469,292.142021484375,100692.14,1103.1317,102373.0875,103201.156875,285.22287,3.9075613,291.1880737304688,292.2144287109375,100712.12,1103.3457,102393.93125,103221.5625,0.00020491357,0.0004507891,0.0008696556091308583,0.0019572496414184595,275.52814,68.79602,347.85775299072264,354.9467254638672,5.785293,1.1878858,7.6341051101684565,8.342715911865234,2.3984797,1.1347997,4.219769072532653,4.833305153846741,-0.9763308296346176,1.309042491116143,1.3808664932073638,2.0355729977285066,0.9030891,0.34683663,1.5277092278003692,1.8087033390998841,0.0,0.0,0.0,0.0,48.039158,37.05144,117.14934120178222,151.37342590332034,111.337654,47.74091,178.00927200317383,255.79672729492236,8.244879,3.98661,14.114937591552724,16.312832183837894,6.31506,4.0672054,13.342699432373044,15.030974273681641,164.19049,78.84872,201.56887130737303,225.4024154663086,-0.011728207,0.7303655,0.9924566894769669,0.9991621315479279,0.72602725,0.75628394,2.1263374090194698,3.4379357147216805,-0.31495848,0.8966669,0.9463879942893973,2.1095533013343823,5.8553023,7.943239,21.85542001724243,36.49370552062989,12.704041,18.85353,5.571061,13.828384,285.512,291.66855,289.22278,294.47205,101939.03,104061.125,290.0389,293.79395,101959.27,104082.13,0.0007036337,0.0050644875,330.63315,359.33136,7.121594,9.500584,3.745792,5.912299,0.6349750866453694,2.3972771822793315,1.3639741,1.9701778,0.0,0,96.32466,177.4963,167.7939,351.93243,12.704041,18.85353,11.35272,16.967514,197.97845,251.86032,0.8010769,0.99997467,1.7340456,4.1649685,0.66564584,3.4049842,16.561722,50.171616,51.048199,2.3664999,96.88975531302736,186.88975531302736,6.889755313027365,291.33765,-75.55210882865236,-165.55210882865236
327,6.071239,4.503404,12.583261108398437,14.206120605468753,-1.609587,6.1209083,8.838812255859374,12.03906311035157,279.65198,4.270856,286.55088806152344,288.98147949218753,283.91388,3.7972782,290.28025207519534,291.6803283691406,100885.266,1209.6555,102623.4125,103128.03875,285.45245,3.644035,290.719775390625,291.7801904296875,100788.81,1208.5798,102524.40546875,103028.12875,0.00018392975,0.0005343919,0.0012998104095458983,0.0025377464294433624,252.82858,78.71809,342.989111328125,356.27414550781253,4.975213,0.7268825,6.200616645812987,6.653176441192628,1.2822243,0.5817784,2.3767009973525997,2.8195847749710086,-0.21515599428965312,1.6026250680267338,2.054872098939661,2.4992715478197436,0.76184326,0.3329605,1.3841853737831116,1.9856850409507751,0.0,0.0,0.0,0.0,30.969515,29.262243,88.64223022460936,132.07347290039078,113.21362,51.86269,201.7348220825195,237.6938543701172,6.631574,3.6231017,12.583261108398437,14.206120605468753,5.118035,3.7071278,11.070773315429687,12.778793945312511,139.61494,98.21818,197.64430847167966,221.28908416748064,0.028444724,0.67231363,0.984453672170639,0.9980846428871155,0.38496062,0.5501062,1.4866681933403008,2.24988255023957,-0.010174086,0.6488626,0.9785450935363763,2.575399584770205,2.884156,5.238015,12.51378717422485,27.786566390991283,11.228874,16.706512,6.1506906,20.858505,285.1221,290.6095,288.8776,292.32208,102235.35,103382.94,290.19934,292.18457,102137.6,103282.41,0.00079278945,0.0045289993,331.42715,357.0525,5.828596,7.1399155,2.005697,3.0957482,1.5766027774002624,2.7485098038484326,1.1532582,1.9902446,0.0,0,72.61315,148.02164,184.72252,324.94244,11.265534,16.706512,9.821729,20.858505,196.13503,244.24762,0.86308026,0.99965775,1.1617821,3.2000883,0.80210495,4.3765044,10.117532,34.89232,51.116699,1.3166699,250.94710545314607,340.94710545314604,160.94710545314607,293.21362,-47.73348240627104,42.266517593728935
328,7.9272246,6.006847,16.566110229492185,19.17753784179687,3.8082423,4.466069,10.465872192382811,13.001176757812498,281.9146,3.45746,288.0629150390625,288.5720556640625,284.968,3.3169632,290.02638549804686,291.0717578125,99848.74,1180.498,101733.35,102307.00499999999,285.01996,3.9551368,290.76328125,292.172724609375,99378.984,1176.6902,101256.5390625,101823.075625,0.0003430831,0.00046477895,0.001476383209228515,0.0018100738525390612,212.63359,52.16778,279.8821228027344,327.7717919921875,3.1406074,0.69383675,4.304688835144042,4.715192985534668,0.64565945,0.41941226,1.438968563079834,1.736165943145752,-1.323326896055882,2.7289718098430273,3.5175534271236484,4.989337998061492,0.87242126,0.36108,1.626621651649475,1.9266913366317746,0.0,0.0,0.0,0.0,38.309284,30.974796,98.64234313964843,126.76895874023428,94.72856,85.59935,333.7640075683594,355.5498803710937,8.530221,5.109579,16.566110229492185,19.17753784179687,4.9658117,3.120477,10.465872192382811,13.001176757812498,117.90503,113.33473,180.02621765136718,195.74287109374998,0.002455325,0.7432433,0.9939947485923767,0.9993866610527039,0.6320015,0.7277616,2.1298472881317134,3.279680347442625,0.3165769,0.5340353,1.2595570802688596,1.89084588050842,3.857304,5.7941456,15.495556259155272,25.599333648681604,14.785714,20.0336,9.135532,14.831009,286.29614,289.29904,289.0225,291.7431,101198.15,102767.625,290.15866,293.31177,100723.82,102279.78,0.0010242462,0.0020370483,266.73727,337.69867,4.0021753,4.920658,1.203688,1.9306464,2.461930704550595,5.472581004688299,1.3657525,1.9567009,0.0,0,80.993164,164.21759,224.55367,359.99338,14.785714,20.0336,9.1828,14.831009,177.72562,199.69832,0.8432202,0.9999849,1.6164389,3.5980794,1.0477726,3.4348943,11.856388,42.94561,51.216702,-3.1333301,93.03858290309023,183.03858290309023,3.03858290309023,274.72858,-88.31000624293398,-178.31000624293398
329,5.9458346,7.086821,16.5281379699707,19.27578201293945,7.8601456,3.8200428,13.28750991821289,14.821907501220693,282.9224,3.495718,288.3623565673828,289.4525164794922,285.49036,3.1899316,290.7495544433594,291.5327795410156,99613.14,1081.0,101210.5375,101735.144375,285.2289,3.6387453,290.7617553710937,291.09754638671876,98977.88,1076.417,100574.334765625,101095.320859375,0.000737962,0.000917265,0.002515459060668945,0.0037485361099243095,221.54784,33.12766,253.28202056884766,259.6138916015625,6.9001665,1.6555135,9.620169591903686,10.944169197082513,2.2949796,1.3225176,5.005418372154235,5.520961461067198,-0.6169910583054667,2.0854630467708684,2.7003741829855663,3.009825285303615,0.5829171,0.24950884,0.9749109297990799,1.4010801041126248,0.0,0.0,0.0,0.0,56.95089,44.768547,143.13348770141602,171.0825930786133,102.33355,116.91321,347.95045471191406,356.9745770263672,7.6712785,5.1580744,16.5281379699707,19.27578201293945,7.992517,3.5331876,13.28750991821289,14.821907501220693,119.21428,136.26811,214.41052017211913,221.36467819213863,0.030753108,0.6861576,0.9879168957471848,0.9994308584928513,0.87050015,1.1963364,3.6500253200531008,4.492877411842343,0.82150924,0.84727055,2.6962207078933718,3.4095553922653195,8.340393,11.40814,32.62651462554931,46.611292114257814,14.667745,24.1669,12.088239,17.72461,287.45895,290.0631,289.80667,291.9878,100928.18,102132.31,290.25153,291.6184,100288.38,101469.41,0.0020028143,0.0048832893,248.85388,284.84427,8.90416,12.603693,4.1082497,7.9047217,2.0189302332779597,4.645394680239275,0.9125189,1.5374948,0.0,0,119.36749,181.14218,276.86304,357.46323,14.667745,24.1669,12.088239,17.72461,206.44104,233.53183,0.7715858,0.99985117,2.623933,5.3695874,2.0618675,4.095536,25.18168,52.253887,51.216702,-4.1166701,84.6192231816292,174.6192231816292,354.6192231816292,282.33356,-72.28566605272295,-162.28566605272295
330,5.60149,4.6572075,13.132447814941406,15.20917999267578,4.245611,3.5278158,9.447171020507811,11.455761871337888,282.06357,3.9127676,288.3454132080078,289.9486410522461,284.80826,3.9015942,291.4078643798828,292.9891107177734,100050.38,1251.0857,101943.15625,103400.875625,,,,,99335.59,1246.1534,101228.475,102650.073828125,0.00041725347,0.000713407,0.0019023180007934548,0.0033626651763916013,216.76141,46.36633,283.2342163085937,332.010871887207,3.1464753,0.742966,4.425229883193969,4.867229795455932,0.64355063,0.45071623,1.4977059602737426,1.8966656291484834,-2.7924928856818925,2.4772573002795553,2.7393084510444896,4.251293593706183,1.0843302,0.3283048,1.7915057361125943,1.91863525390625,0.0,0.0,0.0,0.0,27.020996,24.734102,79.24889411926264,92.37271903991699,85.988945,88.09992,344.310545349121,358.07963317871094,5.943844,4.208938,13.132447814941406,15.20917999267578,4.7068233,2.8798785,9.447171020507811,11.455761871337888,130.77248,110.31949,190.1036865234375,215.67940612792967,-0.03126427,0.7123581,0.9837183862924576,0.9997514510154724,0.36649778,0.48569104,1.4043151915073393,1.845505446195602,0.25378257,0.3087813,0.9493678390979763,1.1720471680164333,2.1316388,3.2532847,10.002907705306995,13.588590688705443,11.585322,15.819366,8.38998,13.6132965,286.98605,291.26312,289.9282,294.92322,101530.555,103794.375,,,100811.83,103054.734,0.0012989491,0.00404644,267.19986,358.8439,4.085918,4.9338846,1.2487711,1.9306464,0.48579935641580346,5.644636804472997,1.5432485,1.9858404,0.0,0,61.86311,97.6852,215.79251,359.39893,11.585322,15.819366,8.38998,13.6132965,185.54872,227.12227,0.75569427,0.9999989,1.0431479,2.236585,0.69400096,1.3469398,6.658328,15.196271,51.549599,-2.9860001,218.46939568610495,308.4693956861049,128.46939568610495,265.98895,-42.48044304938617,47.519556950613804
331,5.5795403,6.187067,15.919108581542968,17.58558868408203,7.527155,4.356533,13.06609878540039,15.383796386718748,282.59964,3.3281488,288.36358337402345,289.9512878417969,284.97357,3.1467526,290.5937927246094,292.3056475830078,99525.48,1137.4369,101324.3875,101709.555625,,,,,98936.62,1133.1501,100725.93359375,101110.370546875,0.0009087629,0.0009136259,0.002599930763244627,0.0035660362243652337,230.01208,22.773289,258.644270324707,269.6344442749022,7.299809,1.5627048,9.808782243728636,11.239686985015855,2.4570718,1.3511791,5.078414463996887,6.029688215255734,-0.07230625335182865,2.1747807801879273,3.2153235133078546,4.057135479601592,0.71623,0.31872782,1.222709983587265,1.8681375133991238,0.0,0.0,0.0,0.0,51.377895,42.84104,127.52226104736326,158.9923518371579,106.53786,118.68547,350.9019348144531,358.0198937988281,6.8012085,4.8027263,15.919108581542968,17.58558868408203,7.764612,3.9149723,13.06609878540039,15.383796386718748,123.474236,128.65874,214.8777244567871,222.85254760742185,0.0024665997,0.7021232,0.982279247045517,0.9969816976785659,0.7496007,1.0272546,2.866662049293516,3.885657768249508,0.7620653,0.7937503,2.1487509250640846,3.1737121796607894,7.1095133,10.417539,25.8980652809143,40.735721893310384,12.626522,18.109314,11.958157,19.114243,286.89816,290.54248,289.055,292.77585,100864.37,102321.19,,,100270.42,101712.0,0.0021134168,0.005051136,253.03339,291.90323,9.216139,12.938052,4.3063703,6.4918566,2.2723909596563696,4.4029957189057445,1.1063375,1.9399872,0.0,0,105.1596,220.65916,266.56677,359.38754,12.761284,18.109314,11.958157,19.114243,206.29419,236.63583,0.86179715,0.9978059,2.0632932,5.9926047,1.8164192,4.5468345,20.646345,77.53957,51.569698,-3.9737,156.03752229014128,246.03752229014128,66.03752229014128,286.53784,40.50031950673372,130.50031950673372
332,3.2165575,3.8772087,8.809292602539063,10.05480880737304,-3.245214,4.178331,3.8144126892089854,5.4665815734863115,278.3013,5.1001325,287.24029541015625,288.74986938476565,282.81567,4.6985683,291.22962799072263,292.84026397705077,101416.02,949.8547,102857.734375,103141.03375,284.8126,4.1279173,291.23670654296876,293.58576171875,101115.65,947.8065,102553.3578125,102833.840859375,0.00012597609,0.00037563723,0.0007265329360961919,0.0015401124954223565,229.82413,119.154305,350.310563659668,356.37925231933593,4.0952883,0.84119475,5.368297863006592,6.195143547058101,0.9541655,0.5517332,1.9837625980377198,2.4240785861015284,-0.3848245441659726,1.1315508051242518,1.8110915286039253,2.2986795422141695,1.0137105,0.43035316,1.8643586158752443,1.9934374606609344,0.0,0.0,0.0,0.0,16.664303,15.098708,48.45721778869629,62.63881931304929,135.65543,56.525978,236.84166946411136,283.7309533691403,4.2835197,2.64296,9.121598815917968,10.05480880737304,4.390156,2.9439774,9.475293731689455,11.949319305419907,94.16869,151.89764,204.09321670532228,223.91377807617175,-0.04410407,0.71304,0.986572191119194,0.9985890573263169,0.10834484,0.21375488,0.47970895469188707,0.8029891407489773,-0.11011968,0.23213372,0.08725464195013054,0.3302704206109006,0.8032399,1.4287043,3.7394076585769658,6.2500441122055,7.3080473,10.7456665,2.0503268,9.919937,285.02637,289.3927,289.08353,293.4224,102573.58,103332.56,290.4481,294.54053,102270.055,103020.79,0.0005124769,0.0033102036,336.10342,357.3382,5.1145873,6.5743513,1.6356021,2.9664674,1.0930010662524703,2.6773241055141224,1.5610538,1.9990124,0.0,0,34.801853,80.33656,212.68465,327.39474,7.580601,10.7456665,8.009521,13.608063,200.83553,234.3498,0.860999,0.99968296,0.36441925,1.036089,0.104872815,1.2691169,2.4034936,10.277937,51.450001,0.75,232.2123338772077,322.2123338772077,142.2123338772077,315.65543,-6.556907851817073,83.44309214818293
333,3.8089767,4.5656238,10.082351684570314,10.756971130371097,-4.163144,4.803204,4.148421478271485,6.252881317138683,278.74603,4.8984284,287.39381408691406,288.41925537109375,283.15503,4.6536436,290.53697814941404,292.2245980834961,101449.914,939.6142,102862.825,103181.528125,285.01508,4.3155594,291.4369384765625,291.70972412109376,101234.13,937.8645,102640.3125,102959.917109375,9.557463e-05,0.00026849168,0.0004517793655395509,0.0012945270538330098,230.15974,117.037254,348.33872985839844,355.0420938110352,4.079592,0.84325564,5.312651348114014,6.3522286605834966,0.9813156,0.56895113,2.0695077657699588,2.52273593425751,-0.5109604573497252,1.0815415840158504,1.4884977364757261,1.6971578904931257,1.0758562,0.40584153,1.8345982134342196,1.9477572631835938,0.0,0.0,0.0,0.0,26.692356,22.50288,77.15677223205569,92.7436078643799,136.58914,55.90389,220.7461837768555,290.5860690307618,5.200573,2.869179,10.177042388916016,10.845454559326173,5.433923,3.2866387,11.402464294433596,12.294725341796877,93.5706,152.02423,199.03572616577148,205.36184036254892,0.01976483,0.6920881,0.9927045673131942,0.9983911538124085,0.18648612,0.38794526,0.8401906192302705,1.2705677747726456,-0.24817622,0.4110673,0.10481895320117478,0.5136252954602262,1.9362367,3.042706,9.483437681198124,13.698475427627569,8.626231,11.858948,2.0449007,7.4570465,285.32565,289.7306,289.6149,295.59155,102511.516,103319.06,290.81158,293.4834,102293.49,103094.79,0.00037259716,0.0021514893,329.38095,358.62537,5.1810613,6.665577,1.777009,2.827884,0.7387843973770162,2.1086203247688164,1.5985737,1.9838092,0.0,0,56.65915,103.776825,208.51949,349.59207,8.828707,11.858948,9.940024,15.102997,192.91133,209.96257,0.8112402,0.9992423,0.6844579,1.5350548,0.118846536,0.94449407,5.8276186,17.150637,51.381985,1.1155597,84.65746434373301,174.657464343733,354.657464343733,316.58914,-38.068322498029886,-128.0683224980299
334,5.0336027,4.2899165,11.493506622314447,14.235481567382797,3.838551,3.3381279,9.38465118408203,11.858828735351558,281.53427,3.979013,288.14935913085935,289.2541662597656,284.6015,3.8492427,291.6597473144531,294.9285821533203,100097.305,1370.4683,102248.575,103348.726875,,,,,99199.21,1361.1373,101345.821484375,102408.643984375,0.00027513845,0.0004968112,0.0014436960220336912,0.0024546623229980413,,,,,,,,,,,,,-2.322603603827908,2.8458818592131077,3.8911543509749733,5.5606484031102665,1.1876653,0.34451595,1.8616048097610467,1.961009457111358,0.0,0.0,0.0,0.0,24.124847,21.716467,58.90563659667968,96.58815643310531,89.670235,87.67007,324.46694946289057,354.38942840576163,5.6613154,3.4120007,11.493506622314447,14.235481567382797,4.2682524,2.7630653,9.38465118408203,11.858828735351558,,,,,,,,,0.27846965,0.3622432,1.04061284661293,1.4999006831645951,0.22439712,0.33111748,0.7409353554248745,1.5540167403221108,1.6725147,2.806904,5.525787448883055,14.897178459167435,10.034644,14.734772,7.157399,12.954132,285.73956,291.54828,288.7592,297.14807,101578.08,103575.44,,,100666.984,102629.875,0.00080928433,0.002977848,,,,,,,1.3476657192263124,5.77005746963994,1.60839,1.9950489,0.0,0,50.429504,104.003815,185.55246,358.79834,10.034644,14.734772,7.2882442,12.954132,,,,,0.7514237,1.7718335,0.6075749,1.9816952,4.9059405,17.225744,51.507099,-2.7114,43.99718736746888,133.99718736746888,313.9971873674689,269.67023,-44.32696031668763,-134.32696031668763
335,5.2063923,3.999649,10.84248809814453,12.255361175537109,-3.9791374,4.594239,4.579125976562498,7.070774536132815,277.8837,4.704087,286.66902618408204,288.32138488769533,282.47012,4.2322826,289.80494689941406,292.74918182373045,101203.84,882.8195,102596.65625,102740.055625,,,,,101028.93,881.901,102417.529296875,102565.2875,9.581447e-05,0.0002213586,0.0005680799484252927,0.0010548877716064463,259.06284,105.544556,354.10785217285155,355.9458905029297,5.2348275,1.0788074,6.803659439086914,7.502408189773561,1.7106516,0.896902,3.2866058826446527,4.1136847114563,-0.4492369984031233,0.6900841263913103,0.8045305453132365,1.2142313577956931,0.8784663,0.39992326,1.6719868361949917,1.9704954648017887,0.0,0.0,0.0,0.0,25.949038,21.310085,66.80071849822991,78.54589721679689,128.77762,46.325428,200.75396728515625,242.47211944580084,5.7236757,3.2091634,10.84248809814453,12.255361175537109,5.049751,3.371123,10.915253448486327,12.666895904541018,130.28522,128.69716,203.21293182373046,217.2427690124512,0.057671145,0.70258164,0.9948487877845764,0.9988222813606262,0.2687278,0.31986332,0.8847393184900278,1.3463688850402846,-0.22122015,0.36931324,0.20084713920950886,0.5961458641290671,1.7898498,2.5607076,7.129876589775071,9.826849498748782,9.379807,12.958649,2.057792,7.788803,284.1061,289.1914,287.9435,293.32956,102321.65,103009.125,,,102145.375,102829.7,0.00040797752,0.0012059212,341.05353,356.949,6.3849254,7.6061554,2.8200083,4.6902575,0.48415641790233865,1.2675875905970089,1.4100776,1.9961582,0.0,0,54.35217,98.36965,188.97536,311.5576,9.379807,12.958649,9.060777,15.417465,200.77217,230.67062,0.84449726,0.99967736,0.70391846,1.4990621,0.126975,0.7285503,5.4364057,15.409968,51.966702,1.35,220.390315956769,310.390315956769,130.390315956769,308.77762,-1.6126975485658477,88.38730245143415
336,4.0007668,4.370726,10.422923278808593,11.571329956054687,-3.7046804,4.7683144,4.748509979248042,7.1871293640136695,279.01743,4.5451126,286.9168975830078,288.62987640380857,283.3399,4.700403,291.5149780273437,292.87687530517576,101378.67,946.8244,102805.7875,103178.96125,,,,,101204.086,945.78253,102629.39609375,102998.1571875,7.7955185e-05,0.00015355191,0.0004804134368896482,0.0006394386291503902,245.45808,114.21284,353.617529296875,357.3475134277344,5.0493345,0.9337096,6.518584251403809,6.925029201507568,1.5563296,0.8169585,2.7190186500549314,3.736644918918608,-0.19113658042333925,0.8772969640780056,1.3184281200254833,1.6064218210595578,0.8803032,0.44746885,1.892592918872833,1.9938486433029174,0.0,0.0,0.0,0.0,23.578438,20.559435,65.52545566558835,80.40554565429687,140.21419,58.75488,252.70335464477523,320.1865197753906,5.17131,2.877438,10.422923278808593,11.571329956054687,5.0461407,3.3018944,10.927944183349608,11.794034118652343,105.24389,145.26505,205.430655670166,210.31395462036133,0.005455285,0.71664083,0.9948548913002014,0.9993019145727158,0.19430391,0.327134,0.8447338998317718,1.3347318160533903,-0.18774691,0.36803547,0.16034104153513895,0.6601885062456129,1.5530448,2.5068343,6.839846754074093,10.296908931732176,8.801567,12.414993,2.5891993,7.535263,285.17242,289.71936,290.3279,295.38385,102547.86,104040.375,,,102371.94,103857.13,0.00029947644,0.0006866455,342.39276,358.1268,6.2579155,7.338229,2.6942556,4.013374,0.860973825043468,1.6202869038498953,1.4253957,1.9988153,0.0,0,54.005116,97.76862,219.37833,337.72708,9.057662,12.414993,9.311331,12.113098,196.37407,213.38403,0.84207624,0.99967736,0.6457683,1.4516263,0.16339013,0.9449171,5.230487,15.222237,51.948002,1.2920001,143.76107296606892,233.76107296606892,53.76107296606892,320.21417,86.45309939721233,176.45309939721233
337,5.5199995,3.969769,11.10634307861328,12.348267211914063,-2.0394535,6.057097,7.8212951660156245,14.40126770019531,279.53198,4.2697387,286.3776885986328,289.19511657714844,283.85025,4.219287,291.011865234375,291.73,100972.05,1190.348,102630.8625,102854.58,285.59747,3.7918234,290.8482421875,291.349794921875,100830.1,1188.8619,102487.82578125,102709.129375,0.00014619828,0.0003694276,0.0008596420288085937,0.0019886207580566404,255.73782,96.10222,349.73642578125,355.2963623046875,4.7558956,0.823653,6.016739082336426,6.519789180755615,1.4408605,0.7288469,2.7656578540802004,3.436372032165527,1.5105214897115709,1.4231905578052833,3.795019371618407,3.9921922387204383,0.82570136,0.36271542,1.5444595456123351,1.8383373475074767,0.0,0.0,0.0,0.0,28.004953,23.56435,75.026123046875,98.21136215209961,113.78391,52.223713,192.95913238525387,241.1959521484375,5.9733367,3.2408333,11.10634307861328,12.348267211914063,5.2448215,3.6241999,11.43780059814453,14.811517944335938,141.9539,111.04664,208.461181640625,221.96710998535156,-0.020513624,0.7064299,0.9631512880325317,0.9998291182518005,0.31855014,0.3910382,1.1202817559242246,1.6707688283920286,-0.11125669,0.46446404,0.7608610451221466,0.9454215741157531,2.1255534,3.2751908,8.966075515747068,15.363571014404297,10.364978,12.947403,6.803096,17.68077,285.04233,289.43634,289.73782,291.87692,102299.98,103145.44,290.7688,292.17578,102156.07,102999.016,0.0005888939,0.0022435188,338.09448,357.97165,5.8349786,6.6472883,2.4877515,3.5845962,3.272452155720267,4.355767539435809,1.2897093,1.8799446,0.0,0,64.8959,108.17106,189.80809,251.87927,10.364978,12.947403,10.61844,17.68077,202.99362,275.65396,0.78001696,0.9999238,0.949853,1.9095222,0.46267164,1.2519623,7.4437394,18.633806,51.223793,1.4092588,174.59447551953406,264.59447551953406,84.59447551953406,293.7839,29.189429509762817,119.18942950976282
338,5.0276117,3.7673109,10.543846893310546,11.713690032958985,3.390719,3.5255694,8.6460334777832,11.695681762695314,281.5507,3.8446653,288.11632537841797,289.49466522216795,284.6291,4.2836533,291.692448425293,296.7131921386719,100082.76,1245.8516,101638.8625,102129.18437500001,,,,,99184.37,1239.4122,100745.137890625,101224.125625,0.00027677536,0.0005053341,0.0014326095581054686,0.0020034646987915107,,,,,,,,,,,,,-0.8786802171834757,3.2028979202732555,5.030586381433609,5.74509550298373,1.3234799,0.43655235,1.9823833644390105,1.9953357458114624,0.0,0.0,0.0,0.0,22.045313,20.88109,60.86386680603027,82.79303146362315,78.873634,71.59741,252.10770263671864,349.6454486083985,5.421545,3.1677723,10.543846893310546,11.713690032958985,4.0181293,2.7810607,8.6460334777832,11.695681762695314,,,,,,,,,0.24660204,0.3081078,0.8915314912796019,1.2966129362583168,0.19366072,0.31776112,0.6932531356811519,1.3670589005947145,1.4613664,2.5761433,5.899291443824768,10.92332476615909,8.586281,11.759598,7.481916,11.964874,286.13083,290.3442,289.82758,296.71887,101269.69,103057.0,,,100365.98,102138.39,0.0009568267,0.0033049583,,,,,,,3.614846455858947,5.961100979664206,1.6658103,1.9970399,0.0,0,45.599106,104.003815,177.31635,358.3468,8.586281,11.759598,7.481916,11.964874,,,,,0.61307126,1.4396929,0.56021935,1.9816952,4.149727,17.225744,51.5,-2.7284,67.39921504098334,157.39921504098334,337.39921504098334,258.87363,-78.52558833199896,-168.52558833199896
339,3.981867,4.1575346,11.213879394531247,12.502562866210937,2.381214,4.074291,8.866693115234375,10.595107727050781,281.76352,4.0960565,287.89548950195314,289.5823132324219,284.7142,5.046707,293.44793090820315,296.0628314208984,100647.445,1385.6827,102520.00625,103092.61125,,,,,99745.34,1377.3333,101604.80625,102156.08609375,0.00024285498,0.0005676777,0.0010976791381835918,0.003011150360107421,,,,,,,,,,,,,1.4180743453604794,3.916929286971262,7.611112922572717,8.005196214923021,1.4295348,0.3721683,1.9597224116325378,1.9865581226348876,0.0,0.0,0.0,0.0,18.961939,20.89037,61.64178924560542,76.65744155883789,111.53182,95.901634,337.3372650146484,356.94674011230467,4.528972,3.5452895,11.213879394531247,12.502562866210937,3.880011,2.663688,8.866693115234375,10.595107727050781,,,,,,,,,0.211835,0.32400694,0.9575449049472804,1.1536938619613646,0.1586025,0.2713694,0.8209022462368011,0.9400609004497527,1.2587733,2.256191,6.060260486602774,9.358244724273682,9.748282,12.985397,7.5381517,10.723755,287.50964,291.6328,291.3149,296.07623,102285.26,103255.875,,,101369.01,102319.04,0.0009709138,0.0034656525,,,,,,,7.024097169302253,8.238999929873213,1.8645967,1.9894953,0.0,0,48.862156,77.20742,253.74791,358.66772,10.157459,12.985397,7.6347704,10.723755,,,,,0.68823314,1.2951677,0.5294887,1.0779225,4.494738,9.49287,51.570122,-2.7000217,231.53148745624526,321.53148745624526,141.53148745624526,291.53183,-29.999657622260884,60.000342377739116
342,8.741335,3.4683785,13.716996765136718,15.139550476074222,-0.7339458,5.7157216,7.9984802246093745,11.029443054199222,280.28656,4.3303366,287.9211181640625,288.5115588378906,284.2619,3.9611607,291.0061798095703,291.67176330566406,100472.06,1101.2524,102124.7875,102457.76625,,,,,100455.164,1101.0405,102107.42734375,102440.7271875,0.00026599944,0.00039666973,0.0012751579284667968,0.0014019966125488287,279.11984,32.279648,331.1844543457031,338.81475708007815,5.8105145,1.1471721,7.508285713195801,8.498375263214111,1.9416364,0.74748373,2.9787297964096067,3.2801064634323134,-0.002170967302426206,1.063395461582411,1.3885227604880028,1.770865712155634,0.97353953,0.3577116,1.5943080067634583,1.6447037196159366,0.0,0.0,0.0,0.0,36.606026,27.600887,73.8272933959961,102.45797439575203,95.35319,34.647964,159.05211791992187,166.52659057617188,8.741335,3.4683785,13.716996765136718,15.139550476074222,4.5625415,3.4733698,10.0950439453125,12.357265930175785,183.76666,14.411946,207.2297592163086,223.8519607543946,0.036207046,0.6936441,0.996898353099823,0.9988596320152283,0.54598683,0.47478253,1.3533167243003845,1.7459834408760089,-0.03227728,0.5935496,0.8500736117362975,1.6080379652977008,3.3278759,4.154913,8.680217170715332,17.028286342620873,12.710434,15.672089,5.694067,11.635773,286.56223,289.00922,290.34903,291.70853,101806.0,102747.5,,,101788.77,102730.945,0.0007807992,0.0015172958,323.32474,339.33115,7.3965116,8.537425,2.890972,3.6046157,1.0228914082893446,1.994396959921373,1.4920379,1.7138782,0.0,0,70.445694,120.302505,142.50746,169.73347,12.710434,15.672089,9.03248,13.534439,199.04478,243.36267,0.8310814,0.99890435,1.1683209,2.162521,0.6439755,2.0418441,8.70813,23.047764,51.522301,3.4402001,340.5268425814967,70.52684258149668,250.52684258149668,275.35318,24.826337350143945,-65.17366264985606
368,-0.1917297,7.6032295,11.924118041992188,15.130005645751954,9.054133,6.3578887,16.961719512939453,19.106892395019536,282.3853,3.674417,287.5420150756836,288.7682373046875,284.80322,3.242785,289.7291946411133,290.6238540649414,99158.78,1067.9489,100691.46875,101032.034375,284.8564,2.661652,288.7132568359375,289.03525390625,99096.47,1067.5608,100629.1171875,100968.905078125,0.0011072935,0.0012291531,0.0035741329193115234,0.00460047721862793,178.00887,34.258816,224.18347549438477,233.97982940673833,6.8218803,1.157548,8.729334831237793,9.055034637451174,2.8042095,1.1009359,4.505207061767578,5.0973328351974505,0.056835411606880396,0.30523859023716665,0.6695226097997361,0.8158075256522952,0.54971844,0.1940744,0.8305867314338684,0.9252683490514784,0.0,0.0,0.0,0.0,53.873795,41.92574,134.70056915283203,158.63435363769557,195.4381,143.22963,355.9680404663086,358.8361526489258,6.3140445,4.184508,13.333587646484375,15.130005645751954,9.859052,5.002008,16.961719512939453,19.106892395019536,-17.429228,163.94731,179.70243453979492,183.1132148742676,-0.13293386,0.7251937,0.9765739291906357,0.9987361878156662,-0.15662113,1.0615938,1.3743387162685394,2.403554415702821,0.92276806,1.0319561,2.984274387359619,3.594839084148419,7.388746,10.479918,28.90739679336548,40.49894008636489,8.436039,15.223221,15.350048,19.744003,286.6213,288.9883,288.84976,290.83405,100372.82,101060.56,287.86398,289.08008,100310.15,100998.38,0.0028499286,0.0047569275,211.47087,239.61002,8.310256,9.266234,4.1274314,5.3816934,0.4583950903217862,0.8799761614261109,0.78128964,1.3439842,0.0,0,109.35367,197.47241,329.03964,359.55487,12.571835,15.223221,15.350048,19.744003,150.56871,190.23776,0.7668229,0.99995846,0.954946,2.5303857,2.2748969,5.349148,20.88574,62.100105,52.3385,-6.4589,151.66245790095678,241.66245790095678,61.66245790095678,15.43811,-46.22434754939428,-136.22434754939428
369,2.6332533,7.524689,13.073617553710942,15.087868041992186,10.0161085,6.546978,18.700656127929687,21.21322692871092,282.56613,3.7028413,288.78931884765626,289.2339599609375,285.26196,3.0995748,290.2791015625,291.2685815429687,99207.51,1004.19403,100822.4875,101192.6975,285.09564,2.7434187,289.486474609375,290.56228515624997,99122.26,1003.74835,100736.753125,101105.5065625,0.0008981754,0.0011038283,0.003079223632812501,0.0038659286499023427,191.54362,26.886183,232.04935302734376,236.74733642578124,7.6307516,1.477024,10.032402038574219,10.433034782409663,3.39435,1.4645427,5.420370388031006,6.479115486145011,0.06324265257324212,1.0042946203334162,1.4192406364374406,1.7838913428077585,0.53644454,0.27041218,0.938889598846436,1.4947756719589205,0.0,0.0,0.0,0.0,63.061916,49.14246,143.1923583984375,189.15632934570297,146.15767,141.42331,351.6326416015625,358.5069946289062,6.533525,4.516369,14.556353759765626,15.087868041992186,10.737141,5.2632937,18.700656127929687,21.21322692871092,45.385956,157.015,185.6627197265625,194.25985168457024,-0.025664017,0.71813756,0.9674802184104919,0.9924233508110046,0.45469344,1.2578534,2.63556866645813,3.7640057373046845,1.1867021,1.2066405,3.108901262283325,4.5832605552673265,10.128974,13.1460495,32.65272979736328,57.23220260620108,10.669851,15.330215,17.719114,23.823303,288.06595,289.4986,289.9171,292.93182,100584.38,101440.125,289.08786,290.92188,100498.414,101352.45,0.0023049575,0.0040130615,219.08286,238.36746,9.511919,11.039604,5.3106666,7.830618,1.1054102829706638,1.9073328986022926,0.8822851,1.9347368,0.0,0,129.29544,211.5577,303.2812,359.48297,11.65616,15.330215,17.719114,23.823303,182.03973,203.91856,0.9042327,0.99998534,1.9816985,4.191066,2.9467092,5.7295547,28.698832,71.27498,52.14767,-6.99188,215.76624224540348,305.7662422454035,125.76624224540348,326.15765,20.391411563190275,110.39141156319027
375,3.267369,5.5481167,11.23289794921875,12.315609741210936,5.587302,5.2773237,13.829196166992187,16.426384887695313,281.51428,3.5281408,286.95005493164064,288.346396484375,284.1937,2.9068947,288.70537109375,290.2991784667969,99482.83,1156.4258,101352.4125,101710.9375,284.76465,2.7333288,288.69453125,289.0073046875,98829.875,1151.6943,100688.5765625,101049.56875,0.00044797556,0.0006731598,0.0019709587097167967,0.002723426818847656,185.04588,36.122334,229.68717651367186,256.4220544433594,6.2199583,1.1957291,8.206782341003418,8.691366119384766,1.7964498,0.8549798,3.4114413261413574,4.160256299972533,-0.04842801834460641,0.3082608544275437,0.3229093319866655,0.3849010859630369,0.57610315,0.22631511,1.0126338005065916,1.3086880493164061,0.0,0.0,0.0,0.0,32.460304,28.532356,91.92863616943353,108.97756378173828,117.13169,116.56521,344.47059936523436,355.5402673339844,5.530325,3.2737236,11.23289794921875,12.315609741210936,6.3480163,4.3243318,13.829196166992187,16.426384887695313,67.914185,137.89882,177.30655517578126,184.49781311035156,-0.07199417,0.7089702,0.9686379790306091,0.9945946621894837,0.1820394,0.53292066,1.0407919168472288,1.7417986726760857,0.40648258,0.58439046,1.793221521377563,2.2735287380218505,2.9643686,4.414568,13.495399093627913,18.91270462036133,9.543494,12.571182,12.531816,20.555466,286.28912,288.67715,288.14935,291.67694,100914.78,102736.375,288.29913,289.28223,100256.72,102076.84,0.0014813163,0.0029497147,221.03822,282.86887,7.7159104,9.230766,3.071594,5.3027096,0.23184607849624383,0.4094661072921532,0.8715277,1.3146731,0.0,0,75.68117,109.339294,290.15167,358.9349,9.807511,12.571182,12.59891,20.555466,172.82611,188.36414,0.7906797,0.9978275,0.89912874,1.9954373,1.2804999,2.8150027,10.086613,19.038467,52.792,-6.1451998,196.7977656133334,286.7977656133334,106.79776561333341,297.13168,10.333917736275964,100.33391773627596
376,-0.6639891,7.3809624,11.804718017578116,12.82655349731444,9.074868,6.3972263,18.385675048828116,19.820417175292967,282.249,3.7388737,287.3778381347656,288.76305908203125,284.72873,3.1921368,289.7554901123047,290.6189083862305,99228.57,1058.5808,100764.94375,101073.700625,284.74142,2.6344635,288.61806640625,289.03419921875,99166.12,1058.2043,100701.79140625,101011.245703125,0.0009927317,0.0010763903,0.0032259941101074204,0.004332671165466307,178.3719,34.472904,224.03549194335932,240.6895275878906,6.7692394,1.1320246,8.506491661071777,8.831348676681518,2.7392197,1.096757,4.557910823822021,4.809685330390929,0.035193556294977016,0.28042638414887383,0.46425403582950037,0.742342055268624,0.5455336,0.2145824,0.8357987642288208,1.1310923898220053,0.0,0.0,0.0,0.0,52.04324,45.298813,139.65926742553705,163.3362011718746,198.31503,143.40094,356.71295776367185,358.45826049804685,6.0559387,4.222395,12.752374267578123,14.729904174804686,9.877454,5.0535927,18.385675048828116,19.820417175292967,-19.943121,164.76411,179.90140380859376,191.16555572509762,-0.15040079,0.72888076,0.9881618171930312,0.9995887738466263,-0.24382187,1.1136103,1.5342258453369084,2.128360736370085,0.8919122,1.1270453,2.8944764137268066,3.7944516253471194,7.543932,12.747275,31.070758056640607,43.90897350311254,7.4203076,15.113556,14.101316,20.331802,285.29138,288.9883,288.0054,290.83405,100426.305,101161.625,287.34464,289.08008,100363.39,101097.33,0.0020364032,0.0045728683,212.58952,242.50525,8.039715,9.017764,3.807527,5.0471516,0.35400851891505325,0.7870463022603303,0.7401046,1.3051378,0.0,0,102.06537,240.66998,303.93387,358.70932,11.347565,15.113556,14.464339,20.331802,153.15002,197.37463,0.69118404,0.99995846,0.8142881,2.3811724,2.0700746,7.202151,20.409576,92.240845,52.338501,-6.4589,151.6619091608378,241.6619091608378,61.66190916083781,18.315033,-43.34687620185343,-133.34687620185343
377,5.370047,6.271435,15.627029418945316,17.876958923339846,4.9155245,4.7495303,11.006866455078125,12.400275268554688,282.4461,3.5824754,288.2916717529297,289.9421832275391,284.7773,3.3617053,290.9295623779297,292.5921600341797,98795.555,1009.4262,100304.30625,100585.01,,,,,98480.77,1007.7879,99986.17109375,100269.88609375,0.000611086,0.00083868235,0.0025722026824951194,0.003335790634155274,,,,,,,,,,,,,-0.05613431793390444,1.1732772149008546,1.59791644924867,2.1590293634224804,0.4897696,0.22526227,0.8310685992240906,0.9854175126552585,0.0,0.0,0.0,0.0,37.37543,37.870556,116.45830612182623,143.76111083984378,107.43539,110.216034,347.7710479736328,358.7610516357422,6.7774835,4.6941676,15.627029418945316,17.876958923339846,5.8291764,3.5534453,11.205392456054689,12.819605712890626,,,,,,,,,0.520327,0.7577259,1.974878811836243,2.6564975118637095,0.39338797,0.77686983,1.7373503446578984,2.858433132171631,4.4822774,8.1966505,21.739669418334984,33.155881118774424,13.675885,20.542374,9.9304495,12.5065155,287.6074,290.1125,289.61316,292.74268,99988.55,100880.31,,,99672.336,100558.48,0.0017495473,0.004163742,,,,,,,1.4112393164610368,2.4058856104544692,0.7647504,1.3316654,0.0,0,91.98118,174.39433,235.4487,359.0839,13.675885,20.542374,10.181802,14.742874,,,,,1.6405312,3.9112809,1.3426489,3.4390383,15.932911,48.43331,52.2696,-9.8620996,285.46114601600493,15.461146016004932,195.46114601600493,287.4354,-88.02575172889556,1.9742482711044431
382,3.667326,7.3588943,15.555423736572262,18.723725280761712,8.314931,5.293306,15.923132324218749,17.19458755493164,282.28833,3.3775544,287.38197631835936,288.5799859619141,284.79514,2.9317496,289.30807342529295,290.16309539794923,99395.22,1239.509,101318.3625,102295.295625,284.50342,2.7793567,288.7112182617187,289.1097412109375,99182.3,1237.5929,101102.741015625,102077.35921875,0.0007281001,0.0009619734,0.002576732635498047,0.004409780502319333,203.62038,37.065777,241.37581787109372,303.70237365722625,6.6063623,1.4427446,8.95588002204895,10.036466856002804,2.6862156,1.3924154,5.3573226690292355,6.315130677223205,0.5516850646912675,1.0923901180534532,1.8567024613541963,2.031599700417877,0.58488256,0.33078665,1.069121915102005,1.3897237980365709,0.0,0.0,0.0,0.0,52.378384,45.12443,136.55336685180663,191.57722412109368,145.22278,137.19374,353.14974212646484,358.0386923217773,6.7272706,4.717873,15.555423736572262,18.723725280761712,8.747189,4.5413036,15.923132324218749,17.19458755493164,58.397606,158.20291,196.11011962890623,206.09121551513672,-0.021045767,0.6985986,0.9834666848182678,0.9977754831314086,0.5624262,1.1625643,2.782207977771759,4.466402587890624,0.8397182,1.0166463,2.7196374416351317,4.517241821289061,7.60273,12.969896,29.695066356658934,58.45447746276852,13.202438,20.746124,14.188702,19.380676,286.80322,288.80194,288.78806,290.62463,100793.36,103573.25,288.33038,289.44556,100578.4,103348.64,0.0021269321,0.006831646,240.50941,343.82812,8.432381,10.831588,4.6079173,6.7512617,1.4905709645716176,2.383629948130605,0.8676727,1.9132091,0.0,0,114.3085,263.88208,311.03152,359.54108,13.234784,20.746124,14.244544,19.380676,188.8563,216.98962,0.86253035,0.9999926,2.214827,6.8768115,2.248061,7.4424176,24.769913,110.89175,52.013222,-4.98375,118.50928614752854,208.50928614752854,28.50928614752854,325.22278,-63.28650782721604,-153.28650782721604
383,6.3534164,3.7743244,11.626445007324218,13.48383056640625,-5.3350143,5.63892,4.56476593017578,8.367349243164043,278.18216,4.165251,284.69530029296874,287.7341058349609,282.43732,3.9609966,289.10394897460935,291.08503479003906,101097.43,945.8144,102495.40625,102999.71875,283.71597,4.320129,290.2026611328125,291.55259765625,101031.64,945.4712,102429.01015625,102932.11109375,9.490554e-05,0.00021962711,0.0005372524261474609,0.001175928115844724,295.2259,71.62546,349.49219665527346,358.48110046386716,5.987939,1.2093254,7.925993919372559,8.53308740615844,2.1469595,1.0367861,3.843641901016235,4.611508483886717,-0.2147376237053963,0.4368143558930669,0.6785204899101365,0.9048739180785804,0.85953826,0.38520882,1.6398988604545592,1.9502392220497122,0.0,0.0,0.0,0.0,39.746662,32.02481,104.70596847534179,123.93468612670893,127.02276,42.570484,184.6337646484375,214.28737609863276,6.609422,3.3042235,11.626445007324218,13.48383056640625,6.5224223,4.204679,13.449853515624998,15.633798522949212,168.20314,81.11229,208.54951934814454,214.06334625244136,0.005507906,0.6949361,0.9866741359233856,0.9996449482440949,0.4787443,0.5375351,1.587675213813781,2.2735092401504438,-0.4939796,0.70848566,0.18237871527671798,0.7539111399650557,4.1446266,6.182165,17.459134674072263,24.46233230590818,10.730956,14.110168,2.2600143,10.13118,283.9158,289.38715,288.1663,292.01376,102251.1,103599.94,289.79138,292.18774,102184.875,103531.66,0.0003980574,0.0013990402,344.26,359.5644,7.540372,8.892167,3.5731745,5.604265,0.3537845726834016,0.9961139136181146,1.4409916,1.9930474,0.0,0,87.555176,182.85664,178.3236,359.96304,10.730956,14.110168,12.2578945,18.945938,204.61406,269.93555,0.87346596,0.9999924,1.3240004,3.2320597,0.1458671,1.2868011,13.503468,53.247707,52.473083,1.75025,206.96239177810355,296.96239177810355,116.96239177810355,307.02277,10.060374335177698,100.0603743351777
384,6.980337,4.7871857,13.854707336425781,15.551950988769532,-4.766356,6.688903,6.039518737792968,8.85150451660157,279.2162,4.1369066,286.416455078125,288.19472412109377,282.95682,3.6968248,288.7814880371094,290.77509704589846,100943.65,1026.4315,102438.61875,103040.74,283.56018,3.9275322,289.17265625,290.1840234375,100804.875,1025.4042,102297.68515625,102897.616875,0.00018210348,0.0005168579,0.0007503032684326171,0.0020703315734863304,279.91318,80.61508,352.2696868896484,357.9309112548828,5.730413,1.345835,8.06214027404785,8.66368404388428,2.0887823,1.1259522,4.043093729019164,4.694082193374634,-0.4826105103433468,0.7940504169862106,0.635519592019181,1.2283660880581873,0.9253822,0.3985438,1.7212878584861755,1.85082412481308,0.0,0.0,0.0,0.0,45.48709,37.28327,124.6780807495117,150.65584716796883,129.24364,58.133636,209.09111022949216,348.08749267578133,7.4198546,4.0693984,13.854707336425781,15.551950988769532,6.8106008,4.579364,14.636552429199218,17.400010681152352,150.66956,102.100296,206.2799560546875,217.90090545654297,-0.01786444,0.71188134,0.9885285913944244,0.9980702209472656,0.61199164,0.69308275,2.0601347923278808,2.9172866392135655,-0.551303,0.91993076,0.4204441964626311,0.9107518136501315,5.4988933,8.151564,24.756057739257805,36.16140899658206,11.73585,18.016266,3.4047763,10.5681305,284.70767,289.98642,287.83173,291.15826,102164.03,103649.25,288.66528,290.3911,102023.67,103505.2,0.00075894594,0.0046806335,342.17255,359.76797,7.2637877,9.100527,3.3995807,5.603667,0.4408370193469122,2.1471591945879416,1.4413608,1.9859278,0.0,0,95.5786,167.8342,205.02959,358.1411,11.73585,18.016266,12.645833,18.851303,199.86047,233.73117,0.73217446,0.9993075,1.5212939,3.4703174,0.25179726,1.2512058,16.512196,44.858047,52.934194,1.301639,117.2984710946103,207.2984710946103,27.298471094610306,309.24365,-78.0548187508603,-168.0548187508603
385,7.246036,4.901441,15.086182403564452,16.519774017333983,6.6964674,4.101418,12.696833038330078,14.832788085937493,281.88263,3.4647744,287.6190673828125,289.1365432739258,284.2452,2.992623,289.0516815185547,290.51504089355467,99550.74,1136.178,101242.10625,102168.106875,,,,,98473.85,1128.7183,100152.21171875,101065.950625,0.0010606258,0.0010487889,0.0032208681106567377,0.004219632148742675,222.62456,23.551949,253.4076072692871,315.1783374023437,5.628915,0.9734421,7.200510835647583,7.73879430770874,1.4302613,0.6303678,2.397227072715759,3.1019921255111687,0.009469079842346757,1.0122599975595457,1.7538262349718376,2.226408606947268,0.89713925,0.44761005,1.6546733975410461,1.8349780297279357,0.0,0.0,0.0,0.0,46.63475,34.92289,101.3989231109619,159.28355010986317,71.508156,79.92443,333.58013610839834,355.7066967773437,7.5058393,4.491169,15.086182403564452,16.519774017333983,7.037343,3.4805934,12.696833038330078,14.832788085937493,151.11641,86.72815,200.2148895263672,208.5605253601074,-0.0052797017,0.6991902,0.9877897590398788,0.9998346441984176,0.70122236,0.7837001,2.117426323890686,3.3591357254981835,0.57732564,0.6707184,1.6929995775222766,2.7716559290885865,5.3950386,8.411672,16.374048423767086,40.42521896362298,12.974528,17.862396,11.256954,15.40834,286.2807,289.41476,288.0421,291.70044,100865.13,102883.125,,,99778.9,101783.95,0.0024186627,0.0051321983,247.73766,331.1516,6.7614865,8.831737,2.1970558,3.6124706,1.2206800745623332,2.3633096249807055,1.394124,1.8888694,0.0,0,93.17853,219.69534,171.1886,359.3521,12.974528,17.862396,11.256954,15.40834,194.39604,217.24712,0.7778904,0.9998633,1.7665793,4.988446,1.453845,5.3908367,16.08892,76.86368,52.719333,-4.045028,272.9124640874958,2.9124640874957777,182.91246408749578,251.50815,68.5956841058636,-21.404315894136403
386,11.429439,4.4424434,18.53610382080078,20.324480285644533,-3.605645,6.9439616,8.985963439941406,12.448870544433595,279.16193,4.206499,286.07756958007815,287.4376538085938,282.74753,4.0192575,288.93162231445314,290.30248291015624,100208.78,1111.0814,101880.8625,102453.425,283.99835,4.565978,290.705859375,291.415322265625,100229.234,1111.2449,101901.78125,102474.36484375,0.0002959867,0.00044373024,0.0013365745544433587,0.0020562934875488293,287.3713,30.199303,331.3556762695313,338.527494506836,6.88368,1.2348229,9.001759719848632,9.635675506591799,2.9244812,1.0159686,4.519577503204345,4.906647033691408,-0.32505413105968234,0.4602726429064332,0.45635788529330196,0.7010254561428347,1.0253121,0.39978173,1.7586611747741696,1.950749182701111,0.0,0.0,0.0,0.0,68.607925,45.2766,153.59405517578125,179.74801391601568,108.329735,35.738846,157.60100402832032,172.17162750244142,11.507671,4.2350535,18.53610382080078,20.324480285644533,6.5566573,4.259442,13.808587646484375,16.608884887695346,179.04158,22.178995,193.02304077148438,203.53536651611333,-0.015322644,0.71471953,0.9908338606357574,0.9993895173072815,1.3082334,1.0790657,3.1843654632568357,4.430793132781994,-0.53981596,1.2861133,1.4644595026969904,2.7913755559921314,10.751143,12.483671,37.56899528503418,51.45708061218266,16.761295,20.834045,5.688106,20.472641,284.9986,289.17297,288.2937,292.34113,101579.266,103059.25,290.15698,292.0691,101599.89,103081.14,0.00091965444,0.002462387,322.26868,346.37082,8.506151,10.806335,4.2384233,5.2268553,0.30308418963875405,0.7083291171631898,1.5867522,1.9771315,0.0,0,130.55374,210.78203,150.82025,303.7623,16.761295,20.834045,12.2321,20.472641,194.32808,271.87057,0.8084935,0.99999976,2.8359075,6.9767146,0.97228926,5.4951935,29.085957,70.75328,52.964357,4.74499,51.058100668338625,141.05810066833862,321.0581006683386,288.32974,-32.728358236698,-122.728358236698
387,11.63478,4.3504915,18.406922149658204,20.214530029296874,-3.956744,6.337762,7.799214935302728,10.607223510742184,279.19284,4.2116833,285.78614349365233,288.11141876220705,282.78757,3.988706,289.00736541748046,290.3084405517578,100219.81,1100.7605,101911.990625,102539.314375,284.08978,4.713182,291.4357055664062,292.72369873046875,100230.61,1100.815,101922.981640625,102550.23296875,0.0003110394,0.00046198675,0.0014237165451049796,0.0020329952239990226,290.55554,27.996008,330.3505172729492,339.1278701782226,6.9155836,1.2274925,8.789000606536865,9.667937803268432,2.9543073,0.9653871,4.434390568733215,4.89489553451538,-0.17846438161466782,0.4667814028937025,0.6611864313290097,0.7817873099419375,1.1113694,0.44324458,1.8781691312789917,1.987124593257904,0.0,0.0,0.0,0.0,65.230385,42.310116,138.76755371093748,164.58502136230467,110.74916,33.81144,157.35215835571287,217.29170669555663,11.784087,3.9265738,18.406922149658204,20.214530029296874,6.201622,4.1573396,13.259012603759764,16.349193420410153,179.80637,23.786541,194.89895629882812,202.65260986328124,-0.013974059,0.7031933,0.9910753190517425,0.999674254655838,1.230309,0.95275414,3.104245162010193,3.7796045637130735,-0.5661461,1.0990262,1.0972103834152214,2.0494914865493774,9.6170025,10.533084,30.66643247604369,43.138096504211425,16.392065,21.286652,4.899026,13.291641,284.9881,289.09814,288.20694,291.46027,101493.29,103174.0,290.526,294.7942,101504.17,103185.2,0.0010273408,0.002635479,321.62363,358.42197,8.548282,10.875129,4.177646,5.2341766,0.4474331927048697,0.8412425645308715,1.6952893,1.9958206,0.0,0,122.91794,177.09451,150.17006,300.51495,16.529661,21.286652,11.607861,17.945969,192.5438,242.4539,0.80601656,0.99999857,2.5511816,4.171678,0.740294,2.764761,25.681261,49.94473,52.931535,5.045596,67.22719855130401,157.227198551304,337.227198551304,290.74915,-46.478053043491514,-136.4780530434915
391,10.799953,4.4122314,17.68201065063476,19.296632995605467,-1.4206377,6.974121,9.78729019165039,12.724543304443355,279.60678,4.3396573,287.1632141113281,289.11563903808593,283.2185,4.0592227,290.0600814819336,291.5516015625,100151.59,1124.1401,101876.915625,102678.3475,284.3269,4.78139,291.951806640625,293.0412646484375,100144.27,1124.063,101869.90468749999,102670.75640625,0.00037860242,0.0005239793,0.0015261888504028286,0.00210360050201416,,,,,,,,,,,,,-0.18568413076784973,0.46114732948255027,0.5354718201014441,0.8210726264455035,1.068237,0.39649144,1.8080641984939572,1.9550908255577084,0.0,0.0,0.0,0.0,58.847816,40.37757,130.40341873168944,164.3125325012207,101.5856,42.167362,159.67977447509764,212.8096934509274,10.877926,4.215457,17.68201065063476,19.296632995605467,5.971887,3.8529115,12.839205932617187,14.616028594970695,,,,,,,,,1.07411,0.8960015,2.6806979894638028,3.5349061536788913,-0.14665258,1.122015,1.5617628395557404,3.2834986424446075,8.099874,9.955026,27.08055076599121,42.99530506134033,15.884524,20.746048,7.770298,17.715439,285.7978,289.4123,288.86765,292.30457,101494.805,103084.125,290.89236,293.78052,101487.36,103076.56,0.0011944404,0.0027837753,,,,,,,0.3592429997371037,0.9096387689882377,1.6275882,1.9835733,0.0,0,115.89383,201.83612,155.91954,359.19308,15.884524,20.746048,11.067195,17.715439,,,,,2.3141747,4.9515715,1.3071254,4.714098,23.16579,64.87498,52.462323,4.554823,10.610954518555104,100.6109545185551,280.6109545185551,281.5856,0.9746472880855208,-89.02535271191448
392,10.382491,4.369889,16.94784240722656,20.209870758056613,-2.6791306,6.4785457,9.576007843017575,12.172884674072257,278.627,4.3427153,285.73900146484374,287.5765353393555,282.3914,4.0609307,289.19239501953126,290.1507696533203,100253.125,1227.719,102000.8375,102375.32375,283.6034,4.5588136,290.4157348632813,291.0703564453125,100245.805,1227.5958,101993.705859375,102368.1103125,0.0003067006,0.0005086565,0.0016824960708618148,0.0022602224349975563,,,,,,,,,,,,,-0.14525919642457724,0.4861879955750467,0.687873802153299,0.8391490942062719,1.0766476,0.39095163,1.730597984790802,1.903947833776474,0.0,0.0,0.0,0.0,54.417557,40.08162,128.6692321777344,153.83279129028315,105.76239,40.24012,151.80222549438477,195.46401916503848,10.470428,4.153118,16.94784240722656,20.209870758056613,5.7501764,3.9862425,12.29558639526367,13.694186553955072,,,,,,,,,0.9309901,0.8035139,2.5051521420478813,3.20796397924423,-0.334061,1.0209026,1.3053778231143949,2.7535379981994574,7.2551394,8.932042,26.36506853103638,37.69068347930906,15.550672,21.166367,6.275915,13.853622,284.65573,287.8703,288.31787,290.6333,101600.5,103060.94,290.10056,291.7351,101593.15,103052.83,0.0011231466,0.0024638176,,,,,,,0.5072709465342801,0.925494061984221,1.6062428,1.9784065,0.0,0,104.14576,164.1245,153.4142,330.36444,15.550672,21.166367,10.730454,14.640793,,,,,1.9666661,3.7573397,0.87088007,3.6208973,18.743935,42.896935,52.467249,4.60506,5.229260529039038,95.22926052903904,275.22926052903904,285.7624,10.533129607679712,-79.46687039232029
398,10.025256,5.755765,17.404098510742188,19.902606201171874,-5.0857353,6.234103,6.4084320068359375,9.33590393066406,278.29477,4.2460093,285.39154052734375,286.1594299316406,282.1177,4.069158,288.874267578125,289.7281799316406,100267.97,1294.5968,102045.1875,102601.7875,283.52563,4.140085,290.36474609375,290.949169921875,100288.51,1294.7544,102066.046875,102622.871875,0.00018842104,0.00036345332,0.0006799697875976562,0.0014918327331542947,282.71393,58.87233,328.8321533203125,343.0524047851562,6.781511,1.3377271,9.016521453857422,9.584307670593262,2.7927792,1.1176324,4.590913772583008,5.020511627197266,-0.31824856106439403,0.5726843104643389,0.6748026550965691,0.7537754875706432,0.93756217,0.43556726,1.7048630714416504,1.9261654138565063,0.0,0.0,0.0,0.0,62.794346,52.85094,149.477783203125,217.07933654785148,122.40704,42.045906,183.35816955566406,256.0196075439452,10.6496525,4.4726214,17.404098510742188,19.902606201171874,6.6138635,4.548361,14.825515747070312,16.007015991210938,160.30687,74.531975,195.33566284179688,198.14474487304688,-0.13414052,0.71313405,0.9861564040184021,0.9962612867355347,1.1331587,1.3555403,2.9452550411224365,6.403253269195555,-0.717498,1.3150088,0.5273846983909607,1.6830387353897083,10.654719,17.3038,35.58219528198242,76.67297973632806,15.186451,20.310959,3.1336143,10.139023,283.2103,286.59363,286.94623,290.13623,101867.92,103059.25,288.56964,291.4087,101888.84,103081.14,0.0005796172,0.002407074,320.76593,358.42197,8.465942,9.70415,4.1878843,5.0946293,0.4368363339363844,0.8185134805148123,1.5006146,1.9608656,0.0,0,133.35558,256.24936,176.80441,303.7623,15.845725,20.310959,11.997507,16.021133,184.51942,199.49295,0.60160065,0.99707085,2.8938484,7.0533466,0.5029164,2.2110336,34.35415,104.569496,52.934137,4.792286,172.11983794513674,262.11983794513674,82.11983794513674,302.40704,40.28720551189451,130.2872055118945
400,11.051755,4.6393766,18.21244201660156,19.912615966796878,-1.4023463,6.9573207,9.968898010253906,13.952043914794928,279.59808,4.2400775,286.35044555664064,288.0252386474609,283.175,3.9962227,289.1009765625,290.67751342773437,100180.24,1169.5924,101943.734375,102581.87,284.21436,4.6730638,291.4126953125,292.54343994140623,100154.86,1169.3749,101918.10859375,102555.99609375,0.00033629138,0.0005082755,0.001374769210815429,0.0020177078247070324,275.4594,40.456387,330.5025970458984,343.8895291137696,6.616755,1.4020973,9.048435688018797,9.8424010181427,2.8868706,1.2883357,4.9343524217605585,5.643110489845276,-0.15303869470086098,0.49523275599665684,0.5740062985163363,0.6880464366867421,1.0285916,0.3846757,1.7524510979652401,1.8978665602207185,0.0,0.0,0.0,0.0,58.357185,45.05633,142.11932525634762,184.14921752929692,99.11701,39.94094,157.88365402221677,175.74594451904298,11.078072,4.5759163,18.21244201660156,19.912615966796878,5.783448,4.097802,12.914576721191402,16.554615631103523,176.34242,41.572983,200.86664581298828,242.6546054077149,0.009322049,0.69347394,0.9862072855234146,0.999389055967331,1.1147463,1.0513963,3.120014047622679,4.190412521362305,-0.18898022,1.2295569,1.4093359053134913,3.525193893909456,8.642888,11.819267,32.16632194519041,54.095087242126496,16.329021,22.027237,7.614769,20.04979,285.4753,289.3589,288.50952,291.4577,101566.836,103104.56,290.68036,293.05298,101541.07,103079.29,0.001098912,0.003665924,315.69333,353.79056,8.445468,10.7482605,4.542465,6.5990205,0.40417201966750366,0.7445164400377492,1.562288,1.9359254,0.0,0,123.11878,203.74756,146.57094,359.92264,16.329021,22.027237,11.222391,20.04979,197.1004,271.85577,0.84955335,0.9999527,2.6780694,6.6818233,1.3315994,5.5887494,26.149397,66.10956,52.772657,4.649702,10.51786271744163,100.51786271744163,280.51786271744163,279.117,-1.4008583229103806,-91.40085832291038
401,10.08833,4.2219405,16.674786376953126,19.306552734375,-3.2075174,6.293024,8.274792480468749,11.596446533203121,279.0777,4.3623652,286.4726196289063,288.1974841308594,282.83728,4.138333,289.2226623535156,291.6603759765625,100339.36,1133.1915,102008.525,102573.105,284.13614,4.666092,291.14130859375,292.08645507812497,100327.61,1133.1393,101996.46875,102561.526875,0.00035205792,0.0005504388,0.0014744758605957022,0.002450027465820308,,,,,,,,,,,,,-0.1712359276462988,0.5264560195874476,0.759885259696089,0.920660113011741,1.0566828,0.4013528,1.7787554264068604,1.9364315319061276,0.0,0.0,0.0,0.0,54.67869,38.179676,120.73075103759761,162.71666992187482,109.9405,39.660122,158.33343505859375,194.19569763183594,10.153364,4.0625696,16.674786376953126,19.306552734375,5.9195943,3.8438332,12.434484863281247,15.257746582031235,,,,,,,,,0.9448828,0.8531488,2.5139259338378905,3.790942115783686,-0.3579942,0.966337,1.1404558897018429,2.349192066192625,7.075671,8.842501,23.216331481933576,42.218438262939365,15.068591,21.526886,5.600242,15.642197,285.00623,289.9057,288.46826,293.56528,101636.05,103368.5,290.43256,293.68286,101624.23,103355.99,0.001148065,0.0042567253,,,,,,,0.523151711952927,1.11271863984782,1.6259402,1.9948592,0.0,0,108.92664,199.05914,156.57153,353.56302,15.068591,21.526886,11.130675,17.516586,,,,,2.1691816,5.75129,0.8211015,4.6200714,20.338348,63.102085,52.099033,4.263563,39.259352869412396,129.2593528694124,309.2593528694124,289.9405,-19.318862146756146,-109.31886214675615
403,9.711402,4.705953,16.492265319824217,18.597977600097657,-3.3785965,5.8001924,7.25830078125,10.764077301025399,278.6067,4.6049223,286.2323425292969,288.3297198486328,282.25537,4.312396,288.92848815917966,290.2570104980469,100292.586,1172.749,101837.075,103010.23,283.56067,4.831421,290.6785888671875,291.0280810546875,100280.79,1172.6505,101824.89140625,102997.89875000001,0.00029323742,0.00045715962,0.0012775182723999022,0.002044386863708497,,,,,,,,,,,,,-0.10298968538573106,0.6290209699000575,0.7829070058486802,0.8937399201830809,1.160249,0.33727062,1.768905246257782,1.9293035233020785,0.0,0.0,0.0,0.0,50.406578,38.56224,116.06767578124999,148.54757827758795,110.683044,39.484383,163.623265838623,230.31018905639655,9.929174,4.2240467,16.492265319824217,18.597977600097657,5.5628786,3.740549,11.933737182617188,13.449482727050782,,,,,,,,,0.85885864,0.8428545,2.437291765213011,3.4581691813468938,-0.38723537,0.8838531,0.7552694886922833,2.063695152997972,6.3999424,8.736965,21.45389652252197,35.178849601745625,13.794224,19.288574,3.8167186,12.105576,284.49847,289.2293,287.59375,291.11737,101488.695,103235.5,289.44733,291.22803,101476.71,103222.83,0.0008749803,0.0023665428,,,,,,,0.5660110348089352,0.9536886957515813,1.5628847,1.9794242,0.0,0,95.994225,196.90918,154.23517,284.64618,14.272441,19.288574,10.046879,17.846817,,,,,1.8579276,5.1006546,0.5325489,3.7960405,16.824913,61.746365,52.09903557,4.2635626,39.259352403664536,129.25935240366454,309.25935240366454,290.68304,-18.576307970070786,-108.57630797007079
404,9.929644,4.576563,15.847998046875,19.759008789062513,-1.7057692,6.446249,8.648314666748037,11.380457000732424,279.85156,4.0911036,286.5520736694336,288.0482244873047,283.51892,4.057327,290.3759338378906,291.2946472167969,100360.91,1037.5562,101918.346875,102117.87375,284.63998,4.832201,292.21632080078126,292.84126220703126,100353.51,1037.5369,101910.7390625,102110.185625,0.00042070448,0.0006354199,0.0018880128860473615,0.0023943185806274414,,,,,,,,,,,,,0.029492874609829932,0.48727929348986754,0.7864639352617777,0.9924276468686158,1.1046348,0.39280477,1.8228700459003444,1.9473370587825776,0.0,0.0,0.0,0.0,53.288048,38.81461,122.14473571777344,158.9736007690431,105.03793,45.865566,155.5688423156738,283.80226623535157,10.209062,3.9081342,15.847998046875,19.759008789062513,5.510232,3.7262518,11.526324462890624,13.643841094970707,,,,,,,,,0.93269163,0.8049447,2.3029124140739436,2.6892224669456493,-0.21494915,0.9998717,1.0336788177490233,2.252776834964754,6.9025636,8.927092,23.75904483795166,40.53071592330939,14.851285,21.134918,6.3132076,17.715439,285.502,288.9112,289.0603,291.4253,101527.945,102639.25,291.39258,293.0127,101520.48,102632.09,0.0014013593,0.0037927628,,,,,,,0.6324578366468225,1.0764832140888252,1.6784474,1.9715788,0.0,0,104.963326,186.91122,160.3362,302.29703,14.871387,21.134918,10.124564,17.715439,,,,,2.0390487,4.246337,0.93288034,4.714098,19.686308,55.63527,52.46394337,4.51759573,18.700967939097893,108.7009679390979,288.7009679390979,285.03793,-3.663034589488518,-93.66303458948852
405,9.103748,5.703908,16.342105865478516,19.652633666992188,-2.2383811,5.9186935,9.511005401611328,11.255107879638672,279.18488,4.754647,285.97898864746094,287.7016143798828,282.50073,4.2608676,288.50836181640625,289.6289978027344,100499.76,1163.9808,102094.28125,102860.3125,283.62097,4.384985,290.4410400390625,291.06097412109375,100474.23,1163.7396,102068.716796875,102834.265625,0.00024340027,0.00038221688,0.001002192497253418,0.0015583038330078125,273.9763,59.138676,330.13525390625,339.01078033447266,6.230737,1.5866264,9.023027658462524,9.465457677841187,2.4873242,1.4000585,4.785707354545593,5.675719857215881,0.16677023518753134,0.31193243273166704,0.5109431394796633,0.610348900556212,1.1925611,0.35896572,1.843580424785614,1.9091089069843292,0.0,0.0,0.0,0.0,49.056835,37.32412,108.8025074005127,134.36297607421875,110.84777,57.188335,186.16169357299805,342.4591979980469,9.624964,4.758436,16.342105865478516,19.652633666992188,5.3401527,3.3482265,10.959827423095703,13.212383270263672,163.1285,82.63084,208.38533782958984,237.39368438720703,0.07753312,0.7142319,0.9692940711975098,0.9804657697677612,0.85090196,0.8407232,2.291841208934784,2.9094802737236023,-0.30429605,0.8140814,1.0365858525037766,1.6613453328609467,6.0217724,7.5113845,18.872986793518066,28.983887672424316,12.888758,20.586838,3.4789286,13.087021,284.6326,288.282,287.56174,290.58838,101513.336,103500.06,289.31015,291.26953,101487.51,103473.69,0.00070673623,0.0020990372,292.86966,352.76852,7.6625905,9.662121,3.8067179,6.1313767,0.46860237325497167,0.7342274447277919,1.5391698,1.9549108,0.0,0,89.80612,155.35117,169.19228,346.3511,14.145495,20.586838,9.695394,13.58847,173.561,251.10117,0.68156165,0.99516696,1.6303504,3.1527786,0.4380921,2.398628,14.463714,38.43337,52.77265954,4.64970234,10.517862148069412,100.51786214806941,280.5178621480694,290.84778,10.329916172243088,-79.67008382775691
413,6.9509306,4.6865816,13.482803344726562,15.569551086425783,-4.801291,6.7541304,6.266044616699219,8.212374877929689,279.2693,4.377139,287.20640563964844,288.718017578125,282.94217,3.8561418,289.3454895019531,291.63567504882815,100963.195,987.97156,102425.34375,103042.4375,283.48413,3.9898152,289.4764404296875,290.2980224609375,100824.44,986.9907,102284.9921875,102899.425,0.00018282977,0.00044327733,0.0008797645568847656,0.0016975879669189466,286.59946,71.298584,353.425537109375,359.60174560546875,5.791778,1.4131796,8.228800296783447,8.87692985534668,2.1026793,1.1698407,4.239916801452637,4.929823207855226,-0.5731311943111089,0.8038243370196735,0.6006548494070564,0.8416534747930178,0.89767486,0.41207132,1.7406963109970093,1.9472391605377197,0.0,0.0,0.0,0.0,43.635452,37.33478,116.64228820800781,151.4315307617188,127.890785,57.03112,204.44905853271484,350.7081970214844,7.294762,4.1282682,13.482803344726562,15.569551086425783,6.835609,4.6725144,14.769866943359375,17.58682098388672,158.70866,92.43897,208.16878509521484,221.30226745605472,-0.06542471,0.7126031,0.989188939332962,0.9985418379306793,0.58618355,0.66312236,1.961080551147461,2.470272946357727,-0.5365998,0.91631603,0.3524775803089142,0.8986322283744823,5.2414465,8.1154995,21.679363250732422,36.522220993042005,11.996433,18.016266,3.75731,9.614243,285.24033,289.98642,288.3998,292.78256,102183.69,103304.31,288.92627,290.4414,102043.65,103161.5,0.00071983336,0.0045022964,344.1733,359.84808,7.572222,9.3277645,3.5540936,5.774974,0.325939841806004,1.4220672909004075,1.4411664,1.9928353,0.0,0,97.37797,167.8342,202.7915,358.1411,11.996433,18.016266,12.68698,18.752579,202.9087,251.70755,0.8058517,0.99998116,1.5570285,3.4703174,0.25245106,1.2512058,16.818571,44.858047,52.9333,1.3,117.29867184486278,207.29867184486278,27.29867184486278,307.89078,-79.40789425697216,-169.40789425697216
414,4.499431,7.632005,16.010853576660153,19.118133850097653,8.523651,5.6223226,15.531744384765624,17.676021118164062,282.61215,3.1953673,288.0097900390625,288.7746691894531,285.15366,2.731175,289.62347106933595,290.63837463378906,99217.375,1118.7466,100985.0375,101404.40875,284.77588,2.7511303,288.950048828125,289.2718994140625,99005.19,1117.2964,100771.91640625,101187.07265625,0.0007695541,0.00094736257,0.002743434906005858,0.0038743972778320307,206.23137,33.512123,239.04266204833985,316.99468872070304,6.875138,1.3707576,9.068686676025388,9.640053691864013,2.9553347,1.4336373,5.621049404144286,6.386644792556763,-0.27619661989080013,0.9895512909359815,1.3984424989666888,1.8396250520689255,0.5046931,0.20597899,0.8330747008323669,1.1187844467163084,0.0,0.0,0.0,0.0,57.46969,48.610424,158.4563995361328,201.32675445556637,129.71065,133.68076,352.86188049316405,358.42905700683593,7.1807137,5.1747184,16.010853576660153,19.118133850097653,9.227585,4.365106,15.761213684082028,17.676021118164062,76.52074,151.73286,199.39229888916014,205.43130981445313,-0.025935572,0.7013513,0.9810024380683899,0.9993040764331818,0.7184628,1.2844243,3.3991868019104,4.881273126602172,0.85275775,1.1600593,3.209936261177061,4.254082536697387,9.00451,14.762812,39.985480499267574,64.56185470581053,14.3938055,21.049194,14.663568,19.380676,287.31815,289.70938,289.29276,291.03345,100547.766,101635.25,288.70175,289.81055,100334.484,101416.07,0.0021151407,0.005145073,241.60034,358.87616,8.59069,10.685552,4.956327,7.310638,1.01653552536652,2.095662758802246,0.7813055,1.4230692,0.0,0,122.37528,263.88208,294.64014,359.48224,14.471533,21.049194,14.663568,19.380676,193.96513,206.27281,0.8604833,0.99991417,2.5811067,6.2614446,2.30444,7.4424176,27.958042,110.89175,52.016701,-4.9833298,118.50941095068146,208.50941095068146,28.509410950681456,309.71063,-78.7987786264627,-168.7987786264627
415,6.4853683,3.9544446,11.690666198730469,13.84989929199219,-5.2238274,5.671728,3.74755859375,7.738795471191407,278.6149,4.367629,285.9814453125,288.727783203125,282.77417,3.962542,289.8476257324219,290.9962860107422,101117.914,900.9219,102494.09375,102987.60625,284.13547,4.3863926,290.4698486328125,291.56845703125,101052.22,900.6333,102427.93359375,102920.41640625,0.00013395735,0.00036569493,0.0007474422454833984,0.0012393474578857428,294.68607,72.41446,350.93170166015625,358.27513732910154,6.0102158,1.2354757,7.974952220916748,8.274487495422363,2.166011,1.0437601,3.93242871761322,4.319658756256104,-0.257518897297196,0.40971868355422947,0.5335115185931992,0.795339370486631,0.841063,0.3859736,1.6264769434928894,1.964250004291535,0.0,0.0,0.0,0.0,40.469883,33.091747,101.62204360961914,125.606079864502,128.7658,46.40941,189.51795959472656,327.5238616943365,6.771585,3.43878,11.690666198730469,13.84989929199219,6.482748,4.166613,13.2347412109375,16.166038513183597,165.92026,86.81159,208.65394592285156,222.25009307861333,-0.008357238,0.7097305,0.9831547141075134,0.9990270972251892,0.5064901,0.56429535,1.6847994923591614,2.4172502040863053,-0.4974097,0.7360667,0.1685464084148407,0.6170529931783688,4.3438387,6.677104,16.445815086364746,25.13031806945802,10.964697,14.110168,2.6271226,10.13118,284.75943,289.20413,288.46466,292.01376,102269.79,103120.31,290.19238,292.18774,102203.87,103052.64,0.00058938435,0.0040397644,344.7515,359.49738,7.5286584,8.322554,3.524256,5.33797,0.28352451373984394,0.925425735103124,1.4022477,1.9890332,0.0,0,88.93799,182.85664,188.85881,359.96304,10.964697,14.110168,11.956667,16.715317,206.68341,269.93555,0.86438453,0.9999517,1.3660853,3.2320597,0.15172614,1.2868011,14.057918,53.247707,52.466702,1.75,200.45013148189375,290.4501314818938,110.45013148189375,308.7658,18.315676623574973,108.31567662357497
416,7.4267,4.789177,15.122001647949217,16.522595672607423,6.7390294,3.861457,12.732097625732415,14.854626464843754,282.06064,3.5101063,287.53406677246096,289.145700378418,284.36728,2.9978566,289.2839553833008,290.3612756347656,99517.76,1095.146,101227.084375,101628.13125,,,,,98441.625,1088.735,100148.7375,100526.065859375,0.0009688404,0.00090478384,0.002760696411132809,0.004064130783081057,222.55272,20.54316,251.29382553100587,262.71330657959004,5.6535115,0.9433567,7.020003080368042,7.708844156265259,1.4426675,0.6048689,2.377629435062408,3.105081973075867,-0.28653415282821393,0.9655150091617005,1.3937782654061561,1.9031985623843768,0.8425699,0.3849095,1.5835703551769247,1.9178747284412385,0.0,0.0,0.0,0.0,46.704845,34.10084,104.50548248291005,159.67485992431648,58.615826,57.91731,99.7796150207518,342.2745065307618,7.7355847,4.2692685,15.122001647949217,16.522595672607423,6.8869147,3.5895002,12.732097625732415,14.854626464843754,163.93687,63.866203,200.0466110229492,204.51389389038087,-0.0036764985,0.6907905,0.9878689289093017,0.9985291731357575,0.6771378,0.77892053,2.121007692813872,3.410242874622355,0.58498913,0.671749,1.8077944815158842,2.790411031246189,5.315366,8.466375,17.395111179351773,40.6277610778809,12.963046,17.862396,11.124809,15.40834,286.4429,289.41476,288.06827,291.0424,100818.71,102119.625,,,99734.9,101023.31,0.0022008636,0.004224777,247.39183,285.61526,6.789637,8.831737,2.2268918,3.6124706,0.8696189740078544,2.09685330662281,1.3386972,1.9591565,0.0,0,92.15855,219.69534,123.76329,355.0405,12.963046,17.862396,11.124809,15.40834,193.14815,210.73257,0.78808,0.99983376,1.7232695,4.988446,1.439094,5.3908367,15.997259,76.86368,52.716702,-4.03333,248.5385998081791,338.53859980817913,158.5385998081791,238.61583,80.07722965959431,-9.922770340405663
417,-2.2834194,6.5708833,7.7331916809082015,10.28911941528319,5.515652,6.424879,14.298532867431637,17.248943939208978,280.26883,5.2425127,288.44422760009763,289.0755099487305,283.30716,5.2056665,291.92986755371095,292.75449645996093,100194.86,1290.5938,102374.725,102827.9,284.57007,5.166883,292.524365234375,293.252490234375,100205.58,1290.6647,102385.43671875,102839.210859375,0.0007522553,0.0010177095,0.0030692815780639635,0.003917903900146485,176.1252,91.53896,319.1937576293945,334.83788330078124,5.1495233,0.8907839,6.601206111907959,7.24641224861145,1.5643855,0.724254,2.618582797050476,3.7556221652030937,-0.002545529412291912,0.04681440623641053,0.06724447004840577,0.0850338966088256,0.22821292,0.10350206,0.41919340044260023,0.43935207486152644,0.0,0.0,0.0,0.0,36.001232,26.779318,79.26211395263671,90.92997611999508,203.76332,130.78008,348.65074768066404,355.41602508544923,5.933814,3.5643003,12.934441375732408,14.985015563964836,7.07274,4.622413,14.298532867431637,17.248943939208978,-27.638117,195.52803,230.00827636718748,305.37216827392575,-0.10891107,0.7026321,0.9720660448074341,0.9923322397470474,-0.19757994,0.59635556,0.6770780175924296,1.143392090797424,0.40459138,0.576895,1.4436223566532136,1.5759161233901973,3.1882098,3.7307281,10.004895877838134,13.268059654235827,7.003461,13.270401,13.594995,18.542542,286.9307,289.77847,290.4067,293.44244,101925.8,102852.31,291.40433,293.69238,101936.52,102863.46,0.0019819953,0.003921509,295.65662,343.1983,6.515013,7.273858,2.6271377,3.9892957,0.041688113253581,0.09999337824716847,0.35533646,0.4561136,0.0,0,75.09727,101.31426,333.5051,356.36316,11.054129,16.889877,13.669236,18.542542,227.95248,318.4023,0.8515562,0.99312866,0.45233613,1.2022338,1.2441767,1.6968061,9.174645,16.346344,52.931274,5.0479212,66.04871297836758,156.04871297836758,336.0487129783676,23.763306,47.714592685694925,-42.285407314305075
418,11.014185,4.3344,17.315354156494138,18.827986602783202,-3.6318195,7.4568105,9.383747100830067,10.16521743774414,279.85892,4.2831254,286.7583435058594,288.3476116943359,283.55063,4.1142945,289.96543273925784,291.30303070068356,100355.38,1000.9836,101778.590625,102282.1025,284.55075,5.124196,292.2995849609375,293.0003979492187,100366.13,1001.0294,101789.614453125,102293.1796875,0.00040633976,0.0006864665,0.0021202087402343727,0.00279940605163574,287.27292,30.371773,328.43236389160154,331.37334533691404,6.866025,1.1298908,8.68030400276184,9.37678813934326,2.9467201,0.8958129,4.233511209487915,4.366720070838928,-0.31278502146814957,0.38717076178742577,0.445907404076504,0.5779695491802366,1.1048341,0.40002578,1.7706249177455895,1.9439741933345793,0.0,0.0,0.0,0.0,65.92635,42.7671,150.96863098144516,168.37670471191402,107.044914,36.278015,158.94823303222657,171.10430511474607,11.014185,4.3344,17.315354156494138,18.827986602783202,6.914716,4.5200953,14.992645263671875,15.489141387939451,180.228,13.801736,196.03627319335936,212.1633770751953,-0.020579627,0.7234003,0.9909431844949722,0.9995212548971176,1.1886592,0.95097375,2.801066398620604,4.332444658279418,-0.56957126,1.2082068,0.9888283580541605,1.821511285305023,9.788668,11.029338,36.42152833938592,45.23524623870848,16.288486,19.184525,5.430929,10.376099,285.96066,289.18475,289.1448,291.668,101561.55,102300.69,291.31458,293.69238,101572.445,102311.39,0.0015560497,0.0033082962,321.47812,333.84378,8.308175,9.756623,4.015039,4.376582,0.21606650213656248,0.5955477700092092,1.6717616,1.9681894,0.0,0,122.74588,178.00662,150.30429,179.5388,16.288486,19.184525,12.749545,15.995758,196.81079,214.97504,0.8677264,0.9996725,2.3754046,4.4352603,0.7604023,1.8340925,25.37523,50.460526,52.932617,5.0459771,66.04889432424062,156.04889432424062,336.0488943242406,287.04492,-49.00397244924062,-139.00397244924062
423,10.067335,4.985977,16.156513214111328,18.407090301513662,-0.5204356,7.509984,11.770391082763666,14.919852294921863,280.92096,4.5567784,287.8222717285156,288.86922271728514,284.39508,4.1989884,291.0042190551758,291.70065155029295,100282.61,1204.4943,101898.2125,103068.5025,285.52417,4.9207735,292.66868896484374,292.9825708007813,100275.34,1204.4028,101891.382421875,103061.350546875,0.0004228726,0.0005673104,0.0016949653625488279,0.0023230981826782224,,,,,,,,,,,,,-0.06045823148386099,0.4361593438640118,0.5413621193004221,0.7148789907627398,1.0405976,0.34430313,1.6494806468486785,1.7395312082767485,0.0,0.0,0.0,0.0,59.440956,45.227997,142.30443878173824,179.95013824462882,103.40602,60.845932,157.6469635009765,328.2137728881835,10.381901,4.2807975,16.156513214111328,18.407090301513662,6.20294,4.1937823,13.002112579345699,15.020433502197255,,,,,,,,,1.0515742,0.9718266,2.528319478034973,4.112173230648037,-0.14746842,1.3001397,1.5119515597820266,3.656995093822475,8.833339,12.334359,32.26382951736448,52.01641284942622,15.186603,20.746048,8.964819,17.715439,286.91406,289.87546,289.84958,292.31464,101587.6,103595.81,291.72983,293.02148,101580.27,103588.24,0.0012160215,0.0024123192,,,,,,,0.47044076908912325,0.7854714870095423,1.5398929,1.779192,0.0,0,121.354095,201.83612,185.54076,354.07175,15.186603,20.746048,11.325512,17.715439,,,,,2.4857469,4.9515715,1.2470161,4.714098,26.351341,64.87498,52.464966,4.5179009,18.700608479901234,108.70060847990123,288.70060847990123,283.406,-5.294602620526234,-95.29460262052623
448,5.0810328,6.66766,15.235958862304688,17.891997680664076,8.250874,5.6962094,15.907875061035156,18.622611999511744,281.04712,3.4272172,286.4737030029297,287.97031555175784,283.99695,2.9249864,288.8852294921875,289.4888623046875,99153.04,1127.7346,100712.0375,101116.22,283.68134,2.447573,287.41533203125,287.888544921875,99139.19,1127.7429,100697.7296875,101101.9034375,0.00045587626,0.00066527317,0.0019497394561767579,0.003093538284301762,195.39143,32.741302,248.40753784179688,269.42423706054706,5.9956794,0.8993583,7.319203472137452,7.714191093444827,2.2022,0.9500562,3.819680738449097,4.507270956039429,-0.16295152108762212,0.946412154610723,1.3493852187102175,1.6491279566600423,0.66620874,0.2657143,1.1606491923332214,1.4068606591224677,0.0,0.0,0.0,0.0,52.969654,40.180973,119.92582702636723,173.43701690673876,107.1642,121.31734,353.26051025390626,358.33687255859377,7.010219,4.5892897,15.235958862304688,17.891997680664076,8.93922,4.5363665,15.907875061035156,18.622611999511744,88.22724,137.60025,181.13688049316406,184.77704467773438,-0.05773092,0.7132835,0.9755822360515595,0.9972594249248504,0.5651882,1.0329146,2.546422290802004,3.795160861015322,0.7581284,0.9492436,2.4626878261566176,3.5363594341278124,7.031645,10.108154,22.907013702392593,48.030361938476815,13.443,19.445343,14.754048,20.208084,285.59637,288.11353,287.90033,290.1858,100398.086,101215.19,287.00558,288.23584,100384.266,101200.984,0.0015136345,0.0034208298,238.77058,357.89175,7.0809474,8.31507,3.5060277,5.5813613,0.9727949397734686,1.758774181827636,1.0228516,1.638607,0.0,0,109.52741,229.81522,279.49408,359.92285,13.478034,19.445343,14.754048,20.208084,176.75073,200.06174,0.8181645,0.9999719,2.0218034,6.4028873,2.0923655,4.7501264,21.086645,84.10794,54.842556,-5.120028,320.55860061361506,50.558600613615056,230.55860061361506,287.16418,56.605583956697444,-33.394416043302556
449,4.126692,5.25553,12.72000579833984,13.987452239990231,4.3510246,5.397578,11.665968322753905,13.087948150634764,280.40656,3.8591835,286.26690063476565,287.5889358520508,283.4622,3.241824,288.4177017211914,289.29231689453127,99795.164,1401.8258,102040.896875,103479.83,283.70395,2.4436395,287.37847900390625,287.597548828125,99436.83,1397.0317,101673.19921875,103099.08765625,0.00021643139,0.00045231462,0.001011943817138671,0.002353692054748535,200.4534,61.319294,308.6744369506835,338.7270114135742,5.2054076,0.98641765,6.808147096633909,7.423557176589961,1.4663274,0.770338,3.0344782829284656,3.4346095252037014,0.049988765075816906,0.8832312614562751,1.2705930612904266,1.6566173830235218,0.83611786,0.63038635,1.974547988176346,1.9958579158782959,0.0,0.0,0.0,0.0,31.043423,28.832434,89.41804656982417,113.81722946166971,123.68536,117.946205,354.4376495361328,358.82236450195313,5.5396333,3.7259593,12.72000579833984,13.987452239990231,6.0698485,3.3342843,11.751386260986326,13.087948150634764,76.768036,148.47871,195.2438865661621,206.94456726074216,0.00086984487,0.71090657,0.9630520373582839,0.9980588030815124,0.3380711,0.6073686,1.409202218055724,2.2751812028884864,0.2513028,0.57396823,1.0232477009296415,1.7698669910430858,2.850846,6.1347833,12.74045782089232,20.84533449172966,10.221545,15.189316,10.17285,13.701492,285.23846,287.775,287.50403,290.3645,101452.99,104127.875,286.8156,287.71826,101088.5,103753.65,0.0008439541,0.002670288,274.24707,348.08002,6.3848677,8.17865,2.4199026,4.071226,1.0076622076456816,1.741009734067642,1.3840765,1.9997755,0.0,0,68.12146,198.34578,294.97562,359.98145,10.221545,15.189316,10.435856,13.701492,183.84517,214.37741,0.8052577,0.9999652,1.070053,4.7977834,0.92033565,4.1246505,9.721683,62.65062,54.66475,-5.669472,80.67239366264766,170.67239366264766,350.67239366264766,303.68536,-46.987029893116414,-136.98702989311641
450,6.359893,5.1288342,14.47206115722656,15.588062133789064,5.0746517,4.5347133,10.719129943847655,11.269405822753907,281.16312,3.919807,287.4936828613281,288.4287377929688,283.7945,3.7241566,290.11444702148435,291.10288391113284,99074.09,1176.1085,100701.7875,101855.39,,,,,98115.164,1169.7013,99735.871875,100845.95890625,0.0005877689,0.00071178604,0.002235937118530272,0.002686815261840821,242.60677,38.944626,291.27562561035154,298.12282470703127,7.890132,2.1239235,11.527498435974119,13.683711261749272,2.1018937,1.085215,4.266430902481079,4.64638710975647,-0.008785364371262943,0.9033832598736605,1.299447843863566,1.672335746672712,0.5760494,0.25608462,1.0828811168670653,1.2123942184448242,0.0,0.0,0.0,0.0,39.94881,30.883013,98.76535720825194,116.79601669311525,81.879684,89.96761,332.81841125488273,358.7542395019531,6.9204936,4.3343916,14.47206115722656,15.588062133789064,6.232316,2.710281,10.954570007324218,11.730528564453127,160.72708,106.90116,229.77241821289059,243.32733795166016,-0.038026642,0.70409405,0.9876995801925658,0.9993375146389007,0.5626693,0.67116225,1.8660753369331353,2.898173356056214,0.32678604,0.57063925,1.3536458730697627,1.65598973274231,4.0456,5.5555797,15.534378433227536,21.724564514160164,12.787961,16.325531,8.9505625,11.739914,286.0071,289.612,288.5799,291.78598,100483.34,101943.94,,,99516.664,100952.61,0.0015955237,0.0039567947,277.97287,311.77032,10.768209,14.195079,3.6204174,6.607095,1.105068500397044,1.7815252017022252,0.9232667,1.2844259,0.0,0,84.41046,141.03758,208.44243,359.73138,12.787961,16.325531,9.0384655,11.874481,220.56042,254.2324,0.8398336,0.9998988,1.5843571,2.9176476,0.9874356,1.682275,12.28598,31.677372,54.6364,-8.3949,272.9086538280686,2.9086538280686227,182.90865382806862,261.8797,78.97104587896263,-11.028954121037373
451,5.327221,4.884532,13.060623168945307,15.094700164794924,5.40917,3.22384,10.39915313720703,11.046506652832031,280.8786,4.2793994,287.1560791015625,288.37489807128907,283.7735,3.8721733,290.4224227905273,290.8730209350586,99110.98,1200.1886,100807.225,101031.398125,,,,,98151.3,1194.2023,99833.45,100056.65953125,0.0004996913,0.00070721726,0.0018661499023437458,0.0028774309158325208,244.35796,30.98864,285.3628479003906,297.6616439819336,8.406753,2.2599523,12.424317026138306,13.14478804588318,2.1675646,1.1354584,4.501870298385619,5.241652793884278,-0.08111541029359098,0.9122655376644649,1.3215450695759368,1.6793332964889458,0.5531657,0.22978054,0.9759234786033625,1.15671630859375,0.0,0.0,0.0,0.0,31.439705,22.608717,73.00146713256834,98.14824760437013,90.07851,102.25664,344.45773468017575,356.71213623046873,6.187453,3.721727,13.060623168945307,15.094700164794924,5.701697,2.6663485,10.39915313720703,11.046506652832031,154.27945,120.042175,233.2036293029785,255.7358094787598,-0.058668777,0.6971479,0.9744364142417907,0.9982080864906311,0.36449683,0.4632379,1.0745811462402342,1.8541854608058939,0.3108449,0.32880414,0.9203848540782912,1.3641675865650178,2.3798213,3.2396607,8.488716268539422,15.348993501663212,9.47916,16.230072,8.784658,11.114029,286.25836,289.61884,289.0336,291.55402,100492.93,101484.81,,,99522.91,100497.81,0.0014311005,0.0039167404,278.77264,310.22845,11.234664,14.190026,3.419508,5.4274464,0.9841012763443736,2.1483367913248097,0.83653474,1.2092433,0.0,0,56.596558,111.14234,260.7821,358.11752,10.1161785,16.230072,8.784658,11.114029,208.82414,279.11502,0.86541927,0.9998822,0.8585285,2.665459,0.7391987,1.534087,6.135514,19.671547,54.9905,-8.4955,332.7989329568318,62.79893295683178,242.79893295683178,270.0785,27.279558254105723,-62.72044174589428
452,5.304455,9.803152,19.248074340820303,22.324710083007805,7.9171267,5.5294847,15.597518920898434,17.617072753906246,281.66782,3.5513082,287.2909423828125,288.4576318359375,284.31302,3.091776,289.5201049804688,290.16276489257814,98735.92,1256.1548,100418.625,101926.905,284.71362,2.3335595,288.755810546875,289.635390625,98644.375,1255.379,100326.9140625,101833.2371875,0.0006250515,0.00077715376,0.002378654479980468,0.0028824806213378876,221.97221,50.6279,279.0427917480468,334.14996948242185,9.200508,2.1296642,12.535848617553707,13.822419662475584,4.3559732,2.238565,8.249277877807616,10.465485343933105,-0.09601580545273454,0.8613861722669454,1.1430769901488385,1.8055614587072049,0.44907126,0.17113224,0.7864583253860473,0.9082088947296142,0.0,0.0,0.0,0.0,75.107376,61.726025,175.35852050781244,305.4368688964843,133.88571,125.27644,344.2922607421874,355.65590698242187,9.418351,5.9055357,19.248074340820303,22.324710083007805,8.545239,4.4858212,15.597518920898434,17.617072753906246,88.0865,152.06804,208.624169921875,213.28120849609374,-0.079157226,0.7148081,0.9834475517272949,0.9989115929603577,1.1773343,2.1220424,4.937592601776122,9.51259391784668,1.1883407,1.4697647,3.220661306381221,7.499882659912107,14.985826,25.59022,48.98656387329098,148.60678405761715,16.072584,27.397232,13.85061,19.85588,286.25693,288.72705,288.13895,290.20505,100170.47,102211.875,287.76303,289.74365,100077.64,102116.01,0.0016396747,0.0044837,269.99896,335.039,11.899186,15.360879,7.2857594,10.865678,0.8951848513931148,2.0932980659444897,0.6794272,0.9633665,0.0,0,153.30249,322.38446,284.1905,357.07297,16.811295,27.397232,13.85061,19.85588,195.39783,216.02693,0.7294242,0.99898326,4.0134788,9.658367,2.9773643,8.94461,45.680202,165.5113,54.2536,-9.8928,207.38209368098515,297.3820936809851,117.38209368098515,313.8857,16.503617988936753,106.50361798893675
453,6.8783674,5.168836,14.14101791381836,16.088703155517578,4.4705014,4.31976,9.57241439819336,11.366973876953125,281.43927,3.8117557,286.93896484375,287.8723602294922,283.79425,3.402398,289.6321029663086,290.33538818359375,99104.016,1186.5984,100761.578125,102256.375,,,,,98144.55,1177.5645,99794.564453125,101251.275390625,0.0006406307,0.0006771677,0.002112269401550293,0.00250852108001709,246.50627,39.629505,296.7449645996094,322.09473419189453,7.8875437,2.2511263,12.529516220092773,13.828879356384277,2.149041,1.1607944,4.478408932685852,5.143054962158203,-0.06597225912350825,0.9586433725515512,1.3709748969658144,1.734423119628856,0.5609982,0.26655903,0.961855337023735,1.230834424495697,0.0,0.0,0.0,0.0,37.257595,27.096893,87.41786766052246,96.0688705444336,92.94818,92.368454,335.27930450439453,345.7306594848633,7.5530233,4.1049757,14.14101791381836,16.088703155517578,5.4631486,2.944188,10.150402069091797,11.850013732910156,153.55809,102.31192,219.39575576782227,233.92734146118164,-0.11196877,0.69030434,0.9365300238132477,0.9889825582504272,0.51865923,0.5475739,1.6831139028072357,1.8945865631103516,0.30818665,0.48067993,1.110762119293213,1.3987331688404083,3.3644888,4.0552735,12.169717073440552,14.701735734939575,12.549432,16.230072,8.761316,11.841858,286.16727,288.4317,288.21738,290.52783,100353.75,102304.19,,,99385.27,101308.07,0.0015610968,0.0026183128,286.8432,353.06796,10.808375,14.190026,3.6749713,5.2359066,0.9536466972332152,1.784002449552839,0.87334406,1.3370447,0.0,0,74.63883,98.87858,203.95934,349.8739,12.549432,16.230072,8.795989,11.874481,210.93654,234.18677,0.57732445,0.9978442,1.2786646,1.9562827,0.91044915,1.5181956,9.400726,15.569831,54.3099,-8.582,359.60149038980796,89.60149038980796,269.60149038980796,272.94818,3.3466907625357862,-86.65330923746421
455,4.7705984,6.2923036,14.660430908203125,17.004703979492206,8.700581,5.5660214,16.519300842285155,19.714145202636722,281.3407,3.443097,286.7697448730469,288.0088018798828,284.1927,2.9857235,289.073388671875,289.5059466552734,99110.45,1133.176,100755.90625,101081.3475,283.8423,2.510411,287.7439453125,287.9212158203125,99096.61,1133.1915,100742.75859375,101066.65515625,0.00050924893,0.000757879,0.0018219947814941398,0.003349800109863282,192.59586,32.474384,242.50816955566404,288.38367919921916,6.0974226,0.8779996,7.337691116333008,7.743957805633546,2.2671537,0.9461618,3.884490180015564,4.52152531623841,-0.3629668821838251,0.9276989272419527,1.1664831649345027,1.5331374676866565,0.66277593,0.27157557,1.1643712878227233,1.4017011189460762,0.0,0.0,0.0,0.0,50.8567,37.664833,113.62250595092772,155.69293395996095,112.10754,126.26742,354.31719665527345,359.5550030517578,6.57647,4.3586974,14.660430908203125,17.004703979492206,9.202419,4.6851683,16.519300842285155,19.714145202636722,80.48832,142.88916,179.23019409179688,183.42334228515628,-0.068462044,0.7071816,0.9516731500625609,0.9971424365043641,0.5003648,0.9392387,1.984774577617645,3.754437584877015,0.79769903,0.83751494,2.3726457834243773,3.1330847454071074,6.366679,8.314062,20.560406303405756,38.602690963745125,11.73299,19.300568,15.289612,20.208084,285.66855,288.11353,287.94946,289.79895,100311.484,101151.25,287.10846,288.23584,100297.67,101138.05,0.0016546794,0.0053367615,231.05377,350.10175,7.152161,8.095507,3.6023233,5.2193074,0.7022855070686285,1.6217092966492461,1.0171211,1.5546051,0.0,0,104.896194,168.12958,286.8567,359.92285,12.12383,19.300568,15.289612,20.208084,166.42123,197.87363,0.7531925,0.9993242,1.7622483,5.167657,2.0820556,3.6001208,18.815643,45.016083,54.8424,-5.1188998,320.5581968062614,50.55819680626138,230.55819680626138,292.10754,61.54934713905112,-28.45065286094888
456,4.908892,5.418333,12.554096984863278,14.408368988037106,6.0842433,4.570944,11.944150543212887,14.027603759765622,280.85303,3.574058,286.86341552734376,287.82474029541015,283.85135,3.0713024,288.6741577148438,289.39729553222656,99282.766,1182.5648,101032.028125,101547.453125,283.64276,2.4173598,287.39012451171874,287.62358642578124,98926.88,1180.2339,100671.34609375,101184.20171875,0.00041942263,0.0008421965,0.002279114723205566,0.00407298564910888,196.49358,40.731895,254.14494934082032,307.6152685546874,5.584335,0.8389727,6.939058017730711,7.23860366821289,1.8179736,0.7814039,3.24269653558731,3.8874889707565305,-0.11303621926004848,0.8939258226953031,1.2035686448728136,1.3368865959448797,0.6044539,0.25994492,1.0737792432308197,1.4474017286300653,0.0,0.0,0.0,0.0,36.633484,28.108221,94.45945281982421,117.57982604980461,104.63307,114.21953,351.4161468505859,357.49718933105464,6.237824,3.8024304,12.554096984863278,14.408368988037106,6.733236,3.5392704,11.944150543212887,14.027603759765622,91.860504,134.09312,180.7550392150879,187.50710647583006,0.060682047,0.73175544,0.9865094006061553,0.998566929101944,0.36217234,0.59860307,1.5391626894474009,2.2751812028884864,0.4010691,0.51406044,1.2528562664985652,1.8549253451824173,3.3880293,4.774788,14.209694576263423,22.05099332809445,10.898527,15.365326,10.767777,14.64473,285.534,288.03345,287.97003,290.76,100596.05,101909.81,286.87094,287.71826,100237.72,101540.97,0.001539135,0.0060563087,249.12483,345.2909,6.611523,7.845969,2.9187627,4.424024,0.8081973100070913,1.384348151910834,0.9417063,1.7503556,0.0,0,75.10839,132.01959,271.61887,359.75357,10.898527,15.365326,10.97748,14.64473,175.82057,198.1915,0.8888366,0.9999711,1.1886508,2.801797,1.055031,2.1046934,10.191106,27.755957,54.665001,-5.6691999,80.6723852494203,170.6723852494203,350.6723852494203,284.63306,-66.0393286087953,-156.0393286087953
457,5.773707,5.2766824,14.362948608398437,15.294103088378908,5.457107,4.0604753,10.490321350097656,11.159072265625001,281.2737,3.9836264,288.1499450683594,289.70755798339843,283.8076,3.7786305,290.1162445068359,291.4115368652344,98997.84,1204.3474,100701.0375,101854.205,,,,,98039.414,1197.7866,99734.271875,100845.331875,0.0006697016,0.0008221968,0.0024339675903320298,0.003938903808593753,239.85612,45.029102,295.480191040039,311.7172485351563,7.867608,2.0898814,11.168317413330074,12.742398357391359,2.0125632,1.0084199,4.037355160713193,4.478019323349,-0.019503895055176163,0.9147514910653589,1.315203077308575,1.6886936599031466,0.5692086,0.25721756,1.056554889678955,1.1882918691635131,0.0,0.0,0.0,0.0,37.46602,29.836384,95.0563865661621,111.88376419067383,97.54543,107.935844,352.13438415527344,356.3018768310547,6.5027394,4.336555,14.362948608398437,15.294103088378908,6.199961,2.7826355,10.64597930908203,11.20776611328125,142.31068,131.32375,233.55346527099607,254.98779846191405,-0.100224465,0.71150446,0.9886346340179443,0.9993489265441895,0.5149554,0.6442133,1.7876447081565852,2.655000319480898,0.34942722,0.49871624,1.3536458730697627,1.6566933965682986,3.6392918,4.919087,14.389460659027097,19.93489501953125,12.516512,15.593964,9.252409,11.208679,286.72766,289.86777,289.1542,291.78598,100459.93,101943.94,,,99491.63,100952.61,0.0018133322,0.0039844513,281.1207,316.39996,10.515817,13.133184,3.3600008,4.5370626,1.144272312446731,1.7193153567792967,0.9151481,1.2672304,0.0,0,78.866554,116.89596,251.19713,359.73138,12.516512,15.593964,9.291935,11.874481,220.36302,260.27426,0.7530208,0.9998988,1.4796748,2.9029226,0.96159226,1.682275,10.662825,21.760979,54.636398,-8.3949003,272.9086538278584,2.9086538278584158,182.90865382785842,277.54544,-85.36321315403029,4.636786845969709
458,5.0178423,4.894719,12.633725738525387,15.648865356445313,5.8507767,2.8784635,9.62848205566406,10.348216400146484,281.53806,4.1276445,287.9546463012695,288.6581771850586,284.18942,3.5897171,290.1570510864258,290.70399780273436,99138.33,1273.2982,100839.71875,101236.03625,,,,,98179.89,1266.2025,99855.959375,100262.19125,0.0005385243,0.0007302813,0.0019787311553955034,0.002878632545471193,238.1319,37.407124,278.41839904785155,288.31291992187505,8.017137,2.0419645,11.604410314559935,12.659183444976808,1.9776742,1.0198733,4.257073426246641,4.662522807121277,-0.12040394953981817,0.9519765655593642,1.5126783550181242,1.8605026664947233,0.511714,0.21568716,0.9427655965089796,1.065405205488205,0.0,0.0,0.0,0.0,32.14212,23.725245,75.48993988037104,98.14824760437013,85.06176,102.11105,339.69374237060543,358.1620590209961,5.836332,3.8707442,12.633725738525387,15.648865356445313,6.0661173,2.38598,9.62848205566406,10.348216400146484,153.07013,121.51038,230.4566581726074,248.40374282836916,-0.007448143,0.68380755,0.9695992231369018,0.9994288182258606,0.37405765,0.49966496,1.499364078044891,1.9863531827926644,0.3272266,0.32112953,1.0781796932220458,1.3130827724933627,2.5324879,3.5391564,9.082562971115099,15.348993501663212,10.504861,16.230072,8.688101,10.380142,286.83524,289.724,289.2515,290.95917,100419.9,101380.69,,,99454.266,100397.2,0.001669996,0.0039567947,272.95193,316.0794,10.794227,13.133184,3.2050018,5.1121044,0.9474215930728734,1.8650905139502811,0.7956315,1.1409507,0.0,0,62.02037,111.14234,248.029,359.60205,10.922965,16.230072,8.688101,10.380142,208.25818,255.01274,0.76286393,0.9995833,1.0058259,2.665459,0.74811864,1.534087,7.056593,19.671547,54.989601,-8.4956198,334.22059708779676,64.22059708779676,244.22059708779676,265.06177,20.84117049032824,-69.15882950967176
459,6.0432215,8.754372,20.149575805664057,22.189114685058577,5.987291,7.4428897,15.283871459960936,18.043788452148423,281.8843,3.6428502,287.35584716796876,288.3753314208984,284.25824,3.2261074,289.3445220947266,290.5583596801758,98712.98,1106.1116,100038.7625,100497.950625,284.7669,2.375046,288.437158203125,289.2209814453125,98621.41,1105.5703,99946.455859375,100403.529453125,0.00063819584,0.00082682865,0.0020554780960082993,0.0032808446884155097,220.77202,56.420113,283.74049682617186,336.013963317871,8.948048,1.7936907,11.947173023223877,12.28108215332031,4.065498,2.042014,8.124942588806151,9.055115890502929,-0.001416126641320819,0.820649354596265,1.2127757658458829,1.6881008585329806,0.41705763,0.16129373,0.7759552627801894,0.8671936148405075,0.0,0.0,0.0,0.0,64.884445,53.0305,157.4553352355956,212.32646026611278,116.05581,112.21653,339.02691955566405,347.91549743652337,8.785325,5.9615765,20.149575805664057,22.189114685058577,8.288858,4.7101784,15.451686859130858,18.043788452148423,104.71622,145.23657,218.12014694213863,239.44525268554688,-0.041431356,0.6919828,0.9697378814220429,0.9955197644233703,0.9395467,1.7145542,4.306100845336912,6.033773236274694,0.77201164,1.3686055,2.9897428154945374,4.390975432395924,11.135251,18.050898,39.55367698669429,72.35542144775351,16.592373,24.582031,13.527662,19.85588,286.33868,288.75275,288.3478,291.23154,99898.78,100533.0,287.83914,289.74365,99806.23,100437.76,0.0017368093,0.0056972504,276.8241,346.54813,11.1630945,12.527113,6.684777,9.222796,0.9876808176004026,1.9365732593135339,0.62117463,0.8674728,0.0,0,132.89478,280.76907,261.20834,356.526,16.863255,24.582031,14.155426,19.85588,203.04933,240.89758,0.6851096,0.99872464,3.1583593,9.474889,2.2210503,5.924239,33.57699,125.5388,54.252998,-9.8900003,207.38149330187798,297.381493301878,117.38149330187798,296.05582,-1.3256766514873561,88.67432334851264
460,6.637521,5.0189366,14.526553344726564,15.514269561767582,4.007219,4.611458,9.214113616943362,11.39230102539063,281.22586,4.0708117,287.082080078125,288.16721893310546,283.63043,3.798924,289.55454406738284,290.3795932006836,99137.984,1229.1947,100850.5625,102503.521875,,,,,98177.836,1218.7319,99852.68359375,101497.19078125,0.0005965829,0.0006612073,0.0021340608596801766,0.002514376640319825,252.95947,34.411766,307.33576507568364,339.11986877441416,7.6878476,1.9656171,10.624099254608154,12.862257642745973,2.035571,1.0610182,4.283660960197449,4.497749371528625,0.007222309053944196,1.0075749554152618,1.6613406698535118,1.9324373675088513,0.57812256,0.3352788,1.1203598260879517,1.5801813232898747,0.0,0.0,0.0,0.0,36.49326,28.401932,86.19919471740724,102.4350695800782,93.59732,89.44803,330.3747970581055,345.33618316650393,7.2707267,4.032234,14.526553344726564,15.514269561767582,5.302464,3.0062244,10.143095397949223,11.851318664550782,159.36215,98.02771,219.9698554992676,241.5065507507326,-0.051953748,0.7365781,0.978694099187851,0.9989796876907349,0.5066364,0.601694,1.698843330144883,2.1894738852977795,0.28663245,0.49157977,1.0906280159950257,1.4051045000553142,3.3876042,4.3701158,11.83530836105347,16.759328546524074,12.263606,16.04158,8.225938,11.841858,286.12448,288.2835,288.4463,290.44284,100632.58,103147.625,,,99662.17,102145.61,0.0015279329,0.0026183128,291.50412,353.06796,10.012473,13.133184,3.4462383,4.5370626,1.1866275369950183,1.997884306871732,0.98852026,1.9734174,0.0,0,74.69142,111.14234,228.85147,347.18323,12.263606,16.04158,8.346619,11.874481,215.7807,260.27426,0.75580627,0.99942404,1.3334261,2.665459,0.85545146,1.5181956,9.50981,19.671547,54.3046,-8.5689001,325.26696473295533,55.26696473295533,235.26696473295533,273.59732,38.330355823685295,-51.669644176314705
462,8.88846,5.81911,17.369161224365232,19.07421340942383,5.811775,4.6266804,11.903298950195312,14.491811981201172,280.7247,3.8569274,287.16164245605466,288.6925668334961,283.63156,3.5629783,289.3211044311523,290.36010009765624,99439.7,1179.5828,101020.73125,101631.023125,283.87857,3.8756423,289.7836547851563,290.63751953125,98902.55,1176.1036,100480.57109375,101088.5296875,0.0007925955,0.0008217424,0.002413439750671386,0.0034700918197631907,228.12953,30.583954,265.4480606079101,284.60534820556643,5.9002028,1.1808982,7.992144107818603,8.399087162017823,2.3958778,1.1721958,4.705002427101135,5.424039897918702,-0.7977286248306139,1.9417849997076926,3.0941664086336766,4.284146407505441,0.99355525,0.42793372,1.8661680042743682,1.975172209739685,0.0,0.0,0.0,0.0,55.071346,39.880665,122.54657287597655,165.9013105773928,81.92475,80.37597,326.4999374389648,355.7540914916992,9.512494,4.7272096,17.369161224365232,19.07421340942383,6.5082107,3.5779395,11.903298950195312,14.491811981201172,146.20477,95.965935,194.23007354736328,201.4608450317383,-0.10476827,0.7147787,0.9838173300027847,0.999486762881279,0.9216377,1.029826,2.816958951950073,4.336550807952881,0.6368674,0.76806015,2.0746564269065857,3.0439901256561295,7.3554425,9.968717,23.915746402740478,44.04685859680187,15.430367,19.739899,10.846989,16.63301,285.92667,289.25507,288.32077,291.18384,100735.195,102405.31,289.0235,291.7207,100193.5,101847.67,0.0020071506,0.0050821304,260.32016,325.08646,7.400038,9.018941,4.001727,6.2833023,1.8217014012279342,4.522546812449412,1.5437412,1.9996203,0.0,0,109.33419,230.9758,188.76012,359.43347,15.430367,19.739899,10.846989,16.63301,189.92033,224.39613,0.8176125,0.9999324,2.3650882,6.95476,1.6743189,4.5837264,21.103245,84.95959,54.031833,-2.92025,3.9920504280896125,93.99205042808961,273.9920504280896,261.92474,-12.067306775745863,-102.06730677574586
463,6.643009,4.5405564,13.223516845703124,14.923937988281251,-3.9471035,7.6172037,7.516732788085932,11.081055297851597,278.10117,3.9445984,284.78338623046875,286.899248046875,282.181,3.5657644,288.50294189453126,289.213232421875,100686.95,1166.3413,102163.4625,102850.7625,282.79724,3.0479293,287.61279296875,288.62150390625,100046.42,1160.4553,101529.728125,102192.02875,0.00017479771,0.00037790078,0.0008160591125488281,0.0018799400329589844,,,,,,,,,,,,,-0.7794445777788974,1.0754261100060314,1.189074870091415,1.8698336905552104,0.6939875,0.3268469,1.2826723098754882,1.7066446495056198,0.0,0.0,0.0,0.0,45.089256,37.538494,118.28297576904295,153.0248516845704,118.22954,59.41433,196.84776916503904,336.7026379394532,7.1748066,3.6387558,13.223516845703124,14.923937988281251,7.014663,4.926312,15.36735534667968,17.741852416992188,,,,,,,,,0.554321,0.69352746,2.0147331476211536,2.9116054534912132,-0.5278469,0.980415,0.5099982619285568,1.1370359945297273,5.473203,8.074359,22.280845642089837,37.30079437255863,11.74169,15.739075,5.3442492,15.7899475,283.39615,287.9591,287.1119,290.5716,101964.18,103410.44,286.88928,289.78955,101316.945,102748.55,0.0007690589,0.0023860931,,,,,,,0.772225143511888,2.117330145929761,1.1797215,1.9643689,0.0,0,97.80933,174.70522,195.7608,355.29868,11.74169,15.739075,13.723267,18.808777,,,,,1.5818563,3.4481006,0.38096797,1.7177372,17.110853,48.606144,54.49,-0.614694,122.55668826706017,212.55668826706017,32.55668826706017,298.22955,85.67286495559608,175.67286495559608
464,5.6033607,5.2120776,13.542048645019529,15.51562973022461,7.6141596,3.6942217,12.947875213623044,13.854685974121093,281.22842,3.8499405,287.8197784423828,288.7192950439453,283.99402,3.4965103,289.9772644042969,291.4265316772461,99195.29,1199.6482,101132.75625,101460.66875,283.64307,3.8634348,289.6703247070312,290.59113525390626,98449.0,1195.7944,100371.54765625,100706.233515625,0.00083860965,0.00086377934,0.0027128934860229485,0.003421015739440918,,,,,,,,,,,,,-0.6643692046753599,1.599741886304182,2.12848670018777,3.0646080617655618,0.884597,0.34975052,1.5506533920764907,1.852116676568985,0.0,0.0,0.0,0.0,46.995922,32.862537,107.25209197998045,133.32852844238283,91.0892,109.34312,345.8431930541991,358.66266479492185,6.6013317,3.863159,13.542048645019529,15.51562973022461,7.7067485,3.4959307,12.947875213623044,13.854685974121093,,,,,,,,,0.57410616,0.7121944,1.9671106457710266,2.77294086933136,0.6572818,0.5990359,1.7720967829227439,2.2717028737068183,5.22835,6.6308627,18.3186219215393,28.32487295150758,11.99908,17.66092,11.668104,14.239746,286.48517,289.43927,288.87292,292.3655,100664.85,103029.44,289.194,290.93384,99912.4,102269.14,0.0021221854,0.004989624,,,,,,,1.5239093071808572,3.4344421028967873,1.4021413,1.9168992,0.0,0,94.25027,167.87956,268.12384,359.416,11.99908,17.66092,11.668104,14.239746,,,,,1.6415539,4.136685,1.490946,3.1724744,15.153478,44.882298,54.650722,-3.567167,23.287894905971825,113.28789490597183,293.2878949059718,271.0892,-22.19869202511245,-112.19869202511245
465,6.3415856,6.4962034,14.982681274414062,19.18258972167967,8.27288,6.0064235,17.144073486328125,19.129879760742185,281.62015,3.3720217,287.09600830078125,288.2325927734375,284.49222,2.8589506,289.3504638671875,289.74254150390624,99270.35,1190.7887,100950.8125,101220.075,284.25766,2.666319,288.138916015625,288.551953125,99059.58,1189.2454,100737.625,101005.43125,0.0003713692,0.0005354484,0.0014476776123046875,0.00233325958251953,203.21605,27.523338,241.98599243164062,262.47852783203115,6.5242205,1.0662895,8.132065773010254,8.591581916809082,2.89913,1.1931648,5.014615535736084,6.268874263763426,-0.32174559246676404,1.380845877193729,1.844645652899478,2.002388483953738,0.61967725,0.25109774,1.0717391967773438,1.2191678047180172,0.0,0.0,0.0,0.0,58.878414,43.754597,127.86758422851562,172.0140075683588,99.42568,111.65706,348.79693603515625,355.88438720703124,7.7674246,4.6874003,14.982681274414062,19.18258972167967,8.985744,4.868851,17.144073486328125,19.129879760742185,103.79037,127.98717,187.3566436767578,190.7831115722656,-0.033506,0.7169539,0.989362895488739,0.9980476498603821,0.79303104,1.2389473,2.480398654937744,4.34747428894042,0.9156852,1.023822,2.6659889221191406,3.907398033142078,8.552609,15.188269,26.037565231323242,47.724635314941075,13.720131,20.870804,15.569341,22.401566,286.01645,288.596,288.49344,291.41055,100712.86,103192.125,287.91946,288.5774,100500.09,102970.83,0.0011519155,0.0027842522,233.54375,297.66602,7.8114867,8.940603,4.5903673,6.580767,1.4142372376671124,2.2863075631907,0.95516944,1.9642564,0.0,0,117.828476,320.50766,276.6763,359.8207,13.727667,20.870804,15.569341,22.401566,183.81471,195.06644,0.82660675,0.9999897,2.3833869,10.514363,2.3135114,7.9412923,26.187778,163.58981,54.085222,-4.768056,177.9530069126904,267.9530069126904,87.9530069126904,279.4257,11.472682784575227,101.47268278457523
467,5.025749,5.2683864,12.650005340576172,13.046382141113279,-2.5746648,7.142001,8.23569107055664,12.128460693359344,278.70862,4.4533234,285.8260955810547,287.1696502685547,282.591,4.033311,289.5403137207031,290.5394790649414,100681.625,1258.3118,102668.65625,103123.61875,282.9086,3.020097,287.711669921875,288.3238891601562,100042.53,1250.7112,102006.50390625,102464.994140625,0.0001640392,0.00042988223,0.0007319450378417969,0.0020103216171264617,,,,,,,,,,,,,-1.1194071261114502,1.0539159219216176,0.9654310465985287,1.7276438163449463,0.71278906,0.34151793,1.3218523561954498,1.5322381377220133,0.0,0.0,0.0,0.0,34.46137,25.39183,84.40819549560547,93.95494995117186,127.28872,72.54793,269.41870880126953,334.29208831787093,6.3989496,3.4389138,12.650005340576172,13.046382141113279,6.171688,4.3661575,13.618881225585938,16.460782623291006,,,,,,,,,0.34173918,0.47651932,1.2824414372444153,1.5786731243133534,-0.2658203,0.60755867,0.37818724662065506,0.9058747470378872,2.9024305,3.6862433,11.346624612808228,14.062198305129998,10.990519,13.427658,6.449606,15.7899475,285.04373,287.34552,288.2852,290.5716,102231.52,103193.25,287.10657,288.5459,101582.72,102532.305,0.0007581711,0.0023813248,,,,,,,0.2992825638955767,1.771192406455697,1.1675998,1.7763816,0.0,0,72.022934,96.20803,214.99486,349.6889,10.990519,13.427658,12.249936,17.70662,,,,,1.0288082,1.7151818,0.37001035,0.9507662,8.624703,14.740157,54.48862,-0.61462,122.55656591418477,212.55656591418477,32.55656591418477,307.28873,-85.26783910754415,-175.26783910754415
468,-3.1575499,4.239177,3.8166427612304688,7.056388854980469,-1.848651,3.3564174,3.7940902709960938,5.366233825683594,276.78677,7.0960174,287.8586883544922,289.20143127441406,280.57504,6.757263,290.76068115234375,293.10252380371094,101529.54,1075.4707,103285.40625,103735.375,,,,,101307.31,1071.901,103059.90625,103506.4609375,0.00014814163,0.00039482024,0.0008611679077148438,0.0020668506622314453,117.22896,106.916405,345.577392578125,355.29095458984375,3.442895,0.67679465,4.401937484741211,4.729454517364502,0.6619414,0.3690242,1.301708698272705,1.619154691696167,-0.0129626421582375,0.06052860755161628,0.08221348970326411,0.10199176919467225,0.7531272,0.3200853,1.3469039797782898,1.5846842527389526,0.0,0.0,0.0,0.0,12.228922,11.481134,37.278635025024414,44.46175956726074,218.84065,65.27441,299.7379150390625,337.42286682128906,4.4360757,2.8630848,9.002838134765625,10.385391235351562,3.1823552,2.1238952,6.908660888671875,8.06280517578125,-101.78992,151.03706,201.78309631347656,217.454345703125,-0.03859314,0.7507463,0.9837304949760437,0.9975260496139526,-0.09037334,0.16640994,0.04695412516593933,0.19833310693502426,-0.04521671,0.1285561,0.13018443062901497,0.2221667245030403,0.4466804,0.75868684,2.214561939239502,3.14982533454895,2.6300952,8.608246,2.4166346,6.160492,286.32327,289.74493,289.6432,293.94867,102744.07,104129.81,,,102516.99,103894.22,0.0006323433,0.0025801659,273.8291,357.84283,4.291086,5.138315,1.1779556,1.6591995,0.0569102466338125,0.12297193986202182,1.2533001,1.9883186,0.0,0,28.883705,52.25447,291.25153,344.12738,8.095829,11.061737,5.935115,9.451874,110.47391,242.53967,0.8842085,0.9998526,0.059935328,0.3715349,0.086175464,0.2596696,1.5364852,4.3483686,54.82326593,9.65412763,93.02277197482988,183.02277197482988,3.0227719748298796,38.840637,35.81786523220137,-54.18213476779863
469,-3.3238506,4.2668176,3.8166427612304688,4.822135925292969,-1.6555232,3.375215,4.080009460449219,5.7591400146484375,276.8498,7.3184385,288.42173767089844,290.9565124511719,280.57465,6.9523773,292.3157501220703,293.85939025878906,101468.66,1084.0472,103185.71875,103735.375,,,,,101246.46,1080.478,102959.74609375,103506.4609375,0.00013056812,0.00037480556,0.0007703304290771484,0.0018775463104248047,110.905624,100.088486,343.6482238769531,352.67791748046875,3.4656248,0.66767144,4.417628288269043,4.690877437591553,0.66982687,0.38393486,1.2952187061309814,1.6091325283050537,-0.013189141360486569,0.07033233972383611,0.09035421241108522,0.10516908256364099,0.7898444,0.32417434,1.380907416343689,1.6407970190048218,0.0,0.0,0.0,0.0,11.622941,11.522302,38.73107147216797,45.49580192565918,215.71805,70.71348,297.66351318359375,330.8511505126953,4.529248,2.9455929,8.916900634765625,10.92510986328125,3.0308979,2.2143896,6.918479919433594,8.048599243164062,-104.94874,146.59169,197.09324645996094,224.67706298828125,0.046886787,0.7335334,0.9789808988571167,0.9986953139305115,-0.091166,0.16011684,0.04440141282975674,0.14589615166187286,-0.0431698,0.12985781,0.12466244399547577,0.25367920845746994,0.4251608,0.7652519,2.389287829399109,3.296264886856079,2.3656347,7.6806335,2.6295824,6.3278656,286.56818,291.58752,290.16528,294.9853,102697.81,104181.19,,,102470.85,103945.54,0.0005892372,0.0024003983,267.5554,354.5626,4.311362,5.459256,1.2200209,2.222592,0.06280659273706718,0.16738326702712475,1.298285,1.9949673,0.0,0,28.83778,52.25447,289.23593,356.07346,8.43395,14.119125,6.0791907,9.700699,107.13608,242.53967,0.87738127,0.99990064,0.040184617,0.20457573,0.08438164,0.28509793,1.5272245,4.3483686,54.79504891,9.433011,157.32524039093232,247.32524039093232,67.32524039093232,35.71805,-31.607192295229197,-121.6071922952292
470,11.67117,3.6119425,17.434288024902344,19.14783477783203,-0.09353051,7.4569883,11.382026672363281,15.277702331542969,279.68802,4.3674126,287.12538146972656,288.48670959472656,282.906,4.244754,289.61656188964844,291.09437561035156,100051.49,1004.971,101645.53125,102072.84375,283.43265,5.3628206,291.41015625,292.5545654296875,100046.11,1004.9462,101639.83203125,102068.05859375,0.00025904257,0.0003769839,0.0010173320770263672,0.0017018318176269531,267.74603,25.916227,307.8276672363281,315.5769805908203,6.774532,1.0744579,8.572274684906006,9.241383075714111,2.7529004,0.9860369,4.471698045730591,4.9946300983428955,-0.5146340702072955,0.6749265556139455,0.8976958926573073,1.135147422369278,1.2584331,0.44884083,1.9709922671318054,1.9875264167785645,0.0,0.0,0.0,0.0,69.96848,48.53932,160.15969848632812,224.6274642944336,89.485954,33.37661,140.85535430908203,156.73130798339844,11.67117,3.6119425,17.434288024902344,19.14783477783203,6.2563066,4.0265574,13.476394653320312,16.82996368408203,178.26009,12.890264,195.72431182861328,213.79617309570312,0.08968095,0.74968886,0.9956634938716888,0.9999880790710449,1.3787812,1.1694946,3.4091051816940308,5.787226676940918,-0.06531877,1.5045649,2.225996494293213,3.8350781202316284,11.523413,16.219313,40.874210357666016,80.52214050292969,15.944223,20.278824,9.699466,16.89206,285.89026,289.07104,288.79346,291.50232,101372.98,102279.69,290.6097,292.99146,101367.54,102274.34,0.00081720355,0.0019083023,300.78226,317.76895,8.230799,9.329215,3.9699247,5.382558,0.5338553019790568,1.245166304030276,1.8541447,1.9951335,0.0,0,145.10825,252.23033,131.98285,175.06468,15.944223,20.278824,12.332332,19.450607,193.82486,225.00836,0.8686982,0.99999833,3.1079364,6.313511,1.7757536,5.1786866,36.86876,101.31508,54.75978757,8.29700482,7.677245938360784,97.67724593836078,277.6772459383608,269.48596,-8.191284024298284,-98.19128402429828
471,9.34638,3.1356196,14.338127136230469,16.25873565673828,1.1131978,5.506874,9.197532653808594,11.85601806640625,279.7835,4.0715175,287.1340026855469,287.9037628173828,282.81665,3.9969969,289.89259338378906,290.58079528808594,100225.04,992.6989,101778.28125,102213.1875,,,,,100234.7,992.7804,101788.078125,102223.28125,0.00026285413,0.00045794217,0.00116729736328125,0.0017447471618652344,,,,,,,,,,,,,-0.9471453797743179,0.8615656850651777,1.0624822203760529,1.445854315159588,1.5083765,0.377789,1.9860058426856995,1.9944195747375488,0.0,0.0,0.0,0.0,43.394447,31.399422,103.85641479492188,141.6868896484375,83.85707,32.55748,139.14270782470703,162.47023010253906,9.34638,3.1356196,14.338127136230469,16.25873565673828,4.7754846,2.9352765,9.409164428710938,12.113822937011719,,,,,,,,,0.7094483,0.7154861,1.959782361984253,2.8124074935913086,0.095635004,0.70031357,1.137498915195465,2.0727776288986206,4.5584874,6.8485174,17.17817211151123,32.30901336669922,13.340918,19.754608,8.0912285,12.211548,285.58316,288.44653,288.47742,290.78046,101551.03,102337.06,,,101560.79,102347.484,0.0009474373,0.0036849976,,,,,,,0.519853974882287,1.5960326037913983,1.9250296,1.9957943,0.0,0,91.44278,180.25235,127.44553,175.02748,13.340918,19.754608,9.0094185,14.948898,,,,,1.8009372,5.670597,0.983169,2.6192255,14.698992,51.741776,54.73219748,8.6880067,335.21548926996354,65.21548926996354,245.21548926996354,263.85706,18.64156639409896,-71.35843360590104
473,11.461637,3.9439406,17.2540283203125,18.7515869140625,-0.5633892,7.379183,10.823005676269531,14.913490295410156,279.53677,4.440363,287.06324768066406,288.6219177246094,282.76733,4.2322783,289.7431945800781,291.51710510253906,100042.695,960.377,101591.59375,101991.09375,283.40576,5.2786937,291.40576171875,292.8006591796875,100037.33,960.39734,101585.5546875,101985.828125,0.00027862447,0.00042506668,0.0013134479522705078,0.0017852783203125,268.93518,27.55329,311.5750732421875,322.1883850097656,6.723408,1.0986325,8.597886085510254,9.247186183929443,2.712498,0.99282867,4.449783086776733,5.110871076583862,-0.7384593262805708,0.8477508507189007,1.1365124733912286,1.3756913890910414,1.3416032,0.43430215,1.9807828664779663,1.9949160814285278,0.0,0.0,0.0,0.0,67.48408,47.501083,158.39175415039062,213.39187622070312,94.256226,40.731907,149.98493194580078,189.83560943603516,11.513992,3.7873144,17.2540283203125,18.7515869140625,6.243702,3.9405782,13.041397094726562,16.188705444335938,174.67896,30.918686,193.86068725585938,213.79617309570312,-0.023459759,0.7311977,0.986492246389389,0.9982312917709351,1.3155553,1.149017,3.3049263954162598,5.690397024154663,-0.14802775,1.3995056,1.674021065235138,3.7225922346115112,10.821852,15.186675,39.96010780334473,72.74156951904297,16.179445,19.270035,8.493177,15.609543,285.87296,289.14575,288.7654,291.81982,101348.14,102279.69,290.60364,293.031,101342.74,102274.34,0.0008760643,0.0026025772,302.54175,326.48038,8.192519,9.440009,4.0323253,5.382558,0.44338061169853077,1.4329352354837643,1.9025632,1.9987952,0.0,0,139.224,252.23033,145.00641,350.38504,16.179445,19.270035,11.763462,18.164215,192.92401,236.20447,0.81820464,0.9999966,3.022934,6.5647,1.4684765,4.570957,34.011547,101.31508,54.63344017,8.38492638,307.1514838922939,37.151483892293925,217.15148389229392,274.25623,57.104741693643575,-32.895258306356425
474,9.385199,3.0170922,14.368698120117188,16.874183654785156,-0.018252948,5.798033,9.131385803222656,12.112655639648438,279.52396,4.238187,286.9610290527344,288.3643798828125,282.5811,4.0182414,289.18812561035156,290.84300231933594,100098.625,996.0299,101670.53125,102132.875,,,,,100108.33,996.08905,101680.375,102142.296875,0.00021950298,0.0003019719,0.0007750988006591797,0.0014679431915283203,,,,,,,,,,,,,-0.8999299625242776,1.0319296731673901,1.3423611230622265,1.5725589971278686,1.4885603,0.39320597,1.984814167022705,1.9959060549736023,0.0,0.0,0.0,0.0,44.059093,31.440138,105.9150390625,120.90072631835938,91.438576,33.998165,141.99866485595703,160.77548217773438,9.406741,2.9487808,14.368698120117188,16.874183654785156,4.8614254,3.134726,9.939994812011719,12.2867431640625,,,,,,,,,0.7050312,0.6928181,1.7894750237464905,3.0154569149017334,0.016121807,0.7259736,1.2412992119789124,2.131780505180359,4.6550994,6.536729,17.86465835571289,23.280786514282227,12.970284,19.754608,7.5728045,12.364273,285.5358,289.5301,288.13095,292.08612,101421.89,102344.19,,,101431.66,102354.33,0.0007196617,0.0017676353,,,,,,,0.5496774478741021,1.6175945990112868,1.9396563,1.9993242,0.0,0,89.17676,180.25235,135.97343,217.76881,12.970284,19.754608,9.364364,15.615448,,,,,1.6125087,5.670597,0.95787597,2.6192255,13.936176,51.741776,54.50258302,8.70305048,32.125373804678816,122.12537380467882,302.1253738046788,271.43857,-30.68680568944444,-120.68680568944444
475,-2.8702307,4.228688,3.6822967529296875,4.7639312744140625,-2.4240983,3.467929,3.9838027954101562,5.7656097412109375,277.32062,6.958483,288.177978515625,289.9577331542969,280.76276,6.525146,291.0513000488281,292.78163146972656,101434.52,1097.8263,103229.375,103683.21875,,,,,101303.04,1095.8461,103096.1796875,103547.87890625,0.0001611457,0.00035441306,0.0008780956268310547,0.001512765884399414,,,,,,,,,,,,,-0.01600709414365395,0.05486961910013352,0.07716830766538363,0.0964821091379259,0.7559276,0.3252289,1.3730802536010742,1.5983951091766357,0.0,0.0,0.0,0.0,13.500876,12.298897,40.93479347229004,49.831485748291016,210.47145,68.60987,297.16766357421875,342.69956970214844,4.304914,2.7421007,8.915725708007812,9.836181640625,3.5798335,2.2452872,7.462333679199219,8.37139892578125,,,,,,,,,-0.09808487,0.17725088,0.0653485506772995,0.15579170733690262,-0.07249739,0.15009786,0.11259422078728676,0.19964907318353653,0.5295617,0.93703556,2.6733850240707397,3.956750512123108,2.3585863,8.440399,2.0217493,6.1667023,286.78555,290.94547,289.74454,292.9136,102677.89,103958.69,,,102543.15,103819.94,0.00068466185,0.0024557114,,,,,,,0.04691892942317656,0.13251923495427081,1.2687532,1.9195204,0.0,0,32.341103,61.55116,289.5487,345.20566,8.101623,10.218292,6.466235,9.748322,,,,,0.052340265,0.24295138,0.05255371,0.26953426,1.8998594,6.0332584,54.47470223,9.83599307,156.72067370023137,246.72067370023137,66.72067370023137,30.471436,-36.24923815335637,-126.24923815335637
476,9.205976,2.7990272,13.637779235839844,15.394989013671875,-0.48007354,5.247601,8.021537780761719,9.606559753417969,279.4999,4.265991,287.20550537109375,288.17034912109375,282.65204,4.0502157,289.44244384765625,291.5160827636719,100258.68,947.6438,101698.3125,102203.5625,,,,,100268.37,947.69037,101708.55859375,102213.84765625,0.00020992203,0.00033195806,0.0008878707885742188,0.0014731884002685547,,,,,,,,,,,,,-0.9070697293358229,0.9110841587387317,1.1476378714447955,1.7193468840902417,1.6554197,0.32289657,1.9922755360603333,1.9993053078651428,0.0,0.0,0.0,0.0,39.896835,24.690983,82.37854766845703,101.50859832763672,93.9898,32.592953,141.95413970947266,161.60047149658203,9.227519,2.726681,13.637779235839844,15.394989013671875,4.5230994,2.6785264,9.224082946777344,10.823562622070312,,,,,,,,,0.6164864,0.4756953,1.512169897556305,1.9844757914543152,-0.042359095,0.5221577,0.7207656502723694,1.3192067742347717,3.4993036,3.7689283,10.807238101959229,16.41756820678711,12.618106,15.85173,6.1090465,11.29744,285.69794,289.26703,288.41916,292.80954,101441.58,102344.19,,,101451.38,102354.33,0.00068185804,0.0019068718,,,,,,,0.5559905660519919,1.948791940559336,1.9608966,1.9997925,0.0,0,74.91015,111.74334,132.93686,217.76881,12.618106,15.85173,8.275531,13.015717,,,,,1.3625271,2.2666733,0.5955039,1.403138,9.333611,19.88487,54.47394247,9.02585594,10.398655167850734,100.39865516785073,280.39865516785073,273.9898,-6.408848038944484,-96.40884803894448
477,9.782554,3.0960639,14.467121124267576,15.257940216064453,0.3159317,5.5530972,8.573294067382811,11.487357788085937,279.60858,4.1693597,286.6980728149414,287.90938873291014,282.76376,3.9971657,289.1955200195313,291.020849609375,100157.32,986.54315,101725.615625,102089.42937499999,,,,,100161.07,986.5735,101729.728125,102092.985625,0.0002876091,0.00049199734,0.0010872602462768553,0.001837644577026365,,,,,,,,,,,,,-0.5852882701670749,0.9252287651842905,1.1463458902103418,1.54390394535184,1.5429257,0.3919096,1.9809674084186553,1.9994325995445252,0.0,0.0,0.0,0.0,44.532448,28.581072,90.27306671142576,124.72886589050289,93.27422,43.530537,140.34175186157222,277.81697128295787,9.844246,2.8925207,14.467121124267576,15.257940216064453,4.7428207,2.8795931,9.224615478515625,11.843278808593745,,,,,,,,,0.73091114,0.58937067,1.838323539495465,2.642674570083615,0.021429071,0.63504344,0.9947011113166803,1.441004039049148,4.4503536,5.317898,12.978485965728753,24.780865306854235,13.138092,16.551682,6.954243,12.125992,285.51517,289.27094,288.4622,291.74365,101466.36,102411.44,,,101470.16,102415.33,0.00091371534,0.004467964,,,,,,,0.7610790516078958,1.6584104089904939,1.9569572,1.9996539,0.0,0,85.07962,150.27592,148.54665,357.29758,13.138092,16.551682,8.696006,12.410446,,,,,1.6056416,3.4997942,0.765327,2.2333298,12.261868,35.963196,54.26591826,8.84211831,52.571124357379176,142.57112435737918,322.5711243573792,273.27423,-49.296893400347926,-139.29689340034793
478,3.026941,5.28074,11.613761901855469,13.827308654785156,0.8695215,3.539191,6.487937927246094,7.9295501708984375,280.86868,5.1207266,289.4075927734375,290.76100158691406,284.39072,6.1703453,294.4749298095703,300.0561828613281,101195.33,1228.4182,102842.15625,103876.09375,,,,,101199.08,1228.4515,102845.92578125,103880.3359375,9.424007e-05,0.00022402969,0.0004885196685791016,0.00112152099609375,,,,,,,,,,,,,-0.8986264202704174,0.388138594349851,-0.2180364463610116,-0.06772902949441215,1.823827,0.22093755,1.9948395490646362,1.9984779953956604,0.0,0.0,0.0,0.0,15.152976,19.031984,53.37216758728027,80.36868667602539,142.51273,101.51686,332.12110900878906,356.8099365234375,4.9584184,3.5156574,11.613761901855469,13.827308654785156,2.9146457,2.1760485,6.829139709472656,8.92486572265625,,,,,,,,,0.1522468,0.33512726,0.8157872259616852,1.3786596059799194,0.017197406,0.2944676,0.3435461223125458,0.6799174845218658,0.9386678,2.756291,4.539818525314331,10.418040752410889,9.79079,14.845535,5.470853,9.529617,287.96487,290.8222,293.3793,301.73016,102643.83,104071.19,,,102647.74,104074.68,0.00033884047,0.0016021729,,,,,,,-0.40566802785892697,-0.0008170348427150422,1.9880612,1.999642,0.0,0,41.160873,129.80484,285.91714,357.45795,9.853669,14.845535,6.129165,12.189774,,,,,0.60017604,2.2012308,0.26555365,1.0815635,3.9137719,26.832506,54.26586489,8.84958039,62.21624505766118,152.21624505766118,332.2162450576612,322.51273,-9.703519227583058,-99.70351922758306
479,11.913432,3.7954865,16.868423461914062,19.379501342773438,-1.3868853,7.9012976,11.197151184082031,14.640777587890625,279.5248,4.120877,286.71876525878906,288.6634216308594,282.99533,4.161472,289.90003967285156,291.3559112548828,100201.93,973.0144,101698.25,102141.46875,283.89417,5.0495996,291.2076416015625,292.592529296875,100199.54,973.0153,101696.20703125,102138.9140625,0.00024259643,0.0004055279,0.0012676715850830078,0.0017726421356201172,275.501,32.904793,319.0292663574219,321.9149627685547,7.5103292,1.3070946,9.769890308380127,10.387259006500244,3.5245442,1.1859185,5.45536208152771,6.372526407241821,-0.5861623452301978,0.6509964430315999,0.7836880347867625,0.9785401939963402,1.1831446,0.42622557,1.9321689009666443,1.9797947406768799,0.0,0.0,0.0,0.0,74.831535,46.45544,162.91077423095703,203.110107421875,98.84138,42.35902,146.94867706298828,228.7063446044922,12.004298,3.4954107,16.868423461914062,19.379501342773438,6.7609,4.283956,14.555145263671875,17.955032348632812,176.65962,43.716614,199.34957885742188,210.55496215820312,-0.010685419,0.6957521,0.9823721647262573,0.9980197250843048,1.4690919,1.094375,3.630426049232483,4.670557260513306,-0.29593882,1.5053269,2.0004196166992188,3.081968069076538,12.331642,14.002552,42.2687931060791,65.72866630554199,16.122452,20.457779,8.410123,16.365692,285.39304,288.73975,288.66815,291.4179,101529.46,102387.375,290.682,293.45264,101527.05,102385.16,0.00083974836,0.002506256,310.23956,326.84613,9.340416,10.965094,5.0288835,6.9411397,0.24239409396252665,1.183935915495584,1.7784836,1.9986639,0.0,0,142.80812,208.68457,151.82756,356.69754,16.122452,20.457779,13.155678,19.44455,195.20515,222.29446,0.79468894,0.99995226,3.1297376,5.2121177,1.4271538,3.9516833,34.370323,69.35218,54.18052298,7.89080439,317.54814087935745,47.54814087935745,227.54814087935745,278.84137,51.2932287495488,-38.7067712504512
481,9.827732,2.9585853,14.65008544921875,16.42021942138672,0.09875256,5.1352253,8.059806823730469,9.901512145996094,279.66888,4.073703,286.0188293457031,287.8924102783203,282.9987,4.173398,289.7416687011719,291.20458984375,100314.195,972.35565,101886.0625,102334.8125,,,,,100295.69,972.25696,101867.2265625,102315.859375,0.00030426317,0.0004350803,0.0012660026550292969,0.0018935203552246094,,,,,,,,,,,,,-0.6979344622953829,0.8976470586520331,1.3195067696870932,1.56034370333639,1.5470657,0.38318408,1.9920470714569092,1.998995304107666,0.0,0.0,0.0,0.0,40.670498,25.742584,87.65338516235352,111.18685913085938,91.37984,36.517754,136.99141693115234,154.46055603027344,9.831328,2.9465318,14.65008544921875,16.42021942138672,4.365297,2.6828153,8.97650146484375,10.92822265625,,,,,,,,,0.66658765,0.5742316,1.5422431230545044,2.8092594146728516,0.00041163852,0.5304301,0.8980208933353424,1.3666129112243652,3.6824672,4.51482,12.240240097045898,19.729045867919922,13.683384,19.10234,6.491056,11.253891,285.41068,289.59454,288.71866,294.01648,101565.02,102631.375,,,101546.3,102612.13,0.0009032249,0.0022201538,,,,,,,0.6690263769237503,1.6559388266238062,1.9553157,1.9999225,0.0,0,76.33438,146.54494,131.47716,355.15054,13.683384,19.10234,8.090355,12.465134,,,,,1.4707427,4.4579673,0.685186,1.7903359,10.13216,34.199604,54.1233805,8.86015778,305.67821241823077,35.67821241823077,215.67821241823077,271.37982,55.70160935911298,-34.29839064088702
486,3.5135055,5.12356,10.903831481933594,12.896278381347656,0.56865585,4.198476,7.518486022949219,9.941078186035156,280.5646,4.932092,289.32862854003906,291.11204528808594,284.1542,6.0215187,295.1262512207031,298.43463134765625,101157.37,1223.2843,102926.90625,103373.59375,,,,,101161.14,1223.2673,102930.3203125,103377.15234375,0.000101272635,0.00022057685,0.0004093647003173828,0.001249074935913086,,,,,,,,,,,,,-0.7940667782563053,0.3755880164786719,-0.25249100923783746,0.36417879560678595,1.8131996,0.23074247,1.9978635907173157,1.9995350241661072,0.0,0.0,0.0,0.0,20.564934,23.763088,71.8963737487793,93.03476333618164,133.82082,91.11466,311.5152893066406,331.76806640625,5.326208,3.181237,10.903831481933594,12.896278381347656,3.3533504,2.5754216,8.076637268066406,10.59295654296875,,,,,,,,,0.22693762,0.43006977,1.181794285774231,1.7732263207435608,0.015736554,0.38917774,0.5965927839279175,0.9993430078029633,1.566799,3.436769,8.231802940368652,13.790879726409912,10.088856,16.558762,5.6969175,11.012314,287.24225,291.70258,292.72253,299.08362,102491.82,103827.81,,,102495.69,103831.125,0.00040132523,0.001537323,,,,,,,-0.27969398165180825,0.599967693428079,1.9877732,1.9998616,0.0,0,58.100266,129.80484,264.41772,354.75592,10.088856,16.558762,7.335825,12.189774,,,,,0.91051316,2.2012308,0.38594896,1.4709256,6.604787,26.832506,54.31632455,8.95122149,258.9572955333764,348.9572955333764,168.9572955333764,313.8208,-35.136494752126396,54.863505247873604
492,8.86052,5.395755,16.981962585449217,18.9185986328125,5.881244,4.675913,11.681715393066405,13.645265502929684,280.96164,3.8564634,287.4497131347656,289.0752331542969,283.82455,3.551287,289.3954711914063,290.7166125488281,99476.67,1104.222,101134.5,101543.23,283.97235,4.0128503,290.050634765625,291.51144042968747,98939.78,1101.2124,100573.61953124999,100997.9484375,0.00083361234,0.0008021994,0.0024810791015624995,0.003090772628784179,228.79944,25.325804,262.9412811279297,277.4831127929687,5.9098907,1.0925046,7.836153221130369,8.29354341506958,2.3554015,1.0881727,4.739812517166136,5.414922819137573,-1.048131221980339,1.9615983563656898,2.6586319709992035,3.5906246751308304,0.93349504,0.41467792,1.75819568634033,1.9647435188293456,0.0,0.0,0.0,0.0,56.417507,38.236412,114.72691726684567,197.5072457885738,79.2515,78.11441,331.64165649414053,353.5615704345703,9.341559,4.507208,16.981962585449217,18.9185986328125,6.735874,3.320815,11.681715393066405,13.645265502929684,149.54793,88.411575,192.96367950439452,201.52710815429685,-0.04053013,0.713665,0.9900474369525908,0.9994391548633575,0.91892684,0.9788324,2.53610713481903,4.294018011093129,0.6369871,0.8165867,1.9348329186439501,4.170511345863336,7.385627,10.69464,20.961161422729482,62.1693093872068,14.991514,19.739899,10.755205,14.516022,285.95728,289.51324,288.2606,291.18384,100665.734,101666.75,289.17313,291.7207,100125.69,101126.234,0.002033765,0.0038638115,259.09824,348.75226,7.32385,8.404475,3.8978791,5.531446,1.6892539633259007,4.176650243536001,1.5080518,1.9897605,0.0,0,104.688354,230.9758,174.11674,357.9399,15.0530205,19.739899,10.755205,14.516022,189.2548,207.03479,0.82598495,0.99994576,2.2075489,6.95476,1.6615868,4.5837264,20.325327,84.95959,54.033298,-2.9166701,5.671424861768912,95.67142486176891,275.6714248617689,259.2515,-16.419929500440787,-106.41992950044079
494,6.5385165,4.5318356,13.153022766113281,15.065469360351564,-3.6837904,7.8757577,8.149612426757812,12.575326538085946,278.15497,4.0507545,285.00196838378906,286.77094116210935,282.26288,3.5836666,288.6347961425781,289.12639770507815,100655.55,1176.2255,102238.5625,102818.13125,282.9641,3.0011523,287.6446533203125,288.606982421875,100015.44,1170.3298,101598.1328125,102158.13046875,0.00017896987,0.0003832377,0.001176595687866211,0.001728248596191407,,,,,,,,,,,,,-0.9267915262500157,1.0029684913359393,0.9580031670468562,1.8620951668134693,0.6736474,0.30757734,1.2570780515670776,1.5293181300163274,0.0,0.0,0.0,0.0,44.637157,37.57827,117.04377365112305,150.37699890136724,120.74799,65.54716,202.14549255371094,352.1844329833985,7.0478315,3.6857638,13.153022766113281,15.065469360351564,7.1181965,4.9751873,15.257720947265625,17.7947021484375,,,,,,,,,0.5498987,0.70343804,1.9843578338623047,2.8341291904449473,-0.5024197,0.9635071,0.5548178255558014,1.2521100997924817,5.411171,7.903726,21.816140174865723,36.02037048339846,11.847307,15.739075,5.7809606,15.7899475,283.77036,287.4505,287.27637,290.5716,101949.29,103193.25,286.98148,289.78955,101303.375,102532.305,0.0007803372,0.0023860931,,,,,,,0.4566213743733291,2.0893148039581213,1.1580685,1.8504773,0.0,0,95.81117,169.60191,208.69263,359.44254,11.847307,15.739075,14.056044,19.117981,,,,,1.5598981,3.4481006,0.40500593,1.7177372,16.541647,45.807957,54.483299,-0.61667001,122.5565858077411,212.5565858077411,32.5565858077411,300.748,88.19140003210265,178.19140003210265
495,5.5528226,5.2040334,13.479458618164061,15.543126220703112,7.896791,3.662936,12.799145507812499,13.855126953125,281.3518,3.8507307,288.0268981933594,289.1441162109375,284.02658,3.5228841,289.8544555664063,291.4304846191406,99218.414,1159.009,100974.8875,101226.5025,283.6459,3.898928,289.672412109375,290.5924609375,98472.14,1155.1879,100219.640625,100462.92375,0.00089498464,0.00089761504,0.0027473449707031243,0.0038558769226074204,,,,,,,,,,,,,-0.920070078230004,1.579623573545976,1.8781433348516072,2.9234386343669723,0.8637374,0.359685,1.4781565427780146,1.8380893898010253,0.0,0.0,0.0,0.0,48.503803,33.12024,108.01664581298827,142.21254394531246,83.861725,104.138916,343.24616699218745,357.8264807128906,6.5573993,3.85412,13.479458618164061,15.543126220703112,7.99837,3.4342752,12.799145507812499,13.855126953125,,,,,,,,,0.58602107,0.7403963,1.9905428409576404,2.7997993087768456,0.68841887,0.60447407,1.8404653072357158,2.6479618263244626,5.4845715,6.8644657,18.581026840209955,32.208519897460924,11.9096775,17.66092,11.986405,14.239746,286.5179,289.43927,288.84186,292.3655,100574.43,101409.875,289.22186,290.93384,99823.03,100653.03,0.0022361928,0.0044999123,,,,,,,1.1955763384907034,3.502633942067677,1.3962249,1.8620459,0.0,0,95.68697,167.87956,247.19249,358.9125,11.9096775,17.66092,11.986405,14.239746,,,,,1.6846373,4.136685,1.5515364,2.9006805,15.682887,44.882298,54.650002,-3.5666699,23.288007310649732,113.28800731064973,293.28800731064973,263.86172,-29.426282457134107,-119.4262824571341
496,6.3411756,6.676657,15.629592895507812,18.61098937988281,8.196182,5.5168247,16.388900756835938,18.858721923828124,281.64133,3.4701788,286.82513427734375,288.43626098632814,284.4753,2.9099498,289.34063720703125,289.76195068359374,99301.96,1149.8368,100848.5,101071.625,284.2368,2.729883,288.13232421875,288.556201171875,99091.09,1148.4261,100636.375,100858.24375,0.0003988999,0.00058493204,0.0016093254089355469,0.002239418029785155,201.88972,28.815933,239.2819366455078,254.36588745117183,6.488732,1.0449625,8.057376861572266,8.58089427947998,2.8853831,1.1762925,4.823805809020996,6.169162082672116,-0.4123830921653554,1.350561548324831,1.949297558882108,2.05350911322607,0.5642017,0.2310067,0.9996213912963867,1.1954129695892333,0.0,0.0,0.0,0.0,58.950123,39.68034,130.74826049804688,162.24464721679686,99.53024,111.22116,348.79693603515625,354.8242248535156,7.9387183,4.6448793,15.629592895507812,18.61098937988281,8.72682,4.6239104,16.388900756835938,18.858721923828124,102.35948,129.87776,186.05284118652344,191.55270385742188,-0.052535627,0.76203144,0.9880819916725159,0.9980867028236389,0.76101583,1.0852871,2.700981855392456,4.101993894577025,0.9025519,0.9065683,2.6659889221191406,3.7254460811614973,8.020839,10.902665,27.22395896911621,41.933523559570304,14.080031,20.870804,14.940183,19.084763,286.25638,288.596,288.55496,291.41055,100463.82,101108.06,287.89,288.5774,100251.45,100897.0,0.001167865,0.0034689903,230.5898,263.80164,7.8065057,8.853627,4.5779414,6.580767,1.3149840482770883,2.1863800744066846,0.89290357,1.226951,0.0,0,110.67445,223.60732,269.4483,358.60602,14.091154,20.870804,14.940183,19.084763,184.07782,194.56693,0.7757341,0.9999334,2.2031236,5.8465195,2.0994854,4.849752,22.033754,79.62537,54.0854,-4.7680998,177.95301570926642,267.9530157092664,87.95301570926642,279.53024,11.577227210655451,101.57722721065545
498,4.5983496,5.179582,11.24478530883789,12.692977905273438,-2.0253983,6.333242,7.1195831298828125,9.561534881591797,278.66293,4.594207,287.15950775146484,287.757080078125,282.8943,4.3317647,290.7881774902344,292.25367736816406,100838.31,1214.2257,102570.25,103180.96875,,,,,100391.08,1209.1812,102108.87890625,102718.634765625,0.0002010747,0.00048569866,0.0012218952178955078,0.0021469593048095703,232.2328,113.44887,347.5846862792969,352.34143829345703,6.014749,1.4336057,8.284521102905273,9.150655746459961,2.1133718,1.3089787,4.481717348098755,4.750991106033325,1.8896228841449103,1.211515829133865,4.0309886786322195,4.408434965383315,0.7994373,0.47009978,1.882762223482132,1.9475595653057098,0.0,0.0,0.0,0.0,29.28871,27.441566,82.59377098083496,94.41790771484375,132.79794,82.07049,311.4928207397461,355.7534637451172,5.9920897,3.4454236,11.24478530883789,12.692977905273438,5.2977567,3.9782462,11.968963623046875,14.487781524658203,99.434875,165.26073,226.62215042114258,254.23455810546875,0.11475033,0.7335174,0.9890646487474442,0.9999844133853912,0.26904815,0.5222854,1.2543770372867584,1.5177157521247864,-0.2139739,0.5088496,0.44947434216737747,0.7265293747186661,2.5495281,3.801135,10.871069192886353,14.209704399108887,9.736516,12.84903,5.8850884,14.096588,285.5926,287.849,289.54645,293.62024,102269.21,103233.75,,,101813.3,102771.305,0.0008561428,0.0025167465,338.01373,354.66672,7.862757,9.173218,3.9391286,5.2742085,3.442182378868999,4.5598791161153445,1.4479047,1.9583935,0.0,0,64.13605,99.36256,257.66013,356.99936,10.247509,12.84903,10.865607,15.661362,222.21759,299.54437,0.942956,0.999999,0.86806077,1.804772,0.27979147,0.9641715,7.195355,15.722622,54.282497,-0.3902857,170.08591293132667,260.0859129313267,80.08591293132667,312.79794,52.7120301839077,142.7120301839077
499,-3.1879206,4.3888593,3.7425567626953122,7.79341278076172,-0.93108106,3.4914532,4.416651916503903,6.670808105468751,278.43167,6.3118286,289.0561248779297,289.738095703125,282.19144,6.6992173,294.1203186035156,297.4175756835938,101473.4,989.8325,103008.025,103466.1675,,,,,101252.49,986.7489,102779.340625,103241.7459375,0.0001535558,0.00045158318,0.0007694721221923828,0.002320413589477539,123.59382,104.50156,348.3162841796875,354.19927978515625,3.312243,0.62384486,4.330793857574463,4.54539680480957,0.6053474,0.3423313,1.222031593322754,1.466199517250061,-0.03211286479831419,0.051317516341882585,0.04896423702903828,0.07232022325492743,0.6004262,0.13620442,0.7447652637958526,0.7723608541488649,0.0,0.0,0.0,0.0,11.651108,10.588082,33.806037521362306,40.94202743530275,226.90642,68.7216,308.2147918701172,321.58564392089846,4.5665874,2.8998647,8.940333557128904,10.908901367187502,2.9904373,1.9980195,6.755194091796874,7.98709686279297,-103.42793,148.49258,190.82659912109375,216.3535614013672,-0.0489328,0.74329394,0.9741035103797913,0.9995377659797668,-0.07513032,0.15565673,0.10556689277291283,0.2657995504140863,0.0026006666,0.12338315,0.20124802589416504,0.32137080490589187,0.39204568,0.64694446,1.8200048089027403,2.6764519023895286,3.0166306,8.007568,2.860135,6.8255157,287.8905,289.96143,292.33047,298.4633,102778.74,103948.875,,,102553.17,103717.266,0.0007577376,0.002348423,310.14154,355.47247,4.105414,4.5479965,1.0743928,1.5255572,0.026817210183613174,0.07241140011418927,0.7413784,0.8056036,0.0,0,26.897682,43.868164,295.106,328.99487,8.149372,11.38237,5.990398,8.240952,158.1392,222.87572,0.88619554,0.99997705,0.08261615,0.43938938,0.14002457,0.41391936,1.3415159,3.0646322,54.916698,9.7833004,140.7860415373002,230.7860415373002,50.78604153730021,46.906433,-3.879608431831457,-93.87960843183146
500,9.711143,3.0051618,13.84227294921875,16.140982666015624,0.74989086,5.5730853,7.9514221191406245,9.79094482421875,280.32593,4.562661,287.5828369140625,289.52039306640626,283.66235,4.558825,291.0361694335937,292.88598388671875,100248.98,1013.01984,101679.5625,101958.8775,,,,,100230.46,1013.03107,101661.359375,101940.035,0.00033176862,0.00048210312,0.0013528823852539062,0.001961078643798828,,,,,,,,,,,,,-0.9651978295235817,0.8039634268673094,0.8890481371839798,1.55466372714871,1.5406295,0.40116593,1.9848406553268432,1.994918360710144,0.0,0.0,0.0,0.0,45.171494,26.190508,100.4898742675781,104.626396484375,84.08671,32.369175,132.03128356933593,146.01021301269532,9.711143,3.0051618,13.84227294921875,16.140982666015624,4.8894033,2.7111998,9.399740600585936,10.57367919921875,,,,,,,,,0.73947036,0.56279963,1.84392819404602,2.317370281219482,0.019966932,0.5896321,0.8258372783660888,1.2292594003677366,4.324997,4.412773,16.095933341979975,17.43289291381836,13.429467,16.599762,6.4078965,10.39447,287.05438,289.6773,290.51657,293.94403,101400.695,102070.44,,,101382.02,102051.625,0.0011092533,0.0024380684,,,,,,,0.40892036210546173,1.7137138328672679,1.9675636,1.9977349,0.0,0,79.28854,105.2052,125.38187,150.01277,13.429467,16.599762,8.114825,10.892273,,,,,1.5546943,2.7811122,0.6567317,1.5269247,10.732311,17.626003,54.1222,8.8591995,305.67816289038035,35.67816289038035,215.67816289038035,264.0867,48.408537549072776,-41.591462450927224
501,9.58454,2.9550622,13.421911621093749,14.660945129394532,1.4968945,6.0410204,10.505520629882808,11.801325378417971,279.64032,4.3876514,286.2312927246094,287.80744873046876,282.8835,4.425742,290.40765991210935,291.1173980712891,100068.16,970.5177,101435.39375,101868.96875,,,,,100077.77,970.553,101445.471875,101878.83484375,0.00027056594,0.0004278792,0.0012281417846679683,0.001893930435180666,,,,,,,,,,,,,-1.1336149008511773,0.7652997751258053,0.3745840777997582,1.4909722915038306,1.5151985,0.40437365,1.9887414216995238,1.9980721354484559,0.0,0.0,0.0,0.0,47.82958,30.443188,93.75100479125976,129.88787551879895,85.100235,44.457214,130.35201873779295,203.6772583007819,9.667435,2.6668923,13.421911621093749,14.660945129394532,5.3001633,3.2017505,10.846929931640624,11.801325378417971,,,,,,,,,0.75087875,0.605776,1.611273443698883,2.640013074874883,0.13028002,0.74705416,1.2442067503929137,1.717064449787141,5.096993,6.2238913,13.998232841491697,27.41792499542242,12.723565,14.976715,9.078519,12.364273,285.48596,288.391,289.384,291.41217,101307.25,102195.875,,,101317.02,102205.375,0.00090586056,0.0022807121,,,,,,,-0.08045843684703166,1.656449305338496,1.9715343,1.9990544,0.0,0,87.29322,155.8058,137.31761,329.10828,12.723565,14.976715,9.8629675,12.364273,,,,,1.4751048,3.597323,1.0826051,1.9414692,13.574307,38.65865,54.730999,8.6870003,336.5106890100967,66.51068901009671,246.5106890100967,265.10022,18.589530716465788,-71.41046928353421
502,-2.426311,4.5015435,5.12288513183593,7.421855468750007,-1.6147296,3.2879055,4.755963134765623,5.611727905273438,278.78876,6.1612782,289.20924072265626,289.83185424804685,281.91214,6.168092,291.2413635253906,293.546201171875,101330.7,1044.5876,103032.525,103428.395,,,,,101199.88,1042.9625,102896.4875,103292.14796875,0.00017460069,0.00036942362,0.001123571395874022,0.0014587497711181642,,,,,,,,,,,,,-0.03350795010936068,0.05419154914156008,0.06347013823611411,0.08781601391491659,0.62998366,0.14263082,0.7800735056400299,0.8176752638816833,0.0,0.0,0.0,0.0,11.449167,10.150134,32.52914829254149,40.23925354003907,216.17477,70.15627,320.87261352539053,351.2660601806641,4.1715646,2.9282176,9.550770568847655,10.408186950683595,3.1187193,1.8929871,6.4996459960937445,8.575488281250003,,,,,,,,,-0.06350895,0.16235699,0.10850683972239485,0.29948503255844144,-0.029097665,0.11476075,0.16523227244615518,0.268076177239418,0.37036923,0.6158352,1.686618471145629,2.5822841501235976,3.2857666,8.685318,2.4923067,5.6266327,288.02658,289.84454,290.49826,293.56207,102737.83,103824.31,,,102603.97,103688.1,0.00067715213,0.0014848709,,,,,,,0.032735043248639954,0.08956281671420808,0.7685425,0.8232979,0.0,0,28.557823,42.366413,299.77032,357.5762,8.2576685,10.692596,5.7765307,9.156372,,,,,0.100320034,0.3576552,0.09992981,0.26953426,1.4344001,2.858399,54.474998,9.8369999,156.72066508277896,246.72066508277896,66.72066508277896,36.174774,-30.54589091285709,-120.54589091285709
503,10.141776,3.2693484,14.696366882324218,15.722732543945314,1.0787766,5.9455056,9.976527404785154,11.105979919433597,279.62744,4.4353185,286.561181640625,288.68165405273436,283.04697,4.381538,291.0016662597656,291.6158935546875,100209.055,958.0065,101748.825,101951.10875,,,,,100212.72,958.0968,101752.240625,101955.359375,0.00029776702,0.00043218833,0.0014303684234619138,0.0015763759613037116,,,,,,,,,,,,,-0.7514590192609372,1.0052927140843133,1.2668001413796857,1.5750516821809115,1.5174172,0.4080606,1.9928784847259522,1.9955603361129761,0.0,0.0,0.0,0.0,49.709133,28.986137,95.51183776855466,125.38869049072284,88.05493,43.657146,133.7204147338867,213.93087158203184,10.22852,2.9824286,14.696366882324218,15.722732543945314,5.2142906,2.9882514,10.218844604492187,11.283689270019533,,,,,,,,,0.8282453,0.5989797,1.593446922302246,2.4331597256660524,0.08264812,0.73415124,1.1890836477279658,1.669084813594819,5.2531066,6.0867305,14.541920852661125,25.997816047668532,13.806421,15.993134,8.179401,11.648041,285.86496,289.7646,289.6398,291.94702,101485.18,102139.25,,,101488.91,102143.56,0.0009925149,0.0017290115,,,,,,,0.7875539486006754,1.77438313604437,1.985806,1.9968082,0.0,0,88.60288,159.59702,139.17438,329.08987,13.806421,15.993134,9.238083,11.648041,,,,,1.6059678,3.6556346,0.96603644,1.8555624,13.831112,40.562897,54.265999,8.842,52.571147751974024,142.57114775197402,322.571147751974,268.05493,-54.516216111349024,-144.51621611134902
504,-3.1404498,4.465981,4.384942626953121,7.757890625000001,-0.9526554,3.4688938,4.475236511230466,6.413245849609381,278.112,6.862517,289.2135498046875,290.3459228515625,281.5637,7.017441,292.46421508789064,295.23832458496094,101313.72,996.7424,102811.71875,103811.71875,,,,,101092.69,993.67993,102577.440625,103579.6246875,0.00016416008,0.0004061186,0.0009390830993652333,0.0017309093475341814,116.00347,97.37685,333.64837646484375,351.09124755859375,3.378624,0.6275093,4.370761871337891,4.617825031280518,0.62817967,0.36042193,1.2417068481445312,1.4900621175765991,-0.040949701560635175,0.05985470262968837,0.06916118277570145,0.08196541142090906,0.6597609,0.1399892,0.8134747684001922,0.8597285330295563,0.0,0.0,0.0,0.0,12.212041,11.148405,33.559263610839835,44.79503578186036,223.7907,74.73902,329.08852539062497,334.4313787841797,4.5492053,2.9913225,9.370927429199217,10.06914031982422,2.9824548,1.9810902,6.476794433593749,8.31403228759766,-108.444824,147.49298,188.44606018066406,254.11563110351562,-0.115616366,0.7388245,0.9886323809623718,0.9999662637710571,-0.084433235,0.17487097,0.0778303034603595,0.3282177883386618,-0.0060966588,0.12818752,0.19481001943349807,0.36934075534343735,0.43246865,0.7039651,1.7941463470458978,3.198158674240114,3.1242814,7.9030914,3.785109,7.6330414,288.08057,291.31836,291.2617,298.2004,102570.7,103948.875,,,102342.4,103717.266,0.0007138252,0.002076149,284.40778,351.17746,4.169867,4.8080854,1.1337912,1.6529477,0.03373835710475589,0.08315938998124059,0.8041804,0.87620944,0.0,0,28.900984,46.594257,309.5847,336.1467,8.407149,10.386642,5.248177,9.211975,133.36795,277.65903,0.87372,0.99997705,0.09035304,0.43938938,0.17007248,0.39621502,1.5074371,3.4573572,54.796001,9.434,157.3220717545738,247.3220717545738,67.32207175457381,43.79071,-23.531361305355063,-113.53136130535506
505,12.613607,3.1829715,17.37680969238281,18.367158813476568,-0.7646163,7.705185,11.809974670410154,12.965738830566412,279.82327,4.394673,286.3466064453125,288.79778076171874,283.32126,4.350515,290.75905456542966,291.32130859375,100196.79,1006.547,101710.2375,101917.9125,284.13507,5.174751,291.96240234375,292.53268554687503,100194.45,1006.5303,101707.66875,101915.138125,0.00023690978,0.0003838245,0.001161861419677734,0.0016457939147949225,273.1751,27.921196,315.0468444824219,317.2760955810547,7.454289,1.1794686,9.222104454040528,10.40014368057251,3.5683408,1.1006048,5.403542900085449,5.878211221694948,-0.7555945102347861,0.5576578026519444,0.26949858267568705,0.5582309645818206,1.1433934,0.4143041,1.930035090446472,1.9540885448455811,0.0,0.0,0.0,0.0,78.77237,48.02321,169.72963867187494,211.93949615478533,92.202515,32.323936,136.73168334960937,147.3579119873047,12.613607,3.1829715,17.37680969238281,18.367158813476568,6.583668,3.9952404,12.334706115722655,15.097213745117191,180.97261,12.451272,194.87964324951173,202.04339447021485,0.046778645,0.74308527,0.9936746001243592,0.9970781767368316,1.5987676,1.1274443,3.7214229822158797,5.025604152679451,-0.20162253,1.5828915,2.132031035423279,2.9347541809082056,13.499452,16.300694,45.92511253356931,72.39530532836926,16.279,19.46405,8.631469,14.031723,286.16638,288.94385,289.52087,291.4179,101385.7,102045.375,291.2047,292.77954,101383.27,102042.25,0.0008218072,0.0017786026,308.5406,318.8535,9.161674,10.429071,5.020146,6.293935,0.0036960475544947635,0.7060501380135282,1.704667,1.9768714,0.0,0,145.53786,244.37022,129.9404,150.21669,16.279,19.46405,11.590499,15.782028,193.85469,205.0529,0.91801935,0.9995326,3.2992303,6.4498262,1.4884133,3.455742,37.15253,95.099014,54.178902,7.8899999,317.54814087935745,47.54814087935745,227.54814087935745,272.2025,44.65437376908005,-45.34562623091995
506,11.835691,3.4859908,17.109257507324216,18.10088531494141,1.7215239,7.440608,11.893641662597654,14.619609680175788,280.0607,4.4888077,286.7561096191406,288.4330767822266,283.15863,4.568232,290.8631317138672,291.6496057128906,99969.84,966.1334,101384.7625,101838.97875,283.63705,5.599528,292.1341552734375,293.00490234375,99964.45,966.0816,101379.24453125,101832.95296875,0.0002946569,0.00042992205,0.0010684013366699218,0.0019708442687988294,259.8916,26.483747,300.752294921875,307.4872735595703,6.7014813,0.9568525,8.575479412078858,8.908303966522217,2.7588897,0.83920115,4.259404277801513,4.485603857040406,-0.7606182942739068,0.5493388982988867,0.6393905940808807,0.8724637468867353,1.2399544,0.4210001,1.9522462129592895,1.9885134196281433,0.0,0.0,0.0,0.0,74.4051,44.524208,156.43184356689449,188.460414428711,86.695206,45.454914,132.42403564453124,218.48476562500065,11.888186,3.2996774,17.109257507324216,18.10088531494141,6.5713434,3.812396,12.409172058105469,14.619609680175788,173.19641,39.584423,192.99220123291016,197.46623779296877,0.18507306,0.6906199,0.9828834891319275,0.9979961442947388,1.4693533,1.0858678,3.3760965108871455,4.678233175277715,0.2272979,1.3461468,2.41769287586212,3.0022212314605716,11.92613,12.946079,38.99851188659666,56.712380142211956,15.496512,18.79721,10.140896,15.892166,286.1205,288.50275,289.66522,291.7834,101207.41,102150.375,291.50284,293.031,101201.92,102144.375,0.0009041699,0.0022301674,294.13443,311.61725,8.055071,8.984975,3.8300314,4.572186,-0.029343627256848682,0.9244921402642694,1.8178211,1.9965533,0.0,0,129.5873,202.02888,138.40732,347.4448,15.496512,18.79721,11.30389,15.892166,191.10294,201.50517,0.92913175,0.9996988,2.9172518,5.5698795,1.766351,3.1006048,29.092436,64.998955,54.757999,8.2959995,9.015324274628654,99.01532427462865,279.01532427462865,266.6952,-12.320133844941154,-102.32013384494115
507,9.877011,3.0168054,14.388230895996093,14.787749938964845,0.23618942,5.333659,8.524604797363276,10.09146636962891,279.85748,4.1865954,286.6158477783203,289.0060241699219,283.02832,4.273129,290.82811279296874,292.33013427734375,100168.77,1001.3552,101489.76875,101817.66375,,,,,100178.46,1001.388,101499.425,101827.826875,0.00029906942,0.00043451204,0.0011367321014404286,0.0018561649322509787,,,,,,,,,,,,,-0.9270894867812747,0.9378072818523289,1.0447411766071122,1.5962357418142779,1.6224376,0.3563086,1.9861661672592164,1.9919781494140625,0.0,0.0,0.0,0.0,43.66458,28.273926,88.14056472778319,126.04181152343766,93.602394,42.14242,133.55144653320312,219.01144439697327,9.9541,2.7475817,14.388230895996093,14.787749938964845,4.574837,2.6941247,9.582168579101559,10.68141815185547,,,,,,,,,0.7237787,0.59868294,1.614454400539398,2.6353375482559254,0.017835716,0.6286083,0.9420230388641351,1.4309140563011173,4.2903204,5.7910147,12.375342464447018,26.026082420349187,12.985111,15.076248,7.143953,10.647888,285.82034,289.60443,289.60983,293.46765,101316.62,102060.75,,,101326.445,102070.56,0.00090334634,0.0022807121,,,,,,,0.44403873906103186,1.702764574287291,1.9536273,1.9986324,0.0,0,81.308655,155.8058,145.9109,339.91647,12.985111,15.076248,8.374011,10.746506,,,,,1.5502819,3.597323,0.7593089,1.4876146,12.0571995,38.65865,54.472,9.0249996,13.5879237889813,103.5879237889813,283.5879237889813,273.6024,-9.985537314371925,-99.98553731437192
508,-2.8247397,4.50325,4.999880981445309,7.757890625000001,-1.2254912,3.5944467,4.467198181152341,7.100074462890627,278.05472,6.366539,288.4746337890625,289.4308514404297,281.60187,6.425989,290.7351440429687,295.01805603027344,101343.51,1010.64874,103162.61875,103770.675,,,,,101122.56,1008.12634,102935.02734375,103541.88609375,0.00027667944,0.00076959934,0.0022370338439941396,0.0030283737182617257,126.7904,107.157234,334.94696044921875,352.83929443359375,3.2881231,0.64336026,4.374539852142334,4.511067867279053,0.6003305,0.35004687,1.2594645023345947,1.4180558919906616,-0.03677102915476867,0.06025721850838237,0.07293673182468728,0.10411281837213097,0.63198626,0.14151317,0.7845137178897857,0.8292326855659486,0.0,0.0,0.0,0.0,11.724333,10.61245,32.28509483337402,38.61680038452151,218.70865,72.50172,307.50429687499997,329.60022827148435,4.4415855,2.8901074,9.035685729980468,10.334187622070313,3.0796728,2.1946623,7.498138427734373,8.823598937988287,-93.19432,154.7243,191.25326538085938,261.0174560546875,-0.003686241,0.73214453,0.9552984833717346,0.99267578125,-0.06320971,0.15572318,0.13784673437476125,0.3282177883386618,-0.010855674,0.12701549,0.2181846097111701,0.3111363655328755,0.39558193,0.6140755,1.6602636218070979,2.397450752258304,3.4741876,7.9030914,3.604764,7.6330414,287.5937,289.7173,290.7053,298.2004,102688.74,103948.875,,,102464.055,103717.266,0.001252738,0.004348278,287.74646,353.13257,4.072425,4.5479965,1.0672067,1.4328109,0.03210707067922694,0.12052808713034141,0.77679634,0.8671076,0.0,0,27.039509,43.868164,300.57236,330.77533,7.6948476,10.664993,6.1933637,9.95462,137.90028,296.8308,0.874783,0.99997705,0.10475154,0.43938938,0.14529827,0.39621502,1.2994299,3.0646322,54.82333,9.6549997,93.0227835715533,183.0227835715533,3.0227835715533047,38.70865,35.68586511008732,-54.31413488991268
509,11.849145,3.1559026,16.440719604492188,17.800223083496096,-0.4211312,5.716404,7.5332092285156245,10.078392639160157,279.7368,4.719643,287.0172393798828,288.4415185546875,283.23358,4.473391,290.24366149902346,290.81431762695314,100208.89,1047.0226,101654.81875,102002.66375,283.92322,5.8346496,292.330712890625,293.693056640625,100221.49,1047.0531,101667.2203125,102016.144375,0.00024648698,0.00041011916,0.0013156890869140622,0.0016881275177001954,272.34952,22.204027,305.2587188720703,312.8255206298828,6.8162856,0.94467396,8.303851222991943,8.500673122406006,2.8927898,0.8004041,4.563907194137573,4.851076307296753,-0.18980989068038592,0.2894077773800607,0.3684984574926121,0.5439718764608588,1.2716249,0.41837692,1.930368459224701,1.9832450580596923,0.0,0.0,0.0,0.0,54.491055,39.188698,113.89400634765624,174.7934271240236,93.24581,28.342943,131.10503540039062,165.24471771240235,11.849145,3.1559026,16.440719604492188,17.800223083496096,4.822354,3.0376484,10.085002136230468,11.243475646972664,179.1037,10.399045,193.92715148925782,196.53309265136718,0.02995007,0.659986,0.9895721435546875,0.9990695655345917,1.0791479,0.9985254,2.7040265321731565,4.644272079467777,-0.07730333,0.89715326,1.0581178128719329,1.4488781166076676,7.135438,10.754847,20.661869812011716,49.98284797668466,15.52428,18.475784,6.141403,10.086273,286.61472,288.85846,289.52292,291.02173,101284.52,102049.125,291.98807,294.50317,101297.3,102062.625,0.00087707693,0.0017108917,299.94968,317.79712,8.119289,8.74856,4.0758266,4.966095,0.18061970620648404,0.682769763489058,1.8176162,1.9908668,0.0,0,110.336555,211.67412,131.10153,167.21759,15.52428,18.475784,9.057079,13.074631,189.14478,196.66556,0.81086576,0.99998623,2.5955489,5.4573965,0.8023692,1.8357966,21.910372,71.35345,54.966702,8.6660004,349.16867783474487,79.16867783474487,259.16867783474487,273.24582,14.077141257052006,-75.922858742948
510,4.981538,5.343681,12.650005340576172,13.046382141113279,-2.6688309,7.0443964,7.577308654785156,12.128460693359344,278.75317,4.4368587,285.8260955810547,287.1696502685547,282.69376,4.0787377,289.5403137207031,290.5394790649414,100729.65,1304.1831,102668.65625,103123.61875,282.9961,3.0864704,287.711669921875,288.3238891601562,100090.38,1296.6727,102006.50390625,102464.994140625,0.0001504349,0.00042412247,0.0005779266357421875,0.0020103216171264617,,,,,,,,,,,,,-1.1268070654855487,1.0091454982929415,0.5920004986624114,1.6175240118773373,0.7178531,0.3386357,1.316258728504181,1.5385625600814798,0.0,0.0,0.0,0.0,33.06801,24.841213,82.27189636230469,91.61876449584958,128.4337,72.447556,269.41870880126953,334.29208831787093,6.387402,3.5108185,12.650005340576172,13.046382141113279,6.084877,4.388668,13.618881225585938,16.460782623291006,,,,,,,,,0.32432142,0.46839204,1.2824414372444153,1.5786731243133534,-0.26174772,0.5846514,0.316972978413105,0.7088547557592371,2.7092075,3.5069132,10.785919427871704,13.385502195358264,10.971827,13.427658,5.7501206,15.7899475,285.02173,287.34552,288.34326,290.5716,102231.52,103193.25,287.1527,288.5459,101582.72,102532.305,0.0007643266,0.0023813248,,,,,,,0.20431434082334388,1.7914710216599874,1.1693019,1.7785672,0.0,0,70.001854,96.20803,214.99486,349.6889,10.971827,13.427658,12.308399,17.70662,,,,,1.0213671,1.7151818,0.29786786,0.9507662,8.283685,14.740157,54.488632,-0.61463588,122.5565701559716,212.5565701559716,32.5565701559716,308.43372,-84.1228543356591,-174.1228543356591
511,11.771457,3.2758696,16.485238647460935,17.677827453613283,0.7172389,7.361894,11.932301330566405,13.481458129882824,280.00928,4.4776316,287.53037719726564,288.5413623046875,283.24683,4.5125875,290.8549102783203,291.72589721679685,100032.75,1112.6136,101500.21875,102274.5225,283.69778,5.4396887,292.1341552734375,292.8371630859375,100027.4,1112.5533,101494.6125,102268.850625,0.00027261564,0.0004226384,0.0010170459747314445,0.0018350028991699257,264.62247,26.659515,303.04473571777345,315.09453552246094,6.569596,0.9633842,8.019179439544677,8.762720890045168,2.6841145,0.9459343,4.323730516433715,4.889508714675904,-0.7133923194832228,0.7074316200028495,0.8002498922584237,0.9924923441859668,1.3785455,0.44342226,1.968228006362915,1.9897647261619569,0.0,0.0,0.0,0.0,68.81822,47.084644,160.32429199218748,184.27215270996103,88.6134,32.700565,139.52055053710936,159.71700988769533,11.771457,3.2758696,16.485238647460935,17.677827453613283,6.1191955,4.0875196,12.200082397460937,17.50937103271486,176.00906,15.423795,190.3139846801758,199.01055480957032,-0.13857858,0.6858058,0.917252069711685,0.9959285640716553,1.345391,1.1061699,3.383959889411926,4.788688402175905,0.15610638,1.4226718,2.451603865623473,2.8742065620422377,11.019817,13.426698,40.93428153991699,54.38895812988287,15.558432,17.865799,9.28898,15.892166,286.33728,288.58575,289.76852,291.88763,101428.33,102800.625,291.47974,293.031,101422.97,102795.47,0.0009662021,0.0025405884,299.30295,318.7585,7.8248167,9.054537,3.9647636,5.1690354,0.2435823329566462,1.0387567864159364,1.8581933,1.9969634,0.0,0,127.09028,203.82582,132.62538,163.48343,15.558432,17.865799,11.217668,20.648651,189.31789,201.50517,0.7663791,0.99973446,2.7879713,5.1053896,1.5806117,3.1006048,28.150768,66.160355,54.632,8.3839998,308.3531494574069,38.353149457406914,218.35314945740691,268.6134,50.260253862905586,-39.739746137094414
519,7.1389236,6.6665506,17.769842529296874,21.68569641113282,6.4256344,4.461925,11.787734985351562,13.08639892578126,280.47867,3.658812,286.35985107421874,287.375244140625,283.83655,3.2111623,289.04791870117185,289.9268432617188,99329.93,1237.7316,101108.97499999999,101886.9225,283.7726,2.4783866,287.47314453125,287.8760546875,98904.08,1234.2477,100681.3125,101451.7075,0.0002907683,0.0004592055,0.0011604309082031247,0.0024303436279296898,227.4081,41.71046,282.48590087890625,303.10400756835946,7.6911254,1.7905506,10.894583702087402,12.734703903198243,2.8569756,1.5922526,6.010024070739746,6.934310264587405,0.039326493199619686,0.5041730075525085,0.8717172686095348,1.1485128052235456,0.60833025,0.32931295,1.0827632904052733,1.9698996305465701,0.0,0.0,0.0,0.0,51.538284,40.159428,135.16176757812497,165.42384033203138,101.02269,109.32995,353.07549438476565,359.1462707519531,8.183556,5.324058,17.769842529296874,21.68569641113282,7.020282,3.4449618,11.815652465820312,14.218258056640636,126.385414,132.02325,214.6334045410156,224.51133666992192,-0.06416995,0.7174385,0.9828842520713806,0.9977618551254273,0.81451607,1.0463004,3.124940395355221,4.044449653625489,0.5819577,0.8264192,1.980126118659973,2.6191086769104035,6.7838316,9.5193815,29.094898986816393,43.63629379272468,14.7227335,22.690338,10.975259,15.076691,285.4942,288.31302,288.3126,290.52283,100818.086,102733.44,287.23895,288.07788,100387.97,102287.84,0.0009873231,0.002784729,269.67932,327.7422,10.096556,13.372406,4.9704013,8.573469,0.7299331709835096,1.282406969260313,1.0526837,1.9985704,0.0,0,104.639015,179.60756,241.41747,359.9724,14.826512,22.690338,11.119628,18.278244,205.7247,228.66985,0.7731944,0.9994636,2.3597977,4.3761697,1.529442,3.5968864,20.022976,51.372257,55.206778,-6.656833,64.87571211996561,154.8757121199656,334.8757121199656,281.0227,-53.85300704184061,-143.8530070418406
520,1.2401247,5.766237,9.979541015624983,12.821433410644527,1.8791168,4.9161606,10.098159790039059,11.774848632812494,279.7383,4.274855,285.53427734375,286.0154174804687,282.82245,3.417894,287.7799499511719,288.34473510742185,101193.52,1001.8615,102801.83125,103210.09625,283.44125,2.4029665,287.33408203125,287.56826171875,101024.98,1000.125,102628.2609375,103036.57359375,0.00020247932,0.00037801987,0.0011198043823242186,0.001434526443481445,243.64227,72.68376,328.95010070800777,343.57825195312495,6.6648192,1.7663652,10.555180072784418,11.320889949798584,1.3353622,0.6989545,2.556362676620482,3.5280498123168944,9.852447424309519,0.035841674923042036,9.89976137029361,9.917345928915097,0.13671754,0.03557506,0.19692893326282498,0.21478161334991455,0.0,0.0,0.0,0.0,19.830332,17.375694,57.91782493591303,73.41155181884764,163.37625,111.82294,335.34778747558596,349.9445141601562,5.029454,3.050153,10.662844848632808,12.821433410644527,4.2704453,3.0571725,10.203958129882812,11.774848632812494,80.266014,154.39651,228.89805450439448,253.46924163818352,-0.027116824,0.684267,0.9685531497001647,0.997455598115921,0.05298565,0.29992187,0.5408703386783597,0.931972192525863,0.10880674,0.31984735,0.6841389715671534,1.1998312950134276,1.1032515,1.785087,5.348786687850943,8.585065727233884,7.301466,13.571075,7.634313,14.247543,284.5002,286.46796,286.70383,288.45255,102321.17,103623.44,286.5053,287.70508,102150.1,103448.69,0.0007988681,0.0021800995,308.3145,349.02072,9.06627,12.015307,2.214643,3.8080232,9.884317208962937,9.920094659061775,0.1834633,0.23957628,0.0,0,40.232815,74.76852,286.51532,355.91733,8.61038,13.571075,8.069219,14.247543,213.26259,273.73917,0.76288134,0.99999857,0.347339,1.1604179,0.49523982,1.6964388,3.1882577,8.902602,55.627583,-6.189917,99.23903092252806,189.23903092252806,9.239030922528059,343.37625,-25.862779701824934,-115.86277970182493
521,8.034491,7.2504425,18.441883850097657,20.944250488281256,7.2366166,4.6556344,13.425486755371093,15.016273803710943,280.65524,3.949178,286.4508941650391,287.38908447265624,283.84518,3.4059753,289.1153076171875,289.6037548828125,99083.12,1343.58,101127.3875,101817.26875,284.0104,2.5231004,287.9225341796875,288.2496728515625,98994.72,1342.8322,101038.02890625,101725.36328125,0.00038462188,0.000554002,0.001677179336547851,0.002621097564697266,228.82568,44.552013,284.9934906005859,290.80058715820314,8.325895,2.020284,12.17928762435913,13.514518623352053,3.2737408,1.6317699,6.196886301040649,7.515530815124515,-0.08458045640404932,0.7849952783772994,1.22951243429787,1.3681344874307713,0.6022442,0.27782765,1.0782192111015318,1.2146239995956438,0.0,0.0,0.0,0.0,61.712917,50.160248,163.13165130615235,173.38470367431646,97.70198,108.26053,353.7162719726563,358.60450134277346,9.038746,5.9363813,18.441883850097657,20.944250488281256,7.6418033,3.9474368,13.425486755371093,15.016273803710943,131.12369,137.1506,225.2993194580078,250.5440942382813,-0.118681975,0.669601,0.9817637085914611,0.9983353209495545,1.0931491,1.3113389,3.537468290328979,5.116414279937746,0.8832359,1.0235215,3.050731515884399,3.282734837532047,10.029644,13.314416,42.38001747131347,47.90652214050296,15.975012,23.269867,12.119686,17.412918,285.81482,287.58105,288.4099,290.3629,100665.8,102405.06,287.65323,288.35547,100576.68,102315.25,0.0011736646,0.0028514862,272.90167,291.56204,11.212349,14.558975,5.1357546,8.748696,0.8920385414542545,1.938830045460959,0.9772701,1.9700332,0.0,0,125.55454,191.23201,230.98819,359.7263,15.975012,23.269867,12.119686,17.412918,214.89006,271.94562,0.64336926,0.99872315,2.587877,5.617117,2.3035147,4.6935024,27.490032,58.237217,55.3717,-7.3344,116.34011768191164,206.34011768191164,26.340117681911636,277.70197,71.36184765011961,161.3618476501196
522,7.414014,6.721844,17.83123016357422,21.20596694946289,6.3820767,4.607583,12.103950500488281,13.213802337646484,280.55774,3.4410627,286.1813659667969,287.4983825683594,283.7787,3.0534365,288.71134185791016,289.8959655761719,99153.84,1165.7372,100858.765625,101425.484375,283.75772,2.4526057,287.51336669921875,287.81280517578125,98728.55,1162.8335,100425.59765625,100994.05859375,0.00038163227,0.00063099933,0.0014442205429077148,0.002966165542602539,224.83624,43.303024,274.3623504638672,289.3227844238281,7.7580795,1.7734047,11.214987993240356,12.836498022079468,2.956957,1.5298511,6.010363817214966,7.49084997177124,-0.0017064576347587427,0.4211293982829197,0.6598720094837957,0.8667525563900305,0.60033345,0.26357114,1.060416430234909,1.5059340000152588,0.0,0.0,0.0,0.0,53.72284,39.08225,132.30500411987305,163.3779640197754,93.05951,101.552574,346.5552673339844,357.4088363647461,8.547581,5.1948304,17.83123016357422,21.20596694946289,7.065996,3.4611945,12.443164825439453,14.22955322265625,131.77675,128.97897,217.30548095703125,229.06439971923828,-0.058826312,0.72218317,0.986246258020401,0.9993926137685776,0.8480524,1.054673,2.98501193523407,4.170658469200134,0.60722536,0.82422274,2.0174015164375305,2.6641374826431274,7.014783,9.36565,27.891343593597412,42.52446365356445,14.839634,22.355057,10.941001,15.076691,285.17218,288.31302,287.9428,290.34943,100534.33,102626.69,287.2887,287.83838,100105.55,102184.016,0.0012685775,0.00399971,265.70755,327.7422,10.087819,13.372406,4.99378,8.573469,0.5014176915012957,0.9652603864827255,0.94205827,1.7234241,0.0,0,103.34604,176.11273,217.69086,359.9724,14.839634,22.355057,11.127793,18.278244,208.095,235.03194,0.739618,0.9999316,2.3254106,4.6606865,1.5197555,3.3355324,19.177328,49.392494,55.200001,-6.6666999,64.87732055231845,154.87732055231845,334.87732055231845,273.0595,-61.8178112749747,-151.8178112749747
523,5.6858635,8.330288,17.73285980224609,20.55874877929687,7.22714,4.9313383,13.547399902343749,16.094101257324212,280.80017,3.174458,286.30707397460935,286.9250231933594,283.60025,2.809276,288.42438354492185,289.4155065917969,98944.74,1123.2769,100563.95625,100904.765,283.64914,2.2660913,287.065478515625,287.5585546875,98780.38,1122.3094,100397.85625,100736.25546875,0.00050890143,0.0005880524,0.0018717765808105467,0.0022263813018798813,204.23256,48.65906,270.99549255371096,295.4059167480467,6.69472,1.3756274,9.432915592193604,10.142386856079101,2.6412725,1.3139347,5.174717664718627,5.774681177139282,-0.08587110252066016,0.19000234883721798,0.20961631321214408,0.28216818098011587,0.60553974,0.21329725,0.9439391195774077,1.0415328013896938,0.0,0.0,0.0,0.0,59.188538,47.900143,155.38399353027336,209.4787026977538,123.56933,123.54786,346.9805053710937,357.6282104492187,8.418671,5.5246778,17.73285980224609,20.55874877929687,7.8020506,3.9502451,13.547399902343749,16.094101257324212,80.66322,156.27333,195.3571823120117,207.14817321777343,-0.09324558,0.70934546,0.9688113629817963,0.9864176738262176,0.7516001,1.4074093,3.7674969673156724,4.615906543731686,0.8137989,1.0964777,3.1580447196960417,4.934002828598018,9.202144,14.521156,38.47900695800777,69.95285919189445,16.194992,21.910583,12.235329,19.758987,284.85016,287.48267,287.16937,289.55618,100216.82,101064.75,286.35895,287.74878,100051.734,100897.68,0.0013087818,0.0026650429,261.5704,305.32504,8.628977,10.198301,4.589163,7.6269383,0.11543518381349106,0.32163013784059297,0.884465,1.1627275,0.0,0,121.035904,212.76123,270.08502,359.88275,16.194992,21.910583,12.235329,19.758987,192.28304,224.3564,0.8223903,0.9992985,2.675863,5.5707045,2.218925,5.1857843,27.888277,72.08824,55.627399,-6.1901002,99.23903395857553,189.23903395857553,9.239033958575533,303.56934,-65.66969802107553,-155.66969802107553
524,7.9949884,7.357588,19.521163177490227,24.2379133605957,7.026515,5.155558,13.296006774902343,14.712732238769512,280.64606,3.6537454,286.7608184814453,287.44055328369143,283.76657,3.045632,288.91540679931643,289.70005004882813,99206.766,1409.448,101217.73125,101721.071875,283.9897,2.4972093,287.6906982421875,288.2493627929687,99118.27,1408.6274,101126.576171875,101629.014296875,0.00036360355,0.0005095371,0.0011973857879638665,0.002574324607849119,231.58276,40.377834,285.9893371582031,303.1141812133788,8.173884,1.8836813,11.28310375213623,13.572440958023067,3.1358025,1.6568478,6.2457055091857905,7.139694523811319,0.13659330737800307,0.8860106885915109,1.4714276274678297,1.7337347405836412,0.6872354,0.36182374,1.2489105820655821,1.9817918181419372,0.0,0.0,0.0,0.0,65.20622,58.869717,180.47810287475582,230.74637588500963,91.026306,101.36809,346.733609008789,356.6199786376953,9.034058,6.0207543,19.521163177490227,24.2379133605957,7.7568626,3.9581163,13.296006774902343,14.712732238769512,140.55644,116.85075,212.54793853759764,227.91928482055656,0.043714155,0.70027167,0.9886656075716018,0.9987673717737198,1.2314708,1.732736,4.441620707511899,7.219142837524408,0.83323014,1.307212,3.3657671809196468,4.844126267433165,12.231398,18.685343,51.88119258880614,84.82970443725576,16.858456,24.402908,12.346465,17.29779,285.16443,287.60843,287.5952,290.016,100721.89,101752.75,287.14087,288.33496,100632.37,101661.484,0.0010493502,0.0028514862,273.84576,315.07428,10.686353,14.094086,5.1692758,9.972151,1.1791596328537413,1.8959432366303675,1.1224258,1.9975911,0.0,0,146.3175,248.74025,247.49297,358.71957,16.858456,24.402908,12.486759,17.29779,208.8908,239.91147,0.68976486,0.9993549,3.7377007,8.084824,2.3910158,5.0643864,38.662888,98.5307,55.3717,-7.3343201,116.28202829846066,206.28202829846066,26.28202829846066,271.0263,64.74427785388309,154.7442778538831
526,4.5448613,6.512895,15.415580749511719,18.13696670532227,6.376622,4.938104,13.212982177734375,15.28986968994141,280.80237,3.753446,286.8272476196289,288.1419937133789,283.24948,3.4515,288.86981201171875,289.9074981689453,99050.55,1246.9707,100738.265625,101429.93125000001,,,,,97999.0,1240.2861,99689.5078125,100355.2609375,0.0008589011,0.00085792306,0.0026742219924926758,0.003590869903564454,193.706,39.65407,253.80805206298828,316.09197845459,4.8252563,0.72132653,5.900539875030518,6.16630883216858,1.5543957,0.7086294,2.8277137875556946,3.3522871375083927,0.0980325859480766,0.820698345289301,1.1823842877035196,1.4895394645647855,0.8171651,0.46640903,1.494587481021881,1.917841410636904,0.0,0.0,0.0,0.0,38.4677,34.124226,101.00948524475098,161.70433731079106,125.98504,126.08983,355.7761535644531,359.0399169921875,6.436826,4.643536,15.415580749511719,18.13696670532227,7.0336237,3.9422174,13.212982177734375,15.28986968994141,67.720955,148.59021,176.1993179321289,185.97674789428729,0.031747896,0.7195532,0.9893944263458252,0.9993177741765976,0.44812924,0.8448386,2.1853126287460327,3.681973552703868,0.48710862,0.63620836,1.7828761041164398,2.8312345623970057,4.20396,7.304067,16.248158931732178,41.64277820587161,12.552537,20.622833,11.915705,16.075653,286.00357,289.91046,287.97348,292.01056,100404.43,103171.94,,,99348.05,102073.19,0.0020748267,0.0046138763,242.80287,346.33603,5.640274,6.6355324,2.4482243,3.7366414,0.9802916610194665,1.7278723978087613,1.3086861,1.9998581,0.0,0,88.51216,168.74135,305.565,359.6558,12.735251,20.622833,11.915705,16.075653,173.87567,201.29758,0.89784807,0.9999524,1.5651103,5.4131703,1.4763131,3.6190858,14.508344,45.344276,55.749806,-4.906333,42.989552712083594,132.9895527120836,312.9895527120836,305.98505,-7.004506325364844,-97.00450632536484
527,3.3564608,4.1159787,8.756072998046871,10.06474670410156,1.2430444,3.302966,6.250610351562499,7.6277569580078115,278.4023,4.0392585,284.49224853515625,287.06194580078125,281.9728,3.9918966,288.9465393066406,290.654501953125,100113.25,1377.9248,102040.525,102908.2275,,,,,98616.13,1362.1898,100524.575,101346.694375,0.00019976118,0.00048002522,0.0011250495910644514,0.002582702636718747,,,,,,,,,,,,,0.4678379326563672,1.2110581397668851,2.1722027567047952,2.4726096985752894,0.75825983,0.4061647,1.5755413532257068,1.9825530052185059,0.0,0.0,0.0,0.0,12.162216,11.325625,34.307284545898426,52.765124664306626,104.316666,85.28652,301.9098937988279,340.34657592773436,4.5758467,2.6875846,8.872979736328123,10.51987365722656,2.83593,2.0932264,6.894290161132811,8.286075439453123,,,,,,,,,0.07957544,0.17108849,0.36230873465537994,0.5423859858512877,0.03378434,0.13312763,0.2682032048702239,0.4573042559623718,0.43887243,0.82764626,1.8744056463241567,4.436081829071042,7.769489,12.153091,4.7456985,9.372757,283.70212,290.54337,287.3613,292.5385,101821.47,103110.31,,,100300.73,101597.47,0.0008255773,0.0034599304,,,,,,,1.8830957372609929,2.5451368718048832,1.1521542,1.9980862,0.0,0,28.53894,63.142685,220.99309,353.67923,8.006107,12.153091,5.732849,12.993973,,,,,0.30133617,1.0182439,0.19847545,0.63113135,1.5796666,6.3492956,55.989833,-3.181694,94.66538702734135,184.66538702734135,4.665387027341353,284.31665,-80.34873663671635,-170.34873663671635
528,10.545997,3.8983057,16.32476806640625,17.9739990234375,-0.78992075,6.8248873,9.721710205078125,13.713188171386719,279.23358,4.468365,286.8040313720703,288.4586181640625,282.59537,4.3611007,289.61134338378906,290.97523498535156,100042.28,1006.9318,101590.625,102113.1875,283.27036,5.452583,291.146728515625,292.6361083984375,100054.85,1007.0193,101603.7421875,102125.84765625,0.00025238266,0.00039639266,0.0011272430419921875,0.0018258094787597656,271.76944,26.165598,309.85174560546875,319.0434265136719,6.803842,1.0489078,8.63796091079712,9.176566123962402,2.7673082,0.9304542,4.451902151107788,4.853001594543457,-0.44999579475077706,0.55637671619,0.8393767776772885,0.981220263039222,1.2406297,0.45148903,1.9648732542991638,1.9922131299972534,0.0,0.0,0.0,0.0,57.21086,41.486313,129.52416229248047,170.80128479003906,100.02695,46.538868,155.13483428955078,317.0768585205078,10.644608,3.618458,16.32476806640625,17.9739990234375,5.708869,3.7945707,11.71856689453125,16.760940551757812,171.7425,41.616486,193.38975524902344,200.70410919189453,-0.010431585,0.7156289,0.9845475554466248,0.9991116523742676,1.0323988,0.9223435,2.775543689727783,3.7481751441955566,-0.0956378,1.1209098,1.6000551581382751,3.2403353452682495,7.935107,10.423986,26.719928741455078,46.45820999145508,14.976558,18.228378,8.257954,16.655258,285.59955,289.0708,288.67834,291.47498,101379.56,102221.06,290.45093,292.75513,101392.23,102234.484,0.0007854271,0.001958847,303.47156,326.21323,8.25969,9.412933,4.003102,5.1690354,0.395597576957565,1.119818494820912,1.8470092,1.9929098,0.0,0,117.71512,188.28612,159.53343,353.00522,14.976558,18.228378,11.2640085,18.030487,190.91815,201.36833,0.8499625,0.9998561,2.331603,5.4656997,1.3195862,4.524248,23.882652,56.456768,55.01826759,8.44140467,10.963689574694627,100.96368957469463,280.9636895746946,280.02695,-0.9367425532102516,-90.93674255321025
530,10.5707245,4.024003,16.811767578125,18.695670318603515,2.2321014,6.696003,12.258350372314453,14.929772186279298,279.22937,4.4483013,286.2528610229492,288.1794708251953,282.16122,4.3213997,288.76556396484375,290.5358093261719,99607.58,1070.5046,101252.96875,101728.2125,282.2787,5.3537564,290.4854736328125,291.730419921875,99562.75,1070.2517,101208.3984375,101682.35546875,0.0003579545,0.00052690675,0.0015528202056884766,0.0021834373474121094,257.09622,25.614878,302.12646484375,310.42178192138675,7.4759235,1.3582137,9.858349800109863,10.840039920806888,3.2341683,1.154194,5.2970417737960815,6.00898289680481,-0.4098798334981501,0.5419992544477235,0.6636872728177134,0.9164652264873677,1.295637,0.46958545,1.9878299236297607,1.9977639973163606,0.0,0.0,0.0,0.0,59.07263,40.152634,131.10928344726562,159.76685333251956,80.916565,40.52653,136.34424209594727,193.91074905395513,10.65356,3.7987506,16.811767578125,18.695670318603515,5.955469,3.7792344,12.594940185546875,15.069788360595705,176.17966,29.20215,200.20940780639648,210.56122207641602,-0.02432836,0.71994877,0.991007536649704,0.9994088977575302,1.0744303,0.95486295,2.865659177303314,4.333386015892031,0.25937206,1.0475101,2.096846878528595,2.8951097726821904,8.118876,9.890079,27.374797821044922,40.64991531372071,15.1584835,21.438995,10.381449,19.69374,285.33548,288.81125,287.9828,291.7785,100945.586,102176.44,289.4667,292.7251,100900.305,102131.03,0.001102028,0.004061699,291.20187,326.31268,9.286866,11.507705,4.770193,6.5513926,0.32698530138134957,1.0488956914434808,1.8912477,1.9995053,0.0,0,115.924385,225.16338,132.51744,338.94376,15.1584835,21.438995,11.164779,19.69374,196.09796,227.62325,0.8578458,0.9999995,2.4769495,6.277364,1.6026711,3.9738648,22.907133,80.737434,55.4667,8.4333,313.23580676505884,43.23580676505884,223.23580676505884,260.91656,37.68075817634741,-52.31924182365259
531,3.282473,3.9208324,8.560189819335935,9.387598876953126,1.3130692,3.2184963,6.005181121826171,7.13988189697266,278.50897,3.8317242,284.59521484375,286.9421841430664,282.0778,3.7969584,288.8106689453125,289.739658203125,100250.66,1344.4176,102310.659375,102908.344375,,,,,98752.305,1330.1493,100794.65625,101348.17765625,0.00025052245,0.0005548498,0.001344299316406249,0.002655487060546881,,,,,,,,,,,,,-0.22863150666963342,1.1457739809411223,1.89235049163081,2.3080234796963786,0.66925955,0.35463983,1.2819106936454763,1.9705178964138033,0.0,0.0,0.0,0.0,11.946161,11.937259,36.5955055236816,53.18632377624514,100.47538,84.32069,299.7819274902342,352.8428845214844,4.3622813,2.6602607,8.774235534667968,10.118884429931647,2.8097465,2.0389934,6.432946777343749,8.020803375244144,,,,,,,,,0.07954315,0.17474562,0.3856015875935553,0.6843068364262598,0.03808778,0.13726172,0.30133194029331195,0.46912934839725506,0.45307177,0.89173216,2.1335482776164967,4.504927277565006,7.2436843,10.573547,4.706073,9.372757,283.59155,287.71997,287.27838,289.95905,101903.81,102937.25,,,100389.6,101417.29,0.0010035319,0.0035619736,,,,,,,1.2561598888474093,2.4635864642904917,1.0431846,1.9895248,0.0,0,30.023857,63.142685,210.46272,358.60794,7.419495,11.504471,5.684411,12.993973,,,,,0.30144033,1.0182439,0.20825349,0.63113135,1.7335347,6.3492956,55.989799,-3.1803999,94.66538081666306,184.66538081666306,4.66538081666306,280.47537,-84.19000850220993,-174.19000850220993
532,4.2624717,6.457751,14.011505889892577,18.030219268798827,6.93601,4.9391394,13.566664886474605,15.374404296875003,280.90607,3.7043364,287.2891220092773,288.29653411865235,283.4217,3.393463,288.9545074462891,289.99877044677737,99055.04,1155.9989,100695.20625,101067.2925,,,,,98004.12,1150.509,99634.549609375,100007.345,0.00085878716,0.00084609893,0.0027465820312499983,0.0035317230224609416,192.49416,37.53889,245.85727081298816,275.8983529663086,4.8750844,0.6699334,5.9176617622375485,6.263231382369995,1.6006166,0.6895871,2.798213958740233,3.3655873131752014,-0.0988918631101079,0.8055387648201928,1.095662977474658,1.3536486094327045,0.77657354,0.32764122,1.417461514472961,1.607506722211838,0.0,0.0,0.0,0.0,40.130642,33.503407,97.90666007995594,162.931199798584,126.63569,128.7,354.72817077636716,358.7703012084961,6.3224664,4.4488525,14.011505889892577,18.030219268798827,7.4798627,4.064125,13.566664886474605,15.374404296875003,65.85848,150.02693,176.22701110839844,181.91078430175781,-0.0022842544,0.7271015,0.9827568978071212,0.9931213104724884,0.42158717,0.8462154,1.6081398248672474,3.9512632179260287,0.53220195,0.6292275,1.5415842235088337,2.8827837753295915,4.3436236,7.349716,15.273955345153775,42.275885429382335,12.471539,20.622833,12.112938,16.337173,285.95602,289.91046,287.9025,292.01056,100381.97,101495.19,,,99324.84,100406.72,0.002043111,0.0046138763,237.31007,346.33603,5.6607647,6.6355324,2.5211957,3.7366414,0.8413904686661426,1.4276454167242636,1.2351016,1.7781012,0.0,0,89.522385,168.74135,308.21353,359.50488,12.778175,20.622833,12.112938,16.337173,173.91533,201.29758,0.89134455,0.9991465,1.6190336,5.4131703,1.444029,3.6190858,14.680199,45.344276,55.749699,-4.9046998,42.98902407579203,132.98902407579203,312.98902407579203,306.63568,-6.353342923448281,-96.35334292344828
533,5.258215,4.0873675,11.193122863769531,11.961282348632814,-0.6837191,5.39812,6.989410400390625,8.836396789550786,278.6202,3.9130206,285.03013610839844,286.7807647705078,283.0776,3.7152216,289.5875244140625,290.4330169677734,100538.72,1254.0018,102181.15625,102943.65,,,,,100436.234,1253.0857,102078.31640625,102838.696875,0.00015887943,0.00042921907,0.001081705093383789,0.0020681381225585967,236.4627,93.97826,347.9839630126953,357.7671142578125,5.4447923,1.3234757,8.130775928497314,8.723215675354004,1.4922539,0.9300806,3.3908419609069824,4.347258615493777,-0.44904295439500025,0.9194495822276749,1.409884450405849,1.9059389268054145,0.6430223,0.35773954,1.2934852242469788,1.95863356590271,0.0,0.0,0.0,0.0,22.254929,19.826828,63.736934661865234,73.24640274047852,109.0105,70.892944,253.53968811035156,355.33156127929686,5.805236,3.259727,11.193122863769531,11.961282348632814,4.3187995,3.2967489,11.086509704589844,13.344293212890625,127.45222,128.22487,222.30081939697266,275.61262817382817,-0.039193135,0.7343364,0.9913208484649658,0.9982935845851898,0.22456256,0.31327066,0.9053252339363098,1.1687475442886355,-0.06821355,0.37518215,0.4354112446308136,0.7869804143905642,1.4117863,2.1958992,6.469499588012695,8.543870735168458,9.870216,16.354782,5.433719,12.545959,283.93402,287.5931,288.1625,291.10364,101972.43,104207.875,,,101868.9,104100.484,0.00071017403,0.003525734,324.45972,359.18,7.2369313,9.662651,2.8027372,4.9865828,0.7129042927607973,2.2597881303799756,1.0757674,1.9994017,0.0,0,51.63759,86.26642,213.258,357.69376,9.958084,16.354782,9.1065235,14.852615,215.23181,308.7389,0.7955733,0.9999994,0.6478729,1.7030867,0.31884614,1.0505733,4.734673,11.851218,55.0,-1.4333301,162.53315834214254,252.53315834214254,72.53315834214254,289.0105,36.47733970473246,126.47733970473246
534,0.7833518,4.6212554,6.9588623046875,7.870257568359374,-2.1401348,3.5995622,4.4662322998046875,6.0670623779296875,276.5266,5.8704963,285.76971435546875,287.4527221679688,280.49142,5.9643774,290.5089111328125,291.47442626953125,100953.63,1068.1172,102595.5625,103131.85,,,,,100592.09,1064.9082,102225.21875,102763.45625,0.00016690482,0.00056893483,0.0007171630859375,0.00279417037963867,,,,,,,,,,,,,-0.07533124166669947,0.09795777173244481,0.0927987921945871,0.18942969381279007,0.5149791,0.14024499,0.7136045098304749,0.7763684868812561,0.0,0.0,0.0,0.0,12.639051,11.8170185,36.03044509887695,46.44026412963865,163.84882,75.36543,290.9398193359375,351.12613525390617,4.016151,2.389744,7.9161834716796875,8.739254760742186,3.4332452,2.3853285,7.4706878662109375,8.902593994140625,,,,,,,,,0.0030544274,0.17422684,0.23878511786460876,0.36093130707740784,-0.060739227,0.14020908,0.1180407702922821,0.2606181234121322,0.4749368,0.74022883,2.0673723220825195,3.4497541904449434,5.939213,8.00589,2.8151932,6.3413086,284.20172,288.2469,288.99933,292.89667,102254.35,103395.625,,,101888.305,103018.016,0.0009130478,0.004360676,,,,,,,0.050365220721168044,0.2023797248849697,0.6874228,0.80455846,0.0,0,29.983791,49.189938,265.5133,359.14822,7.2779474,11.240234,6.6295815,9.592316,,,,,0.19555317,0.5075235,0.094795324,0.29232508,1.6170311,3.8532925,55.5667,9.75,235.50671224678024,325.50671224678024,145.50671224678024,343.84882,18.34210367118851,108.34210367118851
535,-2.7106922,4.8410516,5.7453155517578125,7.637522888183595,-1.9539537,3.6353228,4.116401672363281,4.861848449707033,277.43115,6.844176,288.2053985595703,289.6173156738281,281.27386,6.49241,290.54718017578125,293.88609313964844,101358.95,1141.4669,103259.28125,103730.05625,,,,,101135.41,1138.6104,103031.48828125,103496.74140625,0.0001661756,0.00050024217,0.001129150390625,0.002409887313842777,123.878975,110.31195,335.818603515625,353.19305419921875,3.3353145,0.66146106,4.366801738739014,4.626370906829834,0.62547535,0.367447,1.2723640203475952,1.4959816932678223,-0.022998708248150177,0.057308609994799815,0.06407384243109823,0.09311940358345343,0.63687354,0.1777174,0.8590682148933411,0.8902874290943146,0.0,0.0,0.0,0.0,14.582262,12.725103,38.43006706237793,45.50776214599611,210.18553,70.295204,303.33607482910156,320.61167602539064,4.741284,2.8576732,9.320243835449219,10.614436340332036,3.420094,2.2945228,7.634956359863281,9.382221984863289,-86.942726,162.04367,200.64199829101562,231.9600830078125,-0.13822661,0.70868987,0.9824718236923218,0.995223879814148,-0.09557143,0.20138095,0.1555391624569893,0.3778362318873414,-0.05294472,0.15701519,0.20377085357904434,0.2708939090371133,0.59418064,0.8502922,2.3519290685653687,3.2988306045532245,3.4231865,7.9257507,2.6152618,6.965164,286.53003,289.85822,289.8419,297.8586,102772.25,104125.81,,,102543.695,103888.22,0.00073799334,0.0032639503,273.30313,353.55487,4.239021,4.7218666,1.1722531,1.6338748,0.04456771463745082,0.10238227269722176,0.833479,0.90273416,0.0,0,32.92512,45.824005,288.34824,327.46,8.827336,10.903442,6.686985,9.9888,120.36144,264.46082,0.68607503,0.9999761,0.10908363,0.45648718,0.11287875,0.29128402,1.8910757,3.3439941,55.0,9.9833002,319.6292639789816,49.62926397898161,229.6292639789816,30.185547,-19.443717103981612,70.55628289601839
536,-2.8015718,4.389328,4.474038696289061,6.4348950195312575,-0.56371456,3.935486,5.473834228515624,8.799367370605474,278.74658,6.561117,288.7701843261719,289.69343627929686,282.2533,6.412512,292.400732421875,294.3364923095703,101497.63,1051.2657,103165.13125,103589.12625,283.18134,5.7426586,290.99716796875,291.65330078125,101263.12,1047.95,102928.57578125,103346.78953125,0.00018252188,0.00046168506,0.0010474205017089832,0.0020174884796142606,,,,,,,,,,,,,-0.016522644510715057,0.04400858628233353,0.04817404792735393,0.09562290189401436,0.5418442,0.12546171,0.6782584428787232,0.7056779444217683,0.0,0.0,0.0,0.0,12.672621,12.356772,41.07228088378904,47.50477569580082,216.96661,82.55401,318.6309814453125,344.71514770507815,4.376374,2.7912517,9.051139831542967,9.6285400390625,3.2555134,2.2475967,6.872856140136719,9.023291625976565,,,,,,,,,-0.08265815,0.18545543,0.06111452132463453,0.3022152954339993,0.005567159,0.15482183,0.2747498169541356,0.380823405981064,0.49527735,0.89849615,2.693491888046262,3.6360510969162045,3.345867,7.880478,4.75986,9.696182,288.024,289.92865,291.13705,296.20114,102992.73,104057.44,290.62006,291.71582,102751.42,103810.9,0.0007211512,0.0025987625,,,,,,,0.037159961435424146,0.10759662095117256,0.6527086,0.72621864,0.0,0,33.032017,54.6812,307.505,351.7233,7.459617,9.684433,6.224573,9.696182,,,,,0.10078518,0.5327321,0.18228878,0.41318887,1.9498576,4.761628,55.266701,9.8832998,200.90768316688428,290.9076831668843,110.90768316688428,36.966614,-73.94106939735303,-163.94106939735303
537,10.538523,3.3970087,16.095520782470697,16.97365020751953,3.2163804,6.6793942,12.358365631103513,14.372098846435543,280.4886,4.469358,286.9325408935547,288.86295043945313,283.41785,4.3942366,290.60151824951174,291.50301330566407,99778.445,973.3383,101237.5,101599.55,283.66672,5.3270125,291.8611328125,292.7947631835938,99733.734,973.15173,101192.605078125,101554.453984375,0.00034826994,0.00047509087,0.0015034675598144507,0.001961812973022461,253.16759,24.143633,296.14920196533205,301.03107696533203,7.424133,1.2357196,9.49102277755737,9.951560735702513,3.2287278,1.0426818,4.911888027191161,5.312533564567565,-0.5412618499990942,0.5125530021232376,0.5477691244076122,0.7583043639975965,1.2888039,0.42481855,1.984814465045929,1.9918082642555237,0.0,0.0,0.0,0.0,64.50167,43.29797,136.56429061889648,176.45487762451162,75.62409,32.74326,129.2065818786621,148.73741317749017,10.538523,3.3970087,16.095520782470697,16.97365020751953,6.3069677,3.8359327,12.382926940917969,14.372098846435543,177.54349,13.583833,196.90391845703124,204.23378921508788,-0.024579775,0.73614734,0.9964329272508621,0.9996531909704208,1.1632377,0.98075265,2.612475788593292,4.243086271286007,0.4420093,1.170884,2.2160368561744686,2.963205194473265,9.564375,11.753822,29.700897693634026,50.120458755493104,14.056521,17.108444,11.260172,15.160858,286.2543,288.92578,289.24683,291.68378,100956.55,101656.25,290.98367,293.3877,100911.38,101610.086,0.0010177873,0.0019636154,287.36096,302.0983,8.931556,10.228822,4.4774785,5.4819775,0.17044974624932546,0.9094024439083368,1.845456,1.9925144,0.0,0,131.3415,200.39113,120.474754,167.22235,14.056521,17.108444,11.766757,15.160858,193.62225,209.55511,0.8732181,0.9999995,2.6868882,5.2050443,1.9445873,3.4052727,28.686632,63.949394,55.466702,8.4333,313.2358070989366,43.23580709893662,223.23580709893662,255.62408,32.38827737371963,-57.61172262628037
538,10.4082,4.0442295,15.94244384765625,17.936944274902352,0.85694796,6.929313,10.45253448486328,14.126972961425786,279.44946,4.4469776,286.2897216796875,288.18375,282.62466,4.3992066,290.0429351806641,290.95267211914063,99936.59,960.1459,101326.5125,101580.0875,283.3119,5.5359254,291.5029052734375,292.688740234375,99949.26,960.1769,101339.196875,101593.4646875,0.00035585574,0.00045632717,0.0012596130371093745,0.001880149841308597,264.81348,26.763948,303.53888854980465,312.5315277099609,6.720843,0.97819334,8.492779731750488,8.725249328613282,2.7678301,0.9404356,4.142662286758423,5.069066486358644,-0.5893120014684661,0.4679184245272008,0.3816642008478518,0.7720706044741291,1.2266191,0.4298167,1.924994885921478,1.9887928342819214,0.0,0.0,0.0,0.0,56.159847,41.038868,127.57096633911132,159.46537841796885,95.12237,54.706165,149.8165664672851,340.8119641113282,10.513258,3.7582595,15.94244384765625,17.936944274902352,5.666975,4.019911,12.29644927978515,16.435048828125012,169.69109,54.409515,195.47784576416015,200.04348236083985,-0.061787877,0.74066496,0.984568738937378,0.9986022853851318,1.003294,0.82310754,2.7123434305191036,3.0807389736175543,0.057704072,1.1723536,1.9616347908973684,2.292332091331482,7.664671,10.043732,25.917216300964355,40.878909072876034,14.594758,19.270187,9.943942,15.129471,285.58383,288.453,288.90714,291.36908,101054.12,101636.19,290.8136,292.75513,101066.875,101649.78,0.0009772994,0.0025234222,300.24933,314.3063,8.004241,8.927141,3.946424,5.4570403,0.092885467592046,0.9890135522917987,1.8021984,1.9975121,0.0,0,116.196434,181.06932,162.76662,359.58426,14.594758,19.270187,11.503467,18.969406,193.02711,202.79482,0.809905,0.99991566,2.171455,3.161222,1.3759927,2.2992635,23.151552,52.21186,55.016998,8.441,14.433456712528141,104.43345671252814,284.43345671252814,275.12238,-9.311081224246891,-99.31108122424689
540,10.749683,2.8071976,15.319732666015625,16.59316711425781,1.5500304,6.679875,11.48541259765625,13.427502441406249,279.6231,4.9207754,287.6522216796875,289.034033203125,282.8976,4.4882545,289.6216735839844,291.9457153320312,99886.34,1042.7921,101379.8125,101565.975,283.21994,5.4700484,291.42578125,292.191845703125,99852.58,1042.6559,101345.5234375,101532.140625,0.00025721846,0.0003144124,0.0009622573852539062,0.0011688232421874997,261.7591,24.09261,299.8582458496094,308.28184204101564,7.46731,1.1599128,9.501598358154297,9.841761207580566,3.2548852,1.0805672,5.054406642913818,5.576076316833496,-0.09357498191062895,0.227424985493336,0.3641955199016383,0.4683820760548835,1.2186695,0.3241494,1.669784426689148,1.755753183364868,0.0,0.0,0.0,0.0,56.888977,41.90701,133.22471618652344,151.0185821533203,82.449295,30.842413,129.63314819335938,143.85329589843747,10.749683,2.8071976,15.319732666015625,16.59316711425781,5.5170097,4.0148077,12.25189208984375,15.557128906249995,179.30978,12.71448,195.171142578125,213.77989807128907,0.08038266,0.67372626,0.9815826416015625,0.9993950843811035,1.0018761,0.86750054,2.7023892402648926,3.4454641342163064,0.20156552,1.1472641,2.0465617179870605,2.602468681335449,7.904793,9.931146,28.265003204345703,36.379115295410145,14.397252,17.383652,10.275808,14.034882,286.59778,289.10742,289.29462,292.34027,101156.12,101730.375,290.60913,292.39575,101121.98,101696.95,0.0006670952,0.0013155937,294.70062,311.63443,8.921295,10.2657385,4.8004904,5.6694427,0.24854671779945042,0.5007407440440924,1.5951979,1.7630386,0.0,0,123.67275,158.51018,123.03618,155.35497,14.397252,17.383652,11.790007,17.8405,196.2659,217.03914,0.8699235,0.99999905,2.3379579,4.388111,1.7123121,2.6449945,25.018694,40.01232,55.130798,8.6858997,349.5895573654111,79.58955736541111,259.5895573654111,262.44928,2.8597224197451396,-87.14027758025486
541,10.63254,2.6497219,14.986557006835938,15.585195922851563,0.5133222,6.4931664,10.550979614257812,13.427502441406249,279.51968,4.4410753,286.1826171875,288.05760498046874,282.78366,4.2315307,289.0114440917969,290.1670227050781,99959.26,878.1058,101117.9375,101375.25,283.20096,5.3120174,291.0361328125,292.1521484375,99925.4,878.0023,101082.875,101341.0109375,0.00035967593,0.0005720527,0.0013155937194824219,0.0026212692260742182,267.3464,25.958868,305.3701171875,308.9841247558594,7.4788938,1.1480424,9.098079681396484,9.300672340393065,3.1973684,1.0040376,4.942767143249512,5.432523632049561,-0.005842478714973249,0.14528604102422593,0.2525466394051291,0.35613645493167284,0.98930275,0.20572163,1.236119270324707,1.2731803894042968,0.0,0.0,0.0,0.0,56.571102,38.035633,123.0862808227539,151.03685302734365,88.67954,31.652853,131.16334533691406,150.94608459472653,10.63254,2.6497219,14.986557006835938,15.585195922851563,5.481544,3.4468808,11.76593017578125,13.427502441406249,178.66685,11.19562,192.84646606445312,201.51481628417966,0.04433722,0.68994665,0.9913609027862549,0.9951356053352356,0.99284625,0.80483556,2.2866830825805664,3.448266696929929,0.11278219,1.0303526,2.0465617179870605,2.602468681335449,7.362577,9.652011,24.126745223999023,38.05478630065913,14.10786,15.641647,8.951012,14.034882,285.6783,288.9851,288.4099,291.31482,100938.54,101507.625,290.45425,292.39575,100904.55,101473.58,0.0012854576,0.0028624535,301.57904,309.1744,8.929338,9.415429,4.783399,5.469513,0.2176312925305671,0.398908476072967,1.2064548,1.2888207,0.0,0,116.04315,191.36284,130.05,163.41876,14.10786,15.641647,10.761597,14.034882,192.99736,211.25378,0.8619939,0.99620813,2.29254,4.567083,1.4487545,2.6449945,22.813707,58.31693,55.1833,8.6833,342.86447130467235,72.86447130467235,252.86447130467235,268.67953,15.815063607437025,-74.18493639256297
542,11.2329445,3.3432174,15.566421508789062,16.173181152343748,1.0442735,6.615041,10.473159790039062,12.673791503906244,279.88303,4.6446753,287.85498046875,288.92431640625,283.09454,4.5274367,290.771240234375,292.69091796875,99914.164,995.42816,101393.4375,101726.4375,283.49615,5.61999,291.672119140625,293.489013671875,99926.77,995.37683,101406.25,101739.1203125,0.0003131022,0.00038719486,0.0011701583862304688,0.0013605117797851562,262.46075,31.632414,302.4498596191406,313.3899169921875,6.711008,1.0016053,8.164654731750488,8.76170654296875,2.8434806,0.9116943,4.133685111999512,4.855586910247801,-0.5611202347650152,0.5225032494609148,0.44936530438602773,0.7957983549383504,1.2941276,0.3817359,1.9171316623687744,1.9719735860824585,0.0,0.0,0.0,0.0,60.295914,42.819813,127.86032104492188,167.95003356933591,88.66954,39.715,134.18853759765625,211.62896728515605,11.39676,2.7218032,15.566421508789062,16.173181152343748,5.412332,3.8840559,11.133392333984375,16.578396606445306,173.79123,48.4248,194.08477783203125,199.54324951171876,-0.16866833,0.6816877,0.976388156414032,0.9987499117851257,1.1206931,0.8659465,2.752424716949463,3.194573402404785,0.12480483,1.2309031,2.0774731636047363,2.347712993621826,8.661728,10.708232,26.03460693359375,45.10271759033201,15.058695,16.468613,9.157924,14.98439,286.61035,289.6313,290.03473,294.28796,101172.45,102067.875,291.37207,294.74072,101184.95,102080.375,0.00089554786,0.0014042854,296.80997,314.3063,7.9291887,8.9724,4.0425496,5.4570403,0.17665887955200582,0.9925335562265519,1.8072703,1.9797771,0.0,0,120.349594,181.06932,142.47034,299.13947,15.058695,16.468613,11.077467,18.969406,192.37021,202.15755,0.80488014,0.99998623,2.337886,3.2446005,1.4962653,2.4203873,24.868074,52.21186,55.087002,8.5654001,196.62708194775234,286.62708194775234,106.62708194775234,268.66956,-17.957526283689845,72.04247371631016
544,10.656567,2.6247501,14.613555908203125,15.559661865234373,1.5038327,6.9009037,10.901382446289062,13.427502441406249,279.691,4.568291,287.6522216796875,288.335986328125,282.8496,4.341453,289.77691650390625,291.3537963867187,99897.35,976.3861,101375.1875,101597.0125,283.24692,5.49642,291.28125,292.822900390625,99863.555,976.2122,101341.359375,101562.58125,0.00030870907,0.00037036708,0.0012722015380859375,0.001441192626953125,261.04495,26.092827,303.186279296875,309.25257568359376,7.4960713,1.1416875,9.344056129455566,9.860577964782713,3.263234,1.0129713,4.744015216827393,5.189738655090331,-0.14703665492107892,0.3535427928194333,0.5397227918385589,0.7110107160952361,1.2495731,0.418715,1.9466501474380493,1.9803036212921141,0.0,0.0,0.0,0.0,59.88373,36.32007,124.12288665771484,143.99483642578124,82.29764,32.48776,130.66793823242188,145.10677185058591,10.656567,2.6247501,14.613555908203125,15.559661865234373,5.944327,3.741355,12.358871459960938,15.557128906249995,178.74731,12.969552,195.0221710205078,217.0007568359375,-0.04756843,0.6876777,0.9787771105766296,0.9957023143768311,1.0167888,0.6642373,2.2866830825805664,2.619769096374511,0.19169989,1.1356754,2.0105974674224854,2.602468681335449,7.777107,8.743125,24.53483772277832,33.0240852355957,14.121767,16.066177,10.445483,14.034882,286.05167,288.703,288.806,291.7293,101088.07,101642.5,290.6645,293.69067,101053.8,101608.78,0.0008496285,0.0014657974,294.1471,311.63443,8.908884,10.252825,4.5708337,5.6694427,0.37228886867265265,0.8184085314143463,1.8081913,1.9961553,0.0,0,118.90609,146.02419,122.93837,155.35497,14.121767,16.066177,11.927351,17.8405,195.41647,224.13852,0.87828463,0.99973106,2.0998473,2.963471,1.6303009,2.6449945,23.176754,33.956978,55.283298,8.5832996,359.92302344144224,89.92302344144224,269.92302344144224,262.29764,-7.625385501989115,-97.62538550198911
545,10.939592,2.4812217,14.710586547851562,16.564218139648435,1.8468733,6.6730456,10.901382446289062,13.427502441406249,279.78488,4.637861,287.6240234375,288.448828125,282.97235,4.343316,289.77691650390625,291.4276611328125,99953.21,949.43317,101419.9375,101594.2875,283.31693,5.532998,291.5771484375,292.822900390625,99919.43,949.1598,101384.46875,101559.4890625,0.00030046212,0.00040372516,0.0011200904846191406,0.0016578674316406242,259.0671,24.883366,297.6339416503906,307.4209045410156,7.3851056,1.1141328,8.953033447265625,9.405621910095215,3.249757,1.0055237,4.6978559494018555,5.5017737388610835,-0.3280961677266124,0.35094579992711833,0.3755607198641145,0.5628235075787692,1.3862652,0.38735184,1.9543812274932861,1.9836649179458619,0.0,0.0,0.0,0.0,61.183838,38.831432,123.0862808227539,168.8324188232421,80.549576,30.525751,132.63035583496094,139.16033935546875,10.939592,2.4812217,14.710586547851562,16.564218139648435,5.8216696,3.6797585,12.148544311523438,15.204638671874996,178.51753,11.727969,192.869873046875,205.3395568847656,0.06988204,0.7227224,0.9905053377151489,0.9986292123794556,1.0780473,0.7559981,2.3716628551483154,3.2262990951538075,0.18038411,1.2012651,2.049936056137085,2.602468681335449,8.323398,10.5986,24.126745223999023,46.447161102294885,13.954309,17.194458,10.166921,14.034882,286.2071,288.9851,288.82928,291.59692,101102.11,101675.625,290.78607,293.69067,101067.89,101640.086,0.0009833336,0.0019459724,290.37854,308.2127,8.682084,9.504708,4.6865454,5.778554,0.0963662769391173,0.7148604967478941,1.8862365,1.9946688,0.0,0,122.12423,200.3397,117.73866,145.14084,13.954309,17.194458,11.689695,16.959274,193.48544,212.24225,0.92506015,0.99973106,2.3053627,3.7688274,1.6057622,2.6449945,25.239773,63.916576,55.333302,8.6833,350.8098828155228,80.80988281552283,260.8098828155228,260.54956,-0.26032226864782615,-90.26032226864783
546,6.6700945,7.5325623,18.154719543457027,23.00114227294919,8.302493,5.6563783,15.794316101074218,19.246244201660154,280.67712,3.3555002,285.8841827392578,287.0210278320312,283.31296,2.8967583,287.8698486328125,288.81009765625,98995.63,1378.0344,100741.15625,101683.30375,283.51477,2.3470612,286.9909423828125,287.60544921875,98429.836,1373.0763,100166.74375,101085.8059375,0.0007348002,0.00074802403,0.0021050930023193354,0.003354444503784177,209.9349,33.804028,253.83061218261716,292.28567443847646,5.585279,1.0959921,7.494089889526365,8.599361610412595,1.4733166,0.64318466,2.647814559936523,3.055461988449094,0.6763892950701003,0.9803249308880865,1.7495223152985895,2.0354826820943224,0.822554,0.43387166,1.8081983685493435,1.997407741546631,0.0,0.0,0.0,0.0,73.47232,57.02267,190.41993255615228,220.13657409667965,109.58542,117.27431,344.79950561523435,352.94932434082034,8.473966,5.4116826,18.154719543457027,23.00114227294919,9.033049,4.389459,15.794316101074218,19.246244201660154,100.34949,136.8101,188.80992431640624,195.89779907226563,-0.022901874,0.7007322,0.9877730906009674,0.9992680525779724,1.183823,1.6810251,4.539702796936032,6.44897548675537,1.1750541,1.4457872,3.5660034179687488,5.929509420394897,13.749246,19.619703,57.74489860534664,77.17293365478514,15.321233,23.778137,14.3243475,20.356277,284.97787,287.72513,287.1459,288.89606,100587.734,103056.75,286.63358,287.9375,100015.46,102475.3,0.0017955644,0.0040841103,245.63217,343.55035,7.0353913,8.837626,2.1941047,3.1836388,1.55205287168354,2.202563272564785,1.3077708,1.9998306,0.0,0,146.23479,277.77502,282.81558,358.51364,15.321233,23.778137,14.378896,20.356277,184.12044,197.86002,0.8423181,0.9999193,3.4675508,7.8272963,2.8332047,8.603608,38.93101,122.87565,56.623111,-6.064222,1.9352939086698484,91.93529390866985,271.93529390866985,289.58542,17.650124792502027,-72.34987520749797
547,7.31338,7.434489,18.222157287597646,23.08609130859375,9.037579,5.41849,16.584970092773435,19.58353515625,280.72858,3.3522246,285.90008850097655,286.6857940673828,283.35754,2.8597398,287.70257568359375,288.52824645996094,98860.586,1284.0588,100536.84375,101159.80875,283.42746,2.3223836,286.9438720703125,287.152890625,98295.68,1279.7592,99963.14375,100589.87671875,0.0008192466,0.0008252276,0.0025198459625244106,0.003461523056030275,207.87674,30.459501,250.98899993896484,280.6808325195313,5.7134676,1.1786538,7.5968343734741195,9.35523141860962,1.5523548,0.6123273,2.616149497032165,2.911155610084534,-0.027620597701713615,1.0876040973953331,1.57824204065866,1.8416587941903058,0.6669957,0.3194632,1.2607842326164238,1.7157903528213505,0.0,0.0,0.0,0.0,78.892044,60.216217,206.65119171142572,242.0659118652344,102.86166,115.03813,350.3859405517578,357.4942291259766,8.856072,5.49532,18.222157287597646,23.08609130859375,9.547403,4.453775,16.584970092773435,19.58353515625,105.01508,131.77928,189.31983642578126,198.0088446044922,0.04206998,0.7053547,0.998744785785675,0.9999637544155121,1.3629376,1.7890985,5.464648628234862,7.256889839172365,1.3376206,1.4925711,4.891373157501221,6.018934307098391,15.65643,21.954136,68.01202316284176,93.33319458007816,15.629391,24.548355,14.612494,20.356277,284.77963,287.03784,286.848,289.2945,100257.875,101554.875,286.40915,287.7422,99687.04,100969.46,0.0019500597,0.0046133995,243.07137,312.24258,7.215351,10.88359,2.233121,3.0609548,1.1553904348057478,2.067823770376714,1.0691484,1.933812,0.0,0,153.18594,291.48764,268.74823,359.7937,15.629391,24.548355,14.612494,20.356277,185.03848,210.35838,0.86143583,0.9999908,3.6718087,8.360118,3.2375014,7.5128875,43.47845,135.30684,56.6231,-6.0630999,4.027192282173644,94.02719228217364,274.02719228217364,282.86166,8.834471536185731,-81.16552846381427
549,0.81414187,5.153067,7.539687347412109,8.92033447265625,-1.3012079,4.508818,6.199980926513668,7.366225128173833,276.6267,6.1009126,285.70086669921875,287.48731567382816,281.15897,6.023055,289.4203842163086,294.8760034179688,100441.2,1222.0791,102219.5,102382.270625,282.43967,5.89386,291.52459716796875,292.17165283203127,100321.04,1221.1229,102092.562109375,102259.643828125,0.00010673817,0.00033231312,0.0006519317626953083,0.0014356422424316444,,,,,,,,,,,,,-0.01623155351175101,0.07341505365080056,0.10217740472283277,0.12574275629552248,0.46914163,0.12637046,0.637501135468483,0.6833045780658729,0.0,0.0,0.0,0.0,16.374588,14.829246,36.815742874145506,56.91799629211441,163.30988,96.897285,351.53653411865236,357.4225338745117,4.3255677,2.876109,9.556982421874999,10.122806243896486,4.0593557,2.3134823,8.185945892333983,8.759243621826172,,,,,,,,,0.0046721105,0.26207095,0.40798068791627873,0.5208395236730576,-0.080931865,0.20286456,0.1674516290426253,0.25379808396101006,0.7727039,1.4849676,2.158495259284973,5.546012821197541,6.6131797,9.186432,4.152141,8.297836,283.87488,289.78857,289.06436,299.57703,101767.43,102621.5,289.4692,292.20605,101644.94,102501.875,0.00041845866,0.0021743774,,,,,,,0.07568862071443253,0.14897601984026626,0.6183534,0.81305826,0.0,0,33.910557,85.43586,287.69763,359.97525,8.361578,10.452972,6.494378,8.850571,,,,,0.27357677,0.54272956,0.1029874,0.2738633,2.2924125,11.624113,56.633301,9.8000002,153.5096924348669,243.5096924348669,63.509692434866906,343.30988,-80.19981694658566,-170.19981694658566
550,11.014948,4.988326,17.887283325195312,19.42413330078125,2.215891,7.1403046,13.925277709960938,15.602062988281249,279.82242,4.688296,286.85833740234375,288.15086669921874,283.01797,4.4679413,290.164794921875,290.7452697753906,99712.016,1097.0183,101520.125,101763.7375,283.46408,4.969231,290.748046875,291.282666015625,99693.81,1096.906,101501.34375,101745.103125,0.00026945208,0.00046458788,0.0010938644409179688,0.00216226577758789,256.50064,33.897884,304.72027587890625,309.8816711425781,7.5645695,1.3461254,9.732934951782227,10.24099292755127,3.6643322,1.5030863,6.154659748077393,6.6749780654907225,-0.059937325481071536,0.20319732969368015,0.22062170553630134,0.35214626031988416,1.1905713,0.455961,1.9897050857543945,1.9984046459197997,0.0,0.0,0.0,0.0,68.86869,49.60608,155.53546142578125,187.2786010742187,87.10038,55.6619,141.9441375732422,332.06544189453126,11.324683,4.2247705,17.887283325195312,19.42413330078125,6.2485466,4.034958,13.925277709960938,15.602062988281249,169.40027,62.304535,203.34385681152344,232.88506774902342,-0.15392609,0.67273635,0.919579029083252,0.9635711431503295,1.3354661,1.1948191,3.546952486038208,4.299946975708007,0.39889288,1.443471,3.3488192558288574,4.711446666717529,11.407588,14.472686,38.52461242675781,56.427680969238246,16.516434,20.009521,11.46743,16.381699,285.97247,288.62967,288.9384,290.79333,100973.11,101821.0,290.3786,291.5276,100954.77,101801.766,0.0010118484,0.0024809837,295.45972,310.99265,9.314234,10.405485,5.683785,6.752905,0.1886778404780887,0.4180030311029037,1.791049,1.9999502,0.0,0,139.02634,210.52032,162.2856,334.35483,16.516434,20.009521,12.103932,16.381699,202.09566,240.89659,0.74868286,0.9772564,2.9966648,4.6795034,2.5856376,5.056398,33.509697,70.577705,56.524601,8.1152,358.96016482993207,88.96016482993207,268.96016482993207,267.10037,-1.8597925154789436,-91.85979251547894
551,9.867771,3.6074226,14.530410766601562,16.538397216796874,1.0433792,6.2906632,11.773590087890625,13.981713867187496,278.99554,4.351247,285.6882629394531,287.2260986328125,282.4782,3.9455237,288.4377136230469,290.50091552734375,99643.66,1173.3772,101380.375,101504.525,,,,,99528.5,1172.5626,101265.84375,101387.21875,0.0003016034,0.00052129425,0.00136566162109375,0.002293205261230468,,,,,,,,,,,,,-0.10826996524120307,0.13295581423188593,0.09147785630200728,0.23092483253852217,0.9084931,0.2521489,1.2412265539169312,1.3057397842407226,0.0,0.0,0.0,0.0,46.798912,43.421803,121.45484924316406,173.6914398193358,82.63374,35.116337,130.76947021484375,150.86176147460932,9.867771,3.6074226,14.530410766601562,16.538397216796874,5.01214,3.8908858,12.389144897460938,14.453485107421873,,,,,,,,,0.8148134,0.9450447,2.165759563446045,4.156627798080441,0.064104274,1.0770984,2.134305238723755,2.4192643165588374,6.441156,11.81851,23.49141502380371,50.321324157714784,14.11339,17.385498,9.478693,15.473831,285.063,288.66406,288.174,291.8559,101163.46,101590.625,,,101046.984,101475.44,0.0012504577,0.0026803017,,,,,,,0.06897868049162263,0.2406900054750841,1.1832793,1.3234122,0.0,0,115.59912,220.00932,121.5989,173.5696,14.11339,17.385498,11.076693,15.473831,,,,,2.1808202,5.5966105,1.331839,2.5609837,23.92923,77.083534,56.7075,8.2089996,32.280155778723895,122.2801557787239,302.2801557787239,262.63373,-39.646427751380145,-129.64642775138014
553,5.834694,6.4948936,15.75975646972656,18.5056005859375,6.7375164,5.2245283,13.187261962890624,14.804482421875003,279.77792,3.2982256,284.9158142089844,285.8592053222656,282.4544,3.0133014,287.02313232421875,288.0165161132812,98804.21,1334.3478,100744.8125,101288.9025,282.8762,2.1133134,286.07822265625,286.605927734375,98100.695,1328.9697,100024.3625,100571.71625,0.000692177,0.0007387814,0.0020619392395019513,0.0031176757812500016,207.17027,67.51617,291.23034667968744,327.5162927246095,6.0733633,1.1645772,8.059945678710937,9.03199398040772,1.745561,0.9299855,3.4721479892730702,4.095291976928712,0.24828265846536435,1.0851180694830098,2.0000897188507873,2.41120652248727,0.64257497,0.30458397,1.0919616699218748,1.9553007125854562,0.0,0.0,0.0,0.0,55.318203,45.225002,148.23066406249998,165.42363586425782,103.17037,112.40974,342.4645446777343,355.74146362304685,7.343015,4.716237,15.75975646972656,18.5056005859375,7.6646085,3.728303,13.481082153320306,15.029161376953127,103.9999,156.59502,206.5751525878906,248.17084106445313,0.02715258,0.72894436,0.9785842776298522,0.9995091533660889,0.83893645,1.1164691,3.005815792083735,4.604626026153565,0.7056076,1.0145667,2.4741253852844225,3.592646808624272,8.119816,12.624713,34.99094543457031,43.57876663208008,12.857106,21.154312,11.676466,15.576492,283.86472,286.47144,286.0747,289.2539,100155.65,101605.06,285.54565,286.9453,99446.86,100875.55,0.0016882243,0.0052571297,266.82397,356.33948,7.5853925,11.125101,2.8647323,5.2001567,1.419378113424577,2.5443091376662545,0.9528005,1.9999146,0.0,0,113.52463,269.2205,265.37073,359.37933,13.039209,21.154312,11.912264,15.8741,194.67711,283.6658,0.8335148,0.9999991,2.252014,7.75651,1.8772836,4.83659,24.101913,115.42388,57.89525,-5.158056,311.4403148482939,41.440314848293895,221.4403148482939,283.17038,61.73006479037798,-28.26993520962202
554,6.5457687,6.329075,16.454471588134762,18.88712097167969,7.3168054,4.8614855,13.246891021728512,15.32192825317383,280.00858,3.2158456,285.15534057617185,286.02711791992186,282.67667,3.0188403,287.4587905883789,288.5703164672852,98780.07,1267.8612,100596.8,101269.99312500001,283.05634,2.1547637,286.3476196289063,286.6891748046875,98077.414,1263.0527,99894.9796875,100555.6221875,0.0007941528,0.00089330797,0.0026909351348876932,0.0031210374832153324,215.92456,57.818478,301.47324829101564,346.10617553710944,6.111787,1.0712113,7.8728639602661135,8.714343118667603,1.8529785,0.99073404,3.753949725627899,4.40568585395813,0.2166840313714023,1.1269441978905448,1.8654217983651324,2.053056123825798,0.6197516,0.26505363,1.0151907086372371,1.3999225223064427,0.0,0.0,0.0,0.0,59.868004,46.36498,154.36654205322264,184.16864578247083,97.67103,109.43015,345.8783737182617,356.82396209716796,7.6231165,4.9717827,16.454471588134762,18.88712097167969,7.9796543,3.6668534,13.347260284423825,15.437161407470704,118.25354,144.76598,214.34265213012694,267.56032806396496,0.08801441,0.7467055,0.9877874612808227,0.9997969019412994,0.9672608,1.1654558,3.39010053873062,4.777072710990907,0.8135834,0.97239596,2.4315593481063806,3.2828988432884216,9.114759,12.116203,37.94780960083007,54.04753688812263,13.848248,21.154312,12.238218,15.525589,284.2957,286.7386,286.5018,289.2539,100218.95,101965.25,285.93085,287.229,99510.44,101256.84,0.0020733697,0.0062036514,273.86465,348.2126,7.4824166,9.861214,3.1289923,5.2001567,1.5273927450298526,2.249073548984637,0.9758995,1.9865854,0.0,0,124.85145,202.05476,261.14246,358.38867,13.848248,21.154312,12.41309,15.8741,211.92929,319.7572,0.8984657,0.99999213,2.6450996,5.5551944,2.0937524,4.5377955,27.111301,65.01561,57.8955,-5.1567998,311.4399682755342,41.43996827553423,221.43996827553423,277.67102,56.23105223227827,-33.76894776772173
559,4.0340815,4.5031934,10.138094329833983,13.035670013427742,2.186609,5.6676397,9.287849426269528,11.203271789550787,277.89697,3.917366,284.41158905029295,285.8683020019531,282.25845,3.4725175,287.66636962890624,289.27641235351564,99730.0,1240.2811,101522.3375,101802.860625,282.39935,2.6247962,286.1682861328125,286.8683544921875,99308.34,1236.9591,101102.401171875,101375.37546875,0.00019285656,0.00061085646,0.0012292146682739244,0.0031944656372070316,,,,,,,,,,,,,-0.15811343875895714,0.8778492367445508,1.3844622487772942,1.7201674541216474,0.538628,0.22489485,0.9654766857624051,1.1374646341800694,0.0,0.0,0.0,0.0,25.29465,22.656408,67.9299285888671,102.27950134277351,95.37129,90.45678,335.81693115234367,354.0926107788086,5.122531,3.2037625,11.126091003417969,13.596903228759768,5.2243147,3.0823987,10.125356292724607,12.981953887939452,,,,,,,,,0.2159106,0.42134848,0.8161160856485362,1.8190077972412142,0.042578183,0.43420097,0.6587943166494366,0.8838231056928636,1.8324329,3.3574708,7.353974080085735,16.672616939544703,8.931573,14.035004,7.8017387,12.958099,283.26443,286.15573,287.016,290.3454,101236.56,102244.81,285.914,287.22754,100809.22,101806.234,0.00090515957,0.0034222603,,,,,,,0.925264680736792,1.9909569075401556,0.8336261,1.1875999,0.0,0,60.20067,128.07751,231.64272,359.66486,9.514939,14.035004,9.5360365,18.91278,,,,,0.76067096,2.5743237,0.46365404,1.1638763,6.6844153,26.12313,57.150002,-2.0833299,177.98914685758393,267.98914685758393,87.98914685758393,275.37128,7.382129997884817,97.38212999788482
565,4.467167,6.1439376,15.243194580078123,16.833857116699214,6.603984,5.0680637,13.958615112304683,16.178215637207007,279.9334,3.5843277,285.4500137329102,286.38987060546873,283.0806,3.1348245,287.83665924072267,289.37085327148435,98552.32,1322.7842,100457.125,101270.88749999998,,,,,98256.63,1320.4685,100159.89296875,100968.92734374998,0.00034593578,0.00049118046,0.0013028383255004835,0.0022342157363891575,212.83014,66.20069,313.43416748046866,351.3203375244141,7.9314775,1.573981,11.057438802719116,12.292946386337277,2.9442189,1.5289414,5.867336106300353,7.845910038948056,0.3427464944477734,1.027115355572308,1.844054749775525,2.142567065982625,0.568418,0.2698535,0.9439077019691461,1.7818093204498244,0.0,0.0,0.0,0.0,40.357033,36.040184,116.33589172363276,145.04531875610348,118.22198,123.65674,352.5008544921875,357.37383026123047,6.1904774,4.3948,15.243194580078123,16.833857116699214,7.227041,4.127491,13.958615112304683,16.178215637207007,94.608154,157.84062,227.52435836791986,274.3302023315429,0.04264877,0.7203749,0.9913628607988357,0.9997555422782898,0.49753788,0.7823236,2.0636349558830225,3.4720232105255078,0.53987765,0.7141698,1.9876185059547393,2.8942031574249256,4.6546297,7.760954,21.55387821197508,33.50370922088622,12.237986,18.196884,12.4735,17.42929,284.42996,287.25906,287.105,292.31577,100019.805,102775.875,,,99722.164,102465.21,0.0010593041,0.0029177666,282.7681,358.40012,10.115403,13.309935,5.0684795,8.133233,1.4883240249190537,2.477667183286909,0.8745389,1.99798,0.0,0,89.5929,189.52599,296.10306,359.84753,12.386477,18.196884,12.4735,17.42929,215.78864,339.15744,0.8608895,0.9998208,1.5671833,4.426669,1.5508775,3.9002109,15.059163,57.202755,58.207722,-6.388889,95.79761029035956,185.79761029035956,5.797610290359557,298.222,-67.57562542707831,-157.5756254270783
566,6.1173596,7.8021145,18.184600067138664,20.92750366210938,6.840323,6.0842366,15.017758941650385,17.057755889892583,279.6362,3.5860891,284.7678695678711,285.76709716796876,282.58224,3.1574168,287.1819641113281,288.66923278808594,98975.805,1530.2317,101311.325,102900.406875,283.23618,2.142893,286.3701904296875,286.885,98584.24,1525.404,100914.7546875,102477.70578125,0.000392057,0.00048942585,0.0013044118881225585,0.002440009117126465,223.70068,73.92,323.7806777954101,356.9033074951172,7.7663264,1.6244402,10.88341484069824,11.595164279937745,2.923958,1.6706864,6.22826337814331,7.921334986686707,0.16699678375414553,1.1533795985038509,1.7072536997095862,2.0960835703802796,0.6769049,0.55880904,1.992950689792633,1.9988220381736754,0.0,0.0,0.0,0.0,66.25804,57.72474,165.9363098144531,216.95428802490244,112.03708,115.11341,344.4949020385742,356.56435424804687,8.120491,5.6748033,18.184600067138664,20.92750366210938,8.13286,4.1908484,15.017758941650385,17.057755889892583,111.6636,156.02246,237.88188705444333,281.4216287231445,0.038698643,0.6814066,0.9814661592245102,0.9996721518039703,1.1501597,1.5574546,4.277658677101135,6.488231616020203,0.984361,1.3145158,3.4781972408294655,4.778624486923219,12.270083,17.506943,43.84991474151611,75.03244918823248,15.385553,23.092697,13.06024,19.471283,284.20282,286.56128,286.82098,289.03033,100817.78,103525.56,285.99716,287.44165,100419.8,103109.82,0.0010760047,0.0025925636,298.44873,359.34393,10.08967,12.574347,5.087433,8.208456,1.4286217340798864,2.35819898804985,1.2934798,1.9996682,0.0,0,144.964,262.6057,284.39618,358.58224,15.385553,23.092697,13.068012,19.471283,227.63843,347.11578,0.8465968,0.99995095,3.3696396,7.250819,2.7846315,7.0805945,37.115707,109.8216,58.456694,-5.050222,86.75913244638764,176.75913244638764,356.75913244638764,292.03708,-64.72205358896576,-154.72205358896576
567,4.6596036,6.2396045,14.568701171875,17.81845886230469,7.284438,4.900777,14.306488037109373,15.659046630859375,280.11865,3.6135654,285.6163818359375,286.926494140625,283.4248,3.153832,288.60645751953126,289.5390954589844,98493.28,1299.9474,100168.525,100589.2775,,,,,98198.12,1297.8044,99872.03125,100291.3175,0.00040334143,0.0005444329,0.0017158508300781233,0.002177696228027344,213.79567,62.94584,317.24927978515603,352.36132568359375,7.958417,1.548308,10.956492424011227,11.746154479980468,3.0961902,1.6161169,6.510456466674801,7.7679648208618195,-0.07948081671778795,1.0097749234105289,1.5271443420303383,1.8424489607729302,0.50823116,0.18114735,0.8268011808395385,1.0159718275070193,0.0,0.0,0.0,0.0,43.103012,36.957436,109.49793090820307,151.20692504882814,115.989975,126.24439,353.07484741210936,357.66275512695313,6.2152557,4.683186,14.568701171875,17.81845886230469,7.7614484,4.0994377,14.306488037109373,15.659046630859375,97.805695,158.68689,225.948046875,291.0872204589844,-0.01309764,0.7279466,0.9862812161445618,0.9999627351760865,0.555895,0.8321112,2.469313955307006,3.083370246887207,0.5953568,0.7199529,1.964945316314697,2.940955619812012,5.123166,7.7795553,19.095827102661115,36.41047592163087,12.4475355,18.312042,12.97228,17.313828,284.5841,288.00488,287.52667,290.8629,99912.85,101651.5,,,99615.17,101349.836,0.0011562756,0.0029177666,280.52145,357.96924,9.938429,12.357151,5.24358,8.031363,1.1499037793744784,2.09052968724363,0.7427397,1.0721554,0.0,0,95.36163,164.77438,288.78006,359.84753,12.554043,18.312042,12.97228,17.313828,218.12585,329.2459,0.8144185,0.99999976,1.7574521,3.8984985,1.6394227,3.652354,16.508795,43.237328,58.216702,-6.3833299,108.5308378523838,198.5308378523838,18.530837852383797,295.99,-82.5408476180088,-172.5408476180088
568,7.682769,7.2050586,18.821598815917966,22.87752349853515,7.708768,5.8858185,14.936431884765621,16.832225494384765,280.00854,3.2377055,285.0653930664063,286.52295166015625,282.69308,2.9040966,287.3718719482422,288.15443908691407,98639.28,1381.7947,100650.31875,101291.416875,283.22418,2.2080636,286.57569580078126,287.05300048828127,98249.27,1378.659,100252.978515625,100893.071640625,0.0004942392,0.0005414297,0.0015494585037231431,0.0021129989624023384,229.12564,58.501335,303.24051208496087,353.55125732421874,7.827343,1.4987684,10.679893064498899,11.524110374450679,3.1305478,1.7197578,6.527670097351074,8.191483182907104,-0.14661935163963252,1.1765396846100946,1.8054525063481173,1.9752126073321683,0.64052385,0.32902333,1.132543909549713,1.970344462394714,0.0,0.0,0.0,0.0,73.23844,57.74936,178.06296920776364,232.30704559326162,87.333244,97.730606,332.62154846191396,353.1197796630859,8.820652,5.747569,18.821598815917966,22.87752349853515,8.63253,4.4122005,14.936431884765621,16.832225494384765,141.79239,128.82748,228.63097229003904,288.4390408325186,0.005484969,0.68686944,0.952440333366394,0.9994046849012375,1.292672,1.4862612,4.124127125740049,6.379294199943541,1.1774367,1.3664283,3.689958405494688,4.783699526786801,13.824978,18.029896,50.493182945251455,85.9499188232421,16.124186,27.708984,13.5487995,17.433182,284.36893,286.67468,286.64453,288.28973,100257.586,101636.375,286.1538,287.44165,99863.12,101234.98,0.001306895,0.003186226,289.52493,359.0588,9.828117,12.739509,5.343009,8.366416,1.339709726813367,2.344888955159843,1.0406232,1.9984672,0.0,0,147.4079,245.16074,221.30928,358.3792,16.124186,27.708984,13.5487995,17.433182,224.62016,347.6463,0.82618606,0.99995095,3.2705483,7.250819,3.013463,6.4838324,38.003506,95.71528,58.457199,-5.0496001,86.75913607533937,176.75913607533937,356.75913607533937,267.33325,-89.42588412221437,-179.42588412221437
570,3.842263,5.6660337,12.007861328125,13.811654052734374,0.04001693,4.122426,7.855475616455077,10.50434127807617,277.6367,5.399245,286.0375,289.0013430786133,281.10907,5.029256,289.24754028320314,292.3062268066406,99357.37,1211.3785,101217.64375,101453.374375,,,,,98749.51,1207.5692,100614.68203124999,100843.014453125,0.0003851475,0.0007474599,0.0017579793930053709,0.00409661293029785,228.17378,66.97868,301.0463638305664,334.25252441406246,7.1531553,1.529411,9.580115842819213,10.78796736717224,2.0070548,1.1248119,4.1709770917892435,5.648046660423279,-0.011515803434867291,0.09051416935363829,0.14635088016946346,0.17895954952010046,0.44937015,0.16578673,0.756961253285408,0.8979425847530365,0.0,0.0,0.0,0.0,19.120798,18.936049,60.179544258117645,81.52650382995604,131.91347,84.68676,315.4876922607421,351.95495147705077,5.8824058,3.495632,12.088886260986325,13.971659088134764,3.3242216,2.4332297,8.040660095214843,11.064806518554681,96.2603,127.44306,196.4078948974609,243.03891189575194,-0.04725316,0.6944189,0.9750180214643478,0.9985155087709426,0.157877,0.37590048,0.8115838706493375,1.4865038979053495,0.022795344,0.28419796,0.5202870249748229,1.1030887973308559,1.1519687,2.3113694,5.767545676231378,10.58763233184814,10.231923,14.887802,5.6621895,13.702438,284.52927,291.1931,288.00046,294.93262,100766.86,103401.875,,,100154.34,102745.2,0.0015127595,0.0055885315,292.89816,343.2796,9.108412,11.510622,3.5907068,7.27289,0.11253807217411331,0.18996825033366002,0.67529345,0.9998352,0.0,0,45.01632,119.10219,256.49744,359.62576,10.356536,14.887802,6.6662283,13.702438,191.16498,297.9172,0.8050257,0.99998885,0.6282137,2.823773,0.3705158,1.5760568,3.9878247,22.59014,58.0,7.567,270.004309981127,0.004309981126993989,180.004309981127,311.91345,-48.090857832689494,41.909142167310506
571,4.401314,6.5084124,14.199676513671875,16.33295440673828,4.4935646,5.34928,12.041748046875,13.708831787109375,278.66724,3.457692,284.2866516113281,285.6123809814453,282.1406,3.1384978,287.12208557128906,288.2948455810547,99197.586,1381.5172,101317.90625,102234.1875,282.5125,2.289399,285.966796875,286.487060546875,99054.875,1380.1588,101172.92578125,102084.140625,0.00015388934,0.0003432152,0.0008275508880615234,0.001642465591430664,190.314,58.07416,274.45326232910156,312.83729553222656,6.292144,1.1571231,8.256345748901367,9.616278171539307,2.1180606,1.1495467,4.089099884033203,6.397653579711914,-0.09506230992934922,0.7292850361610906,1.0953160815729093,1.4702526827577096,0.58909905,0.37640017,1.6134915351867676,1.9786691665649414,0.0,0.0,0.0,0.0,35.333385,31.547983,88.56119537353516,143.29214477539062,111.55753,109.86577,346.0245819091797,355.11485290527344,6.5665746,4.3061857,14.68719482421875,17.39788818359375,5.9831133,3.6006513,12.286689758300781,14.449615478515625,78.75645,143.83147,189.2928009033203,206.8386993408203,0.015744066,0.6794995,0.985366702079773,0.9995533525943756,0.28104302,0.7966798,1.424814224243164,2.8255503177642822,0.2845678,0.66853815,1.2797001004219055,1.9893723726272583,3.568614,7.2644305,12.508810997009277,32.706252098083496,11.648416,19.557358,10.098389,15.854996,283.19922,286.3224,286.31418,289.7973,100732.27,102636.19,285.67047,286.72363,100588.086,102488.64,0.00060628226,0.0025348663,262.79898,359.19275,7.773058,10.927289,3.7069302,8.278091,0.841362507017897,1.5908503641744627,0.98251516,1.9969425,0.0,0,79.26096,214.13298,257.3689,359.23557,12.71906,19.557358,10.49463,15.984009,183.19225,240.14607,0.82117295,0.9999909,1.176146,4.3387103,1.0269358,3.337993,12.288936,73.0208,58.440972,-3.086389,187.8294016648108,277.8294016648108,97.8294016648108,291.55753,13.728123969954822,103.72812396995482
572,2.5812252,4.8572702,10.696958923339842,12.93043853759765,2.8956668,4.7244,10.260173034667968,11.867143554687498,278.56992,4.35867,285.90916442871094,287.51611083984375,281.2789,4.328214,288.2768218994141,291.3108850097656,99272.22,1211.3351,101072.9,101631.4325,282.60434,4.005931,289.0509521484375,290.8187060546875,98298.56,1205.5591,100098.3484375,100671.09546875,0.00074407907,0.0008566785,0.0023194789886474606,0.003563814163208007,,,,,,,,,,,,,-0.0036844528728497412,0.16192929118078198,0.22309685212651428,0.3339037222593523,0.41288003,0.1558359,0.6956311047077178,0.8781306064128874,0.0,0.0,0.0,0.0,19.203295,19.99661,62.86030883789062,88.68390167236319,141.3967,119.182495,348.2759063720703,358.4695776367187,4.444313,3.2363968,10.751979064941406,12.93043853759765,4.6141105,3.0635972,10.260173034667968,11.867143554687498,,,,,,,,,0.1079836,0.34747842,0.7285849750041961,1.480034770965576,0.13889007,0.32635435,0.786219459772109,1.3032153415679928,1.2226074,2.5355208,6.292636060714721,12.537530136108373,8.518288,14.341843,8.254677,13.195892,284.41388,290.89877,287.2535,293.9209,100669.76,101980.0,288.1994,293.00146,99691.22,100970.625,0.0020093725,0.0075626373,,,,,,,0.17895317460046054,0.37333222740946725,0.6231324,0.9817594,0.0,0,47.766743,117.28334,304.11072,359.541,8.86259,14.341843,8.413101,13.195892,,,,,0.5517518,2.3078384,0.5636323,2.388809,4.5032415,21.905445,58.974339,5.730121,166.7374921237831,256.7374921237831,76.73749212378311,321.3967,64.65920587426376,154.65920587426376
573,3.834766,5.633329,12.002627563476562,13.808062133789061,0.13488875,4.143734,7.779010009765619,10.254616699218747,277.7813,5.31878,286.0712829589844,289.73078125,281.16428,4.9516387,289.2369812011719,291.8124145507812,99373.58,1202.3822,101208.9375,101520.5725,,,,,98765.766,1198.519,100604.1546875,100908.2840625,0.0003850216,0.000749637,0.0018500328063964842,0.004085979461669918,226.65005,66.49069,299.70001831054685,325.97967041015625,7.1279025,1.5304167,9.563019752502441,10.70598857879638,1.9968989,1.1297835,4.154062843322752,5.723281364440914,-0.010663165281669284,0.09842450961889164,0.1640434523944833,0.2166458129312473,0.44297478,0.16614085,0.760942709445953,0.9212195563316337,0.0,0.0,0.0,0.0,18.956142,18.74546,58.907550048828085,81.42909027099604,131.73953,85.96223,317.7316284179687,354.93378906249995,5.8350177,3.5141459,12.065979003906246,14.048073730468742,3.3366892,2.4556916,8.019705200195311,10.896309814453105,94.91054,127.21139,194.8841583251953,237.2331683349609,-0.040519886,0.6956578,0.9733672618865967,0.9990353918075562,0.16396946,0.37410387,0.9112045407295227,1.4669903087615965,0.023101768,0.2738687,0.519283390045166,0.9984831047058098,1.1305875,2.2571828,5.526648998260491,10.562225532531725,10.20818,16.463287,5.707501,17.401459,284.57086,291.1931,287.8411,294.93262,100763.77,103401.875,,,100151.59,102745.2,0.0015352503,0.0055885315,290.067,343.2796,9.115659,11.510622,3.614791,7.27289,0.11453417413088052,0.22416807425488244,0.6716865,1.0224451,0.0,0,44.51179,119.10219,260.02124,359.62576,10.331133,16.463287,6.760838,17.401459,188.59763,297.9172,0.79090035,0.9999217,0.6333824,2.823773,0.35611352,1.5760568,3.8955781,22.59014,58.006377,7.554759,270.0043756537808,0.004375653780812172,180.0043756537808,311.73953,-48.26484318307769,41.73515681692231
574,3.8820856,3.9159775,9.320684814453125,10.715541076660159,1.986101,4.3095026,8.407400512695313,12.377529754638678,277.0941,5.472703,285.2231948852539,286.95567504882814,281.43045,4.9938946,289.4979187011719,291.5810159301758,99212.016,1182.9618,101109.209375,101759.550625,282.359,5.1206446,290.708203125,291.6065869140625,98509.2,1180.063,100393.27578125,101044.719609375,0.0002305368,0.0005981357,0.0012191057205200202,0.0030603027343750018,,,,,,,,,,,,,-0.021565367621344332,0.1060613723975473,0.14858628406168656,0.208197206086801,0.55047673,0.23170628,0.9840277582406999,1.201362012624741,0.0,0.0,0.0,0.0,18.831139,18.330366,56.89201946258547,78.1527565765381,102.07471,81.11004,295.9774185180665,342.26160003662113,4.7891197,2.7281098,9.320684814453125,10.715541076660159,3.8543189,2.760957,8.46744613647461,12.377529754638678,,,,,,,,,0.15537404,0.2590561,0.6471858620643617,1.1178739559650424,0.1419419,0.29727533,0.6858083307743075,1.3459612464904802,1.097958,1.9398718,5.156053090095524,9.726793756484987,8.108737,12.019897,7.260818,13.68486,284.40723,289.7131,288.21002,293.85242,100658.89,102410.625,289.53903,293.62524,99952.76,101686.1,0.0009447527,0.0057320595,,,,,,,0.1242661746839407,0.23364086437889345,0.876293,1.350186,0.0,0,45.71939,87.64764,214.74988,354.9131,8.182333,12.019897,7.5170436,13.68486,,,,,0.4991128,1.3539463,0.56365174,1.7839178,3.888736,12.233758,58.995212,9.856379,357.02850928337,87.02850928337,267.02850928337,282.0747,15.04619774788,-74.95380225212
575,2.7714658,4.8187995,10.897856140136714,13.236536407470702,2.6399233,4.602452,9.724422454833979,11.438122253417967,278.5225,4.4272933,285.78279876708984,287.5129602050781,281.26257,4.3824625,288.2599807739258,291.60676330566406,99275.1,1212.4583,101072.475,101630.855,282.62387,4.024424,289.04981689453126,290.81211669921873,98301.39,1206.9294,100100.7890625,100670.540078125,0.0007031662,0.00079259765,0.0021632432937622064,0.003129477500915523,,,,,,,,,,,,,-0.02698654698521196,0.14545206659463142,0.1930172541091532,0.23116049796049928,0.40067744,0.13444623,0.6088533669710159,0.7391138350963591,0.0,0.0,0.0,0.0,17.963818,17.371555,56.58943614959716,68.53321266174316,141.24335,117.36929,348.78822479248043,358.46574340820314,4.493418,3.268456,10.897856140136714,13.236536407470702,4.4166965,2.9353447,9.724422454833979,11.438122253417967,,,,,,,,,0.09749793,0.28849468,0.6527694046497341,1.0025478130578993,0.11855487,0.2645567,0.6847159206867217,1.00107164144516,0.9933856,1.7399012,5.099771428108214,7.47977925300598,8.760068,14.062592,8.129914,13.931763,284.40494,290.89877,287.253,293.9209,100668.28,101831.44,288.22552,293.00146,99690.945,100857.05,0.0018773015,0.0075626373,,,,,,,0.14499883726817897,0.29162440349746077,0.5740126,0.95404726,0.0,0,43.730873,85.35475,307.4363,359.541,9.007182,14.062592,8.324789,13.931763,,,,,0.4734144,1.5765682,0.49450374,1.2482208,3.5121713,11.602053,58.974339,5.7301211,166.73749212471023,256.73749212471023,76.73749212471023,321.24335,64.50585504325852,154.50585504325852
576,3.586904,5.4867663,11.598611450195309,13.761978149414059,0.06449907,3.9805398,7.318685913085937,10.413127441406244,277.77396,5.299384,286.0032592773438,289.73078125,281.1085,5.033715,289.3145263671875,291.8124145507812,99463.516,1101.8021,101156.6,101520.5725,,,,,98855.02,1098.5393,100549.728125,100908.2840625,0.00038731177,0.00078328996,0.002008438110351562,0.00420417785644531,225.16658,67.76927,299.73341674804686,326.8238146972656,7.0544357,1.4835455,9.519359397888183,10.50530216217041,1.9155548,1.0659593,3.9403559684753384,5.358445224761957,-0.033993749650810146,0.07490238439469056,0.08806240938599691,0.12477497573045837,0.40431732,0.111153364,0.5686025500297546,0.6115210700035094,0.0,0.0,0.0,0.0,17.763596,17.488382,49.76566772460935,77.09634826660157,133.96739,86.80153,317.52916870117184,352.3578393554687,5.636733,3.3399892,11.654635620117187,13.761978149414059,3.1954834,2.3695903,8.061752319335938,10.708577270507808,91.1992,129.70857,197.66985778808584,240.61854003906242,-0.0027790132,0.70189875,0.9742119312286377,0.996493399143219,0.13608474,0.33005065,0.6945277452468869,1.263359923362732,0.014126598,0.26247063,0.4253054082393641,1.0403075504302903,0.98847693,1.9961096,3.944183301925656,9.46557876586914,9.880575,14.892685,5.287274,12.840744,284.53995,291.1931,287.83084,294.93262,100802.266,103401.875,,,100189.414,102745.2,0.0015277831,0.0061149597,290.1762,340.68832,8.944104,11.339156,3.424579,7.3369546,0.06172770691798068,0.185094300871957,0.53622055,0.6260185,0.0,0,43.588528,114.98777,265.4685,359.62576,10.127284,14.892685,6.510981,12.840744,190.15865,297.9172,0.8455608,0.9999217,0.58082706,2.0544784,0.32170016,1.8767754,3.6381884,21.056334,58.006378,7.554759,270.00437566437074,0.004375664370741106,180.00437566437074,313.9674,-46.03696843780824,43.96303156219176
577,3.7456126,3.635546,8.744470977783203,10.676033935546876,1.9050026,4.306448,8.682958984375002,11.347098236083985,277.12686,5.2610874,285.1478637695312,286.92228332519534,281.35324,5.019048,289.53289794921875,291.45814117431644,99278.26,1102.3539,101123.578125,101759.550625,282.3416,5.13612,290.6244140625,291.6065869140625,98574.914,1099.3749,100404.15546875,101044.719609375,0.0002063669,0.00052434066,0.0011901378631591812,0.001982417106628418,,,,,,,,,,,,,-0.04455081826432791,0.09126336193730257,0.11244012382627712,0.1932834755941801,0.50109625,0.15433533,0.7301129639148712,0.774028605222702,0.0,0.0,0.0,0.0,17.966564,16.51462,51.48524799346924,69.37349342346194,100.406044,79.72167,289.4058776855469,347.20279388427736,4.5205407,2.605639,8.744470977783203,10.676033935546876,3.889334,2.6472297,8.748763275146485,11.347098236083985,,,,,,,,,0.1514207,0.22033787,0.5810527980327607,0.9670327109098446,0.12552495,0.25630575,0.6594037532806397,1.1615928065776828,0.9468839,1.5494714,4.221299886703491,7.6644639348983805,7.836694,11.530212,7.207269,13.868332,284.24838,289.7131,288.12973,293.85242,100659.6,102410.625,289.4785,293.62524,99953.01,101686.1,0.00079785346,0.0057320595,,,,,,,0.07820398508108121,0.20633873082337742,0.68619543,0.8081162,0.0,0,42.344616,72.77268,208.25343,354.9131,7.8668323,11.530212,7.4419947,13.868332,,,,,0.467377,1.1268424,0.4928781,1.3819113,3.2763977,8.433662,58.995213,9.8563786,357.02629868404995,87.02629868404995,267.02629868404995,280.40604,13.379737692903177,-76.62026230709682
578,4.881722,6.5052476,14.685047912597653,18.583176269531243,5.062822,5.3711424,12.606055450439452,14.05353302001953,278.69342,3.4566865,284.50442962646486,285.60460693359374,282.28537,3.0983317,287.2357116699219,288.21906677246096,99124.84,1295.6993,101011.0375,102336.58,282.6782,2.2420607,286.0760009765625,286.43978515625,98982.34,1294.6122,100867.006640625,102188.022421875,0.00018311909,0.00043664293,0.0009350776672363264,0.0020103693008422852,195.18263,55.29741,275.5959228515625,317.5272814941406,6.305401,1.0367212,7.9702782154083245,9.399523057937621,2.2032828,1.1386719,4.385061597824091,6.0665351772308345,-0.23307047817412072,0.7065981123305771,1.0101240588449254,1.3558415538729816,0.5230806,0.24121602,0.9179824233055113,1.2126735925674434,0.0,0.0,0.0,0.0,38.243458,33.102684,107.54347267150874,140.464094543457,103.45924,107.56728,345.7765426635742,356.43582946777343,6.7272444,4.5597286,15.074200439453122,18.733202819824218,6.452796,3.5729792,12.707730865478513,14.531788330078124,91.72338,138.27278,188.11683959960936,209.40190750122068,0.088829026,0.69758844,0.9902271330356598,0.9993904972076416,0.40498945,0.78948045,1.8186424911022183,3.200907015800474,0.3462135,0.720303,1.4828247487545012,2.514645769596099,4.0658627,7.3262753,18.422616386413555,31.42575979232787,12.310838,19.557358,10.409837,16.201889,283.42175,286.08276,286.44827,288.49634,100609.71,103807.75,285.84387,286.72363,100466.1,103656.97,0.00076323916,0.00356102,262.0385,359.0793,7.6719475,10.439401,3.7610726,6.850588,0.7152648188919746,1.4827696964838182,0.81150305,1.8599485,0.0,0,80.55763,204.74046,240.34543,359.96985,13.174371,19.557358,10.526039,16.201889,183.32983,219.04709,0.8888452,0.9999521,1.4162426,4.579728,1.1845165,3.337993,12.679013,66.75546,58.4333,-3.0833299,187.8307648449963,277.83076484499634,97.83076484499631,283.45923,5.628463670628662,95.62846367062866
