,Unnamed: 0,station,lat,lon,n_blocks,gev_c,gev_loc,gev_scale,ks_stat,ks_pvalue,kuiper,r2_cdf,cluster,geometry,CVI_Category,dist_to_CVI_m,Morpho,CoastType,dist_to_morpho_m,wave_nc_mean_0p1deg,wave_atl_mean_0p1deg,current_mean_0p1deg,current_mean_1deg,dist_to_river_outlet_m,GEV_ID,HYRIV_ID,dist_to_nearest_river_m,nearest_CATCH_SKM_10km,nearest_DIS_AV_CMS_10km,river_index_10km,coastal_type
0,0,1,48.383,-4.495,399,0.0192406210445008,0.3966736502478821,0.1542821778416368,0.0248662335204727,0.960844211931903,0.0494782938246722,0.9988404982170832,3,POINT (-4.494999999999999 48.382999999999996),Intermediate,21.111073515668977,J,Harbor area,16.119376833407546,0.9354383680555556,866.5511723176747,33.83014160454348,235.51501148059415,446.2905740163656,0,20414935,225.2376341625892,1.0,1.485,0.6293843534798188,84200 Coastal waters
1,1,10,45.56848,-1.061555,237,0.0088778262935308,0.3969812706114106,0.2131120797609494,0.0395484470077406,0.837822009083803,0.0762425435945888,0.9961538872962868,3,POINT (-1.061555 45.568479999999994),No data,43.623852514712105,J,Harbor area,8.652328366898566,,,,,5552.178835262204,1,20492193,5552.178835262204,10.68,1.03,0.1080611175122276,83200 Estuaries
2,2,102,50.102,-5.542,377,0.0914707481944242,0.3824423705098201,0.1339606431470941,0.0286058878089926,0.9083926260236176,0.0532123116104968,0.9987358006552745,3,POINT (-5.541999999999999 50.102),Lower,173.43264995203862,J,Harbor area,160.6860858659023,1.2059461805555556,136.87948753389804,59.20437430531076,98.55327487301955,490.8659476401369,2,20371108,490.8659476401369,8.54,0.508,0.27553401094840113,84200 Coastal waters
3,3,103,50.103,-5.54275,448,0.1826767943208799,0.4166295566368921,0.3381770255129865,0.1985557023293032,5.918325561280256e-16,0.3488770993472217,0.8335754787068778,1,POINT (-5.54275 50.10300000000001),Lower,206.4504579754789,J,Harbor area,59.102871907950714,1.2010633680555556,137.9329596312312,59.58705428745426,98.49593312310316,369.8805283435022,3,20371108,369.8805283435022,8.54,0.508,0.29986868623967355,84200 Coastal waters
4,4,104,50.099998,-5.53333,208,0.2072242342589771,0.3557246364509208,0.3978046997445966,0.2274050321639531,6.182796000093566e-10,0.4262160657291842,0.7796091759882743,1,POINT (-5.53333 50.099998),Lower,798.8056530868658,A,"Erosion-resistant rock and/or cliff, without loose eroded material in the fronting sea",815.2178432216778,1.2198350694444444,129.35871808674415,51.478829769464774,98.90223652113791,1021.2280254620737,4,20371108,1021.2280254620737,8.54,0.508,0.20323499831037933,84200 Coastal waters
5,5,108,50.6085,-2.447944,205,-0.2991941008906251,0.4263918007223583,0.2361928472389137,0.1109943655347341,0.0117888780522012,0.1998258497754244,0.9714611330297108,3,POINT (-2.447944 50.6085),Lower,19.617665261961523,J,Harbor area,13.010872173483044,1.4330512152777777,146.22448907619716,151.83872182918674,504.1471163669678,739.0555098474315,5,20358527,739.0555098474315,42.47,0.858,0.3562282132723829,
6,6,109,50.714333,-1.874861,171,0.2091915267383245,0.4530849036309236,0.4347385426061614,0.0615734538491051,0.5158222204965666,0.101990046524849,0.995440341384998,1,POINT (-1.874861 50.71433299999999),Lower,135.22043623054964,B,"Erodible rock and/or cliff, with rock waste and sediments (sand or pebbles) at its base",16.574059514267653,1.0798611111111112,53.03638319219233,106.81692107920883,635.4795868133893,159.16900748753812,6,20355982,159.16900748753812,12.91,0.224,0.1743699081023874,84200 Coastal waters
7,7,11,46.497358,-1.793528,217,-0.0355843526596424,0.3691947549997586,0.1654209308584672,0.0524392524360619,0.5712227876679248,0.0922383402491842,0.9941486592970196,3,POINT (-1.7935280000000002 46.49735799999999),No data,4.623655056086136,J,Harbor area,10.646938449422699,,,,,1326.3041197853383,7,20467927,1261.459053155732,8.86,0.152,0.06082590958257216,12340 Naval port
8,8,111,50.7403,-1.50714,105,-0.6075712212350992,0.4428894434816706,0.222453022342408,0.0861718463436687,0.3942927312739153,0.1494880788314537,0.988252874349876,3,POINT (-1.50714 50.7403),Lower,1939.7515937514095,G,"Muddy coastline, including tidal flat, salt marsh",2062.87838522555,1.1117621527777777,301.4166595836838,638.0639119836537,656.2149441485958,1548.288065752368,8,20355016,1548.288065752368,12.76,2.16,0.4515078483479834,84200 Coastal waters
9,9,114,50.70888,-2.76411,71,-0.0015916372656461,0.6764939362960088,0.4491753468766529,0.1296435468983287,0.1682596788706136,0.2315735981689571,0.9482298063264908,1,POINT (-2.7641099999999996 50.70888),Lower,53.84816263506451,B,"Erodible rock and/or cliff, with rock waste and sediments (sand or pebbles) at its base",78.68138315788457,1.0901692708333333,254.60558401102685,61.31159367810467,451.97906562543284,174.61247387693692,9,20356093,174.61247387693692,1.5,2.55,1.0786090351023319,
10,10,115,50.59419,-4.83437,79,0.1666023245306987,1.1442777049313766,0.2827630824126496,0.045765113118623,0.9938907416007688,0.0843020766895498,0.996001550032402,4,POINT (-4.83437 50.59418999999999),Lower,25.26518709018828,A,"Erosion-resistant rock and/or cliff, without loose eroded material in the fronting sea",6.487683932702096,1.1342230902777777,198.15013692323228,60.98871824102406,141.3594533588179,6250.816501715348,10,20360236,4006.180301056359,10.23,0.29,0.035119109453552254,84200 Coastal waters
11,11,12,47.277217,-1.8898,213,-0.0491542570636995,0.6805387222152965,0.276738005425897,0.053283839041114,0.5625192346403777,0.1046031321094873,0.9891098785762912,1,POINT (-1.8898000000000001 47.27721699999999),No data,214.4844868333112,H,Estuary,12975.496583238471,0.0,,,,6437.808514999767,11,20447497,14.87610013435347,11.51,1020.908,0.9316489737669296,
12,11,12,47.277217,-1.8898,213,-0.0491542570636995,0.6805387222152965,0.276738005425897,0.053283839041114,0.5625192346403777,0.1046031321094873,0.9891098785762912,1,POINT (-1.8898000000000001 47.27721699999999),No data,214.4844868333112,H,Estuary,12975.496583238471,0.0,,,,6437.808514999767,12,20447497,14.87610013435347,11.51,1020.908,0.9316489737669296,12320 Passenger port
13,11,12,47.277217,-1.8898,213,-0.0491542570636995,0.6805387222152965,0.276738005425897,0.053283839041114,0.5625192346403777,0.1046031321094873,0.9891098785762912,1,POINT (-1.8898000000000001 47.27721699999999),No data,214.4844868333112,G,"Muddy coastline, including tidal flat, salt marsh",12975.496583238471,0.0,,,,6437.808514999767,13,20447497,14.87610013435347,11.51,1020.908,0.9316489737669296,84200 Coastal waters
14,11,12,47.277217,-1.8898,213,-0.0491542570636995,0.6805387222152965,0.276738005425897,0.053283839041114,0.5625192346403777,0.1046031321094873,0.9891098785762912,1,POINT (-1.8898000000000001 47.27721699999999),No data,214.4844868333112,G,"Muddy coastline, including tidal flat, salt marsh",12975.496583238471,0.0,,,,6437.808514999767,14,20447497,14.87610013435347,11.51,1020.908,0.9316489737669296,12320 Passenger port
15,12,120,50.9693985,1.86772001,308,0.1421289654177601,0.7273384286287202,0.2643980262639626,0.045531297094057,0.5305847711269083,0.0856281848467286,0.9964328979336708,1,POINT (1.8677200100000002 50.96939849999999),No data,11.889052158588319,L,Coastal embankment with construction,460.8244544417971,1.0083550347222223,258.1670189223179,588.2617180487565,321.3934297002169,535.0041423770325,15,20349542,364.697362809206,26.5,0.473,0.25231275049331287,84200 Coastal waters
16,13,121,50.72738,1.57766,238,0.1017201016680907,0.735742689302981,0.2818743775898544,0.0426679516799905,0.7625423098737214,0.0808788486227371,0.9962419604503608,1,POINT (1.5776600000000003 50.72737999999998),No data,45.692198195950695,J,Harbor area,41.157406277431825,1.4376085069444444,350.41108767102594,356.9430362876628,311.66472991236355,1213.5786802778923,16,20356649,1134.9904071760172,20.8,5.789,0.865252147659082,72100 Salt marshes
17,14,122,50.969501,1.8677,308,0.1419396347846442,0.7276494033863857,0.264416920889336,0.0478535064020442,0.4666063888121182,0.0877415703838969,0.9963227524681312,1,POINT (1.8677 50.969501),No data,18.162382481578312,L,Coastal embankment with construction,442.8876183114482,1.0083550347222223,258.1670189223179,588.2617180487565,321.3934297002169,527.682771667893,17,20349542,366.10085705553183,26.5,0.473,0.2535219512614719,12360 Local multi-functional harbours
18,15,123,50.727501,1.5774,238,0.0986951135284228,0.7343081439571194,0.2812544634442696,0.0408189440706775,0.8071315183587883,0.0801758891605168,0.9963773144882602,1,POINT (1.5773999999999997 50.727501),No data,76.1543719404941,J,Harbor area,56.51266119746089,1.4376085069444444,349.98124059842746,356.790435511854,311.72345320967025,1226.0997074742966,18,20356649,1153.327840034828,20.8,5.789,0.8603854089248685,12340 Naval port
19,16,124,50.783298,0.06667,205,-0.0001879269776253,0.4318347578558201,0.1530287645171121,0.0595155350032734,0.4449934587098092,0.1151664095836877,0.9898439158761054,3,POINT (0.06667 50.783297999999995),Lower,162.6579752406713,D,Gravel beach fronting upland (> 1 km long),313.0460506265498,1.0495876736111112,265.6202545993733,179.75228537300688,349.11667241731453,495.7392669655497,19,20354233,495.7392669655497,32.55,9.002,1.539563217344074,
20,17,125,50.368401,-4.1852002,203,0.0334330188628673,0.3910876017883575,0.1375209791120469,0.0470058105294253,0.7425865813078877,0.0800455969658513,0.9965700114777132,3,POINT (-4.1852002 50.368400999999984),Lower,33.585947648260614,H,Estuary,1834.2174016073004,1.0851779513888888,267.4130746391866,16.0248497699407,177.72774450428446,1924.1269319369094,20,20364199,1924.1269319369094,6.16,0.202,0.06292026540394499,84200 Coastal waters
21,17,125,50.368401,-4.1852002,203,0.0334330188628673,0.3910876017883575,0.1375209791120469,0.0470058105294253,0.7425865813078877,0.0800455969658513,0.9965700114777132,3,POINT (-4.1852002 50.368400999999984),Lower,33.585947648260614,H,Estuary,1834.2174016073004,1.0851779513888888,267.4130746391866,16.0248497699407,177.72774450428446,1924.1269319369094,21,20364199,1924.1269319369094,6.16,0.202,0.06292026540394499,84200 Coastal waters
22,17,125,50.368401,-4.1852002,203,0.0334330188628673,0.3910876017883575,0.1375209791120469,0.0470058105294253,0.7425865813078877,0.0800455969658513,0.9965700114777132,3,POINT (-4.1852002 50.368400999999984),Lower,33.585947648260614,C,Small beaches,1834.2174016073004,1.0851779513888888,267.4130746391866,16.0248497699407,177.72774450428446,1924.1269319369094,22,20364199,1924.1269319369094,6.16,0.202,0.06292026540394499,
23,17,125,50.368401,-4.1852002,203,0.0334330188628673,0.3910876017883575,0.1375209791120469,0.0470058105294253,0.7425865813078877,0.0800455969658513,0.9965700114777132,3,POINT (-4.1852002 50.368400999999984),Lower,33.585947648260614,C,Small beaches,1834.2174016073004,1.0851779513888888,267.4130746391866,16.0248497699407,177.72774450428446,1924.1269319369094,23,20364199,1924.1269319369094,6.16,0.202,0.06292026540394499,84200 Coastal waters
24,18,126,50.8004,-1.1102,203,-0.0596132677969032,0.4399705751248702,0.1641270308372304,0.0419780705279861,0.8517485450560376,0.0732083011460086,0.996905945331084,3,POINT (-1.1102 50.8004),Lower,13.101302189063427,H,Estuary,2088.7985704217704,1.1494140625,61.77638752662094,112.75363457333432,593.3138558140553,4444.242450943722,24,20354123,4185.866608048843,11.39,0.174,0.029465389123120574,84200 Coastal waters
25,19,127,50.607899,-2.4465001,204,0.0398744127626695,0.3977831432976929,0.1515032450057134,0.0404035568907954,0.8794833063094978,0.0743974987168777,0.9979441279352484,3,POINT (-2.4465000999999997 50.607898999999996),Lower,40.25487094931304,J,Harbor area,3.7186871847648204,1.4379340277777777,143.9205193267912,151.20842395754832,505.23547719113884,843.8008101942083,25,20358527,843.8008101942083,42.47,0.858,0.3359910862546975,84200 Coastal waters
26,20,128,50.7136,-1.8747,165,-0.1186300167061249,0.4106955929454887,0.1643274374526066,0.049709530982598,0.7905521790174116,0.0890331820839211,0.9963338087989808,3,POINT (-1.8746999999999996 50.71359999999998),Lower,261.65105424097266,B,"Erodible rock and/or cliff, with rock waste and sediments (sand or pebbles) at its base",6.149474774437989,1.0879991319444444,53.03638319219233,106.81692107920883,635.4795868133893,200.760569970261,26,20355982,200.760569970261,12.91,0.224,0.16833013871844874,12310 Cargo port
27,21,129,50.651108,-1.1531577,112,-0.272751174949764,0.4051227064743821,0.1441356802381272,0.0911272376027554,0.2921159463188175,0.1442777416159818,0.9878575391752948,3,POINT (-1.1531577 50.651107999999994),Lower,244.79703336157255,E,Sand beach fronting upland (> 1 Km long),18.783243797955503,1.8317057291666667,169.29575514447296,558.9538113689019,636.9361356394214,6686.419073289397,27,20357252,1501.589226383959,21.49,1.478,0.11805911176584638,83200 Estuaries
28,22,13,47.205383,-1.765133,213,-0.0823425769803469,0.7390076146349648,0.3509113409234792,0.0644111179075723,0.3258522510756887,0.1168785090413891,0.9890919797383122,1,POINT (-1.7651329999999998 47.20538299999999),No data,2646.8026164065604,G,"Muddy coastline, including tidal flat, salt marsh",30236.343958784775,0.0,,,,18341.178155392678,28,20449049,96.49479813179387,31.2,997.859,0.3570937494738922,12340 Naval port
29,22,13,47.205383,-1.765133,213,-0.0823425769803469,0.7390076146349648,0.3509113409234792,0.0644111179075723,0.3258522510756887,0.1168785090413891,0.9890919797383122,1,POINT (-1.7651329999999998 47.20538299999999),No data,2646.8026164065604,G,"Muddy coastline, including tidal flat, salt marsh",30236.343958784775,0.0,,,,18341.178155392678,29,20449049,96.49479813179387,31.2,997.859,0.3570937494738922,12360 Local multi-functional harbours
30,22,13,47.205383,-1.765133,213,-0.0823425769803469,0.7390076146349648,0.3509113409234792,0.0644111179075723,0.3258522510756887,0.1168785090413891,0.9890919797383122,1,POINT (-1.7651329999999998 47.20538299999999),No data,2646.8026164065604,H,Estuary,30236.343958784775,0.0,,,,18341.178155392678,30,20449049,96.49479813179387,31.2,997.859,0.3570937494738922,12330 Fishing port
31,22,13,47.205383,-1.765133,213,-0.0823425769803469,0.7390076146349648,0.3509113409234792,0.0644111179075723,0.3258522510756887,0.1168785090413891,0.9890919797383122,1,POINT (-1.7651329999999998 47.20538299999999),No data,2646.8026164065604,H,Estuary,30236.343958784775,0.0,,,,18341.178155392678,31,20449049,96.49479813179387,31.2,997.859,0.3570937494738922,84200 Coastal waters
32,23,130,50.740292,-1.5071276,105,-0.5383090956506165,0.4989575850326324,0.2222026376786166,0.0833526651902992,0.4355697718121118,0.1396353928653241,0.9892467993806544,3,POINT (-1.5071276 50.74029199999998),Lower,1941.5774746939753,G,"Muddy coastline, including tidal flat, salt marsh",2064.6010726585105,1.1117621527777777,301.4166595836838,638.0639119836537,656.2149441485958,1549.5078932941228,32,20355016,1549.5078932941228,12.76,2.16,0.45129182167468623,84200 Coastal waters
33,24,131,50.609333,-1.949177,95,0.1313327345200057,0.3926827477964157,0.1669008121470283,0.0714713159186733,0.6897058634403916,0.1271048648951689,0.9911934244104748,3,POINT (-1.949177 50.60933300000001),Lower,302.8095154720303,B,"Erodible rock and/or cliff, with rock waste and sediments (sand or pebbles) at its base",250.6277834962211,1.7505425347222223,42.490122048700954,424.354316411834,637.6958415377604,514.3030645257849,33,20358630,514.3030645257849,16.75,0.296,0.17122238938342008,
34,25,133,50.594177,-4.8344054,88,0.3206662604070879,0.8031285647321317,0.5614123081565747,0.1499175131915163,0.0342898937415212,0.249974010925844,0.9369945658834437,4,POINT (-4.8344054 50.594176999999995),Lower,20.74433205835422,A,"Erosion-resistant rock and/or cliff, without loose eroded material in the fronting sea",10.311916391822745,1.1342230902777777,197.79890399299867,61.110282055064204,141.33732685493507,6247.998250614192,34,20360236,4004.6021186728594,10.23,0.29,0.03513276487474122,12330 Fishing port
35,26,14,47.19345,-1.633667,203,0.0134330634830521,0.8232882942879987,0.432511799331808,0.0819018346598658,0.1241505438848318,0.1503069268684796,0.9797964126425452,4,POINT (-1.633667 47.193449999999984),No data,17388.407991408425,H,Estuary,44430.35231708897,0.0,,,,27855.677839740096,35,20449399,33.65453628985625,43.9,996.562,0.23930522387471323,84200 Coastal waters
36,26,14,47.19345,-1.633667,203,0.0134330634830521,0.8232882942879987,0.432511799331808,0.0819018346598658,0.1241505438848318,0.1503069268684796,0.9797964126425452,4,POINT (-1.633667 47.193449999999984),No data,17388.407991408425,H,Estuary,44430.35231708897,0.0,,,,27855.677839740096,36,20449399,33.65453628985625,43.9,996.562,0.23930522387471323,12330 Fishing port
37,26,14,47.19345,-1.633667,203,0.0134330634830521,0.8232882942879987,0.432511799331808,0.0819018346598658,0.1241505438848318,0.1503069268684796,0.9797964126425452,4,POINT (-1.633667 47.193449999999984),No data,17388.407991408425,G,"Muddy coastline, including tidal flat, salt marsh",44430.35231708897,0.0,,,,27855.677839740096,37,20449399,33.65453628985625,43.9,996.562,0.23930522387471323,12310 Cargo port
38,26,14,47.19345,-1.633667,203,0.0134330634830521,0.8232882942879987,0.432511799331808,0.0819018346598658,0.1241505438848318,0.1503069268684796,0.9797964126425452,4,POINT (-1.633667 47.193449999999984),No data,17388.407991408425,G,"Muddy coastline, including tidal flat, salt marsh",44430.35231708897,0.0,,,,27855.677839740096,38,20449399,33.65453628985625,43.9,996.562,0.23930522387471323,12310 Cargo port
39,27,140,50.8839,-1.3931,226,0.0042792526272125,0.6276230253439268,0.1798321126857646,0.0309892874894778,0.9770953946611451,0.0568306160714349,0.99866448177567,3,POINT (-1.3931 50.88389999999999),Lower,10.820425051842465,J,Harbor area,109.2410394917273,0.2814670138888889,2.781679245689005,285.89050631939784,613.6982435731711,1427.5611804921884,39,20351414,1427.5611804921884,7.45,0.111,0.04336060181253805,
40,28,141,50.802194,-1.11125,177,0.0321888062476629,0.4611759286070112,0.1628453400971136,0.062298389508422,0.4790150532928037,0.1233018250604657,0.991067054335292,3,POINT (-1.1112499999999998 50.802194),Lower,54.37438017325264,H,Estuary,2399.7960768222906,1.1267361111111112,59.35063358853829,109.98776558237354,592.8097995305287,4455.600015176976,40,20354123,4153.451493152045,11.39,0.174,0.02940404755689639,83200 Estuaries
41,29,142,50.368389,-4.18525,172,0.2176333426426524,0.5645075854326811,0.4256514880536335,0.1369402787472823,0.0028277755478398,0.272646571164597,0.9056776935281504,1,POINT (-4.18525 50.368388999999986),Lower,36.55547798065188,H,Estuary,1836.0994388985687,1.0907118055555556,267.4130746391866,16.0248497699407,177.72774450428446,1924.870201194712,41,20364199,1924.870201194712,6.16,0.202,0.06290427607937651,84200 Coastal waters
42,29,142,50.368389,-4.18525,172,0.2176333426426524,0.5645075854326811,0.4256514880536335,0.1369402787472823,0.0028277755478398,0.272646571164597,0.9056776935281504,1,POINT (-4.18525 50.368388999999986),Lower,36.55547798065188,H,Estuary,1836.0994388985687,1.0907118055555556,267.4130746391866,16.0248497699407,177.72774450428446,1924.870201194712,42,20364199,1924.870201194712,6.16,0.202,0.06290427607937651,84200 Coastal waters
43,29,142,50.368389,-4.18525,172,0.2176333426426524,0.5645075854326811,0.4256514880536335,0.1369402787472823,0.0028277755478398,0.272646571164597,0.9056776935281504,1,POINT (-4.18525 50.368388999999986),Lower,36.55547798065188,C,Small beaches,1836.0994388985687,1.0907118055555556,267.4130746391866,16.0248497699407,177.72774450428446,1924.870201194712,43,20364199,1924.870201194712,6.16,0.202,0.06290427607937651,
44,29,142,50.368389,-4.18525,172,0.2176333426426524,0.5645075854326811,0.4256514880536335,0.1369402787472823,0.0028277755478398,0.272646571164597,0.9056776935281504,1,POINT (-4.18525 50.368388999999986),Lower,36.55547798065188,C,Small beaches,1836.0994388985687,1.0907118055555556,267.4130746391866,16.0248497699407,177.72774450428446,1924.870201194712,44,20364199,1924.870201194712,6.16,0.202,0.06290427607937651,84200 Coastal waters
45,30,146,51.707389,-5.051778,357,1.0723473949203204,1.9887749501805183,0.0120014173790022,0.1009525109147458,0.0012772696220718,0.1333459667775856,0.9729457515872552,5,POINT (-5.051778 51.707389),Lower,48.75682724774446,J,Harbor area,45.93453819163155,0.8642578125,374.7679384922301,145.50365507414713,183.9656176094763,1176.4086436915607,45,20330275,1136.0468702809274,9.97,0.298,0.1198417500682782,84200 Coastal waters
46,31,147,51.6496,-9.9034,105,0.0588466442113375,0.3830352650200835,0.1425147139332348,0.0552482367652136,0.8879564998171277,0.0923633780620368,0.99469884806074,3,POINT (-9.903399999999998 51.6496),No data,207.27946035184206,D,Gravel beach fronting upland (> 1 km long),529.3247192249775,1.1724175347222223,1067.8604794370974,4.932680706697129,30.451575980850986,467.9113097310616,46,20331799,467.9113097310616,4.53,0.221,0.13602333755171536,84200 Coastal waters
47,32,148,51.8278,-8.0007,84,0.226027038122887,0.3835082443092429,0.2052377244922952,0.0699158540021328,0.77968803160798,0.1304851690396265,0.9875590727430203,3,POINT (-8.0007 51.8278),No data,104.04797895021677,A,"Erosion-resistant rock and/or cliff, without loose eroded material in the fronting sea",626.1035368209384,1.2521701388888888,721.8810373204095,19.767421054138584,27.525463260589092,2016.7749840958688,47,20326988,2016.7749840958688,9.29,0.23,0.06862101892273356,84200 Coastal waters
48,33,15,48.640812,-2.028103,190,0.045248010591771,0.5436971216073824,0.1861832229783482,0.0512194921521484,0.6816250151769158,0.083280982293869,0.9959427545622148,3,POINT (-2.028103 48.640812),Intermediate,91.44272593222558,J,Harbor area,182.54992377664593,1.2157118055555556,201.56172610086108,800.2175085167701,630.7525480306634,335.41469361631374,48,20408123,335.41469361631374,33.62,0.496,0.3016253076137801,84200 Coastal waters
49,34,151,51.716702,-5.0500002,200,0.0694745200040886,0.4400004794577209,0.1830452654573161,0.0683477541043902,0.2940413478914973,0.1034240698808935,0.9935700994664058,3,POINT (-5.0500001999999995 51.716702000000005),Lower,1548.5739643945792,J,Harbor area,1533.2216404442854,0.8093532986111112,367.3292131809782,116.2372549915795,184.9578501570116,1226.2222338991312,49,20330275,717.5991950170455,9.97,0.298,0.11716019036738369,83200 Estuaries
50,35,152,51.649601,-9.9034004,105,-0.1476613746605578,0.3519409308518334,0.141030932902707,0.0667373659245489,0.712343894808253,0.1280348435311473,0.986759306145052,3,POINT (-9.9034004 51.64960099999999),No data,207.12133438291906,D,Gravel beach fronting upland (> 1 km long),529.2705355050392,1.1724175347222223,1067.8604794370974,4.932680706697129,30.451575980850986,467.86733980273425,50,20331799,467.86733980273425,4.53,0.221,0.13602741212728553,12310 Cargo port
51,36,153,51.827801,-8.0007,85,0.3100034519077288,0.412178102786775,0.2251386287900602,0.0837534929872986,0.5613323848688525,0.1442400019780204,0.988182225882649,6,POINT (-8.0007 51.827801),No data,104.22809970054718,A,"Erosion-resistant rock and/or cliff, without loose eroded material in the fronting sea",626.0310990513822,1.2521701388888888,721.8810373204095,19.767421054138584,27.525463260589092,2016.701791568052,51,20326988,2016.701791568052,9.29,0.23,0.0686226838356694,72300 Intertidal flats
52,37,154,51.84,-8.3039999,79,-0.0098384711904077,0.40972647000223,0.1772048711268642,0.0993058876363801,0.3915113553314918,0.1917110870816536,0.967029453179242,3,POINT (-8.3039999 51.84),No data,856.7178086610731,AC,Pocket beaches (< 200 m long),5944.53341437597,0.583984375,1752.4492590492487,13.494215867458246,31.038628222875637,2441.2617037497143,52,20327226,2441.2617037497143,15.12,0.38,0.09359459719582959,72300 Intertidal flats
53,37,154,51.84,-8.3039999,79,-0.0098384711904077,0.40972647000223,0.1772048711268642,0.0993058876363801,0.3915113553314918,0.1917110870816536,0.967029453179242,3,POINT (-8.3039999 51.84),No data,856.7178086610731,AC,Pocket beaches (< 200 m long),5944.53341437597,0.583984375,1752.4492590492487,13.494215867458246,31.038628222875637,2441.2617037497143,53,20327226,2441.2617037497143,15.12,0.38,0.09359459719582959,
54,37,154,51.84,-8.3039999,79,-0.0098384711904077,0.40972647000223,0.1772048711268642,0.0993058876363801,0.3915113553314918,0.1917110870816536,0.967029453179242,3,POINT (-8.3039999 51.84),No data,856.7178086610731,H,Estuary,5944.53341437597,0.583984375,1752.4492590492487,13.494215867458246,31.038628222875637,2441.2617037497143,54,20327226,2441.2617037497143,15.12,0.38,0.09359459719582959,61100 Sparse vegetation on sands
55,37,154,51.84,-8.3039999,79,-0.0098384711904077,0.40972647000223,0.1772048711268642,0.0993058876363801,0.3915113553314918,0.1917110870816536,0.967029453179242,3,POINT (-8.3039999 51.84),No data,856.7178086610731,H,Estuary,5944.53341437597,0.583984375,1752.4492590492487,13.494215867458246,31.038628222875637,2441.2617037497143,55,20327226,2441.2617037497143,15.12,0.38,0.09359459719582959,84200 Coastal waters
56,38,156,51.114389,1.322528,396,-0.1153757449007556,0.6287207783814618,0.236471214568619,0.0532022406306923,0.2048871155046231,0.10255266093395,0.9924324308434092,1,POINT (1.322528 51.114389),Higher,443.97035565246676,J,Harbor area,117.8165576387228,1.2447916666666667,78.4015499055863,524.1295196107659,322.1822779974794,985.9911498435572,56,20345211,985.9911498435572,21.82,0.83,0.30428934016800785,
57,39,157,51.445639,0.743361,337,0.4924956090589786,0.9505760220526788,0.5985442267399266,0.1094315640176419,0.0005712705004603,0.2062622203431365,0.953028550684356,4,POINT (0.7433609999999999 51.44563899999999),Higher,1931.4602614574726,J,Harbor area,47.45411013934351,1.5232204861111112,48.76131064943541,151.78533838211797,310.7921945347419,6555.3894917340685,57,20338432,5918.429084110926,10.85,0.116,0.01452616831461109,84200 Coastal waters
58,40,158,51.211139,-4.112389,280,0.5765099380443541,1.2095912430529765,0.3759525687769236,0.1022734662066689,0.0052908809084673,0.1685918323936463,0.9721108063232484,4,POINT (-4.112388999999999 51.211139),Lower,36.91362121956774,E,Sand beach fronting upland (> 1 Km long),66.60598502065095,1.0929904513888888,92.40487969198425,693.4445847073372,290.87068763551486,1026.9703985985675,58,20342939,1008.4799724706068,4.84,0.136,0.06290833563393156,12350 Marinas
59,41,16,45.56843333,-1.06148333,128,0.0563403370550189,0.3730802228952937,0.1951460079972892,0.0353761104565395,0.9955096163627104,0.0697806960840456,0.9980577190527864,3,POINT (-1.06148333 45.56843332999999),No data,38.953587766208315,J,Harbor area,2.8162092676825417,,,,,5547.548711806218,59,20492193,5547.548711806218,10.68,1.03,0.10813753333391844,84200 Coastal waters
60,42,160,51.948,1.292056,222,-0.2097946740927133,0.571370014356722,0.3795268123760246,0.0811410635441161,0.1016977786360362,0.1416812368110992,0.9911929539539788,1,POINT (1.292056 51.948),Intermediate,81.85687647073775,J,Harbor area,65.69683705065898,1.0268012152777777,9781.638473370664,252.90847718061778,407.7875920459185,1669.2538874573581,60,20325156,1669.2538874573581,26.35,0.228,0.07694540909785752,83200 Estuaries
61,43,161,51.21525,-3.134472,185,0.0060062276971752,0.7476181512000325,0.3082360510033739,0.0710079215389435,0.2943971801139375,0.1187194474375768,0.988129393235089,1,POINT (-3.1344719999999997 51.21524999999999),Lower,239.446342096552,B,"Erodible rock and/or cliff, with rock waste and sediments (sand or pebbles) at its base",823.4433371376684,1.4240451388888888,114.69452644264783,955.5754728747572,421.66963352978985,969.8996342037887,61,20343056,969.8996342037887,0.67,0.46,0.1921095063012386,12360 Local multi-functional harbours
62,44,162,51.55,-2.987444,187,0.039210890315921,0.9594604723982968,0.2716111129090164,0.0386493036572718,0.932435491491461,0.0724108800096221,0.9971977513729848,1,POINT (-2.987444 51.55),Intermediate,44.204562070808905,H,Estuary,1450.503321000553,0.8604600694444444,19.630442015785,681.7951641128069,616.5943705643031,275.3628263464096,62,20334506,248.15009539036285,35.08,6.835,1.6141296108298384,
63,45,163,51.95769444,1.34655556,25,-0.5170851303935419,-2.4354355110100068,0.5338602370977457,0.1150889562547637,0.8578892452132466,0.2262367480358263,0.9702067547893872,0,POINT (1.3465555599999999 51.95769444),Intermediate,22.860868411138654,D,Gravel beach fronting upland (> 1 km long),120.12733731249966,1.2772352430555556,355.27358247464514,323.35033073118313,404.949314463811,4807.305207526504,63,20322877,4807.305207526504,13.48,3.443,0.2568023783611128,84100 Open sea
64,46,164,51.57,-3.975472,18,0.8891172719476106,0.1121603792905484,0.1258035555669,0.1734935917602472,0.5910013292057548,0.2598967763666853,0.9537004252731413,6,POINT (-3.9754719999999995 51.57),Lower,204.47990069614931,D,Gravel beach fronting upland (> 1 km long),16.511608287248354,1.2560763888888888,132.35513801209663,281.08398104406604,329.18561002919887,2937.0702918336547,64,20333305,2937.0702918336547,12.93,0.427,0.0903144504089141,
65,47,165,51.5,-2.72847222,93,0.8914064050246874,0.8995921507840083,0.750971170549415,0.2608206086937527,4.531517218419854e-06,0.5196755359591505,0.800983344029571,2,POINT (-2.72847222 51.5),Intermediate,2.1382247861165684,Y,"Artificial shoreline (walk, dike, quay) without beach",51.79380213717608,0.9224175347222222,19.074187248888684,441.60711837758964,533.0856780530347,251.56204920359605,65,20336718,251.56204920359605,27.41,0.521,0.33507569912942203,
66,48,166,51.38198,1.11553,173,0.1653611280413981,0.91607282361724,0.3656076986365733,0.0474056795239232,0.8138811215765983,0.0902052522315625,0.995699839217932,4,POINT (1.11553 51.38198),Higher,1604.754701506937,B,"Erodible rock and/or cliff, with rock waste and sediments (sand or pebbles) at its base",1797.7782583147923,1.07421875,190.35631750254404,194.7885247031216,335.14221423192237,4554.707260338379,66,20339803,4522.523276658364,17.84,0.208,0.034019094345070874,
67,49,167,51.22378,1.40923,115,-0.1182328546250537,0.6438864810612708,0.2430752751325388,0.0680001908722256,0.6370667605374238,0.1206702595983603,0.99223293442152,1,POINT (1.40923 51.22377999999999),Higher,434.8423905084252,B,"Erodible rock and/or cliff, with rock waste and sediments (sand or pebbles) at its base",143.23958032367057,1.4661458333333333,166.84216658278163,544.8431574457315,324.4422995433829,1963.206620470537,67,20343741,1963.206620470537,13.46,0.182,0.0564280298429044,12360 Local multi-functional harbours
68,50,168,51.57012,-2.70001,76,0.7330385768257192,1.5959067595408318,0.3010374820288384,0.0743864963930086,0.7661369849133244,0.1233109069508503,0.9884571377753096,2,POINT (-2.70001 51.57012),Lower,2456.845127340931,G,"Muddy coastline, including tidal flat, salt marsh",2565.3835764886417,0.9061414930555556,15.023077900937041,318.0678054472152,611.9284615061435,2492.9460209630206,68,20333601,2492.9460209630206,18.0,0.797,0.1678006403171476,
69,50,168,51.57012,-2.70001,76,0.7330385768257192,1.5959067595408318,0.3010374820288384,0.0743864963930086,0.7661369849133244,0.1233109069508503,0.9884571377753096,2,POINT (-2.70001 51.57012),Lower,2456.845127340931,G,"Muddy coastline, including tidal flat, salt marsh",2565.3835764886417,0.9061414930555556,15.023077900937041,318.0678054472152,611.9284615061435,2492.9460209630206,69,20333601,2492.9460209630206,18.0,0.797,0.1678006403171476,
70,50,168,51.57012,-2.70001,76,0.7330385768257192,1.5959067595408318,0.3010374820288384,0.0743864963930086,0.7661369849133244,0.1233109069508503,0.9884571377753096,2,POINT (-2.70001 51.57012),Lower,2456.845127340931,G,"Muddy coastline, including tidal flat, salt marsh",2565.3835764886417,0.9061414930555556,15.023077900937041,318.0678054472152,611.9284615061435,2492.9460209630206,70,20333601,2492.9460209630206,18.0,0.797,0.1678006403171476,
71,50,168,51.57012,-2.70001,76,0.7330385768257192,1.5959067595408318,0.3010374820288384,0.0743864963930086,0.7661369849133244,0.1233109069508503,0.9884571377753096,2,POINT (-2.70001 51.57012),Lower,2456.845127340931,G,"Muddy coastline, including tidal flat, salt marsh",2565.3835764886417,0.9061414930555556,15.023077900937041,318.0678054472152,611.9284615061435,2492.9460209630206,71,20333601,2492.9460209630206,18.0,0.797,0.1678006403171476,
72,51,17,47.305667,-2.0883,165,0.0994981003280412,0.5606634055502338,0.2794897737075363,0.0323393436528054,0.9931478371666188,0.0633252972664571,0.9975924022742194,1,POINT (-2.0883 47.30566699999999),No data,99.15897582564503,Y,"Artificial shoreline (walk, dike, quay) without beach",123.9085370896761,0.0,,,,2718.9178782104837,72,20447150,2718.9178782104837,9.18,0.148,0.037113297395492004,84200 Coastal waters
73,52,170,51.048091,2.366698,364,0.113839080759367,0.7567614821260945,0.3045261672123013,0.0387016170900184,0.6323636938875219,0.0727292027693073,0.9974048998029834,1,POINT (2.366698 51.048091),No data,27.83027805481106,J,Harbor area,412.37229946206276,1.0199652777777777,602.9435892893591,326.81649903350745,339.2653702309946,732.3142322024407,73,20347376,382.70463885903575,2.43,6.332,1.1500501812565227,
74,53,172,51.399148,4.209993,288,0.4111324001521646,1.1433167458546365,0.4501857019888886,0.0704096827724776,0.1096475511984799,0.136801369057178,0.9825822161386212,4,POINT (4.209993 51.39914799999999),Lower,101.00775322597474,Y,"Artificial shoreline (walk, dike, quay) without beach",166.2125504959938,0.3641493055555556,6083.077719341376,12.572307906573332,233.05568268148934,1868.0141757074173,74,20338332,1868.0141757074173,10.31,0.144,0.046907329868594624,
75,54,173,51.506519,4.249998,124,0.2446775294233714,1.3711305536699396,0.4164705757128781,0.0842012476145143,0.3245985843568234,0.1502815466810945,0.9801293679217116,4,POINT (4.249998 51.506519),Lower,8504.814944325937,Y,"Artificial shoreline (walk, dike, quay) without beach",4732.355277315338,0.1488715277777778,3709.2908706466874,,222.58997109082938,2320.7094581854058,75,20335303,1334.4757337467574,8.02,0.111,0.031698200353973735,83200 Estuaries
76,55,174,51.511332,4.165743,175,0.0698600155716616,0.8968330624854921,0.3484317819976728,0.0916207403111099,0.0994647565968929,0.1594250111741462,0.9804725017647796,4,POINT (4.165743 51.51133199999999),Lower,1197.0309343138197,Y,"Artificial shoreline (walk, dike, quay) without beach",87.86912822038029,0.427734375,9220.562740873136,,225.0046704523262,3702.114078966741,76,20335018,3702.114078966741,13.74,0.192,0.03735183010536442,83200 Estuaries
77,56,175,51.399115,3.564552,80,0.1806702493746619,0.9321341728683676,0.3954356261975275,0.0986932117982122,0.3915420458390536,0.1661372206019941,0.9832289393366588,4,POINT (3.5645519999999995 51.399114999999995),Lower,128.4333960212492,Y,"Artificial shoreline (walk, dike, quay) without beach",23.4043464423169,0.8272569444444444,390.7882847503277,661.9504867934679,244.69768363918553,3760.237708948449,77,20339044,3760.2358461670296,14.21,0.202,0.038650767856913806,84200 Coastal waters
78,57,178,51.750754,3.811483,234,0.1837263846794612,0.9399774091376144,0.3821851171542862,0.0575049651409257,0.406166359651153,0.1069626994692006,0.98966260588766,4,POINT (3.8114830000000004 51.750754),Lower,1514.6436506744508,Y,"Artificial shoreline (walk, dike, quay) without beach",1069.0502189708598,1.3459201388888888,2453.5070527531543,170.83316129546617,224.0641264381873,5248.649704478371,78,20329829,5248.649704478371,10.24,0.119,0.01799355630508988,83200 Estuaries
79,58,179,51.655118,4.102756,153,0.2475433260593261,1.00435860059911,0.4147604587774537,0.0716779665136664,0.3929874896953486,0.1429477951250978,0.9837573142819752,4,POINT (4.102756 51.655117999999995),Lower,47.36285504871513,Y,"Artificial shoreline (walk, dike, quay) without beach",1.64255194197089,0.4275173611111111,4221.121868898077,12.15523999821056,219.70138010328012,5814.767080958706,79,20330487,5814.767080958706,30.32,0.444,0.05391483423015854,
80,59,18,47.542676,-2.895167,133,0.0954960094438953,0.3784412014517154,0.1915306394827979,0.0654798779681912,0.5951511825814557,0.1192785719867886,0.9856026621344202,3,POINT (-2.8951669999999994 47.54267599999999),Intermediate,1.4837774900984386,J,Harbor area,3.4988622998775565,0.0,,,81.66076874531491,7537.637202319908,80,20438489,7537.637202319908,11.14,0.22,0.02329108751274321,
81,60,180,51.675798,3.756442,98,0.2107592258102359,0.8830279594012833,0.4006440254222183,0.0744841671682416,0.6213429092558069,0.1327243571225358,0.9890759004180426,4,POINT (3.756442 51.675798),Lower,5.675835831090808,Y,"Artificial shoreline (walk, dike, quay) without beach",235.13112173278572,1.4894748263888888,3608.6679234492112,226.58653334074302,228.7004297472408,6065.971701069253,81,20329829,5891.45034897384,10.24,0.119,0.015912238973629148,84200 Coastal waters
82,61,181,51.379296,3.376275,288,0.1380160840446438,0.8753542027207666,0.3602301955053111,0.070120951005021,0.1122644850761382,0.1122322814064178,0.9901958854742337,4,POINT (3.376275 51.379296),Lower,261.91416541161834,K,Artificial beach,356.1327994822582,1.1867404513888888,532.4228954452637,270.03117848029626,251.25232752286354,1196.9914724696746,82,20340453,1196.9914724696746,61.44,1.831,0.47366136645879364,83200 Estuaries
83,62,183,51.60088,3.85938,97,0.2346436723638056,0.9042868166704028,0.421825275917713,0.1085331400601975,0.1889749973768433,0.1563916605717956,0.9818568005437044,4,POINT (3.85938 51.60087999999999),Lower,51.233932031289314,Y,"Artificial shoreline (walk, dike, quay) without beach",64.11459591810201,0.8791232638888888,5140.8182386535045,,229.4060406057938,4490.606082786432,83,20332368,4490.606082786432,47.54,0.4,0.061281439243196595,83200 Estuaries
84,63,19,47.873549,-3.907207,154,0.0955219173170182,0.3529002702282084,0.1541275191474267,0.055401800795078,0.7105473705046119,0.1012026629397428,0.9941879464133456,3,POINT (-3.907207 47.87354899999999),Intermediate,2.1732888767145195,A,"Erosion-resistant rock and/or cliff, without loose eroded material in the fronting sea",1039.8749072365986,0.0,,,284.5067283867691,765.2312739914913,84,20429930,160.35294534082277,9.21,1.515,0.5224657046290675,12310 Cargo port
85,63,19,47.873549,-3.907207,154,0.0955219173170182,0.3529002702282084,0.1541275191474267,0.055401800795078,0.7105473705046119,0.1012026629397428,0.9941879464133456,3,POINT (-3.907207 47.87354899999999),Intermediate,2.1732888767145195,A,"Erosion-resistant rock and/or cliff, without loose eroded material in the fronting sea",1039.8749072365986,0.0,,,284.5067283867691,765.2312739914913,85,20429930,160.35294534082277,9.21,1.515,0.5224657046290675,
86,63,19,47.873549,-3.907207,154,0.0955219173170182,0.3529002702282084,0.1541275191474267,0.055401800795078,0.7105473705046119,0.1012026629397428,0.9941879464133456,3,POINT (-3.907207 47.87354899999999),Intermediate,2.1732888767145195,J,Harbor area,1039.8749072365986,0.0,,,284.5067283867691,765.2312739914913,86,20429930,160.35294534082277,9.21,1.515,0.5224657046290675,84200 Coastal waters
87,63,19,47.873549,-3.907207,154,0.0955219173170182,0.3529002702282084,0.1541275191474267,0.055401800795078,0.7105473705046119,0.1012026629397428,0.9941879464133456,3,POINT (-3.907207 47.87354899999999),Intermediate,2.1732888767145195,J,Harbor area,1039.8749072365986,0.0,,,284.5067283867691,765.2312739914913,87,20429930,160.35294534082277,9.21,1.515,0.5224657046290675,
88,64,194,51.445556,4.006959,347,0.164194435243596,1.0227720467288128,0.3845748280108555,0.0818098245845587,0.0181284431036284,0.1457951798072896,0.9794259463459736,4,POINT (4.006958999999999 51.445556),Lower,447.3645357150033,Y,"Artificial shoreline (walk, dike, quay) without beach",393.3440553966743,0.7660590277777778,4776.469795594027,536.9006420956802,234.20441588647446,4271.713117072874,88,20336118,4205.477586120443,23.26,0.327,0.05366770567979403,83200 Estuaries
89,65,195,51.863131,3.860766,214,0.100442168477196,0.7982228235288904,0.3285494628495098,0.0562135651078831,0.4907696448028837,0.0925768239884811,0.9929575657882416,1,POINT (3.860766 51.863131),Lower,7451.983849552966,Y,"Artificial shoreline (walk, dike, quay) without beach",7903.1499829324675,1.8196614583333333,730.4115074383828,195.98014861709007,217.71547035680354,10076.748986154793,89,20327884,8993.858847424244,9.82,0.12,0.010231222223933521,84100 Open sea
90,66,196,51.835992,4.054941,70,0.5285359487762056,0.4410223564112304,0.1864943336726868,0.0587321258374029,0.9575313850127198,0.1101399560626403,0.9937599666931828,6,POINT (4.054941 51.83599199999998),Lower,58.38465781539807,Y,"Artificial shoreline (walk, dike, quay) without beach",52.96083547319289,0.7335069444444444,6755.2027970691715,51.94201814239988,214.12677204492056,4081.9829149762386,90,20328185,4081.9829149762386,10.62,0.155,0.02835514023393171,84100 Open sea
91,67,197,51.829224,4.04484,98,0.3942320386019021,1.0995118867836269,0.4407735080460531,0.0752365581547483,0.6088090743126167,0.1402675826913523,0.9837244205627672,4,POINT (4.04484 51.829224),Lower,4.569360140711068,Y,"Artificial shoreline (walk, dike, quay) without beach",16.089807483340216,0.7912326388888888,5642.1129065595715,53.696476230794545,214.85278752952442,4006.379899967862,91,20328185,4006.379899967862,10.62,0.155,0.028783340677266893,83200 Estuaries
92,67,197,51.829224,4.04484,98,0.3942320386019021,1.0995118867836269,0.4407735080460531,0.0752365581547483,0.6088090743126167,0.1402675826913523,0.9837244205627672,4,POINT (4.04484 51.829224),Lower,4.569360140711068,Y,"Artificial shoreline (walk, dike, quay) without beach",16.089807483340216,0.7912326388888888,5642.1129065595715,53.696476230794545,214.85278752952442,4006.379899967862,92,20328185,4006.379899967862,10.62,0.155,0.028783340677266893,83200 Estuaries
93,67,197,51.829224,4.04484,98,0.3942320386019021,1.0995118867836269,0.4407735080460531,0.0752365581547483,0.6088090743126167,0.1402675826913523,0.9837244205627672,4,POINT (4.04484 51.829224),Lower,4.569360140711068,Y,"Artificial shoreline (walk, dike, quay) without beach",16.089807483340216,0.7912326388888888,5642.1129065595715,53.696476230794545,214.85278752952442,4006.379899967862,93,20328185,4006.379899967862,10.62,0.155,0.028783340677266893,84200 Coastal waters
94,67,197,51.829224,4.04484,98,0.3942320386019021,1.0995118867836269,0.4407735080460531,0.0752365581547483,0.6088090743126167,0.1402675826913523,0.9837244205627672,4,POINT (4.04484 51.829224),Lower,4.569360140711068,Y,"Artificial shoreline (walk, dike, quay) without beach",16.089807483340216,0.7912326388888888,5642.1129065595715,53.696476230794545,214.85278752952442,4006.379899967862,94,20328185,4006.379899967862,10.62,0.155,0.028783340677266893,84200 Coastal waters
95,68,2,48.383,-4.5,435,0.0224400362589141,0.3968659817258183,0.1553869928067934,0.0263596537455137,0.9150859787373352,0.0504087220887534,0.999002687603636,3,POINT (-4.499999999999999 48.382999999999996),Intermediate,332.5037848668536,J,Harbor area,309.58874240451365,0.9388020833333334,852.071022163681,33.55026752569628,234.9513410414279,795.197733895511,95,20414935,533.3193471045832,1.0,1.485,0.5070598300589368,
96,69,200,51.819721,4.128239,347,0.4682697404464493,0.544457918052305,0.2542162687850546,0.0873524534214338,0.0094065204553523,0.1692511153755481,0.9658144583624616,6,POINT (4.128239 51.819721),Lower,8182.21293287573,Y,"Artificial shoreline (walk, dike, quay) without beach",7914.687841134584,0.4734157986111111,1979.586935959463,13.109282329769954,211.09315744911956,858.927577704548,96,20327346,851.9724731971614,2.79,1.104,0.400144839485081,83200 Estuaries
97,70,203,51.977572,4.119881,347,0.0662841224134598,0.8290128473746894,0.3285054774966918,0.0611202813495485,0.143552226872747,0.1149897985021831,0.9887982554151212,1,POINT (4.119881 51.977572),Lower,2800.4170614136087,J,Harbor area,1332.6447666273266,0.9432508680555556,2456.041512146215,160.47779756125024,209.47850745729917,2161.5599122275185,97,20323494,1994.0275228433982,10.18,0.153,0.045030696149761705,
98,71,205,51.543944,3.865419,93,0.2153186249769679,0.9070271510292012,0.4202849810668145,0.0840512148537714,0.5005331020736676,0.148851605551063,0.9854248908618448,4,POINT (3.865419 51.543943999999996),Lower,23.52525931218406,Y,"Artificial shoreline (walk, dike, quay) without beach",4.504767312298347,0.7483723958333334,2796.584360526746,372.52168681404805,231.65364329213816,1386.7343810460395,98,20335017,1386.7343810460395,13.36,0.146,0.05709793980689658,
99,72,208,51.666274,4.095356,109,0.2678784429600502,0.953489372989268,0.4523923553806188,0.1076712547008899,0.1483977623523142,0.1816446797356556,0.9773841301583674,4,POINT (4.095356 51.666273999999994),Lower,77.21308143376476,Y,"Artificial shoreline (walk, dike, quay) without beach",154.49888910042293,0.43359375,4149.516795188279,10.554074069600047,219.83522700103615,5023.305020358048,99,20330487,5023.305020358048,30.32,0.444,0.060999241487058105,
100,73,209,51.659342,4.144264,180,0.1968395417256866,0.8895347498685238,0.3963881305409373,0.0602732521587379,0.5107784390912525,0.1132746728905469,0.9899672725172156,4,POINT (4.144264 51.659342),Lower,1416.3004009686854,Y,"Artificial shoreline (walk, dike, quay) without beach",550.3820602040391,0.4321831597222222,4379.633682045813,2.950000047683716,217.2007990766533,3747.3968329692816,100,20331041,3747.3968329692816,8.51,0.124,0.02462270378305269,84200 Coastal waters
101,74,21,46.007357,-1.174341,95,0.0139829540510978,0.6237095711064093,0.1692671577716304,0.0805617929850233,0.5414308159951945,0.1270376561780156,0.9930492079813832,3,POINT (-1.174341 46.007357),No data,5125.953556091476,B,"Erodible rock and/or cliff, with rock waste and sediments (sand or pebbles) at its base",42.95791889815447,,,,,7931.173710398238,101,20481847,7931.173710398238,32.69,0.526,0.04732300182415794,84100 Open sea
102,75,210,51.450047,4.229827,238,-0.8587941136435497,0.5897884111775487,0.1616734818937839,0.2058071635709669,2.562046976938572e-09,0.3705185051970265,0.9013495572641682,3,POINT (4.229827 51.450047),Lower,2076.090164468893,Y,"Artificial shoreline (walk, dike, quay) without beach",974.0055496729393,0.3687065972222222,3341.7407922936445,10.6178460354232,228.04250940463234,3869.0624606474094,102,20337310,3869.0624606474094,24.09,0.328,0.058260509819102205,84200 Coastal waters
103,76,216,51.773558,4.192415,134,0.4912821208928159,0.4638994719178551,0.17118174678964,0.0920109710788826,0.1942558344738671,0.1530147455890008,0.981029793594399,6,POINT (4.192414999999999 51.77355799999999),Lower,18912.186844133696,Y,"Artificial shoreline (walk, dike, quay) without beach",17750.7830378152,0.5291883680555556,3441.3951964032176,8.927356571571146,209.84707240692512,5035.817636417389,103,20329287,4810.53319001906,22.86,0.336,0.047993508282410585,
104,77,22,45.199667,-0.744167,91,-0.0917220124427881,0.6163827769752459,0.2603633264669416,0.039424227691416,0.9979367779229794,0.0767646570601526,0.996622666676332,1,POINT (-0.744167 45.19966699999999),No data,10.291486930322897,J,Harbor area,32.09857082564715,,,,,790.5373759642257,104,20499327,790.5373759642257,12.56,0.208,0.10553597645340466,12310 Cargo port
105,78,226,51.619106,3.686358,191,0.0382425308318658,0.763112736618857,0.3317893613831665,0.0491598916470561,0.7261274145438514,0.0927985634193094,0.9946671656807856,1,POINT (3.686358 51.619106),Lower,3240.5311660302987,Y,"Artificial shoreline (walk, dike, quay) without beach",3312.580021786084,1.2615017361111112,2900.6387680741564,222.9250965733682,232.35248708415438,11691.450391324253,105,20334514,6593.425663368959,16.68,0.192,0.013838652068771308,84200 Coastal waters
106,78,226,51.619106,3.686358,191,0.0382425308318658,0.763112736618857,0.3317893613831665,0.0491598916470561,0.7261274145438514,0.0927985634193094,0.9946671656807856,1,POINT (3.686358 51.619106),Lower,3240.5311660302987,Y,"Artificial shoreline (walk, dike, quay) without beach",3312.580021786084,1.2615017361111112,2900.6387680741564,222.9250965733682,232.35248708415438,11691.450391324253,106,20334514,6593.425663368959,16.68,0.192,0.013838652068771308,84200 Coastal waters
107,78,226,51.619106,3.686358,191,0.0382425308318658,0.763112736618857,0.3317893613831665,0.0491598916470561,0.7261274145438514,0.0927985634193094,0.9946671656807856,1,POINT (3.686358 51.619106),Lower,3240.5311660302987,Y,"Artificial shoreline (walk, dike, quay) without beach",3312.580021786084,1.2615017361111112,2900.6387680741564,222.9250965733682,232.35248708415438,11691.450391324253,107,20334514,6593.425663368959,16.68,0.192,0.013838652068771308,84200 Coastal waters
108,78,226,51.619106,3.686358,191,0.0382425308318658,0.763112736618857,0.3317893613831665,0.0491598916470561,0.7261274145438514,0.0927985634193094,0.9946671656807856,1,POINT (3.686358 51.619106),Lower,3240.5311660302987,Y,"Artificial shoreline (walk, dike, quay) without beach",3312.580021786084,1.2615017361111112,2900.6387680741564,222.9250965733682,232.35248708415438,11691.450391324253,108,20334514,6593.425663368959,16.68,0.192,0.013838652068771308,84200 Coastal waters
109,79,227,51.619592,3.682065,192,0.0652186623407508,0.8331660377125201,0.3508929775996812,0.0482977238831857,0.7428983462052065,0.0846844438439981,0.9940796706211984,1,POINT (3.6820649999999997 51.619592),Lower,3295.7781033186175,Y,"Artificial shoreline (walk, dike, quay) without beach",3390.277116866701,1.2819010416666667,2867.1067970063204,223.16928386929425,232.44660792168125,11947.83744581236,109,20334514,6564.516624563915,16.68,0.192,0.013564625517476786,84200 Coastal waters
110,79,227,51.619592,3.682065,192,0.0652186623407508,0.8331660377125201,0.3508929775996812,0.0482977238831857,0.7428983462052065,0.0846844438439981,0.9940796706211984,1,POINT (3.6820649999999997 51.619592),Lower,3295.7781033186175,Y,"Artificial shoreline (walk, dike, quay) without beach",3390.277116866701,1.2819010416666667,2867.1067970063204,223.16928386929425,232.44660792168125,11947.83744581236,110,20334514,6564.516624563915,16.68,0.192,0.013564625517476786,84200 Coastal waters
111,79,227,51.619592,3.682065,192,0.0652186623407508,0.8331660377125201,0.3508929775996812,0.0482977238831857,0.7428983462052065,0.0846844438439981,0.9940796706211984,1,POINT (3.6820649999999997 51.619592),Lower,3295.7781033186175,Y,"Artificial shoreline (walk, dike, quay) without beach",3390.277116866701,1.2819010416666667,2867.1067970063204,223.16928386929425,232.44660792168125,11947.83744581236,111,20334514,6564.516624563915,16.68,0.192,0.013564625517476786,12310 Cargo port
112,79,227,51.619592,3.682065,192,0.0652186623407508,0.8331660377125201,0.3508929775996812,0.0482977238831857,0.7428983462052065,0.0846844438439981,0.9940796706211984,1,POINT (3.6820649999999997 51.619592),Lower,3295.7781033186175,Y,"Artificial shoreline (walk, dike, quay) without beach",3390.277116866701,1.2819010416666667,2867.1067970063204,223.16928386929425,232.44660792168125,11947.83744581236,112,20334514,6564.516624563915,16.68,0.192,0.013564625517476786,
113,80,23,45.453667,-0.92305,74,-0.1219335227770843,0.4549661648450204,0.1546591748515923,0.0574151022191438,0.9560457343763746,0.0931355895428601,0.9950276801167082,3,POINT (-0.92305 45.453667),No data,2260.6777575734645,G,"Muddy coastline, including tidal flat, salt marsh",2621.030530640897,,,,,3436.4483279156216,113,20495631,3436.4483279156216,33.17,3.353,0.3315411655712546,84200 Coastal waters
114,81,236,51.595404,4.006011,288,0.1854655269403114,0.904884382919608,0.3955283017813077,0.0575570937769902,0.2847238531240873,0.1090484452805799,0.9903397850345402,4,POINT (4.006011 51.595403999999995),Lower,11.860268337372386,Y,"Artificial shoreline (walk, dike, quay) without beach",74.54820344987888,0.7317708333333334,5441.35953988343,,226.9962224321699,6330.0758996913855,114,20334515,5890.480235875033,14.41,0.203,0.02521371323628724,84200 Coastal waters
115,82,237,51.626665,4.254928,160,0.4758685287689885,1.192206768321109,0.4519541772022785,0.0774177166984085,0.2783203192004349,0.1443299902013249,0.9794213921248746,4,POINT (4.254928 51.62666499999999),Lower,7114.927295858149,Y,"Artificial shoreline (walk, dike, quay) without beach",7070.938206048743,0.2711588541666667,3290.795391315069,,213.05087200720072,636.18570385964,115,20333206,382.7309631234931,38.53,4.625,1.0556386654838774,84200 Coastal waters
116,83,238,51.827026,4.033445,75,0.253623727768445,1.0784038311055957,0.3876208573170457,0.0904188428365199,0.5417508140037315,0.1619533030174799,0.980720162680018,4,POINT (4.033445 51.82702599999998),Lower,64.60994248920666,J,Harbor area,21.117504506989775,0.8747829861111112,5248.719360704111,58.3645270166726,215.41838208789042,4507.848543526181,116,20328185,4507.848543526181,10.62,0.155,0.026162727076068402,84200 Coastal waters
117,84,240,51.336209,3.819812,347,0.1801778810874713,1.004776644342472,0.3807458522523124,0.0804272173151332,0.0212092594538015,0.142079370723772,0.9828060619351217,4,POINT (3.819812 51.336209),Lower,19.52145076397715,J,Harbor area,9.922241255730983,0.5695529513888888,1110.7871486187476,609.6508179198828,243.3952287312162,661.2306404893418,117,20341260,661.2306404893418,25.9,6.898,1.2440232985584838,
118,85,242,51.599317,3.75183,85,0.2002121415779195,0.8393378942445249,0.4181867745780904,0.0841592060108307,0.5551793611900513,0.1360361252111261,0.9871674622707765,4,POINT (3.75183 51.59931699999999),Lower,80.4199357995172,Y,"Artificial shoreline (walk, dike, quay) without beach",428.80725135172025,0.9011501736111112,3879.0642189175733,202.37335092050057,231.85492864446928,7016.36781765709,118,20335106,5721.969849697726,47.66,0.61,0.059407727844973564,12310 Cargo port
119,86,243,51.442308,3.596057,347,0.0892318093940601,0.9109185391853984,0.3475236198536596,0.0686749828244183,0.072284138571637,0.1164941094858774,0.9879835456490804,4,POINT (3.596057 51.44230799999999),Lower,31.812826717133422,Y,"Artificial shoreline (walk, dike, quay) without beach",53.86145141844592,0.7199435763888888,456.71031283560677,708.3568406729862,241.80986779087624,542.4811052137477,119,20337218,449.83417685434637,9.9,0.718,0.3508378936283191,12310 Cargo port
120,87,245,51.496839,4.056964,169,0.223274113915989,0.9949721411357032,0.4054819794862631,0.0783715522843687,0.2376546127432112,0.1556797268342728,0.980474573987199,4,POINT (4.056964 51.496839),Lower,3.043794771656394,Y,"Artificial shoreline (walk, dike, quay) without beach",27.491692558403646,0.7649739583333334,8085.500189804803,467.32549690823146,230.23266432886666,3821.132122882972,120,20336118,3396.3340865045325,23.26,0.327,0.05868346703309052,84200 Coastal waters
121,88,248,51.521445,3.440031,288,0.1301510736288484,0.850402539454642,0.3479896662903667,0.0785715243177734,0.0540741309149573,0.1151631943763305,0.9891958564254634,4,POINT (3.440031 51.521445),Lower,62.64299969533455,K,Artificial beach,139.00929142162204,2.013671875,859.3504551019612,319.97841349747483,243.6260981037736,3063.049155028227,121,20334916,2022.47478903194,10.02,0.585,0.11335929852444793,
122,89,251,51.642157,3.910813,157,0.1947756148639048,0.951807241545944,0.3897902573518147,0.0685168878846343,0.4332364328334149,0.1252588032609281,0.9872392537032216,4,POINT (3.910813 51.64215699999999),Lower,30.005685123614963,Y,"Artificial shoreline (walk, dike, quay) without beach",2124.62523151534,0.8021918402777778,4969.998471536679,35.6170221439843,226.83725540561284,1356.0474920356532,122,20332368,116.9167585214793,47.54,0.4,0.142812164953384,12310 Cargo port
123,90,254,51.33621206,3.81981192,174,0.4135014054155912,1.254242380715485,0.3735630678727462,0.0672360379434177,0.3936936134796616,0.1245119170681758,0.9870677469837004,4,POINT (3.81981192 51.336212059999994),Lower,19.581532539470068,J,Harbor area,9.48137128123385,0.5695529513888888,1110.7871486187476,609.6508179198828,243.3952287312162,661.5118943800475,123,20341260,661.5118943800475,25.9,6.898,1.2438127154178926,12350 Marinas
124,91,255,51.76762642,3.61712418,257,0.1295662838124163,0.8512239561657129,0.3250494154559784,0.0748096571995268,0.1070323049814581,0.1244073344489112,0.986748667426431,1,POINT (3.6171241799999994 51.76762642),Lower,11613.339552302306,K,Artificial beach,11600.495253683153,1.4555121527777777,885.5435249981315,267.4352311144526,228.17072508889643,9181.358153970297,124,20329829,8954.761030348045,10.24,0.119,0.011043264423859776,84200 Coastal waters
125,92,259,51.64286987,3.4810545,190,0.1064380592375744,0.8501691923204671,0.3263498699225017,0.0741681339945656,0.234946558903333,0.131655609971716,0.9823285374237766,1,POINT (3.4810545 51.64286986999999),Lower,12299.18322617629,K,Artificial beach,12520.193819210073,1.4801432291666667,473.2928481700961,291.4551937530414,237.73789586211146,10759.307792430858,125,20334916,10759.307792430858,,,,12310 Cargo port
126,93,260,51.39842692,4.02620594,185,0.4356971004889331,1.1870694526093022,0.4379070296517662,0.0939967461163453,0.0712694250529483,0.181678059403542,0.9707210002507126,4,POINT (4.026205939999999 51.39842691999999),Lower,385.3379777411362,Y,"Artificial shoreline (walk, dike, quay) without beach",407.7494706252008,0.5075954861111112,4806.218171947759,449.13373146178327,236.7064233521516,3632.8420911385447,126,20339379,3632.8420911385447,6.57,0.474,0.0837455276560408,84200 Coastal waters
127,94,264,51.37786806,4.16499237,141,0.3846300315844795,1.213474019465965,0.4145321495693476,0.1064321714913543,0.076114709188385,0.2000423520260211,0.9690266268071576,4,POINT (4.164992369999999 51.37786805999998),Lower,3077.6374731421733,G,"Muddy coastline, including tidal flat, salt marsh",1000.0289332721701,0.3103298611111111,7350.97066848704,41.105943170485816,235.57628509035516,2117.205025001242,127,20339493,2117.205025001242,10.33,0.139,0.041752363007809774,
128,95,265,51.37929817,3.37627452,114,0.3913757531184166,1.0913785047756814,0.3899133366535812,0.0590717063411165,0.7989458242389672,0.1038125985198714,0.995964199070086,4,POINT (3.3762745199999995 51.37929817),Lower,262.2486824479055,K,Artificial beach,356.50296522547825,1.1867404513888888,532.4228954452637,270.03117848029626,251.25232752286354,1197.2218919005177,128,20340453,1197.2218919005177,61.44,1.831,0.4736116942873693,84200 Coastal waters
129,96,266,51.52144786,3.44003089,114,0.3660404003197368,1.0507767800732777,0.3875435198493319,0.0544950444828775,0.8688296143143603,0.1058318477314753,0.99506600698899,4,POINT (3.4400308899999996 51.52144786),Lower,62.13132713986513,K,Artificial beach,138.4976188661531,2.013671875,859.5551206882332,319.97841349747483,243.6260981037736,3062.744914655894,129,20334916,2022.3094094114222,10.02,0.585,0.11336778748349284,
130,97,269,51.59540662,4.00601046,108,0.3562715339376453,1.0638861860278972,0.4144797289568576,0.1017568010753194,0.199312548845966,0.1530774491222375,0.9848376087537384,4,POINT (4.006010459999999 51.59540661999999),Lower,11.450692128024828,Y,"Artificial shoreline (walk, dike, quay) without beach",75.01952901968991,0.7317708333333334,5441.35953988343,,226.9962224321699,6330.3400120737315,130,20334515,5890.711204603625,14.41,0.203,0.02521280478540233,84200 Coastal waters
131,98,27,45.335567,-0.795167,66,-0.0346114564824332,0.5063830541812082,0.1541787313716212,0.0847712571645862,0.6979117686479517,0.1490342820967683,0.98954508310365,3,POINT (-0.795167 45.335567),No data,173.1704545569289,G,"Muddy coastline, including tidal flat, salt marsh",424.767661961962,,,,,493.19103355665095,131,20496688,493.19103355665095,17.36,0.288,0.16949647724447806,12310 Cargo port
132,99,270,51.50615366,4.07513028,101,0.4026566256546549,1.0236190653545134,0.431986471237422,0.0776854253644629,0.5495362827192856,0.1411184313074607,0.9846615728032356,4,POINT (4.07513028 51.506153659999995),Lower,2258.887444015851,Y,"Artificial shoreline (walk, dike, quay) without beach",2294.2405070287355,0.6755642361111112,9361.965529823045,501.60596334366574,229.06043945372883,3818.849317680003,132,20335018,3818.849317680003,13.74,0.192,0.036446992764273586,72300 Intertidal flats
133,100,271,51.95823879,4.16144308,105,0.0202621787063698,0.8311823278357,0.3229995522298394,0.0575584353131879,0.857475611265049,0.1078394569020561,0.9922022384473024,1,POINT (4.16144308 51.95823879),Lower,8493.916676420446,J,Harbor area,7098.069139167356,0.5272352430555556,1136.3327476947338,140.0980906272421,205.48187045053706,687.2469344379375,133,20323928,232.35949759484382,3.84,2451.121,4.625706126077447,84200 Coastal waters
134,101,272,51.34208224,4.24763328,99,1.036871598977319,1.418534550807582,0.6021316709152906,0.1043739108642557,0.2154234423202192,0.1989652593443886,0.9583516517817364,2,POINT (4.247633279999999 51.34208224),Lower,10900.040248268739,H,Estuary,1789.9292906021833,0.13075086805555555,1317.9442324953784,9.836440969949745,239.1453167589793,2059.4126976601156,134,20340103,2059.4126976601156,37.42,0.769,0.18644572678240742,84200 Coastal waters
135,102,273,51.72154375,3.67591773,74,0.1293415639987823,1.0302778292400945,0.3413355211532947,0.1131152733243729,0.2784901251033277,0.1939391315658689,0.961802543077704,4,POINT (3.6759177299999997 51.72154375),Lower,1287.5895485416318,K,Artificial beach,1675.4198878320958,1.8240017361111112,2287.1813059404376,249.20598283729873,228.46117262289215,4659.51501608644,135,20329829,3728.608436626313,10.24,0.119,0.01986661930726072,12360 Local multi-functional harbours
136,103,277,51.58282787,3.47102233,63,0.1361046080456512,0.8899773155574646,0.3596925905806494,0.1172463092279753,0.3260817707861108,0.219570071342654,0.9654097696754588,4,POINT (3.47102233 51.582827869999996),Lower,3795.142097347119,K,Artificial beach,3835.0959542097116,1.5724826388888888,851.992521657016,296.8661941629957,240.2976977179293,4101.927424764824,136,20334916,4101.927424764824,10.02,0.585,0.09027654918191659,12360 Local multi-functional harbours
137,104,3,48.38290024,-4.49503994,433,-0.0086088869592824,0.3934152205858311,0.1575847210282359,0.0239700332743302,0.9596375798881104,0.0461293595381999,0.9989711463303338,3,POINT (-4.49503994 48.38290024),Intermediate,25.55864764963754,J,Harbor area,22.533533321714387,0.9354383680555556,866.5511723176747,33.83014160454348,235.51501148059415,444.171246677256,137,20414935,233.81933687594693,1.0,1.485,0.6303079776484944,84200 Coastal waters
138,105,326,51.048199,2.3664999,364,0.1138698483621219,0.7568858367380076,0.3044426019435393,0.0384868888446243,0.63927220252538,0.0725278843009849,0.9973988846978225,1,POINT (2.3664999 51.048199),No data,47.01723251330768,J,Harbor area,411.9351005537576,1.0199652777777777,610.5915567129368,326.81649903350745,339.27667592380675,718.8550594080754,138,20347376,377.36349799117284,2.43,6.332,1.1590554339257344,84200 Coastal waters
139,106,327,51.116699,1.3166699,199,0.0267112693276609,0.6159009238965673,0.2654639098284892,0.0418549343663035,0.8619855566056407,0.0785140742535753,0.9965679405516858,1,POINT (1.3166699 51.11669899999998),Higher,105.74465788634001,J,Harbor area,7.93231171232211,1.2010633680555556,80.8187795226787,517.0053323179811,322.14194175176624,707.4631172565287,139,20345211,707.4631172565287,21.82,0.83,0.3539262022458122,84200 Coastal waters
140,107,328,51.216702,-3.1333301,197,-0.1182880005277909,0.6970486927259653,0.2487185995835875,0.0309366633514129,0.9888080076442732,0.0612337204348823,0.99829460867145,1,POINT (-3.1333300999999993 51.216702),Lower,458.943500823559,B,"Erodible rock and/or cliff, with rock waste and sediments (sand or pebbles) at its base",1039.4474558758463,1.4240451388888888,115.59491908070395,950.8993811704381,422.69624074183656,1009.8622006890238,140,20343056,1009.8622006890238,0.67,0.46,0.18828974745638993,62111 Sandy beaches
141,108,329,51.216702,-4.1166701,194,0.0636772949169777,0.4761900589600541,0.2085997441889284,0.0410097119361472,0.886442254636889,0.078698042506144,0.9977606687128672,3,POINT (-4.116670099999999 51.216702),Lower,850.5588849786733,B,"Erodible rock and/or cliff, with rock waste and sediments (sand or pebbles) at its base",833.4277968581032,1.1257595486111112,93.88922347962006,690.6083969890678,290.70991290359973,1008.132185224967,141,20342938,1008.132185224967,7.53,0.214,0.09656769024858118,84200 Coastal waters
142,109,330,51.549599,-2.9860001,182,0.0213170609054199,0.9357504450128744,0.2643223000414784,0.0446519715725644,0.844958930178726,0.0716331386142231,0.99686033973762,1,POINT (-2.9860001 51.549599),Intermediate,21.613414945020605,H,Estuary,1376.9152551444852,0.8648003472222222,19.677619588165705,686.5539523119643,616.7158853677807,310.7775707005298,142,20334506,309.4575316413064,35.08,6.835,1.5705188649643873,84200 Coastal waters
143,110,331,51.569698,-3.9737,172,0.0237357758472285,0.5735857242086942,0.2567282475307444,0.0471901108564764,0.8207223829765229,0.0897827468832866,0.99491981184113,1,POINT (-3.9736999999999996 51.569698),Lower,297.61744467579814,D,Gravel beach fronting upland (> 1 km long),62.29393333889867,1.2590060763888888,132.75000722802923,279.98541993822977,330.1161081315769,3021.848867382036,143,20333305,3021.848867382036,12.93,0.427,0.08841066667422426,72300 Intertidal flats
144,111,332,51.450001,0.75,178,0.0209719146242344,0.815909631724683,0.3493149161060591,0.0525729550532309,0.6887368363917599,0.1024947012790941,0.991875708041408,1,POINT (0.75 51.450001),Higher,2717.5748104541976,X,Heterogeneous beach,863.831395092109,1.5503472222222223,54.15167155216101,150.54224326116613,311.8405351183204,7164.444488270208,144,20338432,6501.2324905039095,10.85,0.116,0.013442538509147952,
145,112,333,51.381985,1.1155597,168,0.1529154451983269,0.9102489770102472,0.3649235304430962,0.0548319185509439,0.6725191331851408,0.0938177602020307,0.995522348548157,4,POINT (1.1155597 51.38198499999999),Higher,1604.620924723623,B,"Erodible rock and/or cliff, with rock waste and sediments (sand or pebbles) at its base",1797.7951105367003,1.07421875,190.35631750254404,194.76226146945015,335.1523481991691,4556.813200602689,145,20339803,4524.569978515716,17.84,0.208,0.03400620167116762,
146,113,334,51.507099,-2.7114,140,0.1162472359070179,1.043450727229708,0.3007225268830883,0.0478952529042312,0.889587734730934,0.0897614664319966,0.9925146355594876,4,POINT (-2.7113999999999994 51.507099),Intermediate,137.17445578035193,J,Harbor area,238.66963259789998,0.8434244791666666,17.963986873783565,389.9448961279858,531.5924727204451,1026.304099355834,146,20335767,843.7310133574385,18.44,0.34,0.14443519320877596,
147,114,335,51.966702,1.35,128,-0.05811465078253,0.6863310094086529,0.3002194980105533,0.05309289091591,0.8443476366639334,0.0984143482602336,0.9937810469361088,1,POINT (1.35 51.96670199999999),Intermediate,1284.361871056708,D,Gravel beach fronting upland (> 1 km long),1444.3600302360428,1.2202690972222223,346.7402310854801,322.4426597645109,404.75668832336,3938.522730148823,147,20322567,3841.5936127820482,11.37,0.102,0.019667158124374435,84200 Coastal waters
148,115,336,51.948002,1.2920001,124,-0.1748849804699015,0.6530729095083834,0.2960864218206669,0.0430395489665464,0.9681416099098368,0.0853093342738928,0.9953962388180564,1,POINT (1.2920000999999999 51.948001999999995),Intermediate,76.32929168146283,J,Harbor area,61.92498624229188,1.0268012152777777,9781.638473370664,252.90847718061778,407.7875920459185,1665.6356734725557,148,20325156,1665.6356734725557,26.35,0.228,0.07704985133579527,72300 Intertidal flats
149,116,337,51.223793,1.4092588,115,-0.1467128983091921,0.644467089653274,0.2470280456526547,0.0677140664761529,0.6422490658611271,0.1240162763779992,0.992031380547427,1,POINT (1.4092587999999997 51.22379299999999),Higher,438.09693140062853,B,"Erodible rock and/or cliff, with rock waste and sediments (sand or pebbles) at its base",147.10864406979405,1.4661458333333333,166.84216658278163,544.8431574457315,324.4422995433829,1964.8587432913598,149,20343741,1964.8587432913598,13.46,0.182,0.056396586174281574,12350 Marinas
150,117,338,51.5,-2.7284,100,0.2479405380252313,1.1630009072038845,0.4091419744688785,0.1160298445847518,0.1250131721838111,0.225535110716496,0.9500630744175126,4,POINT (-2.7284 51.5),Intermediate,5.901268838935705,Y,"Artificial shoreline (walk, dike, quay) without beach",45.65813493408739,0.9224175347222222,19.083094962035553,441.8519476619886,532.7917396159147,249.68573619777982,150,20336718,249.68573619777982,27.41,0.521,0.33557879112607264,12360 Local multi-functional harbours
151,118,339,51.570122,-2.7000217,79,0.6330111750279996,1.3642418684199082,0.4235880525818463,0.1074053015503352,0.2999739072969599,0.1884305578536481,0.968712666952001,2,POINT (-2.7000217 51.57012199999999),Lower,2455.776340287749,G,"Muddy coastline, including tidal flat, salt marsh",2564.4338929639293,0.9061414930555556,15.023077900937041,318.0678054472152,611.9284615061435,2492.132937255529,151,20333601,2492.132937255529,18.0,0.797,0.16783970983975735,12350 Marinas
152,118,339,51.570122,-2.7000217,79,0.6330111750279996,1.3642418684199082,0.4235880525818463,0.1074053015503352,0.2999739072969599,0.1884305578536481,0.968712666952001,2,POINT (-2.7000217 51.57012199999999),Lower,2455.776340287749,G,"Muddy coastline, including tidal flat, salt marsh",2564.4338929639293,0.9061414930555556,15.023077900937041,318.0678054472152,611.9284615061435,2492.132937255529,152,20333601,2492.132937255529,18.0,0.797,0.16783970983975735,84200 Coastal waters
153,118,339,51.570122,-2.7000217,79,0.6330111750279996,1.3642418684199082,0.4235880525818463,0.1074053015503352,0.2999739072969599,0.1884305578536481,0.968712666952001,2,POINT (-2.7000217 51.57012199999999),Lower,2455.776340287749,G,"Muddy coastline, including tidal flat, salt marsh",2564.4338929639293,0.9061414930555556,15.023077900937041,318.0678054472152,611.9284615061435,2492.132937255529,153,20333601,2492.132937255529,18.0,0.797,0.16783970983975735,
154,118,339,51.570122,-2.7000217,79,0.6330111750279996,1.3642418684199082,0.4235880525818463,0.1074053015503352,0.2999739072969599,0.1884305578536481,0.968712666952001,2,POINT (-2.7000217 51.57012199999999),Lower,2455.776340287749,G,"Muddy coastline, including tidal flat, salt marsh",2564.4338929639293,0.9061414930555556,15.023077900937041,318.0678054472152,611.9284615061435,2492.132937255529,154,20333601,2492.132937255529,18.0,0.797,0.16783970983975735,84200 Coastal waters
155,119,342,51.522301,3.4402001,63,0.22583725700071,0.8392934899221547,0.3351569066356625,0.059175039523462,0.9707695968894468,0.1181002755169605,0.9879902594064108,4,POINT (3.4402000999999998 51.522301),Lower,74.43072182685137,K,Artificial beach,14.136096619069576,1.9997829861111112,863.7721271997774,315.12393069523637,243.6193009510872,2968.2066543492797,155,20334916,1961.9553115982224,10.02,0.585,0.11606865322387773,84200 Coastal waters
156,120,35,45.040483,-0.603517,60,-0.2097294830038359,0.6316684832145636,0.1692333770100919,0.0524168989385387,0.993626302521821,0.1000595586893953,0.9956146990601888,3,POINT (-0.603517 45.040483),No data,26.662964493226404,H,Estuary,15327.872932743769,,,,,3433.2918786223695,156,20503671,3372.506114959062,10.47,0.159,0.03328397061802164,84200 Coastal waters
157,120,35,45.040483,-0.603517,60,-0.2097294830038359,0.6316684832145636,0.1692333770100919,0.0524168989385387,0.993626302521821,0.1000595586893953,0.9956146990601888,3,POINT (-0.603517 45.040483),No data,26.662964493226404,H,Estuary,15327.872932743769,,,,,3433.2918786223695,157,20503671,3372.506114959062,10.47,0.159,0.03328397061802164,84200 Coastal waters
158,120,35,45.040483,-0.603517,60,-0.2097294830038359,0.6316684832145636,0.1692333770100919,0.0524168989385387,0.993626302521821,0.1000595586893953,0.9956146990601888,3,POINT (-0.603517 45.040483),No data,26.662964493226404,B,"Erodible rock and/or cliff, with rock waste and sediments (sand or pebbles) at its base",15327.872932743769,,,,,3433.2918786223695,158,20503671,3372.506114959062,10.47,0.159,0.03328397061802164,84200 Coastal waters
159,120,35,45.040483,-0.603517,60,-0.2097294830038359,0.6316684832145636,0.1692333770100919,0.0524168989385387,0.993626302521821,0.1000595586893953,0.9956146990601888,3,POINT (-0.603517 45.040483),No data,26.662964493226404,B,"Erodible rock and/or cliff, with rock waste and sediments (sand or pebbles) at its base",15327.872932743769,,,,,3433.2918786223695,159,20503671,3372.506114959062,10.47,0.159,0.03328397061802164,
160,121,368,52.3385,-6.4589,86,0.0663458378043497,0.4648332498321235,0.1646951243744751,0.0696664261858519,0.7716288645324997,0.1330583583884452,0.9881701071945213,3,POINT (-6.458899999999999 52.3385),No data,1.4590645719494943,D,Gravel beach fronting upland (> 1 km long),440.4041100678143,0.3756510416666667,1330.5776803631984,39.62266990155061,173.020243863715,3144.754608987735,160,20312879,3144.754608987735,15.59,0.325,0.06789604669215003,84200 Coastal waters
161,122,369,52.14767,-6.99188,77,-0.1234746566721584,0.4166869885902898,0.1669117597324822,0.0592371949780197,0.935030248543566,0.1136107490482664,0.9936093829947946,3,POINT (-6.99188 52.14766999999999),No data,2.5212751496583223,J,Harbor area,137.82687094302318,1.3733723958333333,1541.3048345341401,19.670118499267566,63.980160655263596,5198.283042906355,161,20318217,4004.506256327732,13.03,0.3,0.04232853944983702,84200 Coastal waters
162,123,375,52.792,-6.1451998,129,0.0209669185096377,0.4758616727571489,0.180109273058714,0.0415001963496057,0.9727424260317846,0.0801984216808804,0.996326465213026,3,POINT (-6.145199799999999 52.791999999999994),Intermediate,319.17260791484057,E,Sand beach fronting upland (> 1 Km long),426.47564151990525,1.0249565972222223,539.9558865058252,276.4730870438284,240.5928251084212,761.0437459489032,162,20301275,761.0437459489032,2.73,14.904,1.5709834434544419,84200 Coastal waters
163,124,376,52.338501,-6.4589,88,0.1917074086246294,0.4621953196959919,0.2115818719280817,0.0737062430454067,0.6974162147801609,0.128871353269239,0.995057051452398,3,POINT (-6.458899999999999 52.338501),No data,1.4590645719533823,D,Gravel beach fronting upland (> 1 km long),440.307433149616,0.3756510416666667,1330.5776803631984,39.62266990155061,173.02335415153817,3144.6842333306827,163,20312879,3144.6842333306827,15.59,0.325,0.06789719954931073,12330 Fishing port
164,125,377,52.2696,-9.8620996,87,0.2539024182332201,0.4070959968697164,0.2616576120815191,0.1304235320137449,0.0946381887105228,0.256321658908865,0.9204895375280132,1,POINT (-9.8620996 52.26959999999999),No data,817.0049829027604,J,Harbor area,204.7099977387099,1.1834852430555556,2524.094929519059,3.043424628803379,21.511853281244427,2488.3519013372315,164,20316315,2488.3519013372315,4.73,0.203,0.052981590436501,12310 Cargo port
165,126,382,52.013222,-4.98375,362,0.2120883036881155,0.456550908706108,0.3487887885617047,0.0726850377827446,0.0414816325631128,0.1426954995350627,0.9742152434315572,1,POINT (-4.98375 52.01322199999999),Lower,11.48772616451606,J,Harbor area,74.45283533957249,1.1030815972222223,82.60691835603524,202.7424271505161,226.91708855741945,1305.5280988402362,165,20322745,1305.5280988402362,5.16,0.478,0.16945784362711705,
166,127,383,52.473083,1.75025,367,-0.0577777178057375,0.674153389341818,0.2898457841268834,0.0415510231233664,0.5367807761899055,0.0778501405222129,0.9950565475633716,1,POINT (1.7502499999999999 52.473083),Intermediate,27.711220033466816,J,Harbor area,118.9028479342244,1.3834635416666667,123.3521667684283,497.0576095959998,323.85113958169774,508.01574862523165,166,20309880,386.4870833167507,1.7,0.339,0.19358090018502092,12310 Cargo port
167,128,384,52.934194,1.301639,227,0.0498341996533464,0.7477534771301244,0.330037344796887,0.0548645134671978,0.4845964186539875,0.0853078414762656,0.9964541084079692,1,POINT (1.3016389999999998 52.93419399999999),Intermediate,262.8152215682173,B,"Erodible rock and/or cliff, with rock waste and sediments (sand or pebbles) at its base",16.452470795272085,1.0798611111111112,79.86975424741877,458.73764863384076,317.21961381141153,11241.007657346216,167,20299232,6248.533680825452,13.47,0.135,0.01034495395902876,12360 Local multi-functional harbours
168,129,385,52.719333,-4.045028,184,0.3855362508166614,0.7631088172885162,0.4834866134792777,0.1137749379093672,0.01569157763216,0.2148867913974545,0.9585182733175168,4,POINT (-4.045028 52.719333),Lower,37.87085826070445,H,Estuary,10.466140803290312,0.7309027777777778,818.8801333880892,35.98232713147095,227.9546084620283,1997.1061758667934,168,20303020,1997.1061758667934,6.89,0.282,0.08288707223063814,12350 Marinas
169,130,386,52.964357,4.74499,347,0.0669727798005978,0.8479697304022306,0.3371592630712057,0.0534021233438493,0.2660839365223311,0.0934894507299006,0.992289287305239,1,POINT (4.74499 52.964357),Lower,41.923904222056905,Y,"Artificial shoreline (walk, dike, quay) without beach",221.10410699593865,1.3900824652777777,74445.31461786853,734.8677339284513,150.92404045035337,4688.279765226412,169,20295869,4199.916416475228,7.49,0.129,0.021330223783917756,84200 Coastal waters
170,131,387,52.931535,5.045596,288,0.214438777622628,0.9418536513019048,0.4137205393640464,0.0694304166008664,0.1187323660121936,0.1229570662563678,0.9851210847347516,4,POINT (5.045596 52.93153499999998),Lower,44.659147272219656,Y,"Artificial shoreline (walk, dike, quay) without beach",798.74616273561,1.1762152777777777,6302.434576782252,281.7620748703653,158.42126066468228,1041.2599367737043,170,20298424,1041.2599367737043,3.88,2.634,0.6321262486157324,84200 Coastal waters
171,132,391,52.462323,4.554823,228,0.0907621552241228,0.8959870412405269,0.3402176965697859,0.0852534724341994,0.0685470930789393,0.1395135036421072,0.9860110089041814,4,POINT (4.554823 52.46232299999999),Lower,542.8924502791101,J,Harbor area,286.7580712944285,1.4419487847222223,381.3791058811505,179.32055729177424,185.5352207390655,4915.763513919418,171,20312580,3988.6773809308165,33.93,0.534,0.07232856364833207,12330 Fishing port
172,133,392,52.467249,4.60506,134,0.1701739541280811,0.9194442491657396,0.3545602752430591,0.07243096488827,0.4615843681973481,0.134527289755408,0.9855569301032828,4,POINT (4.60506 52.467248999999995),Lower,4147.800728865019,J,Harbor area,394.8321723387329,0.9156901041666666,654.6274623566283,165.20601886530088,185.6938371295334,1525.2080050897775,172,20310434,1525.2080050897775,24.85,1.868,0.41723888562774175,84200 Coastal waters
173,134,398,52.934137,4.792286,61,0.1111303593522049,0.7556078874301151,0.376614184093705,0.0685561436209411,0.9177924970882816,0.133539647210492,0.9900823878280754,1,POINT (4.792285999999999 52.93413699999999),Lower,4.837277145441691,Y,"Artificial shoreline (walk, dike, quay) without beach",119.8032594153063,0.9118923611111112,92786.21186302211,780.0613341141195,153.77315455723652,2370.1674264304406,173,20298884,2370.1674264304406,8.16,5.114,0.5372377624553486,72300 Intertidal flats
174,135,4,47.266862,-2.20155,438,0.003235903647183,0.500740150271523,0.2231286252445203,0.0307242497671105,0.790832855060855,0.0562417965606485,0.9980805729913356,3,POINT (-2.20155 47.266861999999996),No data,39.77523168269545,J,Harbor area,21.69074732654524,0.0,,,,3508.7433762779538,174,20446778,3190.072181429478,16.6,0.276,0.05405722884945361,84200 Coastal waters
175,136,400,52.772657,4.649702,242,0.1396280944329161,0.8695245672997156,0.3427186248295386,0.0604637618185933,0.3260282235675369,0.1002616042348715,0.9921201014467186,4,POINT (4.649702 52.772656999999995),Lower,504.89565800788324,Y,"Artificial shoreline (walk, dike, quay) without beach",1089.2715786619322,1.4541015625,404.28012868843825,201.89870325575563,164.34759441185423,8376.601221975381,175,20304215,3015.70874327785,51.48,3.013,0.14819219562466857,84200 Coastal waters
176,137,401,52.099033,4.263563,337,0.0907349963755135,0.8818250113961204,0.3447469702670066,0.0585750552294583,0.1902272375255391,0.1089841679752929,0.9896847632428007,4,POINT (4.263563 52.099033),Lower,2.337820628490866,J,Harbor area,361.6536609533738,1.1716579861111112,221.0741528526049,170.5202587546883,202.8676416861501,11221.781900154385,176,20322341,5256.926097080704,20.59,0.313,0.022281086384900565,84200 Coastal waters
177,138,403,52.09903557,4.2635626,164,0.1606172605355832,1.0242977358849807,0.3052944700828411,0.048294782612778,0.8209273730042852,0.0899758046394857,0.9936043908817358,4,POINT (4.2635626 52.09903557),Lower,2.382348424827457,J,Harbor area,361.3567625521886,1.1716579861111112,221.0741528526049,170.5202587546883,202.8676416861501,11221.979840985658,177,20322341,5257.206446303157,20.59,0.313,0.02228072553200946,
178,139,404,52.46394337,4.51759573,128,0.2029188061749976,0.9528466877313808,0.3661527223581088,0.0429195753926722,0.9643912958231372,0.0815388020797518,0.9963458071533056,4,POINT (4.51759573 52.46394337),Lower,4541.118257305341,J,Harbor area,1579.7735658313009,1.6805555555555556,314.5610499958477,184.66431796536938,186.01777220656987,7438.605087649851,178,20312580,5596.858186715885,33.93,0.534,0.05070490601239468,
179,140,405,52.77265954,4.64970234,76,0.1891198297173804,1.0525476920857737,0.3293664079104241,0.084865304837854,0.6136689120548426,0.1649773829899484,0.9821078962903976,4,POINT (4.64970234 52.77265954000001),Lower,505.0372346613187,Y,"Artificial shoreline (walk, dike, quay) without beach",1089.4671254656607,1.4541015625,404.28012868843825,201.89870325575563,164.34759441185423,8376.88475807277,179,20304215,3015.815873894061,51.48,3.013,0.1481877146229398,72300 Intertidal flats
180,141,41,48.3829,-4.4951,433,-0.0088039441517009,0.3934716196075528,0.1575104104185178,0.0240915122088789,0.957877009933202,0.046250683180317,0.9989871229279094,3,POINT (-4.4951 48.38290000000001),Intermediate,32.24455819988997,J,Harbor area,29.17619662026892,0.9354383680555556,866.5511723176747,33.83014160454348,235.51501148059415,448.20384226410727,180,20414935,237.5232984518849,1.0,1.485,0.6285528537530568,
181,142,413,52.9333,1.3,211,0.0159984164578648,0.7101838194806707,0.3301715117422857,0.0532141538120873,0.5701429966286067,0.0815366181562858,0.9970949240787386,1,POINT (1.2999999999999998 52.933299999999996),Intermediate,96.22921773884445,B,"Erodible rock and/or cliff, with rock waste and sediments (sand or pebbles) at its base",60.592629696338015,1.0658637152777777,79.2941543255696,456.2729075451025,317.30112888297197,11276.519688152139,181,20299232,6112.040513490305,13.47,0.135,0.010315029327862045,83200 Estuaries
182,143,414,52.016701,-4.9833298,207,0.0076748553681688,0.4113204014359163,0.1633044319618192,0.0354362550112007,0.9490440324345436,0.065171298789573,0.9976714099063636,3,POINT (-4.9833298 52.01670099999998),Lower,185.7997356720579,A,"Erosion-resistant rock and/or cliff, without loose eroded material in the fronting sea",134.1509371449683,1.1134982638888888,81.73638643572839,202.75845937967196,227.34731757334143,1686.5124509008772,182,20322745,1686.5124509008772,5.16,0.478,0.14542639470000668,84200 Coastal waters
183,144,415,52.466702,1.75,211,-0.0394731329369743,0.658938303996951,0.2933776557875613,0.0382891562505214,0.904599035259727,0.0718727024066243,0.9972591497482224,1,POINT (1.7499999999999998 52.466701999999984),Intermediate,274.6530416262544,X,Heterogeneous beach,225.8299568950452,1.3774956597222223,120.96959860433833,497.30652927760076,323.7925673885802,268.371041735975,183,20309880,268.371041735975,1.7,0.339,0.2301558743508648,
184,145,416,52.716702,-4.03333,180,-0.0454423639234138,0.6616281897938524,0.2884591782322029,0.0446994510596651,0.8486105003622673,0.0816924037142666,0.996432129098354,1,POINT (-4.03333 52.716702),Lower,467.9854927998929,H,Estuary,670.8187954297994,0.5928819444444444,876.5017410026759,32.17385947552233,227.309273514847,1768.7361710035611,184,20303020,1768.7361710035611,6.89,0.282,0.0897237370189444,12340 Naval port
185,146,417,52.931274,5.0479212,64,0.1739638040806115,0.1873443223051106,0.0939499776061488,0.0862004470897004,0.6958979967578094,0.1626879818799622,0.9826281736866606,3,POINT (5.0479212 52.931274),Lower,197.375022481519,Y,"Artificial shoreline (walk, dike, quay) without beach",937.8703247651399,1.1907552083333333,6177.95720179755,284.4064533214601,158.50494305757712,1086.3999682841877,185,20298424,1086.3999682841877,3.88,2.634,0.6184499644828373,84200 Coastal waters
186,147,418,52.932617,5.0459771,64,0.2835031600844358,0.9652664775775044,0.3934194412959166,0.0661823773117786,0.9243232635256052,0.1154510122783087,0.9944357609726588,4,POINT (5.0459771 52.932617),Lower,83.92971032893928,Y,"Artificial shoreline (walk, dike, quay) without beach",620.861394412995,1.1905381944444444,6249.084816906599,284.22703717654383,158.54502336965018,1162.4485951806798,186,20298424,1162.4485951806798,3.88,2.634,0.5967004206056222,
187,148,42,47.27,-2.2,438,0.0032880807515581,0.5008344856843739,0.223164461572699,0.0306694449563876,0.7926107956575761,0.0561884032081362,0.9980852524394644,3,POINT (-2.1999999999999997 47.269999999999996),No data,46.570945105200295,J,Harbor area,35.57132151671838,0.0,,,,3151.843628062487,187,20446778,2998.7366902729605,16.6,0.276,0.05870408289645904,12310 Cargo port
188,149,423,52.464966,4.5179009,64,0.2972915218855291,0.9226461810417416,0.3417332641843703,0.0561641985821642,0.9808310102146018,0.1114795177778801,0.9940065583055094,4,POINT (4.5179009 52.46496599999999),Lower,4572.644806512997,J,Harbor area,1575.246740482988,1.6805555555555556,352.23363439142094,185.1417097219343,185.85253607580321,7417.534230564416,188,20312580,5661.393002244304,33.93,0.534,0.05083183104754786,84200 Coastal waters
189,150,43,48.359299,-4.7809,321,-0.0090047557677559,0.3558190168292455,0.1369795301828858,0.042762925061876,0.5848777494871846,0.0803137405533216,0.9968079465229704,3,POINT (-4.7809 48.359299),Lower,56.09323727834703,J,Harbor area,30.232628299664462,1.8920355902777777,1607.3837384381118,729.8913435827636,217.07947246397163,1071.143828545158,189,20415551,1071.143828545158,1.85,0.628,0.23530586098947362,84200 Coastal waters
190,151,44,47.644299,-3.4459901,310,0.0222473833827986,0.3418070213529439,0.1451780746865439,0.0425640703739128,0.6126162705867291,0.0674261092410368,0.9971927405232096,3,POINT (-3.4459901 47.64429899999999),Lower,8386.916514034347,J,Harbor area,9.832688965650497,0.0,,,61.72994801734013,10805.605382794067,190,20433978,10312.452515714525,,,,
191,152,448,54.842556,-5.120028,335,0.0082446163601754,0.544161911917515,0.2123102943807184,0.0533394492164239,0.2860736742055028,0.0892951045047878,0.9949499138981592,3,POINT (-5.120028 54.842556),Lower,198.4702648455525,D,Gravel beach fronting upland (> 1 km long),26.781701879427487,1.4370659722222223,431.6527543150415,124.33845856508543,130.168025929246,933.945582581435,191,20253890,933.945582581435,7.29,0.245,0.113310084687629,84200 Coastal waters
192,153,449,54.66475,-5.669472,172,-0.1350229117321674,0.5158023091651156,0.4430349621949113,0.1013147852298951,0.0545223915763333,0.2016592845308507,0.9696081797414356,1,POINT (-5.669471999999999 54.66474999999999),Intermediate,751.5761097287068,J,Harbor area,112.38177246168718,1.1442057291666667,18.902314465435417,69.19040713363029,134.38549785341056,546.9970470461532,192,20257729,314.37641159361806,6.96,0.165,0.09872099781736397,
193,154,45,47.140381,-2.24635,303,0.1053288934628024,0.4210152375320026,0.2044242129592268,0.0401950371277257,0.6962415568864482,0.0674687338562314,0.9971003009702788,3,POINT (-2.24635 47.14038099999999),No data,65.8792391492862,J,Harbor area,27.775227258926474,0.0,,,,6451.664608911373,193,20450537,6451.664608911373,10.66,0.174,0.021527635866196618,84200 Coastal waters
194,155,450,54.6364,-8.3949,103,0.1260417528850201,0.4712578530581005,0.2258227856073177,0.076653703210908,0.554333802446543,0.147071756472783,0.9859264013523952,1,POINT (-8.3949 54.63639999999999),No data,597.2612797564054,D,Gravel beach fronting upland (> 1 km long),466.01312069484067,1.1216362847222223,398.787703161666,5.384385129683847,12.169838718284254,669.0289033784605,194,20258194,241.71994103841166,15.64,2.21,0.6987721835957685,84200 Coastal waters
195,155,450,54.6364,-8.3949,103,0.1260417528850201,0.4712578530581005,0.2258227856073177,0.076653703210908,0.554333802446543,0.147071756472783,0.9859264013523952,1,POINT (-8.3949 54.63639999999999),No data,597.2612797564054,D,Gravel beach fronting upland (> 1 km long),466.01312069484067,1.1216362847222223,398.787703161666,5.384385129683847,12.169838718284254,669.0289033784605,195,20258194,241.71994103841166,15.64,2.21,0.6987721835957685,84200 Coastal waters
196,156,451,54.9905,-8.4955,98,0.0215030944139416,0.450369816309662,0.1832597641323327,0.0622753422459714,0.8187829577136294,0.1244545643794786,0.9907547045654486,3,POINT (-8.4955 54.99049999999999),No data,1823.8504161340443,C,Small beaches,315.84386753021556,2.0668402777777777,2569.1099036520523,9.36885385253718,9.614182405670997,5588.287124823591,196,20251028,5588.287124823591,15.51,0.657,0.07665251188152074,84200 Coastal waters
197,157,452,54.2536,-9.8928,93,0.0550472729859572,0.3744106163210909,0.1413713937351212,0.0627448498756563,0.8348725481901397,0.1036957470199806,0.9950725373918972,3,POINT (-9.892799999999998 54.2536),No data,47.15511564368113,D,Gravel beach fronting upland (> 1 km long),154.83747991755087,1.1049262152777777,4308.870564251081,8.89245247974693,13.254502278039935,1032.4456807869744,197,20265915,1032.4456807869744,7.9,0.305,0.13097670868229866,84200 Coastal waters
198,158,453,54.3099,-8.582,76,0.1675854564750505,0.4552947485514962,0.2453474413341834,0.0634520526787181,0.9003919046762605,0.1204811073000574,0.9940638495400848,1,POINT (-8.582 54.30989999999999),No data,732.0602111429207,A,"Erosion-resistant rock and/or cliff, without loose eroded material in the fronting sea",1066.1105100432794,0.8557942708333334,4183.564483865157,0.929508257651955,8.105433243423017,3860.654150000854,198,20263886,3860.654150000854,4.0,0.137,0.026414799131527035,84200 Coastal waters
199,159,455,54.8424,-5.1188998,199,-0.0141008688944109,0.5361541281986855,0.2122375311278233,0.0512658047598206,0.6530803533557257,0.0865687722171955,0.995048248737336,3,POINT (-5.1188998 54.8424),Lower,250.23422119208593,D,Gravel beach fronting upland (> 1 km long),63.34153578807294,1.4370659722222223,433.2497166527395,123.27265102731295,130.23367470188114,1001.0706115498795,199,20253890,1001.0706115498795,7.29,0.245,0.10950914799245512,84200 Coastal waters
200,160,456,54.665001,-5.6691999,172,-0.0360609838221573,0.4839698162226743,0.1957459841966196,0.0472478028364155,0.819602749845445,0.0880720978711228,0.996004135981028,3,POINT (-5.669199899999999 54.665001000000004),Intermediate,704.4264012960712,J,Harbor area,96.93916015564335,1.1442057291666667,17.06719011835286,69.18816493885427,134.39700688750068,513.9616911043164,200,20257729,296.87673756196267,6.96,0.165,0.10087513640686227,
201,161,457,54.636398,-8.3949003,103,0.1341108903167227,0.4645061041812215,0.2283007444865871,0.069314569226479,0.6792050220513769,0.1164733848649462,0.9908735068079444,1,POINT (-8.394900299999998 54.63639799999999),No data,597.0468008234892,D,Gravel beach fronting upland (> 1 km long),465.6723498948661,1.1216362847222223,398.787703161666,5.384385129683847,12.169742303088237,668.8464059897409,201,20258194,241.84824171854564,15.64,2.21,0.6988485981168164,84200 Coastal waters
202,161,457,54.636398,-8.3949003,103,0.1341108903167227,0.4645061041812215,0.2283007444865871,0.069314569226479,0.6792050220513769,0.1164733848649462,0.9908735068079444,1,POINT (-8.394900299999998 54.63639799999999),No data,597.0468008234892,D,Gravel beach fronting upland (> 1 km long),465.6723498948661,1.1216362847222223,398.787703161666,5.384385129683847,12.169742303088237,668.8464059897409,202,20258194,241.84824171854564,15.64,2.21,0.6988485981168164,
203,162,458,54.989601,-8.4956198,98,0.0537769986868371,0.417363104782797,0.1778377677113494,0.0556157351420454,0.9055589413497368,0.1068865343083334,0.9931880900327144,3,POINT (-8.495619799999998 54.98960099999999),No data,1880.3483910013506,C,Small beaches,281.3870646564411,2.0668402777777777,2600.9109056751417,9.417150774363886,9.61769648293088,5644.388061555375,203,20251028,5644.375505325306,15.51,0.657,0.07600530740165613,
204,163,459,54.252998,-9.8900003,94,0.059906958315428,0.3476177899837034,0.1332129040271902,0.0509254964296431,0.9574773956873972,0.0920315872163888,0.9932166230177832,3,POINT (-9.890000299999999 54.25299799999999),No data,108.2249420792976,A,"Erosion-resistant rock and/or cliff, without loose eroded material in the fronting sea",468.5022800216807,1.0897352430555556,4259.016857965414,8.903415641899333,13.291654758638758,843.2796180070276,204,20265915,843.2796180070276,7.9,0.305,0.1444181573129166,12350 Marinas
205,164,46,48.718399,-3.9658999,307,0.0124750264102569,0.3798306420421125,0.133080060254036,0.0551755710696251,0.2964004221154995,0.0930228166920274,0.9954884976277368,3,POINT (-3.9658999 48.718399),Higher,62.397508129920226,J,Harbor area,131.86354305754537,1.5313585069444444,1441.782855593699,292.419599582784,236.41139445166044,4144.699526889517,205,20406625,4144.699526889517,5.67,0.148,0.026827865161424776,84200 Coastal waters
206,165,460,54.3046,-8.5689001,72,0.0146669084439533,0.4330471219937083,0.2600448033101923,0.0705254545039769,0.8414455714590751,0.1360849926380557,0.989349336435217,1,POINT (-8.568900099999999 54.3046),No data,0.7193629974425364,D,Gravel beach fronting upland (> 1 km long),86.64244249319009,0.6903211805555556,4932.3040514383865,0.8706526990791261,8.065857776638698,4471.904551071868,206,20265384,4471.904551071868,4.14,0.126,0.02168742672453799,12330 Fishing port
207,166,462,54.031833,-2.92025,352,-0.0253013879632803,0.7899235194145884,0.3343905383365694,0.0498573658792445,0.3346553265070253,0.0981769808830437,0.9920828126536672,1,POINT (-2.9202499999999993 54.03183299999999),Lower,9.256994891651123,H,Estuary,347.2858901928768,1.8778211805555556,1429.2754960589732,377.2545914059293,187.57215396725772,6287.053469585329,207,20270472,3725.0569693883917,9.96,0.291,0.03505080751799412,84200 Coastal waters
208,166,462,54.031833,-2.92025,352,-0.0253013879632803,0.7899235194145884,0.3343905383365694,0.0498573658792445,0.3346553265070253,0.0981769808830437,0.9920828126536672,1,POINT (-2.9202499999999993 54.03183299999999),Lower,9.256994891651123,H,Estuary,347.2858901928768,1.8778211805555556,1429.2754960589732,377.2545914059293,187.57215396725772,6287.053469585329,208,20270472,3725.0569693883917,9.96,0.291,0.03505080751799412,12360 Local multi-functional harbours
209,167,463,54.49,-0.614694,265,-0.0518817739863096,0.5391415476558943,0.2447247003091123,0.0466313842283916,0.5951583337975224,0.0853250007306491,0.9954057478522748,1,POINT (-0.614694 54.49),Lower,49.918765692731384,J,Harbor area,34.245850366707984,1.1652560763888888,19.117495579753065,144.1736408533712,105.18178547215227,280.55448768583915,209,20261265,280.55448768583915,5.24,5.0,1.3992059753777322,84200 Coastal waters
210,168,464,54.650722,-3.567167,198,-0.0022827537618345,0.7225043747228652,0.2770164777376248,0.0671190809683269,0.3199906722031083,0.1294438138162776,0.990901507262203,1,POINT (-3.5671669999999995 54.650722),Lower,14.815934801433345,J,Harbor area,23.734881092932252,1.3233506944444444,1764.4974788377265,395.31128162257426,211.48676602750282,182.7157450727601,210,20257885,12.370140168774723,25.71,21.697,2.639884256686115,84200 Coastal waters
211,169,465,54.085222,-4.768056,181,-0.0007047523551328,0.5067316475286403,0.1957029972990458,0.0488178967478334,0.7625489599401101,0.0888699151126918,0.9966616305188384,3,POINT (-4.768055999999999 54.085221999999995),No data,1.0698647006666102,A,"Erosion-resistant rock and/or cliff, without loose eroded material in the fronting sea",93955.01084337462,2.1634114583333335,518.8430151282,132.16661973456598,201.34021774525965,4032.437316284925,211,20269583,4032.437316284925,7.8,0.178,0.03255243550157784,12360 Local multi-functional harbours
212,170,467,54.48862,-0.61462,66,-0.0573410580053429,0.5490037994405421,0.2562883743563825,0.0781228824381773,0.7861011661714488,0.1351066268493658,0.9893010239027342,1,POINT (-0.61462 54.48861999999999),Lower,9.18541646671656,J,Harbor area,62.56828511099062,1.1652560763888888,19.664473533522635,144.81402715787144,105.3924071747115,292.6582551729883,212,20261265,272.00588632545083,5.24,5.0,1.3861045514516261,84200 Coastal waters
213,171,468,54.82326593,9.65412763,151,-0.0268722360889544,0.6030219988497372,0.2468119342531398,0.0541372125311005,0.7470940680696079,0.1063242136918663,0.991621561985207,1,POINT (9.654127629999998 54.82326593),Lower,135.6768395008761,J,Harbor area,351.23749346758433,0.2520616319444444,1323.048914966288,0.10377077317219813,22.389720072790226,406.23355942020123,213,20254716,406.23355942020123,1.24,0.818,0.42506240182471633,
214,171,468,54.82326593,9.65412763,151,-0.0268722360889544,0.6030219988497372,0.2468119342531398,0.0541372125311005,0.7470940680696079,0.1063242136918663,0.991621561985207,1,POINT (9.654127629999998 54.82326593),Lower,135.6768395008761,J,Harbor area,351.23749346758433,0.2520616319444444,1323.048914966288,0.10377077317219813,22.389720072790226,406.23355942020123,214,20254716,406.23355942020123,1.24,0.818,0.42506240182471633,12310 Cargo port
215,171,468,54.82326593,9.65412763,151,-0.0268722360889544,0.6030219988497372,0.2468119342531398,0.0541372125311005,0.7470940680696079,0.1063242136918663,0.991621561985207,1,POINT (9.654127629999998 54.82326593),Lower,135.6768395008761,F,"Beach that is part of extensive non-cohesive sedimentary systems (barrier, spit, tombolo)",351.23749346758433,0.2520616319444444,1323.048914966288,0.10377077317219813,22.389720072790226,406.23355942020123,215,20254716,406.23355942020123,1.24,0.818,0.42506240182471633,84200 Coastal waters
216,171,468,54.82326593,9.65412763,151,-0.0268722360889544,0.6030219988497372,0.2468119342531398,0.0541372125311005,0.7470940680696079,0.1063242136918663,0.991621561985207,1,POINT (9.654127629999998 54.82326593),Lower,135.6768395008761,F,"Beach that is part of extensive non-cohesive sedimentary systems (barrier, spit, tombolo)",351.23749346758433,0.2520616319444444,1323.048914966288,0.10377077317219813,22.389720072790226,406.23355942020123,216,20254716,406.23355942020123,1.24,0.818,0.42506240182471633,12310 Cargo port
217,172,469,54.79504891,9.433011,151,-0.0135175119822607,0.6388833864115735,0.253545542228634,0.0655621095059177,0.5138511294764343,0.1140266920309994,0.9898598378847772,1,POINT (9.433010999999999 54.79504891),Lower,48.02336572744424,J,Harbor area,297.3233990493006,0.07269965277777778,692.2514217296035,0.02932581457602994,78.85484757998486,1316.2971658703398,217,20254987,293.76150368987817,3.84,0.999,0.2990320284012565,84200 Coastal waters
218,173,47,46.148701,-1.2259001,243,0.0004709477664556,0.4470303678971996,0.198021291639909,0.0658124528466602,0.2328358109618494,0.1018381588726316,0.9938335833875728,3,POINT (-1.2259001 46.148701),No data,57.98903550932254,J,Harbor area,237.71034348875557,,,,,5068.359518958984,218,20476787,5068.359518958984,2.68,0.681,0.0855896643699073,12310 Cargo port
219,174,470,54.75978757,8.29700482,151,0.2154605986446086,1.086854589178403,0.4153263460518123,0.1066185710596634,0.0599178238106923,0.2072741038206701,0.9688111230238888,4,POINT (8.297004819999998 54.75978756999999),Higher,140.9361462255995,J,Harbor area,3.470392543983662,1.9360894097222223,9207.682640974257,342.5834555467678,123.00263869948704,13792.775663639777,219,20256787,11064.981686810053,,,,83300 Marine inlets and fjords
220,175,471,54.73219748,8.6880067,151,1.0479432387731382,1.5262086824230514,0.4920991209048116,0.1517888940442652,0.001674168298615,0.2295559487200055,0.9257691792104974,2,POINT (8.6880067 54.73219748),Intermediate,217.94978532814636,J,Harbor area,490.6955682097822,0.3591579861111111,10139.911302433839,74.96280682160733,143.18179866349928,6424.48791535513,220,20256205,3459.4385480251494,13.26,0.241,0.029081803396400093,
221,176,473,54.63344017,8.38492638,151,0.5319305203470042,1.2426982187060007,0.4766412869940465,0.1407586067587239,0.0045055284797497,0.2617916439856959,0.9424434793018336,4,POINT (8.384926380000001 54.63344016999999),Intermediate,588.9580088806051,E,Sand beach fronting upland (> 1 Km long),294.79652491816086,1.5210503472222223,7491.597076761472,478.03123111686614,133.8125006582203,14568.42643391115,221,20256787,9960.365704323864,51.83,0.833,0.038921980585862374,
222,177,474,54.50258302,8.70305048,151,1.0135561158627675,1.488551726476523,0.5176965753047816,0.1619169929075251,0.0006310451239275,0.2450281048617583,0.924008953120518,2,POINT (8.703050479999998 54.50258302),Intermediate,1882.6450092067012,G,"Muddy coastline, including tidal flat, salt marsh",1957.4271234422924,0.8315972222222222,4977.001844715201,170.38638841109545,149.22076821833852,1470.2425812337465,222,20260585,1470.2425812337465,23.3,0.393,0.13418103289908614,84200 Coastal waters
223,178,475,54.47470223,9.83599307,151,-0.0414301998773737,0.6012131378728346,0.2483064347528972,0.060878582158095,0.6083684388235864,0.1152782674684,0.991321116049944,1,POINT (9.83599307 54.47470222999999),Lower,42.54064235238623,J,Harbor area,193.24612573159584,0.06032986111111111,161.19221831622878,0.0,8.101610763404942,702.0999297518774,223,20261346,132.31286373707127,7.36,0.554,0.25899317047447096,
224,179,476,54.47394247,9.02585594,151,1.1835996415877568,1.7142896625810988,0.3379210074279894,0.1232526049298392,0.0185757160418306,0.1502472553133061,0.9580867483294424,2,POINT (9.02585594 54.47394246999999),Lower,1917.666401009634,J,Harbor area,26.183985411651424,0.021375868055555556,76427.27303120709,23.716721578636662,147.90783287604413,1060.3134760962378,224,20261266,244.77484884614555,6.99,1.546,0.453583172510492,84200 Coastal waters
225,180,477,54.26591826,8.84211831,150,1.07890787658847,1.555787399014057,0.4788910556027266,0.1266585472597591,0.0147799895408478,0.216253995412517,0.9492195459364272,2,POINT (8.84211831 54.26591825999999),Lower,99.11797554370162,Y,"Artificial shoreline (walk, dike, quay) without beach",149.89914705821963,0.04861111111111111,205501.39623819853,37.77694002562397,165.24853256755065,3420.212547109428,225,20266120,3420.212547109428,11.04,0.183,0.03801934421017247,84200 Coastal waters
226,181,478,54.26586489,8.84958039,151,1.2003743671678762,1.838586012141398,0.193327550980962,0.1026940320399338,0.077054516101872,0.1462437573269402,0.9618156140656584,2,POINT (8.84958039 54.265864889999996),Lower,540.7892774928978,Y,"Artificial shoreline (walk, dike, quay) without beach",340.6686689659623,0.042643229166666664,140340.74696093352,35.576133788078316,165.0737060402575,2941.7844169481045,226,20266120,2941.7844169481045,11.04,0.183,0.04263388469143899,84200 Coastal waters
227,182,479,54.18052298,7.89080439,151,0.1627848076891911,1.0110337986171327,0.3836055551759748,0.0681520358844544,0.4642750687484496,0.1342489477089014,0.9828485265030176,4,POINT (7.890804389999998 54.18052297999999),No data,73014.74541436727,J,Harbor area,54.80545680972897,2.0340711805555554,497.85321978300266,145.50882435121153,135.0311447694241,51507.218706402295,227,20278115,51507.218706402295,,,,
228,183,48,45.568432,-1.06148,237,0.0088843989039584,0.3971031553848147,0.2130935730468827,0.0394797956198989,0.8393250025975239,0.07758480780534,0.996163555478366,3,POINT (-1.06148 45.568432),No data,38.91793529768935,J,Harbor area,2.5112450508737942,,,,,5547.426450669491,228,20492193,5547.426450669491,10.68,1.03,0.10813955260329823,72100 Salt marshes
229,184,481,54.1233805,8.86015778,151,1.1262376152881717,1.5705337522034872,0.4835937692343534,0.1379686780414538,0.005718737785229,0.2229402909539919,0.941994836267408,2,POINT (8.86015778 54.12338050000001),Higher,21.9840168201333,J,Harbor area,368.0674222334527,0.24479166666666666,17735.068883764005,74.26594857951844,177.0196343354856,4921.791142512261,229,20268677,4921.791142512261,57.7,0.969,0.11441231243094759,12310 Cargo port
230,185,486,54.31632455,8.95122149,151,1.0769571182469824,1.8650160540793204,0.1452228169292842,0.1193412442255861,0.0248421597108612,0.2153609798955472,0.9519674878157572,2,POINT (8.95122149 54.31632454999999),Lower,14228.669181230633,Y,"Artificial shoreline (walk, dike, quay) without beach",14001.07687078524,0.010091145833333334,7448.490297562037,26.554466963424098,159.99303025063244,289.56349001645003,230,20264520,193.76407312524302,42.79,44.764,2.9649550423981244,72300 Intertidal flats
231,186,49,46.497501,-1.7938,217,-0.0345866588374391,0.3691171742567888,0.1654849579128788,0.0526706464788448,0.5655928187749697,0.0920480292519229,0.9942443589169422,3,POINT (-1.7938000000000003 46.49750099999999),No data,31.76353105250746,J,Harbor area,15.271851675635578,,,,,1351.130607823015,231,20467927,1282.3204461443038,8.86,0.152,0.06018362552076465,
232,187,492,54.033298,-2.9166701,203,0.0313596263119736,0.7475116128572641,0.3357332891686222,0.0660943917723818,0.3235034962735572,0.1150958136829034,0.9926850294655934,1,POINT (-2.9166701 54.033297999999995),Lower,65.25717630478051,E,Sand beach fronting upland (> 1 Km long),578.9301718755694,1.8861762152777777,1453.3048807517343,369.8086110366079,187.64438965240217,6136.965477902297,232,20270472,3439.63752241294,9.96,0.291,0.03578791425103531,
233,187,492,54.033298,-2.9166701,203,0.0313596263119736,0.7475116128572641,0.3357332891686222,0.0660943917723818,0.3235034962735572,0.1150958136829034,0.9926850294655934,1,POINT (-2.9166701 54.033297999999995),Lower,65.25717630478051,E,Sand beach fronting upland (> 1 Km long),578.9301718755694,1.8861762152777777,1453.3048807517343,369.8086110366079,187.64438965240217,6136.965477902297,233,20270472,3439.63752241294,9.96,0.291,0.03578791425103531,84200 Coastal waters
234,188,494,54.483299,-0.61667001,211,-0.0574714186133874,0.5269900445274267,0.2294841968748142,0.0514781517296218,0.6122018235295354,0.091141806535202,0.9961052766511036,1,POINT (-0.6166700099999999 54.483299),Lower,470.46157756814785,J,Harbor area,704.0685581388126,1.1163194444444444,19.929485337254683,146.48369244652181,105.62885596871213,809.8198419764879,234,20261265,231.25024589827677,5.24,5.0,0.990020912252809,
235,189,495,54.650002,-3.5666699,197,0.0327833016059196,0.7015544883565934,0.2936141674861032,0.0651555416159114,0.3575885324322394,0.113930244034028,0.9912599159532608,1,POINT (-3.5666698999999995 54.65000199999999),Lower,0.6817871248349546,J,Harbor area,50.90857412097608,1.3103298611111112,1826.4561005787473,395.31128162257426,211.48676602750282,267.80511569050543,235,20257885,0.07628986406231317,25.71,21.697,2.4627071124033564,83200 Estuaries
236,190,496,54.0854,-4.7680998,121,-0.000246591113279,0.4590764235313511,0.1807770370340223,0.0488313137817271,0.9214621847635756,0.0842505978161114,0.9966268201164,3,POINT (-4.7680998 54.085399999999986),No data,32.71047055882099,A,"Erosion-resistant rock and/or cliff, without loose eroded material in the fronting sea",93933.80494970384,2.1634114583333335,518.8430151282,132.16661973456598,201.34021774525965,4035.189850256448,236,20269583,4035.189850256448,7.8,0.178,0.032534640406012706,84200 Coastal waters
237,191,498,54.282497,-0.3902857,76,-0.1088748219888996,0.5713498252846168,0.3282142802245982,0.0523163760641132,0.9784638867348656,0.0978069109582785,0.993564987573417,1,POINT (-0.3902857 54.282497),Lower,83.59469101708113,J,Harbor area,39.02613075262931,1.1175130208333333,36.47990649783846,122.85906970014754,133.08371162841308,3080.4546079010383,237,20264775,2859.343341838682,31.92,0.462,0.09307917689580279,84200 Coastal waters
238,192,499,54.916698,9.7833004,67,0.6201347963158546,0.5753977003527246,0.1457368376759558,0.1256086956254494,0.2216383283904193,0.2130123847665015,0.9565875213770638,6,POINT (9.783300399999998 54.916698),No data,728.3804029397625,N,Vegetated (‘green’) beach,176.19354836429645,0.5055338541666666,2820.4190837806555,0.30272281888086716,5.8897932059084654,4009.374969982792,238,20251992,4009.374969982792,9.25,0.151,0.028073587068235335,12360 Local multi-functional harbours
239,193,5,47.140383,-2.24635,303,0.1052993029194582,0.4210343497538835,0.2044402309961597,0.0402261405836854,0.6953340954550715,0.067445048987389,0.9970994727671856,3,POINT (-2.24635 47.14038300000001),No data,66.19490077362478,J,Harbor area,27.940623849728027,0.0,,,,6451.57278333901,239,20450537,6451.57278333901,10.66,0.174,0.02152790115079391,83300 Marine inlets and fjords
240,194,50,47.277222,-1.8898,213,-0.0492556071302145,0.6805840703586192,0.2767187822442498,0.0533412076092191,0.5611411318668289,0.104633351441671,0.989097080191873,1,POINT (-1.8898000000000001 47.27722200000001),No data,213.784257736559,H,Estuary,12975.29840600288,0.0,,,,6437.686187942084,240,20447497,15.432579252073998,11.51,1020.908,0.931664296526572,
241,194,50,47.277222,-1.8898,213,-0.0492556071302145,0.6805840703586192,0.2767187822442498,0.0533412076092191,0.5611411318668289,0.104633351441671,0.989097080191873,1,POINT (-1.8898000000000001 47.27722200000001),No data,213.784257736559,H,Estuary,12975.29840600288,0.0,,,,6437.686187942084,241,20447497,15.432579252073998,11.51,1020.908,0.931664296526572,84200 Coastal waters
242,194,50,47.277222,-1.8898,213,-0.0492556071302145,0.6805840703586192,0.2767187822442498,0.0533412076092191,0.5611411318668289,0.104633351441671,0.989097080191873,1,POINT (-1.8898000000000001 47.27722200000001),No data,213.784257736559,G,"Muddy coastline, including tidal flat, salt marsh",12975.29840600288,0.0,,,,6437.686187942084,242,20447497,15.432579252073998,11.51,1020.908,0.931664296526572,12310 Cargo port
243,194,50,47.277222,-1.8898,213,-0.0492556071302145,0.6805840703586192,0.2767187822442498,0.0533412076092191,0.5611411318668289,0.104633351441671,0.989097080191873,1,POINT (-1.8898000000000001 47.27722200000001),No data,213.784257736559,G,"Muddy coastline, including tidal flat, salt marsh",12975.29840600288,0.0,,,,6437.686187942084,243,20447497,15.432579252073998,11.51,1020.908,0.931664296526572,12310 Cargo port
244,195,500,54.1222,8.8591995,65,1.094939288006898,1.5243566213061426,0.5183205070323469,0.1321073819591023,0.1890261210375483,0.2266856848181636,0.9580527600548748,2,POINT (8.8591995 54.1222),Higher,13.66580097217718,J,Harbor area,314.02554128254303,0.24479166666666666,17486.96495474142,74.0437057111585,176.74928800345822,4984.927474435586,244,20268677,4984.927474435586,57.7,0.969,0.11320535148369958,
245,196,501,54.730999,8.6870003,67,1.1146847476653845,1.493343260462077,0.5637085720934822,0.1345224250249304,0.1613817525573958,0.2605139164966125,0.9375365809911907,2,POINT (8.687000299999998 54.73099899999999),Intermediate,64.8409691081024,J,Harbor area,648.6858424919907,0.3774956597222222,12138.595676932135,74.6012652091319,143.2139873598472,6550.464141223864,245,20256205,3522.8943860883414,13.26,0.241,0.02859658609521029,83300 Marine inlets and fjords
246,197,502,54.474998,9.8369999,67,0.7233367183339646,0.6114146754863939,0.1553060487119024,0.0904261421488656,0.6112263310940029,0.1720754526399961,0.9720584582753412,6,POINT (9.836999899999999 54.474998),Lower,9.958340265159679,J,Harbor area,88.07722706636082,0.06032986111111111,161.19221831622878,0.0,8.114885775708075,715.187197616958,246,20261346,205.29531559425567,7.36,0.554,0.2570169937621359,84200 Coastal waters
247,198,503,54.265999,8.842,67,1.1837415261651698,1.5004299254403657,0.5875835932784208,0.1246545236725782,0.2289889806977429,0.2299924848610544,0.9508377456521548,2,POINT (8.842 54.265999),Lower,96.95557426009326,Y,"Artificial shoreline (walk, dike, quay) without beach",168.80335163884035,0.04861111111111111,205669.24559035394,37.29522610987936,165.4893949573768,3429.4098780095183,247,20266120,3429.4098780095183,11.04,0.183,0.03794039994921316,84200 Coastal waters
248,199,504,54.796001,9.434,67,0.6040630667566491,0.6329151808820508,0.1507084608464375,0.105412107067264,0.4173030001818428,0.208028249232674,0.9614375943982424,6,POINT (9.434 54.79600099999998),Lower,206.14754144216377,J,Harbor area,89.47634785558213,0.07454427083333333,696.6509896238407,0.029174473050883727,78.3744260690826,1195.8007696092684,248,20254987,185.6298906989589,3.84,0.999,0.31544166004347574,12310 Cargo port
249,200,505,54.178902,7.8899999,67,0.155895558526007,0.97573450529239,0.3709370122028858,0.0621848348767249,0.9435367037336404,0.1241580100283035,0.9892024925673406,4,POINT (7.889999900000001 54.17890200000001),No data,72707.10908642069,J,Harbor area,45.49954013291422,2.0340711805555554,496.0748968688757,145.00785920900927,135.0423663496192,51330.81956255737,249,20278115,51330.81956255737,,,,12320 Passenger port
250,201,506,54.757999,8.2959995,67,0.3269810113099244,1.1017433287447171,0.4181465390377124,0.0850126794210347,0.6860741504413442,0.1636336264044248,0.9807310768016352,4,POINT (8.2959995 54.757999),Higher,49.98574652822497,J,Harbor area,47.589300890460215,1.9479166666666667,9061.03824847115,346.2226018792373,123.26248767413692,14000.75235955739,250,20256787,11034.394364614718,,,,
251,202,507,54.472,9.0249996,67,1.1465066575732734,1.604870810193978,0.4514503571369936,0.1166838164425336,0.2976442329087524,0.1931863837798526,0.9682658863353704,2,POINT (9.0249996 54.472),Lower,1936.1328956390619,J,Harbor area,175.7661995227517,0.022677951388888888,88431.00878615299,23.195421737283997,148.12294271763034,1101.7965114567444,251,20261266,401.61075115762077,6.99,1.546,0.44463082784647784,84200 Coastal waters
252,203,508,54.82333,9.6549997,67,0.5490561902927028,0.6007949578174276,0.1510799656101017,0.1258297949638107,0.2199608167830093,0.21950689970533,0.9548079826876054,6,POINT (9.6549997 54.82333),Lower,163.4375023655503,F,"Beach that is part of extensive non-cohesive sedimentary systems (barrier, spit, tombolo)",336.37408457387534,0.2546657986111111,1312.591527504245,0.1027337792940768,21.938529785840664,351.3204904935193,252,20254716,351.3204904935193,1.24,0.818,0.4423354922083433,12320 Passenger port
253,204,509,54.966702,8.6660004,63,0.2905247839903039,1.127043205488356,0.4037878084052252,0.1140482036573702,0.358280936436701,0.2278172362718795,0.9672109261963796,4,POINT (8.6660004 54.96670199999999),No data,935.1305323951495,G,"Muddy coastline, including tidal flat, salt marsh",604.1129035424368,0.8881293402777778,9079.820292044222,11.959720810546594,119.10711254977886,785.7705965369189,253,20251989,705.3527622846785,12.94,24.166,1.8062196310005059,
254,205,51,47.205379,-1.76513,213,-0.0823526080212026,0.7389871729080599,0.3509054652144027,0.0644344827496611,0.3254347151081647,0.1169576218527395,0.9890954956725544,1,POINT (-1.7651299999999999 47.20537899999999),No data,2647.3028513154986,G,"Muddy coastline, including tidal flat, salt marsh",30236.928719196803,0.0,,,,18341.603328749254,254,20449049,96.93994839529968,31.2,997.859,0.3570858997240294,84200 Coastal waters
255,205,51,47.205379,-1.76513,213,-0.0823526080212026,0.7389871729080599,0.3509054652144027,0.0644344827496611,0.3254347151081647,0.1169576218527395,0.9890954956725544,1,POINT (-1.7651299999999999 47.20537899999999),No data,2647.3028513154986,G,"Muddy coastline, including tidal flat, salt marsh",30236.928719196803,0.0,,,,18341.603328749254,255,20449049,96.93994839529968,31.2,997.859,0.3570858997240294,
256,205,51,47.205379,-1.76513,213,-0.0823526080212026,0.7389871729080599,0.3509054652144027,0.0644344827496611,0.3254347151081647,0.1169576218527395,0.9890954956725544,1,POINT (-1.7651299999999999 47.20537899999999),No data,2647.3028513154986,H,Estuary,30236.928719196803,0.0,,,,18341.603328749254,256,20449049,96.93994839529968,31.2,997.859,0.3570858997240294,12350 Marinas
257,205,51,47.205379,-1.76513,213,-0.0823526080212026,0.7389871729080599,0.3509054652144027,0.0644344827496611,0.3254347151081647,0.1169576218527395,0.9890954956725544,1,POINT (-1.7651299999999999 47.20537899999999),No data,2647.3028513154986,H,Estuary,30236.928719196803,0.0,,,,18341.603328749254,257,20449049,96.93994839529968,31.2,997.859,0.3570858997240294,
258,206,510,54.488632,-0.61463588,66,-0.0360540407921253,0.5578948995925926,0.258848715363968,0.0630216307380503,0.9408707888693716,0.1154029723220593,0.9898039970340332,1,POINT (-0.61463588 54.488632),Lower,10.953169980508392,J,Harbor area,60.823820654330255,1.1652560763888888,19.639868926635653,144.81402715787144,105.3924071747115,293.12498834895337,258,20261265,273.03342881176576,5.24,5.0,1.3856042587611692,12350 Marinas
259,207,511,54.632,8.3839998,67,0.8524195381171977,1.348420455880583,0.5562011302594847,0.1446261741521115,0.1096468421118065,0.2273268876160369,0.931967493018514,2,POINT (8.3839998 54.632),Intermediate,372.56700309678456,E,Sand beach fronting upland (> 1 Km long),192.8695831701399,1.5210503472222223,7385.047038130862,478.1404969327353,133.78770235015517,14704.003148025851,259,20256787,10130.96909215475,,,,84200 Coastal waters
260,208,519,55.206778,-6.656833,177,-0.1330559719268015,0.4576983665931278,0.2063178381792125,0.0414518625440009,0.9087650468927276,0.0783858775494611,0.9957782659718124,3,POINT (-6.656832999999999 55.20677799999999),Higher,1004.8914231523036,J,Harbor area,107.9784655857095,1.2509765625,61.005561586820356,267.11779349773343,243.33543808586404,4812.250210468834,260,20247266,4720.6047839984485,5.15,0.134,0.021635546937185616,83200 Estuaries
261,209,52,45.853409,-1.17782,150,0.1437462633356935,0.5117959063087199,0.268968478702988,0.109100739336417,0.0520847923265737,0.191926774326068,0.9605157996535452,1,POINT (-1.1778199999999999 45.853408999999985),No data,820.0201434065152,Y,"Artificial shoreline (walk, dike, quay) without beach",145.49776940333467,,,,,2043.4772257406748,261,20483910,2043.4772257406748,15.24,0.237,0.0698835857542037,83200 Estuaries
262,210,520,55.627583,-6.189917,127,-0.7570163654659254,0.1144685858431359,0.0398319850242946,0.2084122125719675,2.5688496938714176e-05,0.2788203776396586,0.9048084137108796,3,POINT (-6.189917000000001 55.627583),Lower,18.408458919831084,A,"Erosion-resistant rock and/or cliff, without loose eroded material in the fronting sea",25.246501504000218,1.5872395833333333,236.68456867374854,156.4952709111768,194.88550182239635,1853.956079491851,262,20239466,1853.956079491851,6.91,0.239,0.07509036236599735,72300 Intertidal flats
263,211,521,55.3717,-7.3344,95,-0.0800776455994569,0.4744929446753431,0.1925935538931991,0.0494908078208944,0.9651378279463044,0.0907795193091551,0.9942270212694996,3,POINT (-7.3344000000000005 55.37169999999999),No data,76.77927485014928,AC,Pocket beaches (< 200 m long),511.07581206223546,1.8220486111111112,247.76927544652128,327.1296439657969,164.0738874851522,1929.4335337224973,263,20244956,1929.4335337224973,27.22,0.781,0.19702615353014702,12310 Cargo port
264,212,522,55.200001,-6.6666999,176,-0.0437090450276966,0.4789826647708785,0.1947009663685842,0.0366476632636213,0.9652042807122948,0.0701856012361367,0.9980506043952776,3,POINT (-6.666699900000001 55.20000099999999),Higher,334.75865149738956,A,"Erosion-resistant rock and/or cliff, without loose eroded material in the fronting sea",246.97922539127228,1.2325303819444444,67.72652255119266,253.36528705445878,244.21009873502712,5547.389382363584,264,20247266,5288.380613106146,5.15,0.134,0.01920631337094384,84200 Coastal waters
265,213,523,55.627399,-6.1901002,119,0.2406263274248792,0.5263649144296778,0.2046296532684819,0.0474331787287835,0.9399922787342416,0.0946505292738772,0.9926905746166568,3,POINT (-6.190100199999999 55.627399),Lower,19.92965317544065,A,"Erosion-resistant rock and/or cliff, without loose eroded material in the fronting sea",9.389603186848504,1.5872395833333333,236.68456867374854,156.4952709111768,194.88550182239635,1847.3433305394149,265,20239466,1847.3433305394149,6.91,0.239,0.0752647543017179,12360 Local multi-functional harbours
266,214,524,55.3717,-7.3343201,94,0.1052736120311122,0.5400978666089689,0.3193389656246956,0.0736490995955717,0.6601534005952053,0.12940881769902,0.9919798697621074,1,POINT (-7.3343201 55.37169999999999),No data,80.48645390759,AC,Pocket beaches (< 200 m long),519.8175288734545,1.8220486111111112,247.76927544652128,327.1296439657969,164.0738874851522,1931.6880682002723,266,20244956,1931.6880682002723,27.22,0.781,0.19687463595876029,84200 Coastal waters
267,215,526,55.749806,-4.906333,266,0.3766052252024523,0.673619268166732,0.5305311463408198,0.1454621865087908,2.2428653759907205e-05,0.2702708997673116,0.9218012354387202,4,POINT (-4.906333 55.74980599999999),Lower,3064.635790071436,B,"Erodible rock and/or cliff, with rock waste and sediments (sand or pebbles) at its base",5.965846478549905,1.8168402777777777,4995.982228508488,8.900912228900127,66.46125377791144,2611.4682768050734,267,20237701,2611.4682768050734,4.35,0.175,0.04465445422343021,12350 Marinas
268,216,527,55.989833,-3.181694,213,0.2108920250236805,0.608769007374333,0.415985084739785,0.114564156687151,0.0068378825304735,0.2224757415562664,0.9364520718061063,1,POINT (-3.181694 55.98983299999999),Lower,48.21192030167356,J,Harbor area,45.26186748481423,1.3740234375,16.272808340281316,134.07606875955284,59.59462330534083,998.570878384416,268,20233837,998.570878384416,25.48,3.117,0.7080683448780816,12350 Marinas
269,217,528,55.01826759,8.44140467,151,0.2052424791352175,1.065935838155563,0.4150841688994349,0.107243165247688,0.0575163843583838,0.2125850433105581,0.9646609201186503,4,POINT (8.44140467 55.018267589999994),Higher,248.8381692084567,G,"Muddy coastline, including tidal flat, salt marsh",84.4468862589778,1.8345269097222223,14038.584896546454,183.17810454286908,105.34406873342692,8537.372285157402,269,20249582,8537.372285157402,13.01,0.26,0.024232221758190405,12310 Cargo port
270,217,528,55.01826759,8.44140467,151,0.2052424791352175,1.065935838155563,0.4150841688994349,0.107243165247688,0.0575163843583838,0.2125850433105581,0.9646609201186503,4,POINT (8.44140467 55.018267589999994),Higher,248.8381692084567,G,"Muddy coastline, including tidal flat, salt marsh",84.4468862589778,1.8345269097222223,14038.584896546454,183.17810454286908,105.34406873342692,8537.372285157402,270,20249582,8537.372285157402,13.01,0.26,0.024232221758190405,12340 Naval port
271,217,528,55.01826759,8.44140467,151,0.2052424791352175,1.065935838155563,0.4150841688994349,0.107243165247688,0.0575163843583838,0.2125850433105581,0.9646609201186503,4,POINT (8.44140467 55.018267589999994),Higher,248.8381692084567,Y,"Artificial shoreline (walk, dike, quay) without beach",84.4468862589778,1.8345269097222223,14038.584896546454,183.17810454286908,105.34406873342692,8537.372285157402,271,20249582,8537.372285157402,13.01,0.26,0.024232221758190405,84200 Coastal waters
272,217,528,55.01826759,8.44140467,151,0.2052424791352175,1.065935838155563,0.4150841688994349,0.107243165247688,0.0575163843583838,0.2125850433105581,0.9646609201186503,4,POINT (8.44140467 55.018267589999994),Higher,248.8381692084567,Y,"Artificial shoreline (walk, dike, quay) without beach",84.4468862589778,1.8345269097222223,14038.584896546454,183.17810454286908,105.34406873342692,8537.372285157402,272,20249582,8537.372285157402,13.01,0.26,0.024232221758190405,12350 Marinas
273,218,53,47.193451,-1.63367,203,0.013252461935451,0.8233346359060765,0.4325382610217272,0.0818547612527361,0.1245440967505596,0.1502458675960236,0.9798099787397264,4,POINT (-1.6336699999999997 47.193451),No data,17388.052790672675,H,Estuary,44429.98116774858,0.0,,,,27855.42478577965,273,20449399,33.54328556207667,43.9,996.562,0.2393073225142275,
274,218,53,47.193451,-1.63367,203,0.013252461935451,0.8233346359060765,0.4325382610217272,0.0818547612527361,0.1245440967505596,0.1502458675960236,0.9798099787397264,4,POINT (-1.6336699999999997 47.193451),No data,17388.052790672675,H,Estuary,44429.98116774858,0.0,,,,27855.42478577965,274,20449399,33.54328556207667,43.9,996.562,0.2393073225142275,12340 Naval port
275,218,53,47.193451,-1.63367,203,0.013252461935451,0.8233346359060765,0.4325382610217272,0.0818547612527361,0.1245440967505596,0.1502458675960236,0.9798099787397264,4,POINT (-1.6336699999999997 47.193451),No data,17388.052790672675,G,"Muddy coastline, including tidal flat, salt marsh",44429.98116774858,0.0,,,,27855.42478577965,275,20449399,33.54328556207667,43.9,996.562,0.2393073225142275,12350 Marinas
276,218,53,47.193451,-1.63367,203,0.013252461935451,0.8233346359060765,0.4325382610217272,0.0818547612527361,0.1245440967505596,0.1502458675960236,0.9798099787397264,4,POINT (-1.6336699999999997 47.193451),No data,17388.052790672675,G,"Muddy coastline, including tidal flat, salt marsh",44429.98116774858,0.0,,,,27855.42478577965,276,20449399,33.54328556207667,43.9,996.562,0.2393073225142275,12310 Cargo port
277,219,530,55.4667,8.4333,446,0.5639817403970016,1.1962601863608735,0.5248025442142636,0.1013130378731949,0.0001941670859705,0.2002591881125135,0.9579950448420675,4,POINT (8.4333 55.4667),No data,231.18520750005803,J,Harbor area,115.34599805305557,1.1854383680555556,64198.23068735385,18.220106190386588,70.87466207551262,2395.2580974159223,277,20242175,2395.2580974159223,1.95,0.532,0.1256381897762467,
278,220,531,55.989799,-3.1803999,202,-0.1818918179607176,0.4977818081413531,0.2191525629758058,0.039592881667133,0.896842851432098,0.078085954293937,0.9970646754560611,3,POINT (-3.1803999 55.98979899999998),Lower,48.682148774774795,J,Harbor area,9.802781640788327,1.3859592013888888,16.26185323616507,131.8410634604232,59.82839351422108,975.0696243946306,278,20233837,975.0696243946306,25.48,3.117,0.7164936144531767,
279,221,532,55.749699,-4.9046998,208,0.0612128600909353,0.6335226905402165,0.2726713062229226,0.0495394372153359,0.6682164049640081,0.0832456293753373,0.994152914347094,1,POINT (-4.9046998 55.749698999999985),Lower,2925.332798596896,B,"Erodible rock and/or cliff, with rock waste and sediments (sand or pebbles) at its base",133.99393891162498,1.7899305555555556,4995.982228508488,8.956469291320516,66.26300635789312,2514.5319163095887,279,20237701,2514.5319163095887,4.35,0.175,0.04588609484454507,
280,222,533,55.0,-1.4333301,211,-0.2199499705943186,0.4650117944534812,0.21535470521411,0.0490559343970991,0.6715329196689577,0.0895327147517009,0.9954231373072856,3,POINT (-1.4333300999999998 55),Lower,694.1426161338653,J,Harbor area,1336.5093553291465,0.9807942708333334,45.378459064432846,61.45062218847588,67.50971196016565,1169.4632730447788,280,20251274,665.727500897986,10.59,63.201,1.9184555127769778,
281,223,534,55.5667,9.75,121,0.3956811739845275,0.4732444079093676,0.1458679663706968,0.0604194519918401,0.7457703668742782,0.1062484129197435,0.9924947862820503,6,POINT (9.75 55.5667),No data,1274.2460463503055,J,Harbor area,1280.158254216198,0.3326822916666667,1037.4245342643007,0.04219806659547612,2.2972546163635044,1335.9320095417097,281,20240932,698.4861261829886,16.02,0.281,0.10601379280775738,
282,224,535,55.0,9.9833002,111,0.656315806135926,0.6075158899416636,0.1972071926570885,0.0970097405154032,0.2316472109567722,0.1820761077484862,0.9782707655831588,6,POINT (9.983300199999999 55),No data,18321.33345123385,B,"Erodible rock and/or cliff, with rock waste and sediments (sand or pebbles) at its base",743.3935405970137,0.6200086805555556,87.60569902313313,1.7720183768412208,2.8052808066850448,9094.854833564517,282,20251596,5331.0970187950725,24.14,0.37,0.031185267946789476,
283,225,536,55.266701,9.8832998,67,0.626516736140324,0.5195161099580055,0.1319569023918267,0.1782983700111685,0.0246534752227155,0.2987719424422493,0.93489574630085,6,POINT (9.8832998 55.26670099999998),No data,204.53256011205863,J,Harbor area,110.76292684542942,0.6328125,2227.3897676004117,0.9586257172140018,2.7130579848010035,964.7646702216655,283,20246221,705.1664542197675,19.82,0.278,0.12484770455207768,
284,226,537,55.466702,8.4333,64,0.4229110445003007,1.1694739201004745,0.4440510735574573,0.1047928874499063,0.452656488636174,0.1813105872602837,0.9805995019609725,4,POINT (8.4333 55.46670199999999),No data,230.960073527598,J,Harbor area,115.57855467253808,1.1854383680555556,64187.88928638716,18.220106190386588,70.87466207551262,2395.064625831175,284,20242175,2395.064625831175,1.95,0.532,0.12564534941011515,
285,227,538,55.016998,8.441,67,0.3172651755449454,1.0834529339387984,0.4231365528707589,0.0987924768936374,0.4990593763746793,0.1904504819269146,0.9725196557126644,4,POINT (8.441 55.016997999999994),Higher,183.58236711697066,G,"Muddy coastline, including tidal flat, salt marsh",116.23531290001664,1.8233506944444444,13876.182364489392,180.7762458320282,105.62388665212792,8662.687846233013,285,20249582,8662.687846233013,13.01,0.26,0.023917953666944956,
286,228,54,48.641102,-2.0276,190,0.0460203392207574,0.543863617574597,0.1861956958997935,0.0520084745308549,0.6632900627498837,0.0850637989957377,0.9959337846429164,3,POINT (-2.0276 48.64110199999998),Intermediate,81.50256187208605,J,Harbor area,183.71578219725123,1.2157118055555556,201.56172610086108,800.2175085167701,630.7525480306634,297.21272789205096,286,20408123,297.21272789205096,33.62,0.496,0.31050795223734623,
287,229,540,55.130798,8.6858997,61,0.5066908844578313,1.141065756893549,0.3488893696760679,0.074746998888529,0.859673775855632,0.1402731647531022,0.9850406781434152,4,POINT (8.6858997 55.130798),No data,210.3565140025803,G,"Muddy coastline, including tidal flat, salt marsh",1025.1240720851822,1.0668402777777777,31211.580190654204,161.44574750698015,106.76570934676619,300.9159143735057,287,20248729,50.323637957553274,11.78,9.312,1.7935888047255855,
288,230,541,55.1833,8.6833,61,0.6527496685161491,0.955347986692218,0.2223798632402218,0.0583901625043639,0.977652238662056,0.1104871983279967,0.991312691071269,6,POINT (8.6833 55.183299999999996),No data,802.1309748465966,G,"Muddy coastline, including tidal flat, salt marsh",654.9933030911566,1.1882595486111112,51433.29930466872,152.58465715398364,102.42733907073266,1337.678580100897,288,20247661,1228.3366585968354,31.25,2.295,0.5100813207046139,
289,231,542,55.087002,8.5654001,61,0.3208829575592355,1.1677695133507748,0.3775939207043049,0.0791766234191782,0.8100767058427201,0.1564420152740904,0.9836306724022936,4,POINT (8.565400099999998 55.08700199999999),No data,28.72164492972775,F,"Beach that is part of extensive non-cohesive sedimentary systems (barrier, spit, tombolo)",103.23909187760152,2.0840928819444446,124675.98944423451,144.66459127787672,105.4856438699712,2685.781111857974,289,20249582,2530.451549775839,13.01,0.26,0.06270359340135956,
290,232,544,55.283298,8.5832996,61,0.3350870037099933,1.1137585369181662,0.417081194686017,0.0847087056768044,0.7417222690881615,0.1415820140636415,0.9843440053798648,4,POINT (8.5832996 55.283297999999995),No data,133.41063482166908,G,"Muddy coastline, including tidal flat, salt marsh",20.700024993812956,2.365234375,55507.46971946412,99.83095568762462,91.84675038393728,4688.821998439178,290,20245945,4688.821998439178,13.45,0.281,0.0435311584965231,
291,233,545,55.333302,8.6833,61,0.5787218028304345,1.3077385730398474,0.4289658610833177,0.1262766577832064,0.262216656771242,0.2352867750943662,0.9628008708331562,4,POINT (8.6833 55.333301999999996),No data,1416.6836000369722,G,"Muddy coastline, including tidal flat, salt marsh",1012.372999360215,0.9372829861111112,67043.28500953973,16.42026494757441,92.72257014079396,1378.3277221419287,291,20244903,1162.0073776176764,25.02,20.525,1.2904929084021488,
292,234,546,56.623111,-6.064222,203,0.1850143341148825,0.6572257665013811,0.4129478852538948,0.1036028190132456,0.0237640829702713,0.1712778202476062,0.9718902914652878,1,POINT (-6.064221999999999 56.62311099999999),Lower,46.229323954785954,X,Heterogeneous beach,9.293574072999817,1.2350260416666667,836.3240853068529,16.42804535005553,90.70372128386015,31.072923089731994,292,20221645,31.072923089731994,9.8,0.562,0.43252716507209593,
293,235,547,56.6231,-6.0630999,195,-0.1491983154465176,0.5094114328960639,0.2131672896742616,0.0472058542446354,0.7593337977507678,0.0874112886839709,0.99588513140356,3,POINT (-6.063099899999999 56.623099999999994),Lower,8.806484911125153,X,Heterogeneous beach,112.99993759811723,1.2350260416666667,836.3240853068529,16.42804535005553,90.70372128386015,93.16591440426858,293,20221645,93.16591440426858,9.8,0.562,0.40795916020637635,
294,236,549,56.633301,9.8000002,78,0.2805330687073617,0.4240831380981294,0.1278765897166014,0.0927671630245061,0.4845477624480688,0.1703805427120424,0.9804929986689253,3,POINT (9.8000002 56.633301),No data,41477.75115255235,J,Harbor area,52283.63742305649,0.0,,,1.8185856013488007,21547.649846386514,294,20221663,681.7293069137479,14.76,0.463,0.016874890001346746,
295,237,55,47.305672,-2.0883,165,0.0994981003280412,0.5606634055502338,0.2794897737075363,0.0323393436528054,0.9931478371666188,0.0633252972664571,0.997592402138734,1,POINT (-2.0883 47.305672),No data,98.33814089000225,Y,"Artificial shoreline (walk, dike, quay) without beach",123.08788979065035,0.0,,,,2719.474055549403,295,20447150,2719.474055549403,9.18,0.148,0.037107747800394504,
296,238,550,56.524601,8.1152,61,0.1837834024051383,1.0110470485196976,0.4137486384275509,0.088204533321392,0.6963331813060971,0.1662577194821435,0.980090244324484,4,POINT (8.1152 56.524601),No data,30.0682850269275,X,Heterogeneous beach,258.32005828512087,1.5147569444444444,549.7738966693228,19.474285780196542,13.353231743432666,4052.099035633266,296,20223912,3495.8884861428496,13.86,0.328,0.056149742769801544,
297,239,551,56.7075,8.2089996,61,0.5535304967235652,0.8540227124486006,0.2730549437903061,0.0788497185863098,0.8139207182195851,0.1379295746714743,0.9909515677696912,6,POINT (8.2089996 56.7075),No data,60.563599337245606,F,"Beach that is part of extensive non-cohesive sedimentary systems (barrier, spit, tombolo)",57.89486698427,2.1106770833333335,31820.908916266562,7.832852746208132,8.397978758676818,8128.435003277023,297,20219064,8128.435003277023,12.36,0.291,0.027980383104450463,
298,240,553,57.89525,-5.158056,309,0.1684888404009887,0.5274312020520368,0.3164436148106284,0.0924942903068246,0.0094471126348738,0.1808908184387063,0.9546436553003838,1,POINT (-5.158056 57.89525),Lower,0.47180392406880856,B,"Erodible rock and/or cliff, with rock waste and sediments (sand or pebbles) at its base",120.18540422474277,0.2823350694444444,9.924204380864644,3.264734580845975,37.04097529039105,697.2952884293877,298,20199473,696.3576575312102,46.65,4.715,1.0269835407830572,
299,241,554,57.8955,-5.1567998,208,-0.0250602775338936,0.5018641990627155,0.196610905865479,0.0395546763735258,0.8877912643074448,0.0758753311658617,0.9980774184935712,3,POINT (-5.1567998 57.895500000000006),Lower,63.51120860007405,B,"Erodible rock and/or cliff, with rock waste and sediments (sand or pebbles) at its base",192.3544505445328,0.2823350694444444,9.924204380864644,3.264734580845975,37.04097529039105,754.9325632967543,299,20199473,748.8027220420652,46.65,4.715,0.9932543059039816,
300,242,559,57.150002,-2.0833299,208,0.077423058851652,0.4408511671267824,0.1908685068482166,0.0349587268181683,0.953431437423169,0.0697268733598188,0.9968591291700818,3,POINT (-2.0833298999999994 57.15000199999999),Lower,723.9756350206214,E,Sand beach fronting upland (> 1 Km long),366.19897586591355,1.2059461805555556,203.9654681428123,100.87831225107281,71.6140887162567,669.9085847377944,300,20212242,662.733129019495,10.13,44.092,2.28078643817254,
301,243,56,47.5429,-2.8954,133,0.095433751252309,0.37858854634793,0.1916791877966788,0.0654290827793417,0.5961308093974068,0.1196286386011004,0.9856397240153824,3,POINT (-2.8953999999999995 47.5429),Intermediate,22.24968784965094,J,Harbor area,19.860109899430764,0.0,,,81.66076874531491,7509.751928634196,301,20438489,7509.751928634196,11.14,0.22,0.023367409167613706,
302,244,565,58.207722,-6.388889,274,-0.0032601827095888,0.4558888169112583,0.1984469994576423,0.0375169777694758,0.8211739298028451,0.0729553791993038,0.995967853262624,3,POINT (-6.388888999999999 58.20772199999998),Lower,2.1297644912265237,J,Harbor area,169.00353676054712,1.2947048611111112,226.92586316391657,8.668512679322788,34.35866376578007,169.701814371527,302,20194585,40.70293615298309,10.51,0.348,0.2552975540170589,
303,245,566,58.456694,-5.050222,192,-0.30379325711734,0.3962839714415936,0.2902425450167573,0.0782174627936621,0.1809451145465819,0.1412969707248869,0.9886163327899056,1,POINT (-5.050222 58.456693999999985),Lower,1.1287484540084765,A,"Erosion-resistant rock and/or cliff, without loose eroded material in the fronting sea",84.12593835007652,0.5886501736111112,1551.4613782954525,47.073306998122476,39.47076063149313,789.0240293712264,303,20190194,514.5414598706734,5.28,3.652,0.8592937957242718,
304,246,567,58.216702,-6.3833299,205,0.0976411330175145,0.4313090900758696,0.1567883277600171,0.0302403005107545,0.9892191014039736,0.0596531541419711,0.9984984753688556,3,POINT (-6.3833299 58.216702000000005),Lower,1124.9387937829815,G,"Muddy coastline, including tidal flat, salt marsh",1466.664464782861,1.2556423611111112,258.9855644425052,8.445317691526053,34.38569797685958,1226.481750077827,304,20194585,435.954465120662,10.51,0.348,0.13412282051174607,
305,247,568,58.457199,-5.0496001,190,-0.0342658281811667,0.4945067399822576,0.2389547344615215,0.0331344955966524,0.9807960928756936,0.0644141296863955,0.9978450237082376,1,POINT (-5.049600099999999 58.45719900000001),Lower,39.800050701705594,A,"Erosion-resistant rock and/or cliff, without loose eroded material in the fronting sea",196.50359001750982,0.5808376736111112,1551.4613782954525,47.073306998122476,39.47076063149313,853.7991324514442,305,20190194,570.9041414732532,5.28,3.652,0.8292685123913218,
306,248,57,47.873798,-3.9075999,154,0.0870209814593061,0.3499695697707664,0.1540750052033337,0.0561228123359206,0.6955812201086007,0.1019180703430047,0.9936233305953002,3,POINT (-3.9075999 47.873798),Intermediate,29.52470424455422,A,"Erosion-resistant rock and/or cliff, without loose eroded material in the fronting sea",1058.0915766623862,0.0,,,284.20125572640353,764.5733108192733,306,20429930,120.42931287547214,9.21,1.515,0.5226605184065881,
307,248,57,47.873798,-3.9075999,154,0.0870209814593061,0.3499695697707664,0.1540750052033337,0.0561228123359206,0.6955812201086007,0.1019180703430047,0.9936233305953002,3,POINT (-3.9075999 47.873798),Intermediate,29.52470424455422,A,"Erosion-resistant rock and/or cliff, without loose eroded material in the fronting sea",1058.0915766623862,0.0,,,284.20125572640353,764.5733108192733,307,20429930,120.42931287547214,9.21,1.515,0.5226605184065881,
308,248,57,47.873798,-3.9075999,154,0.0870209814593061,0.3499695697707664,0.1540750052033337,0.0561228123359206,0.6955812201086007,0.1019180703430047,0.9936233305953002,3,POINT (-3.9075999 47.873798),Intermediate,29.52470424455422,J,Harbor area,1058.0915766623862,0.0,,,284.20125572640353,764.5733108192733,308,20429930,120.42931287547214,9.21,1.515,0.5226605184065881,
309,248,57,47.873798,-3.9075999,154,0.0870209814593061,0.3499695697707664,0.1540750052033337,0.0561228123359206,0.6955812201086007,0.1019180703430047,0.9936233305953002,3,POINT (-3.9075999 47.873798),Intermediate,29.52470424455422,J,Harbor area,1058.0915766623862,0.0,,,284.20125572640353,764.5733108192733,309,20429930,120.42931287547214,9.21,1.515,0.5226605184065881,
310,249,570,58.0,7.567,444,0.0307164388111265,0.3744397372195768,0.1352986489831033,0.0402141329633343,0.4575147315565753,0.0759111640178847,0.9956694612830218,3,POINT (7.566999999999999 58.00000000000001),Lower,1655.1370076318146,A,"Erosion-resistant rock and/or cliff, without loose eroded material in the fronting sea",5039.960052386335,0.8816189236111112,580.048723642204,0.1831269840021811,2.6449770167145505,4558.23019010566,310,20197462,3254.53747847926,6.48,0.294,0.04637055213529902,
311,250,571,58.440972,-3.086389,351,-0.2477935570006997,0.4184676159290793,0.188726869599323,0.0423487073595327,0.5406931164966664,0.0823880173548818,0.99565173467445,3,POINT (-3.086389 58.440972),Lower,17.663105837069452,J,Harbor area,18.625196294123686,1.6282552083333333,218.86446000941487,118.84612601363801,139.1931918236873,432.65994010441494,311,20190287,309.82296589175024,3.48,6.331,1.3904987956634258,
312,251,572,58.974339,5.730121,443,0.0648670634984281,0.3450228949288086,0.1308620523026952,0.0196180683631772,0.994442770100994,0.0383980229715353,0.999169979065326,3,POINT (5.730121 58.97433899999999),No data,12.829614716582,A,"Erosion-resistant rock and/or cliff, without loose eroded material in the fronting sea",1113.1581112896315,1.3381076388888888,585.344667810466,1.0931592688427547,2.6627836339867037,236.24199965720888,312,20181408,236.24199965720888,3.1,0.126,0.09599376904193749,
313,252,573,58.006377,7.554759,449,0.0254276185744986,0.3677136216541191,0.1348477252182829,0.0343160700783201,0.6527209078324778,0.0682012281249449,0.9962864188184976,3,POINT (7.554759000000001 58.00637700000001),Lower,19.535330157625097,A,"Erosion-resistant rock and/or cliff, without loose eroded material in the fronting sea",6379.687926011172,0.8731553819444444,587.308245789191,0.19293415183658305,2.5939492861001687,4970.746666074209,313,20197462,2576.4548045916918,6.48,0.294,0.043166829414276825,
314,253,574,58.995212,9.856379,290,0.0130734567130939,0.4449744540742912,0.1852743712371398,0.0366617246237851,0.8166551164756227,0.0687033986016654,0.996799661146336,3,POINT (9.856378999999999 58.995212),Lower,44.73034754395485,A,"Erosion-resistant rock and/or cliff, without loose eroded material in the fronting sea",1823.2997662828802,1.1920572916666667,290.7187834404056,2.040312654224421e-05,0.025557537206918706,1759.133980738586,314,20180626,1759.133980738586,13.04,0.291,0.09257147725294392,
315,254,575,58.974339,5.7301211,444,0.1468624906991481,0.3453805370755979,0.1231401159985343,0.0427120585685257,0.3820241535531328,0.0725766853537606,0.9971880168921547,3,POINT (5.7301211 58.97433899999999),No data,12.829614716582,A,"Erosion-resistant rock and/or cliff, without loose eroded material in the fronting sea",1113.1602313659387,1.3381076388888888,585.344667810466,1.0931592688427547,2.6627836339867037,236.24627920325224,315,20181408,236.24627920325224,3.1,0.126,0.09599343673779923,
316,255,576,58.006378,7.554759,449,1.3345491040849784,0.1434282263295413,0.6440404839125495,0.38479529090268,2.5240894913325587e-60,0.5188751604169937,0.5738589877122497,6,POINT (7.554759000000001 58.006378),Lower,19.745436359094995,A,"Erosion-resistant rock and/or cliff, without loose eroded material in the fronting sea",6379.898032212642,0.8731553819444444,587.308245789191,0.19293415183658305,2.5939492861001687,4970.715660857398,316,20197462,2576.345353008402,6.48,0.294,0.04316705357449163,
317,256,577,58.995213,9.8563786,290,0.4284457916946064,0.4576578666227192,0.1622428727769143,0.0541788093758813,0.3497005233411806,0.0981122507229011,0.9906227543576148,6,POINT (9.856378599999998 58.995213),Lower,44.51423922739923,A,"Erosion-resistant rock and/or cliff, without loose eroded material in the fronting sea",1823.2552384864866,1.1920572916666667,290.7187834404056,2.040312654224421e-05,0.025557768245120197,1759.020778101363,317,20180626,1759.020778101363,13.04,0.291,0.09257527546114874,
318,257,578,58.4333,-3.0833299,210,0.0704954563842905,0.4218244778130762,0.2055174493457399,0.0450517998763854,0.7701233592929556,0.0879690747261291,0.9963778832410431,3,POINT (-3.0833298999999994 58.4333),Lower,846.6569368383025,A,"Erosion-resistant rock and/or cliff, without loose eroded material in the fronting sea",463.7958534411005,1.6739366319444444,214.14698457239794,116.13546033632652,138.60738266553912,1172.5106003531112,318,20190287,1165.3217223926624,3.48,6.331,0.9169630385171124,
319,258,58,47.88092,-4.1159801,110,-0.0615230258996873,0.3814980128475571,0.1700739060368861,0.0360789897431345,0.9978521978202192,0.0713890986038039,0.997301249940979,3,POINT (-4.1159801 47.88091999999999),Lower,15.50345015226805,H,Estuary,1577.8260340162092,0.0,,,289.6925181778277,898.4238521842034,319,20429795,206.7540773779382,4.89,21.849,1.6481606246639693,
320,259,59,48.588699,-3.8382599,110,-0.0680839001784846,0.6468159375686859,0.3066941407653515,0.065097997472718,0.7147419656708291,0.1231742004689684,0.9908412005089364,1,POINT (-3.8382598999999997 48.588699),Intermediate,3343.829988871148,H,Estuary,5328.993511009676,0.15125868055555555,6945.629021139706,34.65923173949712,265.5130738065589,4043.0666525604893,320,20409422,26.887656554702986,11.78,4.69,0.34477241805842623,
321,259,59,48.588699,-3.8382599,110,-0.0680839001784846,0.6468159375686859,0.3066941407653515,0.065097997472718,0.7147419656708291,0.1231742004689684,0.9908412005089364,1,POINT (-3.8382598999999997 48.588699),Intermediate,3343.829988871148,H,Estuary,5328.993511009676,0.15125868055555555,6945.629021139706,34.65923173949712,265.5130738065589,4043.0666525604893,321,20409422,26.887656554702986,11.78,4.69,0.34477241805842623,
322,259,59,48.588699,-3.8382599,110,-0.0680839001784846,0.6468159375686859,0.3066941407653515,0.065097997472718,0.7147419656708291,0.1231742004689684,0.9908412005089364,1,POINT (-3.8382598999999997 48.588699),Intermediate,3343.829988871148,G,"Muddy coastline, including tidal flat, salt marsh",5328.993511009676,0.15125868055555555,6945.629021139706,34.65923173949712,265.5130738065589,4043.0666525604893,322,20409422,26.887656554702986,11.78,4.69,0.34477241805842623,
323,259,59,48.588699,-3.8382599,110,-0.0680839001784846,0.6468159375686859,0.3066941407653515,0.065097997472718,0.7147419656708291,0.1231742004689684,0.9908412005089364,1,POINT (-3.8382598999999997 48.588699),Intermediate,3343.829988871148,G,"Muddy coastline, including tidal flat, salt marsh",5328.993511009676,0.15125868055555555,6945.629021139706,34.65923173949712,265.5130738065589,4043.0666525604893,323,20409422,26.887656554702986,11.78,4.69,0.34477241805842623,
324,260,6,47.644274,-3.445852,310,0.0222367556280456,0.341666759163504,0.1451753463656188,0.0423879320831758,0.6178280632498061,0.0663350255351967,0.9972050985425052,3,POINT (-3.445852 47.644274),Lower,8391.814971629055,J,Harbor area,18.069943750725606,0.0,,,61.72994801734013,10803.50761700317,324,20433978,10311.51005284054,,,,
325,261,60,46.007359,-1.17434,95,0.0140130457428286,0.6239359094167187,0.1692720448458516,0.0814314823853369,0.5276992560145085,0.1274964967975964,0.9931112903276382,3,POINT (-1.17434 46.007358999999994),No data,5125.870166962993,B,"Erodible rock and/or cliff, with rock waste and sediments (sand or pebbles) at its base",43.15645972790801,,,,,7931.394007692169,325,20481847,7931.394007692169,32.69,0.526,0.047321834578682755,
326,262,61,45.453671,-0.92304999,74,-0.1220115772898945,0.4549974336367234,0.1546464053756722,0.0574881398958017,0.9555876303698316,0.0931786178426033,0.995022234270766,3,POINT (-0.92304999 45.45367099999999),No data,2261.230268944238,G,"Muddy coastline, including tidal flat, salt marsh",2621.5750927788345,,,,,3436.890672387294,326,20495631,3436.890672387294,33.17,3.353,0.3315081119279375,
327,263,65,45.335571,-0.79517001,66,-0.034658362304044,0.5063756271330087,0.1542042143944316,0.0847394851229824,0.6983450751958888,0.1489943726492029,0.9895420690448,3,POINT (-0.79517001 45.335570999999995),No data,173.07741695991282,G,"Muddy coastline, including tidal flat, salt marsh",424.7561424599916,,,,,493.6789001274995,327,20496688,493.6789001274995,17.36,0.288,0.1694411161724852,
328,264,7,48.359098,-4.78075,321,-0.009059575044793,0.3557142960761907,0.1369600519808093,0.0429943497378513,0.5779889986224946,0.0804922351490801,0.9968022643022204,3,POINT (-4.780749999999999 48.359097999999996),Lower,18.642777066979292,J,Harbor area,6.473677114230776,1.8920355902777777,1611.6921218191399,722.4761307179552,216.95561803345956,1074.38238611267,328,20415551,1074.250884213796,1.85,0.628,0.2349384978736426,
329,265,70,45.040482,-0.60351998,60,-0.2092650239857255,0.6317857756117794,0.1692994328944084,0.0526309193423408,0.9933036677128212,0.100928678462453,0.9956061276151004,3,POINT (-0.60351998 45.040482),No data,26.964939560035845,H,Estuary,15327.858918601565,,,,,3433.237952895338,329,20503671,3372.4284093724505,10.47,0.159,0.033284375482893126,
330,265,70,45.040482,-0.60351998,60,-0.2092650239857255,0.6317857756117794,0.1692994328944084,0.0526309193423408,0.9933036677128212,0.100928678462453,0.9956061276151004,3,POINT (-0.60351998 45.040482),No data,26.964939560035845,H,Estuary,15327.858918601565,,,,,3433.237952895338,330,20503671,3372.4284093724505,10.47,0.159,0.033284375482893126,
331,265,70,45.040482,-0.60351998,60,-0.2092650239857255,0.6317857756117794,0.1692994328944084,0.0526309193423408,0.9933036677128212,0.100928678462453,0.9956061276151004,3,POINT (-0.60351998 45.040482),No data,26.964939560035845,B,"Erodible rock and/or cliff, with rock waste and sediments (sand or pebbles) at its base",15327.858918601565,,,,,3433.237952895338,331,20503671,3372.4284093724505,10.47,0.159,0.033284375482893126,
332,265,70,45.040482,-0.60351998,60,-0.2092650239857255,0.6317857756117794,0.1692994328944084,0.0526309193423408,0.9933036677128212,0.100928678462453,0.9956061276151004,3,POINT (-0.60351998 45.040482),No data,26.964939560035845,B,"Erodible rock and/or cliff, with rock waste and sediments (sand or pebbles) at its base",15327.858918601565,,,,,3433.237952895338,332,20503671,3372.4284093724505,10.47,0.159,0.033284375482893126,
333,266,8,48.718426,-3.965679,307,0.0094402762863205,0.3787990745478524,0.1327527255065571,0.0553754170634989,0.2924037627811994,0.0928872610760896,0.9955069025846024,3,POINT (-3.965679 48.718425999999994),Higher,60.06060939654708,J,Harbor area,139.43537966031212,1.5313585069444444,1441.782855593699,292.419599582784,236.41139445166044,4148.473380490483,333,20406625,4148.473380490483,5.67,0.148,0.026808200218428408,
334,267,84,49.917833,-6.317139,181,-0.1507859548065575,0.3223828924237314,0.1362791287754858,0.1017594933405547,0.0438305082653998,0.1660886526123805,0.9785014934015622,3,POINT (-6.317139 49.917832999999995),Lower,71592.02900989198,J,Harbor area,5.569933488867177,2.6527777777777777,258.0820114472896,118.26706832160023,84.82037236504438,49238.906356932006,334,20370761,49238.906356932006,,,,
335,268,85,49.9179,-6.3155999,174,-0.0490551611908031,0.2912942417307959,0.1183642720232038,0.0580252874245391,0.580883306195892,0.1082457941070514,0.9914862775442822,3,POINT (-6.3155999 49.9179),Lower,71427.52242341335,J,Harbor area,155.98639313368844,2.646484375,252.25762962705443,118.48454236400023,84.86911781567491,49137.66888437512,335,20370761,49137.66888437512,,,,
336,269,87,49.183333,-2.116667,194,-0.0929489865426146,0.4979055674308021,0.1708064191100823,0.0411513337298858,0.8840168625907293,0.0782565187729029,0.9970536941519488,3,POINT (-2.116667 49.183333),No data,5.484820159152151,A,"Erosion-resistant rock and/or cliff, without loose eroded material in the fronting sea",46970.08980799005,1.9976128472222223,412.86376561712757,976.305137931703,661.7216662342763,277.70731470067045,336,20393621,232.1419696386359,16.41,0.233,0.163926599379538,
337,270,88,49.92917,1.08449,354,0.1343559567918704,0.6488648096843634,0.2490569740467197,0.0334232910123953,0.8111790202320909,0.0609831634735576,0.9977795396918148,1,POINT (1.0844899999999997 49.92916999999999),No data,0.34161382075399155,J,Harbor area,33.13759849387118,1.0648871527777777,204.37951940664243,253.6105348040833,301.4696321912383,328.3825983778308,337,20375894,69.88328623696911,19.08,20.818,2.3206682350616483,
338,271,89,49.481892,0.10598,334,-0.0711805304650367,0.6062541812347171,0.217684784605481,0.0496639684828613,0.370155568501976,0.0821370828144215,0.9945788975926456,1,POINT (0.10598 49.481891999999995),No data,2.360418488010962,J,Harbor area,204.3968419420172,1.5391710069444444,564.5050711836905,262.21909385956513,371.46557464760014,1338.9861784500042,338,20386136,1338.9861784500042,5.72,0.107,0.04346056372208537,
339,272,9,46.15850067,-1.22064996,243,0.0003948132627021,0.4469134729597647,0.1980282293926197,0.0658883610917571,0.2316996850581447,0.1019167019169949,0.9938316748693072,3,POINT (-1.22064996 46.158500669999995),No data,13.296084702014923,J,Harbor area,23.353616779074322,,,,,4659.111597874383,339,20476675,4659.111597874383,16.05,0.254,0.03999540249838936,
340,273,90,49.651447,-1.635508,307,0.041402272819607,0.4215770906015531,0.1563935097396152,0.0465282783562631,0.5047376464347701,0.092433966603766,0.9944184306424656,3,POINT (-1.635508 49.65144699999999),No data,3.9177781651066774,J,Harbor area,17.91138891760968,1.0596788194444444,329.9817155397999,448.26977123928384,695.2050420017438,1271.6425693644949,340,20383524,1271.6425693644949,39.79,1.995,0.48288592039388906,
341,274,93,49.93,1.085,354,0.134216381032266,0.6487006126137322,0.2490044780711634,0.0329526942680589,0.8243306593830997,0.0603429389668669,0.997793555763225,1,POINT (1.0849999999999997 49.92999999999999),No data,8.352524035038412,J,Harbor area,24.7396036557342,1.0768229166666667,202.4565985316427,253.78238540527235,301.6647469729758,303.07614926490265,341,20375894,150.61689338499914,19.08,20.818,2.3657368771603515,
342,275,94,49.481602,0.1056,334,-0.0709283923549147,0.6064042495991732,0.2177170468557664,0.0499443662436549,0.3633716254640252,0.0824403997704377,0.994576297839448,1,POINT (0.1056 49.481601999999995),No data,34.661772491240725,J,Harbor area,218.2138914936458,1.5391710069444444,564.851030902047,261.20987542041496,371.91622025829435,1351.8234479713456,342,20386136,1351.8234479713456,5.72,0.107,0.043223337168990544,
343,276,95,49.651299,-1.6355,307,0.0415879079518611,0.42174013036457,0.1563745824924136,0.04691962773088,0.4939544049275073,0.0928655825132709,0.9944056862588356,3,POINT (-1.6354999999999997 49.651298999999995),No data,3.0272222390445793,J,Harbor area,24.67393971400499,1.0596788194444444,329.9817155397999,448.26977123928384,695.2050420017438,1266.0450496797544,343,20383524,1266.0450496797544,39.79,1.995,0.4840787313864467,
344,277,97,49.1833,-2.1166999,194,0.0014276876215702,0.5009139349208775,0.1671521921252768,0.0474780128931857,0.7559013560720662,0.0832919155704922,0.995879307688356,3,POINT (-2.1166998999999995 49.18329999999999),No data,0.04497306925049821,A,"Erosion-resistant rock and/or cliff, without loose eroded material in the fronting sea",46976.608387138964,1.9976128472222223,412.73709374978245,975.8072029227641,661.7207710427206,279.5023400982557,344,20393621,235.81833938842567,16.41,0.233,0.16369662527163328,
345,278,99,49.48378,0.11458,70,-0.1493531811260421,0.6080163816192541,0.2227871950512886,0.0490961232099477,0.9929286712048376,0.0792406536661784,0.9966795324129778,1,POINT (0.11458 49.48378),No data,5.012716677728664,J,Harbor area,38.89361225780066,1.4598524305555556,598.4849021911621,274.403321233289,370.32181304228953,960.3976972197246,345,20386136,913.3342160560617,5.72,0.107,0.05185358970670626,
