,wind_wave_alignment_annmaxmax,bathy_0.1x0.1_PC10,bathy_1x1_PC7,bathy_1x1_PC9,bathy_0.25x0.25_PC9,bathy_1x1_PC10,coastal_vs_bay_diff_deg,wind_wave_alignment_mean,bathy_0.1x0.1_PC6,wind_to_mean_deg,bathy_0.1x0.1_PC7,bathy_0.1x0.1_PC8,wind_wave_alignment_std,wind_wave_alignment_q95,bathy_0.1x0.1_PC9,bathy_0.25x0.25_PC7,coastal_bearing_deg,bathy_0.1x0.1_PC4,bay_bearing_deg,wind_wave_alignment_q99,wind_wave_alignment_annmaxmean,bathy_1x1_PC6,bathy_1x1_PC3,bathy_0.1x0.1_PC2,bathy_1x1_PC4,wind_vs_bay_normal_diff_deg,bathy_1x1_PC2,bathy_0.25x0.25_PC10,bathy_0.25x0.25_PC4,bathy_0.25x0.25_PC2,coastal_normal1_deg,wind_vs_coastal_normal_diff_deg,coastal_normal2_deg,bay_normal1_deg,bay_normal2_deg,bathy_0.25x0.25_PC5,bathy_0.25x0.25_PC6,wind_wave_diff_annmaxmax,tp_annmaxmax,t2m_annmaxmax,msl_std,sp_std,bathy_1x1_PC8,bathy_0.25x0.25_PC8,v10_std,tide_mean,bathy_0.1x0.1_PC1,wind_more_bayshore_deg,bathy_0.1x0.1_PC3,tide_std,bathy_0.25x0.25_PC3,bathy_1x1_PC1,wind_more_coastalshore_deg,bathy_1x1_PC5,wind_wave_diff_annmaxmean,msl_annmaxmax,sst_annmaxmean,sst_annmaxmax,sp_annmaxmax,bathy_0.25x0.25_PC1,bathy_0.1x0.1_PC5,lon_y,wind_wave_diff_q99,tide_annmaxmean,tide_q95,sst_q99,d2m_annmaxmax,wind_wave_diff_q95,u10_abs_annmaxmax,u10_annmaxmax,residual_std,mwd_annmaxmax,tide_q99,sst_q95,v10_abs_annmaxmax,mwp_std,tide_annmaxmax,mwd_std,t2m_q99,residual_annmaxmax,wind_dir_mean,mwp_annmaxmax,wind_dir_annmaxmax,mwp_q99,msl_q99,mwp_q95,sp_q99,sp_q95,t2m_annmaxmean,tau_u_annmaxmax,v10_annmaxmax,lat_y,msl_q95,t2m_q95,d2m_q99,mwp_annmaxmean,residual_q99,swh_annmaxmax,swh_std,u10_abs_std,residual_q95,station
0,,-12.638224,-11.543046,-2.4120872,-10.876427,2.8603318,0.0161208576227238,,24.544355,287.8116,-3.7020433,19.985455,,,16.206364,-3.3814268,237.672610261604,15.908406,237.68873111922673,,,66.21081,12.901158,-34.5108,52.084206,-39.877116128992384,-84.34184,-7.9918423,-0.5876728,-7.228154,327.672610261604,-39.86099527136963,147.672610261604,327.68873111922676,147.68873111922673,-6.071492,-4.202207,,0.0045437813,297.9201,1175.2799,1173.4281,-5.047275,2.0423844,6.3506145,-0.3323069801181359,-7.736839,50.122883871007645,18.823792,1.4742391871136888,-11.794134,-29.556892,50.13900472863037,-21.28983,,103507.44,288.45468,290.26782,103259.17,11.975167,0.37962347,-4.5,,1.5809360316046348,2.200424919634162,290.051240234375,290.46896,,21.299103,21.299103,0.19363213,,2.6866116057837837,288.844384765625,20.684235,,3.2399897230085344,,291.7736895751953,1.4587858,107.81162,,359.77692,,102026.00375,,101790.3265625,101151.27109375,289.73883,6.1728888,20.684235,48.383,101388.3875,290.3882690429688,289.9234558105469,,1.0492895293235778,,,4.843082,0.838006144762039,1
1,,-13.462965,-11.437042,-2.2524366,-11.105208,2.6718974,3.422661868969783,,23.730606,285.32278,-0.94889444,22.846222,,,17.391901,-3.3778563,237.67351606888667,16.522892,241.09617793785645,,,66.008415,13.210579,-31.29217,51.90839,-45.77339351402833,-83.55777,-6.6491604,-1.2242099,-7.601234,327.67351606888667,-42.350731645058545,147.67351606888667,331.09617793785645,151.09617793785645,-5.4701324,-4.732731,,0.0045437813,292.459,1171.4858,1169.6245,-5.2732816,2.406026,6.2798734,-0.3362679602025297,-6.485706,44.22660648597167,24.048542,1.457301559064316,-11.945172,-29.108143,47.649268354941455,-21.57618,,103507.44,288.4872,290.26782,103259.17,12.227334,-4.6160293,-4.49503994,,1.5676506754095425,2.152923588665229,289.83083496093747,290.43558,,21.299103,21.299103,0.19449042,,2.6394844062611873,288.849560546875,20.684235,,3.243174787778948,,291.72938537597656,1.4538819,105.32279,,359.83902,,101977.47,,101742.11953125,101093.9296875,289.66092,6.1728888,20.684235,48.38290024,101332.91875,290.4849853515625,290.01824340820315,,1.0506160902976989,,,4.8621473,0.8367992758750914,2
2,,11.6801815,1.9336302,2.788148,22.45758,-10.959975,0.0161205914724575,,-4.722931,286.94376,-10.179161,-9.723801,,,-12.047857,-10.176153,237.67262524279437,-12.721681,237.68874583426685,,,8.553364,17.570988,40.248085,-0.044347268,-40.74498973075117,-6.214519,-16.710047,-10.425341,13.345201,327.67262524279437,-40.72886913927874,147.67262524279437,327.6887458342668,147.68874583426685,5.4583406,0.70081294,,0.0045437813,292.61322,1196.4369,1194.3428,4.26183,8.051715,6.277372,-0.3552503922333602,33.85623,49.2550102692488,-12.41224,1.4584674983562858,19.872843,28.937555,49.27113086072126,7.656049,,103507.44,288.49432,290.26782,103259.17,47.772427,10.448724,-2.20155,,1.5638888649906368,2.145604734054456,289.5523828125,290.6476,,21.299103,21.299103,0.20549093,,2.6533310512798587,288.87021484375,20.684235,,3.2412072121315725,,291.7319641113281,1.453062,106.94376,,359.77692,,102034.3775,,101798.525,101156.415625,289.68924,5.3890977,20.684235,47.266862,101393.175,290.48638916015625,290.1204467773438,,1.1958274602890024,,,4.8245826,0.8451950430870055,3
3,0.99997133,10.712302,-2.3762689,-2.529119,7.3787436,-7.668228,0.0938656317439097,-0.018945914,-18.337221,324.8544,-7.9463816,-13.205403,0.7097621,0.9826715916395188,-1.4247594,-0.7238892,237.90055861903517,-5.9523344,237.99442425077908,0.9995660275220872,0.78094524,11.401572,17.684584,-19.588943,-7.7326636,-3.1400236160134227,0.8887471,2.0935018,-17.686237,17.011131,327.90055861903517,-3.0461579842695414,147.90055861903517,327.99442425077905,147.99442425077908,-20.232634,-11.622146,258.16098,0.006872177,296.89233,1123.387,1123.1482,-3.3511078,10.984806,5.8449845,-0.5194574485579807,58.53026,86.85997638398658,13.103577,1.3245895037983015,-4.305372,35.62605,86.95384201573046,9.45989,201.81592,102648.31,290.50067,292.2339,102602.61,59.665924,-25.805662,-2.24635,236.14511962890623,1.0818255611698728,1.693965804469929,291.8171240234375,290.39304,209.89118652343748,18.42514,18.42514,0.2835754,349.71237,2.148631555227502,291.00115966796875,17.26149,1.4946381,2.3798854890027723,59.69433,292.6794799804687,1.8105942,144.8544,12.430728,359.5308,10.515367441177368,102073.278125,8.134735441207885,102027.306875,101226.3578125,290.15753,3.5550292,17.26149,47.140383,101272.13125,291.12182159423827,289.73004150390625,7.421133,1.480672310590744,3.4159756,0.65881574,3.9948316,1.15076265335083,4
4,0.999954,18.541527,-9.173664,-14.75579,10.560798,42.099953,0.5817810403423778,-0.047405113,-19.102081,341.98077,-10.349342,42.978275,0.7103789,0.9544855892658232,2.2905886,-12.096092,358.5480521448369,-12.368001,357.9662711044945,0.9982327270507814,0.71474785,-21.12348,-22.930252,39.680565,7.033666,74.01450282128673,7.0073166,-4.563287,-29.184378,14.020638,88.5480521448369,73.43272178094435,268.5480521448369,87.96627110449452,267.9662711044945,19.855198,5.659926,290.2504,0.0068278313,294.49103,1209.4318,1209.1418,-13.038682,6.350632,5.4948735,-0.2749201934048391,-83.05153,-15.985497178713274,36.334652,1.1942909425552408,-43.9503,-29.840017,-16.567278219055652,-0.67782223,189.02953,102951.125,289.95456,291.7959,102903.58,-31.556437,5.000475,-3.445852,246.58274322509777,1.0882469993791426,1.6754571052990146,291.4773046875,290.30237,209.40825805664065,21.842987,21.842987,0.23341231,349.71237,2.093592938663704,290.9861328125,17.875671,1.5070345,2.4832396529835856,63.30902,292.60904418945313,1.4832124,161.98079,12.203787,359.48685,10.030884094238283,102548.3175,8.405202579498287,102503.205625,101700.27734375,289.9281,3.7261934,17.875671,47.644274,101745.15625,290.8503112792969,289.79805725097657,7.3938446,1.1043058443069464,3.627385,0.67394197,3.9812658,0.9504629492759704,5
5,0.9999958,-0.21826535,-11.132673,-18.350632,-6.012707,34.65909,9.521191967951552,-0.038964447,-0.7004433,290.58502,-19.22879,13.01787,0.70437527,0.98713960647583,-2.6466413,11.48706,271.7314221040323,-10.7261915,281.2526140719838,0.999610071182251,0.73320764,53.64675,-29.63742,5.336454,62.53958,-80.66759209932758,-122.46136,3.2835863,21.62152,-9.740863,1.7314221040322764,-71.14640013137603,181.73142210403228,11.252614071983828,191.25261407198383,3.4647212,12.09055,277.53287,0.009082794,293.2597,1170.3413,1169.8994,-11.464773,-8.702551,6.769821,-0.1944654455814205,-16.029087,9.332407900672422,6.6803055,1.04558379779488,1.1831826,-70.850655,18.853599868623977,2.0153384,203.59277,102658.19,289.36295,291.1714,102588.27,-8.826744,3.8242595,-4.78075,237.85122070312505,1.0395224546291093,1.5694918581369457,290.66432373046877,291.2863,217.5858795166016,26.36583,26.36583,0.17981079,353.0394,2.0330060169060657,290.05089111328124,19.803558,1.8106682,2.263763170059026,38.6879,291.83860260009766,1.2808826,110.58501,14.307749,358.90543,12.507515916824348,102037.75375,11.191683912277222,101967.419453125,101292.683203125,289.85858,7.686948,18.554214,48.359098,101361.271875,290.67054443359376,290.0715591430664,10.272684,0.9043604081869128,8.04835,1.5171465,5.2836747,0.7350828528404236,6
6,,2.0373518,42.81796,-19.41518,1.4277426,-10.381301,5.429728159455124,,45.986073,287.70566,76.83642,-50.02722,,,8.988062,18.699728,347.9072213098951,58.137794,342.47749315043995,,,-9.5391035,7.334509,77.18706,8.619673,35.22816480854442,-147.82935,18.214815,88.852165,-188.35416,77.90722130989508,29.798436649089297,257.9072213098951,72.47749315043995,252.47749315043995,15.604543,-23.96007,,0.004072666,293.2882,1172.9807,1172.4052,33.14661,20.186216,6.359625,-0.1682019797306647,-53.931293,-54.77183519145558,33.856934,1.599716234621445,-21.295366,-68.16807,-60.2015633509107,-15.208063,,102383.25,289.0884,290.92554,102303.6,-125.59734,4.486125,-3.965679,,1.6970578456728465,2.415431000254282,290.5779296875,291.10855,,25.628525,25.628525,0.17801617,,2.8694341093669182,289.651611328125,20.24858,,3.3549530027541317,,291.660888671875,1.3519646,107.705666,,359.01233,,101932.8625,,101855.0703125,101115.53125,289.71082,8.923952,20.24858,48.718426,101194.25,290.69171142578125,290.2016662597656,,1.0502802729606642,,,5.2050595,0.7367947697639465,7
7,0.9999762,,,,,,28.321516168441832,0.017507462,,286.8001,,,0.72279394,0.982728999853134,,,193.91009250125492,,165.5885763328131,0.9992707073688508,0.87267184,,,,,31.21153353046816,,,,,283.9100925012549,2.890017362026356,103.91009250125492,255.5885763328131,75.58857633281309,,,278.03827,0.0047135353,293.70663,1151.1494,1149.693,,,5.5435753,-0.7539063559495583,,121.21153353046816,,1.941137782214886,,,92.89001736202636,,220.49303,103516.69,288.95895,289.96045,103302.52,,,-1.22064996,258.9794622802734,1.8994279104615328,2.5601249130761863,289.6310986328125,290.40686,227.995361328125,23.507553,23.507553,0.16714682,355.2127,3.404508921643117,289.262109375,18.794449,2.0279953,3.632107711039155,56.932343,291.9845300292969,1.3402249,106.80011,16.610195,358.29785,13.070929889678954,102079.67375,11.854396533966062,101870.57046875,101082.52890625,290.22116,9.620357,18.794449,46.15850067,101289.14375,290.9748077392578,289.72371765136717,11.096671,0.9576884484291076,9.661693,1.7380592,5.121382,0.7378978013992309,8
8,0.9999998,,,,,,4.32953043561713,-0.008314801,,337.40912,,,0.71434176,0.9831622838974,,,337.81207480958966,,342.1416052452068,0.9995534455776216,0.74708265,,,,,85.26751340713696,,,,,67.81207480958966,89.59704384275409,247.8120748095897,72.14160524520679,252.1416052452068,,,262.52597,0.006214142,296.2394,1204.1306,1202.9658,,,6.0500174,-0.5212948054328804,,-4.73248659286304,,1.2718571615429994,,,-0.4029561572459101,,190.58023,102873.875,290.6799,293.9204,102641.78,,,-1.061555,230.7795126342772,0.9685548956288436,1.6798318422864214,292.8607275390625,292.79346,203.7584854125976,17.975693,17.975693,0.25301605,357.72073,2.0361701075866043,291.5697021484375,16.904022,1.2434196,2.557017516776745,79.62962,294.3461633300781,1.5183618,157.40912,9.758896,358.46628,8.08948511123657,102496.665,6.932838058471678,102264.921875,101381.83125,290.7326,3.2883928,16.904022,45.56848,101610.6625,292.0932861328125,291.54876953125,6.313677,1.2856774044036852,2.414733,0.51191103,3.8231838,1.0376108527183527,9
9,0.9994832,,,,,,9.02138487319172,-0.026923055,,341.3343,,,0.6987231,0.9908595561981202,,,128.1237290590198,,137.14511393221153,0.999175751209259,0.7696333,,,,,-65.81082438143028,,,,,218.1237290590198,-56.78943950823856,38.12372905901981,227.14511393221153,47.14511393221153,,,267.02652,0.004087925,298.09302,1196.9045,1195.6288,,,5.754183,-0.2159566760383346,,-155.81082438143028,,1.1056117135465524,,,-146.78943950823856,,188.91464,103437.56,290.329,293.91064,103193.234,,,-1.793528,229.2901269531249,1.051473356330872,1.4125553749665047,293.012646484375,289.61346,211.9783752441406,17.574356,17.574356,0.27380964,358.24777,1.8246273296640347,291.5392578125,15.601959,1.4865309,1.8604471983037305,83.1913,293.7534130859375,1.5878131,161.3343,10.8062935,359.23276,9.390230484008782,102109.5475,7.80696449279785,101883.588125,101189.284375,289.47195,3.2854993,15.601959,46.497358,101415.9,290.72857666015625,289.4417822265625,6.842887,1.3539250993728635,2.414733,0.48857749,3.9593306,1.021216320991516,10
10,0.99981534,2.6262512,2.2586472,1.1511785,-1.2514853,-16.508856,9.381253367570878,0.033930264,3.9868793,3.6712646,3.344791,5.6597037,0.70804596,0.9895641565322876,4.290377,0.37900695,310.9647072497468,2.4778652,301.58345388217595,0.9995019483566284,0.7967987,0.07630461,11.077445,5.105525,3.1154115,-27.912189233738445,-3.8570964,1.297416,3.170565,0.46382767,40.96470724974682,-37.29344260130932,220.9647072497468,31.583453882175945,211.58345388217597,2.5591428,-2.3967984,237.7739,0.0047950745,296.27737,1088.1882,1087.1248,2.7770393,-1.887761,5.88878,-0.384540210232365,4.502132,62.087810766261555,1.6898092,1.054410262040788,3.167999,15.472133,52.70655739869068,1.0067835,191.4091,102647.69,291.2499,293.56982,102416.37,3.1820967,-0.23852567,-1.8898,229.9548205566406,0.8151249091261568,1.2817806674125016,292.8498046875,292.68628,206.73736877441405,18.190765,18.190765,0.21648124,351.99362,1.732925850202442,291.7953125,15.909256,1.3394707,2.149393176086277,74.19654,294.0578076171875,1.2330122,183.67128,10.391882,359.8354,9.443716506958008,101495.68,7.1945516586303695,101273.8184375,100876.675,290.7607,2.9169288,15.909256,47.277217,101098.9625,291.836181640625,290.54138671875,6.492748,1.0333420562744142,2.4087234,0.50865835,3.1863673,0.8933868646621702,11
11,0.99913,1.5963023,1.6046655,0.17607358,-3.0039656,-11.334735,0.8124664912230628,0.032674555,-0.821473,297.834,0.7447583,-0.48808432,0.7042323,0.9846484184265136,-1.1401132,-0.38924828,301.351192923768,-0.29718044,302.16365941499106,0.9971243858337402,0.82537663,-1.3640914,10.081181,-1.2429689,3.3525698,85.67035547758707,-1.3403964,0.20213304,-0.69137746,-2.7632697,31.351192923767996,86.48282196881013,211.351192923768,32.16365941499106,212.16365941499103,-0.99621886,-3.800787,259.00873,0.0066843033,292.22485,1281.8467,1281.5055,1.819778,-0.83680075,5.34534,-0.9381152039130264,2.397396,-4.329644522412934,-0.093784146,1.5503251135707374,-0.52153933,11.011219,-3.5171780311898715,-0.55971885,211.0722,103681.875,291.0245,292.2417,103637.266,5.7560654,-1.2254047,-1.765133,239.6861193847656,0.966769763756108,1.2735050981317957,292.1196484375,291.0058,218.5348419189453,18.817764,18.817764,0.3657335,358.4304,2.0090718888328083,291.30732421875,17.693192,1.5347434,2.254674600341528,59.220882,291.7687109375,1.9769069,117.834015,12.222712,357.40662,10.530460815429686,102734.985,8.414436149597167,102691.805625,102044.734375,290.16898,2.6487339,17.693192,47.205383,102087.325,290.95368041992185,289.8791357421875,7.86101,1.8593094348907464,3.4159756,0.69116807,4.3941946,1.5336948871612548,12
12,0.99967647,0.24833387,0.44085008,0.21822602,0.7631798,-5.0046167,0.0070840853987306,-0.03324953,0.7400956,318.0384,0.2247985,0.3695575,0.71119606,0.9735474944114684,-0.25050083,-0.54199666,91.90359661818384,-0.51945627,91.8965125327851,0.9977576327323914,0.8140173,-0.9517281,3.6403067,0.42530292,1.7461342,-43.858121419503846,-1.225583,-0.8203054,-0.90897834,-4.788913,181.90359661818383,-43.865205504902576,1.9035966181838264,181.8965125327851,1.8965125327850956,-1.7003318,0.7959473,258.82123,0.005824089,297.03918,1214.6187,1212.2236,0.74240583,-0.78980243,5.8481417,-1.051571963186448,0.3115002,-133.85812141950385,0.3915503,1.3404407093832953,0.41655123,4.609173,-133.86520550490258,1.5259826,201.11395,103481.56,291.11536,293.56982,103247.61,5.680118,-0.5561841,-1.633667,232.4921771240234,0.711695009152945,1.274312794342011,292.48431640625,290.76926,206.69802551269532,18.340225,18.340225,0.47697443,347.33658,2.047045215423139,291.40380859375,16.909988,1.3102499,2.2597509572168044,71.451935,293.1564697265625,1.9996696,138.03838,11.880443,359.7354,8.446120719909667,103089.6025,6.978070259094235,102854.5146875,101726.253125,290.43393,2.1879601,16.909988,47.19345,101957.7375,291.4844543457031,290.27080078125,6.5520043,1.998379249572754,2.461874,0.52553695,4.0382895,1.9505847692489624,13
13,0.9998848,6.5465684,16.077553,13.628989,0.93182236,3.4405835,0.0006026146669455,-0.010787144,-9.53964,303.36826,21.726303,-4.6308537,0.6991094,0.9687867999076843,14.018926,10.388429,8.807094970305343,-1.8527552,8.806492355638397,0.998308928012848,0.8536781,-6.8933225,-18.294497,-0.50031924,13.716386,24.561763259595978,45.865788,14.586068,11.623907,4.1900296,98.80709497030534,24.561160644929032,278.80709497030534,98.8064923556384,278.8064923556384,-7.0712724,1.1347272,299.47165,0.0053954124,296.38513,1343.2299,1340.0802,12.969728,-6.2658978,5.342002,-1.116750108717181,43.479317,-65.43823674040402,-11.292838,1.2574917813459845,0.118720084,25.29908,-65.43883935507097,0.1646119,212.86998,103481.56,291.0068,293.56982,103247.61,9.229347,-11.864661,-2.028103,273.296860961914,0.5224248796695085,1.376793143739326,292.5142724609375,290.4462,227.3731094360351,18.340225,18.340225,0.5354622,339.66824,2.0185113371635857,291.6547119140625,14.7439575,1.4134331,2.0743944777822585,64.513794,293.1641528320312,1.9997692,123.36825,9.764512,359.79227,9.315615234374995,103275.04125,7.8262532234191875,103039.56984375,102377.734375,290.338,2.7869306,14.7439575,48.640812,102610.95,291.3746032714844,289.867666015625,7.1301246,1.9993271207809449,2.461874,0.55554557,4.1956553,1.9950084447860716,14
14,0.99996305,,,,,,12.422281975767303,0.027829938,,277.47964,,,0.7139497,0.9851760417222976,,,345.36987523823115,,357.79215721399845,0.9996184277534484,0.786238,,,,,9.687487561392174,,,,,75.36987523823115,22.10976953715948,255.36987523823117,87.79215721399845,267.79215721399845,,,336.36612,0.0052199364,295.80682,1044.952,1044.7927,,,5.8733077,-1.0091026882103726,,-80.31251243860783,,2.7102115154994535,,,-67.89023046284052,,208.31836,102314.375,290.95135,293.17847,102271.41,,,-1.06148333,246.1736299133295,1.9916983098891048,3.141342718365917,292.78545654296875,291.9464,209.4440124511719,21.012314,21.012314,0.2258757,357.73233,4.378543577508192,291.8560546875,17.803482,1.5956279,5.1567748993653275,48.682293,294.2917980957031,1.4443679,97.47964,10.219365,359.45645,9.83938235282898,102164.149375,8.772061252593991,102121.912265625,101409.07578125,291.25226,6.09633,17.803482,45.56843333,101451.871875,292.60695190429686,291.18280639648435,7.696306,1.1703618943691254,3.94379,0.8933082,5.4844584,1.0900698304176322,15
15,0.9954145,5.8708086,2.5506327,3.0664735,-5.0288324,-14.138982,8.943103421904254,-0.055603262,2.919376,331.16125,-3.4164982,-2.4360893,0.6659433,0.9461651384830476,-9.735405,0.08975248,128.58437869345892,-4.5520716,137.52748211536317,0.9902666753530502,0.6387223,3.7200634,13.574019,3.6384826,2.169748,-76.36622723255067,-6.7845535,-6.5970674,5.4250317,3.2629654,218.58437869345892,-67.42312381064642,38.58437869345891,227.52748211536317,47.52748211536317,7.9773083,-8.797329,251.47583,0.0042710304,296.0023,1100.0592,1099.0221,4.17796,-2.6926904,6.270567,-0.3288728019793569,5.553668,-166.36622723255067,8.913906,1.1842486541002686,7.2948527,23.30002,-157.42312381064642,5.2588735,170.88637,102026.19,289.67062,292.21484,101795.58,17.727592,-1.6579672,-2.0883,240.157751159668,0.9888666000366554,1.7926308978617311,292.02337646484375,290.6093,213.7579971313476,13.353699,13.353699,0.23493323,359.34576,2.020472457619383,291.2194091796875,23.10289,1.7190795,2.2099905090397804,83.98199,293.7944616699219,1.2608229,151.16125,10.1874485,358.39478,10.038508844375611,101913.323125,8.10300097465515,101689.78296875,101246.7890625,289.2259,2.5418663,23.10289,47.305667,101473.290625,291.1470260620117,289.84509521484375,7.1710544,1.1888093030452735,2.7158308,0.49907017,3.4479976,0.9359529286623,16
16,0.9999737,-3.7323503,2.6174777,-0.47395763,-7.8739333,24.505692,0.0064363981545625,-0.06942589,-11.793286,319.4418,9.708268,13.964603,0.69177824,0.9915761828422546,4.659429,9.265157,266.02180936088365,3.4391344,266.0282457590382,0.9999155354499816,0.6385082,10.160391,-4.6265054,21.463713,-7.028146,-36.58644278052259,-7.6473575,1.8649732,13.026644,-5.7813964,356.02180936088365,-36.580006382368026,176.02180936088365,356.0282457590382,176.0282457590382,0.22833773,1.6206037,243.24402,0.0061154366,294.53125,1089.3175,1089.116,-1.1071409,-7.8368807,5.148972,-0.5952612769089973,40.036495,53.41355721947741,1.7750775,1.479228387745244,-1.0779444,22.875597,53.419993617631974,-0.05995613,202.70093,102479.19,289.75668,291.99316,102436.78,39.204475,-10.767368,-2.895167,232.3953137207029,1.1296849971504463,1.8831865109950747,291.745048828125,290.30386,209.7630065917968,18.817764,18.817764,0.32286856,319.78625,2.191777482027973,291.098193359375,14.941986,1.4075321,2.5683301335706092,58.41663,292.51652099609373,1.7214919,139.4418,9.926816,359.5893,9.517263221740714,101685.9375,8.052223587036131,101642.5275,100994.1859375,290.03116,3.189098,14.941986,47.542676,101036.7375,291.1396911621094,289.77365844726563,7.343123,1.500957007408138,3.4159756,0.64001197,4.267405,1.3135646581649774,17
17,0.9995247,3.619272,2.366302,-2.490256,1.678046,23.421667,9.016652225880703,-0.03160367,2.1232471,350.87103,14.150846,6.6535087,0.68802285,0.9825227379798888,15.647339,2.275839,334.7863158488118,1.1309582,325.7696636229311,0.9982727694511414,0.71331775,5.8454127,-10.840635,14.367555,-17.097094,-64.89863090808734,17.40277,3.0826669,3.2133949,-12.811564,64.7863158488118,-73.91528313396805,244.7863158488118,55.76966362293109,235.7696636229311,-0.7995926,0.31920066,252.57562,0.0046024323,293.63055,1066.0673,1065.2273,0.10124188,-7.7788367,5.4582353,-0.356208324754497,11.010882,25.10136909191266,-12.648601,1.2005851021640026,6.9646363,-24.295597,16.084716866031954,-19.031067,202.00934,102197.94,289.96518,292.44604,102013.92,18.668358,6.813511,-3.907207,240.93426574707036,0.6927077335572804,1.5860600775076756,292.2478125,292.15656,216.1433898925781,14.035782,14.035782,0.22280322,323.76932,2.145545196719295,291.4724609375,16.812408,1.6145906,2.408544725929244,58.18736,293.4802685546875,1.1476339,170.87103,13.278849,358.1113,11.23908893585205,102102.1725,8.871792221069335,101922.018125,100787.478125,290.10446,3.091693,16.812408,47.873549,100965.6875,292.06201171875,291.02340820312503,7.996195,1.0084435129165654,4.0371137,0.786627,3.3457122,0.8772771954536438,18
18,0.9999966,,,,,,17.225949256242302,0.013882354,,274.89758,,,0.7274392,0.982295536994934,,,341.91969835357133,,324.69374909732903,0.99956544816494,0.83801395,,,,,40.20383391048347,,,,,71.91969835357133,22.97788465424117,251.9196983535713,54.69374909732903,234.69374909732903,,,249.43663,0.009082794,293.2597,1001.83673,1001.47955,,,6.538127,-0.2606678251605809,,-49.79616608951653,,1.1176623750122885,,,-67.02211534575883,,203.42035,101500.19,289.69238,291.44824,101429.984,,,-1.174341,229.34506835937495,1.2661399512231524,1.599038965079933,290.86369384765624,291.2863,210.19443511962888,20.432098,20.432098,0.17821199,309.05527,2.121015940664791,290.1844482421875,19.803558,1.6405777,2.345778487636382,31.786604,292.019153137207,1.0529381,94.89757,13.586599,358.49594,12.161815252304075,101176.36875,10.768108177185058,101107.286015625,100775.8734375,290.3368,8.564469,17.528275,46.007357,100844.5375,290.8738220214844,290.76719482421873,10.052078,0.8458167058229447,7.511458,1.3654106,4.9229813,0.7189538449048994,19
19,0.9992493,,,,,,6.899628470425625,-0.03983474,,342.925,,,0.71629655,0.9862365007400512,,,347.20774427399635,,340.30811580357073,0.998040747642517,0.84008396,,,,,-87.38312801060198,,,,,77.20774427399635,85.7172435189724,257.20774427399635,70.30811580357073,250.30811580357073,,,231.9133,0.0045809746,295.51923,1220.0374,1219.3027,,,6.172025,-0.4732296708760347,,2.616871989398021,,0.533898861192561,,,-4.282756481027604,,203.11234,103162.81,291.14786,293.11523,102935.78,,,-0.92305,229.1324710083008,0.18528170067989,0.5008249031662988,292.981669921875,292.93906,209.21686706542968,15.373291,15.373291,0.21554312,351.07535,0.945639428449357,292.58388671875,16.571,1.2480229,1.053248184672975,90.08821,294.3510534667969,1.4290634,162.92497,8.170193,357.40585,7.754905986785889,102168.88,7.049660301208496,101946.108125,101526.8515625,290.81464,2.4538372,16.571,45.453667,101751.3875,291.926708984375,291.25102661132814,6.2423444,1.331765139102936,2.2904437,0.51211715,3.4363642,1.1627603054046631,21
20,0.99939257,,,,,,0.0012181803341491,-0.008407563,,332.70343,,,0.7436377,0.9782698452472688,,,171.94334884763384,,171.9421306672997,0.9962128639221192,0.7306681,,,,,70.76129950848156,,,,,261.94334884763384,70.76008132814741,81.94334884763384,261.9421306672997,81.9421306672997,,,257.24652,0.0021305084,293.95532,1297.3098,1295.5438,,,6.4471545,-0.3821051967402142,,160.76129950848156,,1.2959375215949056,,,160.7600813281474,,182.40346,103298.81,288.96448,291.91748,103068.49,,,-0.795167,242.82103271484365,1.168085177319988,1.807992722253404,291.489013671875,290.89825,229.9998550415039,17.481339,17.481339,0.36591324,354.24432,2.249264820666862,290.7930908203125,17.134995,1.3394439,2.470204449648594,89.45899,293.2711486816406,1.9807198,152.70343,9.044778,359.19522,8.096847438812249,103096.25625,7.344522476196289,102861.17578125,102055.33984375,289.04535,3.9660673,17.134995,45.335567,102286.96875,291.4573974609375,290.1681304931641,6.6134934,1.794666337966918,2.6717196,0.57346183,4.109606,1.5430466532707214,22
21,0.9998319,,,,,,12.133758163099516,-0.12801984,,323.9436,,,0.6738394,0.979838755726814,,,107.24906441069128,,119.3828225737908,0.99957737326622,0.5564218,,,,,-65.4392190581658,,,,,197.2490644106913,-53.30546089506629,17.24906441069129,209.3828225737908,29.382822573790804,,,221.51875,0.0027384758,292.91107,1062.6288,1061.365,,,6.285409,-0.5527264044643949,,-155.4392190581658,,0.8031901393470542,,,-143.3054608950663,,169.62656,102026.19,289.64713,292.19727,101795.58,,,-0.603517,213.60922042846676,0.3856552088708639,1.004412108257993,292.189423828125,290.46063,204.90434188842772,15.595154,15.595154,0.24441361,332.54117,1.6270598106840812,291.49183349609376,15.601959,1.643812,2.2350603473500765,81.173775,292.1856164550781,1.4315675,143.94359,9.786019,348.53302,9.659703321456908,101773.288125,8.754453134536742,101542.00578125,101030.413671875,288.35904,2.3201747,15.601959,45.040483,101259.7625,291.0604995727539,290.2923901367187,6.8616757,1.364320782423019,2.1985219,0.4907511,3.2731712,1.1116843402385708,23
22,0.9998427,18.541515,-9.173619,-14.755793,10.560793,42.099945,0.0040278466626659,-0.0832763,-19.102058,321.85516,-10.349339,42.97822,0.69476706,0.9700530618429184,2.2905862,-12.096102,146.14973317735237,-12.368001,146.14570533068968,0.9921897172927856,0.78005195,-21.123425,-22.930252,39.680565,7.033666,85.70945824352907,7.0073166,-4.5632887,-29.184378,14.020638,236.14973317735237,85.7054303968664,56.149733177352346,236.14570533068968,56.14570533068968,19.855192,5.6599326,236.05373,0.00248909,291.91647,1192.4574,1190.8644,-13.0386715,6.350643,6.5226927,-0.8340877568695575,-83.05153,175.70945824352907,36.334652,1.067965009552677,-43.9503,-29.840017,175.7054303968664,-0.67782223,187.35509,102583.94,290.4401,292.21484,102352.66,-31.556437,5.0004725,-3.4459901,221.80521163940415,0.628294038515029,1.088184178455595,292.196435546875,289.46918,207.04378509521484,17.485947,17.485947,0.21741518,359.72696,1.5965833812432726,291.51324462890625,14.634689,1.7106781,2.173536671831245,82.68952,291.3989013671875,1.6076373,141.85518,9.896463,359.59143,9.327082967758171,102229.3625,8.918824195861816,101998.726171875,101482.154296875,289.16733,2.005291,12.71138,47.644299,101708.125,290.484375,288.63134613037107,7.6864314,1.2827845096588106,2.2175233,0.49587932,3.9518087,0.9187726080417632,27
23,0.99625087,,,,,,3.38405256910022,-0.024649529,,325.60757,,,0.7008526,0.9813954919576644,,,294.3732642465658,,297.757316815666,0.989846687912941,0.7604593,,,,,-62.14974235277538,,,,,24.373264246565785,-58.76568978367516,204.37326424656575,27.757316815666,207.757316815666,,,257.7817,0.0023522377,292.59485,1208.069,1206.1167,,,5.029779,-1.1896575003043282,,27.850257647224623,,1.2621191462288175,,,31.234310216324843,,201.4038,103458.375,291.4128,292.3152,103222.74,,,-1.17782,254.4104541015625,0.6405648421631374,1.4626812199923536,292.23927490234377,290.5829,236.853970336914,19.567139,19.567139,0.28990504,358.21173,1.9931301477620655,291.612646484375,12.71138,1.621473,2.4701720238133977,97.70481,292.1257907104492,1.9861822,145.60757,9.116302,354.5489,9.006437826156615,102891.68,8.338641262054443,102659.435078125,101941.0484375,289.97247,2.1252434,12.71138,45.853409,102171.75625,290.84327545166013,289.48101104736327,7.2091546,1.6689168131351453,2.308663,0.51576245,4.3222938,1.318757432699203,35
24,,5.885988,-1.5096539,-11.724503,10.121973,33.73431,0.0161205623660407,,-5.679294,286.88327,-2.892817,-8.227899,,,-5.415175,1.258882,237.67263614235293,-7.49946,237.68875670471897,,,-3.3733842,-14.7374325,43.878834,-19.23637,-40.805486441047094,29.130056,6.9012284,1.9464064,-17.535856,327.6726361423529,-40.78936587868105,147.67263614235293,327.68875670471897,147.68875670471897,7.5063033,-2.378017,,0.0045437813,292.61322,1197.2217,1195.128,-7.98837,8.539938,6.2777915,-0.3547896565708462,22.724669,49.194513558952906,4.690218,1.4588713696452382,-6.208667,-37.747723,49.21063412131895,-13.3263855,,103507.44,288.48523,290.26782,103259.17,26.654453,-4.75063,-4.1159801,,1.5658796947129057,2.146071873291237,289.5523828125,290.6476,,21.299103,21.299103,0.20543168,,2.6534170165954345,288.8521484375,20.684235,,3.2413112691311543,,291.7319641113281,1.4532427,106.88327,,359.77692,,102034.3775,,101798.525,101156.415625,289.67517,5.3890977,20.684235,47.88092,101393.175,290.4191040039062,290.0723022460937,,1.1957947254180916,,,4.833824,0.8453320622444151,41
25,0.99997133,1.0384579,-3.8671925,-11.649357,-0.17412928,-2.9371173,3.752499603508795,-0.018640362,-0.90793437,324.57916,0.0156602,-0.20732819,0.70969296,0.9826715916395188,0.104103155,-11.301143,228.9044124597957,1.0338726,232.6569120633045,0.9995660275220872,0.78094524,47.103794,8.378686,-0.7194045,30.868023,1.9222505343517469,-76.55033,-6.624416,-14.00231,16.564548,318.9044124597957,5.674750137860542,138.9044124597957,322.6569120633045,142.6569120633045,3.6681087,-6.3391876,258.16098,0.006872177,296.89233,1121.7404,1121.503,-4.119076,5.531911,5.8326244,-0.512256558801576,1.6435932,91.92225053435176,0.9569751,1.3282175871498367,8.754528,-35.1738,95.67475013786054,-18.53491,201.81592,102648.31,290.50067,292.2339,102602.61,12.309608,0.87097716,-3.8382599,236.14511962890623,1.0818910443733958,1.7173613725293528,291.8171240234375,290.39304,209.89118652343748,18.42514,18.42514,0.28358734,349.71237,2.1485956666017314,291.00115966796875,17.26149,1.4932325,2.379389623089171,58.921215,292.6794799804687,1.8105569,144.57916,12.430728,359.5308,10.515367441177368,102073.278125,8.134735441207885,102027.306875,101226.3578125,290.15753,3.5550292,17.26149,48.588699,101272.13125,291.12182159423827,289.73004150390625,7.421133,1.4811616468429565,3.4159756,0.6574101,3.9916725,1.151112806797027,42
26,,,,,,,5.694995381552133,,,287.70566,,,,,,,348.3010656077618,,342.6060702262097,,,,,,,35.099587732774694,,,,,78.30106560776181,29.40459235122256,258.3010656077618,72.60607022620968,252.60607022620968,,,,0.004072666,293.2882,1172.9807,1172.4052,,,6.359625,-0.168149363785418,,-54.900412267225306,,1.5996951912399635,,,-60.59540764877744,,,102383.25,289.0884,290.92554,102303.6,,,-1.17434,,1.6971044731886435,2.4155754340860094,290.5779296875,291.10855,,25.628525,25.628525,0.17801572,,2.869283274688462,289.651611328125,20.24858,,3.354773097392909,,291.660888671875,1.3523905,107.705666,,359.01233,,101932.8625,,101855.0703125,101115.53125,289.71082,8.923952,20.24858,46.007359,101194.25,290.69171142578125,290.2016662597656,,1.050114977359773,,,5.2050595,0.7366881966590881,43
27,0.9999958,,,,,,9.521170205980296,-0.038964447,,290.58502,,,0.70437527,0.98713960647583,,,271.7314220270265,,281.2525922330068,0.999610071182251,0.73320764,,,,,-80.66757026035054,,,,,1.7314220270264968,-71.14640005437025,181.7314220270265,11.252592233006794,191.2525922330068,,,277.53287,0.009082794,293.2597,1170.3413,1169.8994,,,6.769821,-0.1944274033078859,,9.332429739649456,,1.0455565945247849,,,18.853599945629753,,203.59277,102658.19,289.36295,291.1714,102588.27,,,-0.92304999,237.85122070312505,1.039565485995738,1.5694451508210066,290.66432373046877,291.2863,217.5858795166016,26.36583,26.36583,0.1798147,353.0394,2.0328301728628975,290.05089111328124,19.803558,1.8106682,2.2635230478261708,38.6879,291.83860260009766,1.2812964,110.58501,14.307749,358.90543,12.507515916824348,102037.75375,11.191683912277222,101967.419453125,101292.683203125,289.85858,7.686948,18.554214,45.453671,101361.271875,290.67054443359376,290.0715591430664,10.272684,0.904028314948082,8.04835,1.5171465,5.2836747,0.7354906082153321,44
28,0.999954,,,,,,0.5817824462126282,-0.047405113,,341.98077,,,0.7103789,0.9544855892658232,,,358.54805214456286,,357.96626969835023,0.9982327270507814,0.71474785,,,,,74.01450422743102,,,,,88.54805214456286,73.43272178121839,268.54805214456286,87.96626969835023,267.96626969835023,,,290.2504,0.0068278313,294.49103,1209.4318,1209.1418,,,5.4948735,-0.2749172976003879,,-15.98549577256898,,1.1942906862686724,,,-16.56727821878161,,189.02953,102951.125,289.95456,291.7959,102903.58,,,-0.79517001,246.58274322509777,1.0882493902115502,1.6754654777819633,291.4773046875,290.30237,209.40825805664065,21.842987,21.842987,0.23341236,349.71237,2.0935853573537715,290.9861328125,17.875671,1.5070345,2.483246217887973,63.30902,292.60904418945313,1.4832165,161.98079,12.203787,359.48685,10.030884094238283,102548.3175,8.405202579498287,102503.205625,101700.27734375,289.9281,3.7261934,17.875671,45.335571,101745.15625,290.8503112792969,289.79805725097657,7.3938446,1.1043062067031866,3.627385,0.67394197,3.9812658,0.9504639863967894,45
29,0.9999762,,,,,,28.321393022343756,0.022223629,,286.93744,,,0.7218573,0.982728999853134,,,193.910092862428,,165.58869984008425,0.9992707073688508,0.87267184,,,,,31.348739124759504,,,,,283.910092862428,3.027346102415777,103.910092862428,255.58869984008425,75.58869984008425,,,278.03827,0.0047135353,293.70663,1152.886,1151.3926,,,5.5473065,-0.7688590356014412,,121.3487391247595,,1.9267380794491604,,,93.02734610241578,,220.49959,103516.69,288.9538,289.96045,103302.52,,,-0.60351998,258.9794622802734,1.856064951566175,2.526354552945298,289.6310986328125,290.40686,227.995361328125,23.507553,23.507553,0.16696024,355.2127,3.4041930259437723,289.25341796875,18.794449,2.039954,3.632543531101703,57.925545,291.7933099365234,1.3395007,106.93745,16.610195,358.29785,13.070929889678954,102079.67375,12.03894929885864,101870.57046875,101091.44765625,290.2033,9.620357,18.794449,45.040482,101294.3375,290.97364501953126,289.72371765136717,11.096671,0.9584661388397216,9.661693,1.7358389,5.1236362,0.7378592669963836,46
30,0.9999998,12.651499,8.759136,6.2500157,10.627003,-4.882627,4.336087097298673,-0.0077377562,-19.284138,337.316,-12.547268,-21.117914,0.7135936,0.9831622838974,13.630799,14.681382,337.81194256054783,37.141617,342.1480296578465,0.9995534455776216,0.74708265,-44.30425,-0.98741734,-235.34276,10.4248495,85.16797986363787,-130.62268,6.3660135,24.285862,-154.06163,67.81194256054783,89.50406696093654,247.81194256054783,72.14802965784651,252.1480296578465,-155.74413,14.238229,262.52597,0.006214142,296.2394,1204.3359,1203.1682,10.192128,-39.93837,6.061234,-0.5114635969431597,-82.60743,-4.832020136362132,-103.965836,1.2828110256234,38.650394,-174.37036,-0.4959330390634591,-0.23702432,190.58023,102873.875,290.6799,293.9204,102641.78,-273.16177,89.30039,-6.317139,230.7795126342772,0.9696225648464728,1.6974559187341989,292.8607275390625,292.79346,203.7584854125976,17.975693,17.975693,0.25298402,357.72073,2.0767347410346786,291.5697021484375,16.904022,1.2437861,2.5566770129619565,79.67276,294.3461633300781,1.5187653,157.31601,9.758896,358.46628,8.08948511123657,102496.665,6.932838058471678,102264.921875,101381.83125,290.73343,3.2883928,16.904022,49.917833,101610.6625,292.0932861328125,291.54876953125,6.313677,1.2858344626426683,2.414733,0.511674,3.8138702,1.0373340010643,47
31,0.9994832,12.651499,8.759136,6.2500157,10.627003,-4.882627,8.939777028698188,-0.026923055,-19.284138,341.3343,-12.547268,-21.117914,0.6987231,0.9908595561981202,13.630799,14.681382,128.60416724884294,37.141617,137.54394427754113,0.999175751209259,0.7696333,-44.30425,-0.98741734,-235.34276,10.4248495,-66.20965472675988,-130.62268,6.3660135,24.285862,-154.06163,218.60416724884297,-57.26987769806169,38.60416724884294,227.54394427754113,47.54394427754113,-155.74413,14.238229,267.02652,0.004087925,298.09302,1196.9045,1195.6288,10.192128,-39.93837,5.754183,-0.2158002515712055,-82.60743,-156.20965472675988,-103.965836,1.1056224084090402,38.650394,-174.37036,-147.2698776980617,-0.23702432,188.91464,103437.56,290.329,293.91064,103193.234,-273.16177,89.30039,-6.3155999,229.2901269531249,1.0516228976319797,1.4133544255378048,293.012646484375,289.61346,211.9783752441406,17.574356,17.574356,0.27379435,358.24777,1.825047374460612,291.5392578125,15.601959,1.4865309,1.8607510565029868,83.1913,293.7534130859375,1.5874904,161.3343,10.8062935,359.23276,9.390230484008782,102109.5475,7.80696449279785,101883.588125,101189.284375,289.47195,3.2854993,15.601959,49.9179,101415.9,290.72857666015625,289.4417822265625,6.842887,1.3540047979354857,2.414733,0.48857749,3.9593306,1.0211575746536254,48
32,0.99981534,0.8476534,0.49964106,-7.886534,-4.7767744,15.843128,5.529647564045035,0.031007947,7.305271,2.2316895,11.646488,23.17701,0.70999557,0.9895641565322876,20.89802,5.5328,314.7756756027438,9.085189,309.24602803869874,0.9995019483566284,0.7967987,-9.254858,-24.212053,37.507652,19.8788,-37.01433858557374,-16.979582,5.7586856,8.32884,-9.439542,44.775675602743775,-42.543986149618775,224.77567560274375,39.24602803869874,219.2460280386987,15.4094715,1.8949687,237.7739,0.0047950745,296.27737,1089.3192,1088.236,4.565617,6.6562934,5.889963,-0.3831257958895704,22.024214,52.98566141442626,-7.7429833,1.055358780998257,-7.256188,43.018265,47.456013850381225,14.70523,191.4091,102647.69,291.2499,293.56982,102416.37,32.019436,1.0992563,-2.116667,229.9548205566406,0.8152107066138402,1.2824601120560593,292.8498046875,292.68628,206.73736877441405,18.190765,18.190765,0.21641639,351.99362,1.7322520275291815,291.7953125,15.909256,1.3034045,2.1501609445749237,74.126625,294.0578076171875,1.232086,182.23167,10.391882,359.8354,9.443716506958008,101495.68,6.942049026489254,101273.8184375,100876.675,290.7607,2.9169288,15.909256,49.183333,101098.9625,291.836181640625,290.54138671875,6.4156227,1.0338088178634646,2.4087234,0.5085156,3.1757412,0.8934715151786802,49
33,0.99913,-5.257999,3.2731822,13.714257,-3.5236912,1.1100268,0.8115941662111368,0.032674555,-0.8065252,297.834,-1.3070529,4.8227067,0.7042323,0.9846484184265136,3.477495,6.713108,301.3511932688202,-3.3193738,302.16278743503136,0.9971243858337402,0.82537663,-2.4619122,-2.2188168,-11.008213,3.7162673,85.67122745754676,33.058823,7.116357,4.991079,10.872429,31.351193268820225,86.4828216237579,211.35119326882025,32.16278743503136,212.16278743503136,-5.683825,6.556698,259.00873,0.0066843033,292.22485,1281.8467,1281.5055,-3.1016836,-6.907955,5.34534,-0.9381145401694752,22.793404,-4.328772542453237,-9.910806,1.5503199731411992,-1.589712,16.990627,-3.5171783762421,0.08179767,211.0722,103681.875,291.0245,292.2417,103637.266,9.401306,-6.68031,1.08449,239.6861193847656,0.966763789478934,1.2734627008756272,292.1196484375,291.0058,218.5348419189453,18.817764,18.817764,0.36573416,358.4304,2.0090807663684513,291.30732421875,17.693192,1.5347434,2.254665614215874,59.220882,291.7687109375,1.9769005,117.834015,12.222712,357.40662,10.530460815429686,102734.985,8.414436149597167,102691.805625,102044.734375,290.16898,2.6487339,17.693192,49.92917,102087.325,290.95368041992185,289.8791357421875,7.86101,1.8593287754058831,3.4159756,0.69116807,4.3941946,1.5336798191070555,50
34,0.99967647,3.6628673,2.4848702,10.501707,16.28635,0.22380294,0.007084092648256,-0.03324953,-0.92144704,318.0384,12.64944,3.4642045,0.71119606,0.9735474944114684,10.748578,-2.4823742,91.90359674903095,3.602439,91.8965126563827,0.9977576327323914,0.8140173,4.4863176,4.6975336,58.45877,-6.66811,-43.85812154310145,14.840176,8.985462,12.264247,-13.1219,181.90359674903095,-43.8652056357497,1.903596749030953,181.8965126563827,1.896512656382697,10.706919,-2.963439,258.82123,0.005824089,297.03918,1214.6187,1212.2236,2.4722843,4.5270834,5.8481417,-1.0515495207131318,41.93086,-133.85812154310145,-3.4841945,1.3404366819237397,10.566427,16.398457,-133.8652056357497,-7.87124,201.11395,103481.56,291.11536,293.56982,103247.61,40.493538,1.880174,0.10598,232.4921771240234,0.7117024894571166,1.274308753226218,292.48431640625,290.76926,206.69802551269532,18.340225,18.340225,0.47697237,347.33658,2.0470895116838057,291.40380859375,16.909988,1.3102499,2.2597939951142685,71.451935,293.1564697265625,1.9996012,138.03838,11.880443,359.7354,8.446120719909667,103089.6025,6.978070259094235,102854.5146875,101726.253125,290.43393,2.1879601,16.909988,49.481892,101957.7375,291.4844543457031,290.27080078125,6.5520043,1.99837721824646,2.461874,0.52553695,4.0382895,1.9505849123001096,51
35,0.9999977,-12.328549,27.260536,-13.681934,-19.581074,-8.735828,0.1305912421105972,0.12278028,16.057446,334.78992,3.9890342,-0.44762158,0.73868203,0.9980183869600296,0.7759815,23.91731,11.707030581353877,3.0205553,11.57643933924328,0.9994411927461624,0.8315374,-1.4105244,25.31091,14.177133,-7.8680964,53.21347765294422,-97.32601,-7.737553,56.33768,-95.45873,101.70703058135388,53.08288641083362,281.7070305813539,101.57643933924328,281.5764393392433,3.3932726,-16.357105,273.09088,0.0053396225,293.8683,1391.9569,1390.0066,20.72197,6.2091002,6.0229454,-0.927918265487477,-21.808107,-36.78652234705578,-1.9373685,1.0631463441979838,-7.6544623,-21.156687,-36.91711358916638,-3.9627197,178.5173,103175.5,290.3536,293.5952,102946.69,-67.62352,0.45890433,-1.635508,254.26077941894516,0.1522663750388229,1.1497317678863148,293.03477783203124,290.26282,219.76259765625,16.392014,16.392014,0.27338326,354.68863,1.7421804979920943,291.993310546875,16.167435,1.6303934,2.093234324394396,84.663284,292.8457373046875,1.9572785,154.7899,11.965132,359.87045,11.308403291702264,102946.64625,8.305579900741577,102712.3215625,102151.963671875,289.60562,3.9660673,14.072815,49.651447,102380.4,291.60236206054685,290.0189761352539,6.9483056,1.4548409295082083,2.17076,0.48214468,3.665328,1.0579828679561611,52
36,0.9998848,-5.257999,3.2731822,13.714257,-3.5236912,1.1100268,0.0006026234030969,-0.011274017,-0.8065252,303.02228,-1.3070529,4.8227067,0.6997402,0.9687867999076843,3.477495,6.713108,8.807094970305343,-3.3193738,8.806492346902246,0.998308928012848,0.8536781,-2.4619122,-2.2188168,-11.008213,3.7162673,24.215785485129004,33.058823,7.116357,4.991079,10.872429,98.80709497030534,24.215182861725907,278.80709497030534,98.80649234690225,278.80649234690225,-5.683825,6.556698,299.47165,0.0053954124,296.38513,1336.946,1333.8418,-3.1016836,-6.907955,5.3646946,-1.1171973747408543,22.793404,-65.784214514871,-9.910806,1.2576806935403475,-1.589712,16.990627,-65.7848171382741,0.08179767,212.86998,103481.56,291.0068,293.56982,103247.61,9.401306,-6.68031,1.085,273.296860961914,0.5223945621936593,1.3768070872518272,292.5142724609375,290.4462,227.3731094360351,18.340225,18.340225,0.53550774,339.66824,2.018440889521044,291.6547119140625,14.7439575,1.4098519,2.07435117962028,64.33928,293.1641528320312,1.9999139,123.02229,9.764512,359.79227,9.315615234374995,103275.04125,7.8262532234191875,103039.56984375,102350.9125,290.338,2.7869306,14.7439575,49.93,102580.15,291.3746032714844,289.867666015625,7.1301246,1.9993197655677797,2.461874,0.5549392,4.210096,1.995581221580505,53
37,0.99996305,3.6628673,2.4848702,10.501707,16.28635,0.22380294,12.633448849112654,0.036522154,-0.92144704,277.72595,12.64944,3.4642045,0.7099147,0.9851760417222976,10.748578,-2.4823742,345.05791426597943,3.602439,357.6913631150921,0.9996184277534484,0.786238,4.4863176,4.6975336,58.45877,-6.66811,10.034589033345412,14.840176,8.985462,12.264247,-13.1219,75.05791426597943,22.668037882458066,255.05791426597943,87.69136311509209,267.6913631150921,10.706919,-2.963439,336.36612,0.0052199364,295.80682,1046.2554,1046.0938,2.4722843,4.5270834,5.872295,-1.0193233530577637,41.93086,-79.96541096665459,-3.4841945,2.717406888619078,10.566427,16.398457,-67.33196211754193,-7.87124,208.80444,102314.375,290.95135,293.17847,102271.41,40.493538,1.880174,0.1056,246.1736299133295,1.9761704880717632,3.1418351410430474,292.78545654296875,291.9464,209.4440124511719,21.012314,21.012314,0.22570844,357.73233,4.379460337419213,291.8560546875,17.803482,1.5946754,5.15710320686515,48.673332,294.2917980957031,1.4457333,97.725945,10.219365,359.45645,9.83938235282898,102164.149375,8.772061252593991,102121.912265625,101409.07578125,291.25226,6.09633,17.803482,49.481602,101451.871875,292.60695190429686,291.18280639648435,7.696306,1.170522812604904,3.94379,0.8934887,5.479156,1.0894117295742023,54
38,0.9999737,-12.328549,27.260536,-13.681934,-19.581074,-8.735828,0.0064363814411763,-0.06942589,16.057446,319.4418,3.9890342,-0.44762158,0.69177824,0.9915761828422546,0.7759815,23.91731,266.0218093546591,3.0205553,266.0282457361003,0.9999155354499816,0.6385082,-1.4105244,25.31091,14.177133,-7.8680964,-36.58644275758468,-97.32601,-7.737553,56.33768,-95.45873,356.0218093546591,-36.5800063761435,176.02180935465913,356.0282457361003,176.0282457361003,3.3932726,-16.357105,243.24402,0.0061154366,294.53125,1089.3175,1089.116,20.72197,6.2091002,5.148972,-0.5952612769345206,-21.808107,53.41355724241532,-1.9373685,1.4792283877486336,-7.6544623,-21.156687,53.4199936238565,-3.9627197,202.70093,102479.19,289.75668,291.99316,102436.78,-67.62352,0.45890433,-1.6355,232.3953137207029,1.1296849971034169,1.8831865111427737,291.745048828125,290.30386,209.7630065917968,18.817764,18.817764,0.32286856,319.78625,2.19177748177185,291.098193359375,14.941986,1.4075321,2.568330134378657,58.41663,292.51652099609373,1.7214919,139.4418,9.926816,359.5893,9.517263221740714,101685.9375,8.052223587036131,101642.5275,100994.1859375,290.03116,3.189098,14.941986,49.651299,101036.7375,291.1396911621094,289.77365844726563,7.343123,1.500957007408138,3.4159756,0.64001197,4.267405,1.3135646581649774,55
39,0.9995247,0.8476534,0.49964106,-7.886534,-4.7767744,15.843128,9.036414838490202,-0.03421976,7.305271,350.7505,11.646488,23.17701,0.6910547,0.9825227379798888,20.89802,5.5328,334.80737456858975,9.085189,325.77095973009955,0.9982727694511414,0.71331775,-9.254858,-24.212053,37.507652,19.8788,-65.02047144884955,-16.979582,5.7586856,8.32884,-9.439542,64.80737456858975,-74.05688628733975,244.80737456858975,55.77095973009955,235.77095973009955,15.4094715,1.8949687,252.57562,0.0046024323,293.63055,1069.1512,1068.2845,4.565617,6.6562934,5.4588485,-0.3630089015474229,22.024214,24.97952855115045,-7.7429833,1.2002708628331595,-7.256188,43.018265,15.94311371266025,14.70523,202.00934,102197.94,289.96518,292.44604,102013.92,32.019436,1.0992563,-2.1166999,240.93426574707036,0.6928887577166423,1.5860804127915318,292.2478125,292.15656,216.1433898925781,14.035782,14.035782,0.22297248,323.76932,2.145077084512199,291.4724609375,16.812408,1.6185962,2.4098048303965034,58.31024,293.4802685546875,1.1494979,170.7505,13.278849,358.1113,11.23908893585205,102102.1725,8.871792221069335,101922.018125,100787.478125,290.10446,3.091693,16.812408,49.1833,100965.6875,292.06201171875,291.02340820312503,7.996195,1.0088139867782595,4.0371137,0.78728753,3.34284,0.8768710136413573,56
40,0.9999966,2.1273084,2.6183994,10.739882,16.249603,0.1869427,16.198334719415755,0.0005599237,-1.5911362,274.24493,12.4209385,4.4507656,0.72402984,0.982295536994934,9.358124,-1.8215694,341.01353582328767,-2.2531414,324.8152011038719,0.99956544816494,0.83896387,4.5405498,4.931202,60.43128,-6.9522176,39.429732978159336,15.227316,8.744641,12.687112,-12.666645,71.01353582328767,23.23139825874358,251.01353582328767,54.815201103871914,234.8152011038719,11.74663,-2.6991992,249.43663,0.009082794,293.2597,1002.4635,1002.10364,2.7679224,2.8908422,6.3902297,-0.2556531114000993,37.828632,-50.570267021840664,-6.6885524,1.1195634802394083,13.011849,16.513449,-66.76860174125642,-7.773289,203.5236,101500.19,289.70242,291.44824,101429.984,39.728313,1.8564184,0.11458,230.1349249267578,1.248821997961327,1.6005303644201554,290.86369384765624,291.2863,212.99490356445312,20.432098,20.432098,0.17948045,309.05527,2.1237841839508187,290.1844482421875,19.803558,1.6241168,2.346514190360219,31.389297,292.019153137207,1.0605788,94.244934,13.586599,358.49594,12.161815252304075,101176.36875,10.768108177185058,101107.286015625,100775.8734375,290.38623,8.564469,17.528275,49.48378,100844.5375,290.8738220214844,290.76719482421873,10.052078,0.8448899412155151,7.511458,1.3505722,4.83944,0.7168207257986067,57
41,0.9999783,-4.111499,-1.7766451,3.639684,-12.687907,12.154321,21.189216498442875,-0.021679377,-14.926065,307.28967,-13.385237,-5.0982466,0.7386395,0.9863083630800248,-8.214874,3.8776917,139.83871052490974,17.90069,161.02792702335262,0.9998346745967864,0.81232536,11.253753,-17.23691,-73.244484,28.733578,56.26174582820988,-27.31689,-11.214633,-6.6848426,19.71028,229.83871052490977,77.45096232665276,49.83871052490974,251.02792702335265,71.02792702335262,-18.976994,16.207804,241.65631,0.009082794,293.2597,1169.3516,1168.8029,-13.188358,-15.914472,7.338576,-0.2608529655179427,-35.5353,146.26174582820988,-57.81338,1.1413871593308311,12.397104,-67.97122,167.45096232665276,-17.46842,209.99493,103448.625,289.7287,291.44824,103378.34,-32.882618,36.77406,-5.542,234.07443588256837,1.3182820706444662,1.6195475096295475,291.0378100585937,291.2863,222.33735198974608,19.035461,19.035461,0.2338168,328.80725,2.0870928785034093,290.12236328125,18.567871,1.6344981,2.367765621524997,46.902523,292.4835046386719,1.3281257,127.28967,12.677686,359.54865,11.618295249938964,103248.67375,10.570929956436157,103177.919765625,101310.84375,290.6172,6.5338254,18.567871,50.102,101380.765625,290.98935546875,290.7225897216797,10.069906,1.2817448973655696,7.511458,1.3868202,4.3310604,0.9067275285720824,58
42,0.9998581,-4.070174,-1.4156543,3.243381,-8.785861,12.242652,3.4356556952470783,0.11526251,-7.0133233,305.87537,-13.014575,-6.888013,0.69405776,0.9833823919296264,-9.920831,5.435308,88.98025006228431,12.640034,85.54459436703723,0.9957955294847488,0.85438174,11.678024,-16.974813,-57.68132,28.275558,-49.669228156099734,-28.688038,-8.713513,-3.1260345,17.535889,178.9802500622843,-53.10488385134681,358.9802500622843,175.54459436703723,355.54459436703723,-15.26904,15.209212,287.90405,0.003897667,293.85425,1196.7385,1193.6118,-13.133121,-13.022272,5.607351,-0.7587806046062185,-26.24672,-139.6692281560997,-47.597973,1.4659284475604355,9.567724,-67.630554,-143.1048838513468,-17.820448,226.29207,102817.875,289.5212,290.33545,102404.516,-28.775827,32.02004,-5.54275,262.54455444335935,1.2577557700648003,1.791790848585877,290.1241943359375,290.3356,236.29604415893553,16.692398,16.692398,0.4367256,355.29144,2.7212333739244037,289.702392578125,12.901596,1.8969944,3.133099021546375,69.78768,291.6204565429687,1.9999039,125.87537,13.009895,349.2751,11.900068082809447,102810.591875,10.974193334579468,102398.177890625,102191.9828125,289.8003,3.331427,12.901596,50.103,102606.7,290.1653564453125,289.9092114257812,10.480348,1.993361176252365,5.974592,1.1628006,4.1890097,1.9723764061927795,59
43,0.9992493,-20.546915,-1.5911549,4.440906,-19.213463,12.420847,6.9023236290062755,-0.03983474,-25.46637,342.925,-20.759445,-2.394129,0.71629655,0.9862365007400512,-8.88883,-0.9932558,347.20774460660397,34.268604,340.3054209775977,0.998040747642517,0.84008396,11.653216,-17.027866,-96.349144,28.161022,-87.38043318462894,-25.806328,-15.504771,-9.835726,21.361336,77.20774460660397,85.71724318636478,257.20774460660397,70.30542097759769,250.3054209775977,-21.302122,16.571524,231.9133,0.0045809746,295.51923,1220.0374,1219.3027,-13.194791,-17.19991,6.172025,-0.4731655059079134,-47.45399,2.6195668153710585,-61.39404,0.53380402125998,10.95172,-67.12541,-4.282756813635217,-17.386045,203.11234,103162.81,291.14786,293.11523,102935.78,-32.8531,37.76878,-5.53333,229.1324710083008,0.1853242474049198,0.5010631619230049,292.981669921875,292.93906,209.21686706542968,15.373291,15.373291,0.21555756,351.07535,0.944937470459608,292.58388671875,16.571,1.2480229,1.0522530874446152,90.08821,294.3510534667969,1.4294665,162.92497,8.170193,357.40585,7.754905986785889,102168.88,7.049660301208496,101946.108125,101526.8515625,290.81464,2.4538372,16.571,50.099998,101751.3875,291.926708984375,291.25102661132814,6.2423444,1.3321430850028997,2.2904437,0.51211715,3.4363642,1.1624069452285766,60
44,0.9998319,-8.216376,1.3479747,-2.6296198,3.8378184,7.5953827,12.133172758898809,-0.12801984,-8.171601,323.9436,5.8920074,-11.61565,0.6738394,0.979838755726814,7.3348184,-0.58058137,107.24906447161771,-11.742086,119.38223723051652,0.99957737326622,0.5564218,-0.93207955,-1.6372355,-5.535166,1.3005272,-65.43863371489152,3.0002759,2.7520392,-9.69136,0.26927945,197.24906447161771,-53.305460955992714,17.249064471617714,209.38223723051652,29.382237230516523,-10.206431,-4.7600727,221.51875,0.0027384758,292.91107,1062.6288,1061.365,0.61735606,-1.7696159,6.285409,-0.5527755364007049,3.6875138,-155.43863371489152,-7.0684004,0.8031971451814065,-3.1188169,-1.2693887,-143.30546095599271,-1.8504962,169.62656,102026.19,289.64713,292.19727,101795.58,-5.331408,9.693987,-2.447944,213.60922042846676,0.3856121742370669,1.0043762181069122,292.189423828125,290.46063,204.90434188842772,15.595154,15.595154,0.24440931,332.54117,1.6270165243119232,291.49183349609376,15.601959,1.643812,2.2350034073665137,81.173775,292.1856164550781,1.4315696,143.94359,9.786019,348.53302,9.659703321456908,101773.288125,8.754453134536742,101542.00578125,101030.413671875,288.35904,2.3201747,15.601959,50.6085,101259.7625,291.0604995727539,290.2923901367187,6.8616757,1.364330205917358,2.1985219,0.4907511,3.2731712,1.1116854906082148,61
45,0.9998427,-10.738049,15.913685,11.271214,2.6983979,-7.2153783,0.0040278424913253,-0.0832763,19.452982,321.85516,-41.651226,26.059023,0.69476706,0.9700530618429184,-10.455436,9.979295,146.14973486146494,-23.301918,146.1457070189736,0.9921897172927856,0.78005195,-10.756916,-16.297281,52.331966,26.044043,85.70945655524514,-46.015663,-8.9264765,15.990449,-78.10767,236.14973486146496,85.70542871275381,56.149734861464935,236.1457070189736,56.14570701897361,20.518068,35.437187,236.05373,0.00248909,291.91647,1192.4574,1190.8644,2.3339462,-13.926408,6.5226927,-0.8340747623695197,-105.56806,175.70945655524514,23.096432,1.0679680755858518,-42.074966,-18.30203,175.7054287127538,-8.098653,187.35509,102583.94,290.4401,292.21484,102352.66,-60.70709,21.287865,-4.83437,221.80521163940415,0.6283127484781642,1.0882212272138243,292.196435546875,289.46918,207.04378509521484,17.485947,17.485947,0.21741463,359.72696,1.5965881451536807,291.51324462890625,14.634689,1.7106781,2.1735384152153996,82.68952,291.3989013671875,1.6076626,141.85518,9.896463,359.59143,9.327082967758171,102229.3625,8.918824195861816,101998.726171875,101482.154296875,289.16733,2.005291,12.71138,50.59419,101708.125,290.484375,288.63134613037107,7.6864314,1.2827980041503877,2.2175233,0.49587932,3.9518087,0.9187468439340593,65
46,0.99625087,8.171913,8.911132,-0.23177008,-6.708457,8.416171,3.378347524225319,-0.024649529,19.211382,325.60757,1.924234,14.05487,0.7008526,0.9813954919576644,12.700021,-1.1296284,294.3801028620302,6.6934056,297.7584503862555,0.989846687912941,0.7604593,6.067192,0.15933856,-15.368806,1.1042993,-62.15087592336488,-0.37823337,-0.0046419976,-1.3890033,-7.505558,24.380102862030185,-58.77252839913956,204.38010286203016,27.758450386255504,207.7584503862555,-2.3183815,-2.6308396,257.7817,0.0023522377,292.59485,1208.069,1206.1167,5.622191,0.16624986,5.029779,-1.1897394688011196,-4.6304865,27.84912407663512,9.004321,1.262213706791108,-2.2190366,11.781931,31.22747160086044,1.3946688,201.4038,103458.375,291.4128,292.3152,103222.74,11.073411,-10.3435755,0.06667,254.4104541015625,0.6405576821017978,1.462704481523511,292.23927490234377,290.5829,236.853970336914,19.567139,19.567139,0.2898831,358.21173,1.9929804486153004,291.612646484375,12.71138,1.621473,2.4700426076505715,97.70481,292.1257907104492,1.9861571,145.60757,9.116302,354.5489,9.006437826156615,102891.68,8.338641262054443,102659.435078125,101941.0484375,289.97247,2.1252434,12.71138,50.783298,102171.75625,290.84327545166013,289.48101104736327,7.2091546,1.6689954018592816,2.308663,0.51576245,4.3222938,1.3185249686241147,70
47,0.99998033,-19.079641,-5.4933224,7.968979,-17.971758,-11.60303,0.0,0.034112394,-5.9421425,333.46085,2.3917701,1.3055663,0.7165759,0.985454797744751,15.994565,-12.597899,184.56126832434245,33.292793,184.56126832434245,0.9997947812080384,0.7934715,6.558927,5.765791,-100.799866,-8.204883,58.899577622923175,22.801071,-3.7221973,-7.5433025,26.231054,274.56126832434245,58.899577622923175,94.56126832434244,274.56126832434245,94.56126832434244,-32.704895,13.200311,233.72192,0.0059604645,293.406,1210.4971,1210.6395,-1.0236844,-24.911644,6.6464467,0.7154614039259718,-41.197903,148.89957762292318,-37.922318,1.3603496669876411,26.050913,-44.653595,148.89957762292318,-6.70313,194.4451,103242.625,289.3865,292.9077,103261.88,-44.96724,10.645604,-8.0007,223.55684204101553,2.039848606615239,2.279556847179861,291.54311523437497,290.58847,211.27577209472656,19.270126,19.270126,0.29967391,304.74228,2.534213941508059,290.2568359375,20.393082,1.5355817,2.5868950234824197,45.48857,291.9346435546875,1.9986731,153.46085,13.214029,359.77368,11.706487655639645,101922.25,10.396810531616213,101939.70625,100987.953125,289.61053,6.8094573,20.393082,51.8278,100969.8125,290.95770263671875,289.990966796875,9.903729,1.9556062221527095,7.5157495,1.4945241,4.318555,0.6857700347900391,84
48,0.9999767,1.586907,-8.363781,20.41395,-1.2708256,21.855467,0.0,0.03163276,0.40029296,315.2821,-2.3988156,0.29385865,0.7525389,0.9866608649492264,-3.2128608,-4.650283,184.5612444196392,-0.4187102,184.5612444196392,0.999464042186737,0.85475034,3.436125,-16.949982,3.360878,34.14972,40.72086007254825,-26.28994,-4.7925014,-1.4593654,2.0833242,274.56124441963925,40.72086007254825,94.56124441963922,274.56124441963925,94.56124441963922,1.5960933,-0.08972141,241.18571,0.0053567886,292.0209,1149.6847,1149.8298,-5.746426,7.396003,6.604331,0.0145720366597486,2.7031467,130.72086007254825,0.51194936,1.4371170470414336,3.2368355,-21.090359,130.72086007254825,-8.963321,206.21123,103161.56,289.1672,292.55933,103180.164,9.2459345,3.1574342,-5.0500002,234.5413436889649,1.8009051449288282,2.0490557768839897,290.6899462890625,290.26096,212.4265380859375,20.100967,20.100967,0.18128482,340.59097,2.438605950714104,289.97613525390625,20.393082,1.6396343,2.485486355409951,44.594604,291.2443511962891,1.992578,135.2821,13.214029,358.60757,12.597085990905764,102076.79375,10.697961044311525,102094.52953125,100820.754296875,289.31052,5.0471354,20.393082,51.716702,100803.1,290.5127227783203,289.3457565307617,10.289347,0.7275720298290254,7.5592847,1.5544924,4.402014,0.5937062978744507,85
49,0.99999446,-19.079641,-5.4933224,7.968979,-17.971758,-11.60303,0.3168729973197628,-0.08876542,-5.9421425,271.79846,2.3917701,1.3055663,0.68421865,0.9901068717241288,15.994565,-12.597899,135.59254930488646,33.292793,135.2756763075667,0.9982037138938904,0.7524172,6.558927,5.765791,-100.799866,-8.204883,46.5227856064958,22.801071,-3.7221973,-7.5433025,26.231054,225.5925493048865,46.20591260917604,45.59254930488646,225.2756763075667,45.2756763075667,-32.704895,13.200311,249.75711,0.0039072037,293.22464,1012.3912,1011.56665,-1.0236844,-24.911644,5.9920726,-0.4054225300392652,-41.197903,136.5227856064958,-37.922318,2.5695598250888603,26.050913,-44.653595,136.20591260917604,-6.70313,206.91086,102170.625,290.7563,292.62402,102059.45,-44.96724,10.645604,-8.0007,229.7441627502441,2.537524394375122,3.274899717881949,291.83833251953126,290.65222,210.9821464538574,20.80481,20.80481,0.2684252,355.89285,4.509678472368897,291.227197265625,19.341736,1.7001574,5.514953512001781,34.801266,292.8267086791992,1.9617345,91.79846,12.782601,359.23303,10.916344137191771,101726.593125,9.868087339401246,101615.531171875,101227.33359375,290.14447,5.432129,19.341736,51.827801,101336.596875,290.95052642822264,290.00034271240236,9.011619,1.9444499826431272,3.6529484,0.86645466,5.515478,0.951126405596733,87
50,0.999998,13.315476,4.3280144,-0.38266623,-0.009812623,-2.8092723,0.0060231578862612,-0.010666323,-6.799325,270.74423,3.5466344,4.653618,0.72515434,0.9906857401132584,-3.2802498,0.8003749,72.02675974176964,-11.333898,72.02073658388338,0.9999235111474992,0.8158001,4.361701,-4.9133368,13.620104,-6.683763,-71.276504406149,16.093924,-1.2266461,1.6841183,-4.017262,162.02675974176964,-71.28252756403526,342.02675974176964,162.02073658388338,342.0207365838834,2.8879528,-5.7640386,249.1034,0.0031900406,298.0003,1070.9108,1066.782,1.2743714,3.9975488,5.2565503,-0.6771769026494768,8.004483,-161.276504406149,13.15875,1.806388949024938,-6.7805743,-26.278776,-161.28252756403526,-20.201231,205.84834,103123.44,290.0068,292.45532,102504.28,11.914495,-3.879135,-8.3039999,235.7287937927246,1.2032695142454115,2.3824772102111593,292.249765625,290.15363,214.18038635253905,16.853287,16.853287,0.27744013,356.88144,3.605385077131376,291.135791015625,16.766968,1.2944705,4.482981510513101,45.92356,293.80077026367184,1.733552,90.74424,11.504639,359.9213,9.096988735198972,102442.190625,8.511772966384887,101840.358046875,101130.769921875,289.6193,3.8837593,16.766968,51.84,101719.25625,291.04848022460936,289.73587890625,7.9433827,1.4672694039344785,5.8628917,1.2501781,4.2899895,1.255012202262878,88
51,0.99957496,-32.198776,-23.358025,6.171356,-25.156397,-11.558991,9.314600627979983,0.0066536535,-2.2501101,262.33295,-28.30275,-17.626606,0.7061328,0.982628059387207,-14.453578,-19.488657,301.1028723889732,49.930073,310.4174730169532,0.9988160687685012,0.80674833,-26.778498,2.4130628,-104.40775,-15.26594,41.91547376039057,25.745546,5.8026648,-25.264427,-6.0959845,31.102872388973196,51.230074388370554,211.1028723889732,40.41747301695318,220.4174730169532,-36.173904,10.863752,265.8364,0.005419731,294.54987,1005.67993,1003.8249,19.583294,-14.873373,5.3075666,-0.427408381217926,-54.48569,-48.08452623960943,0.11015156,1.8956388337609,9.421992,34.419353,-38.769925611629446,16.879545,206.9863,102863.5,290.52798,293.35205,102518.58,-5.942306,-36.717804,1.322528,235.97854705810556,1.715278465912227,2.389962276386599,292.5304248046875,290.56738,214.56633834838863,16.301071,16.301071,0.29775026,358.85696,2.844784378277131,291.527001953125,16.885605,1.0979029,2.988282028213836,42.44315,292.74752136230467,1.9630098,82.33296,8.326288,358.219,7.756700544357304,101946.6475,7.030225515365599,101615.59125,101173.43828125,289.91653,3.893741,14.380661,51.114389,101504.3125,290.963916015625,289.8850772094727,6.3638616,1.7723545336723352,4.806705,0.83281326,4.000925,1.2699974775314329,89
52,0.9999756,10.0058565,14.990037,-9.025007,-5.9975605,7.446573,0.0061866913845278,0.013734294,-17.292896,256.85315,-8.280866,2.3628109,0.70064986,0.9882010757923126,-14.25082,8.060543,97.5183145865874,-7.6304703,97.51212789520288,0.9997434830665588,0.81121856,12.558164,-19.302332,-17.699202,19.53992,69.34102151885963,11.560571,-14.818726,12.115282,19.043602,187.5183145865874,69.3348348274751,7.518314586587394,187.51212789520287,7.512127895202866,-4.120442,-2.207936,249.07654,0.004930973,295.72678,1112.8491,1110.4297,-3.7476285,0.60257405,5.4095397,-0.3545045039853153,38.634808,159.34102151885963,1.4393226,1.1376766687418347,-3.8914282,17.29091,159.3348348274751,1.2090394,206.12587,102627.69,,,102297.35,19.225758,-3.8177109,0.743361,235.05249725341795,0.8954376980742846,1.2468492614419782,,290.86804,209.96248931884764,22.026306,22.026306,0.19010925,329.12643,2.258095917772307,,17.521912,1.5255972,2.8001713623778546,40.95039,292.6187664794922,1.2944207,76.85314,15.43079,356.03043,10.415388984680176,102094.59,9.306730079650878,101760.2625,101109.26015625,290.10315,4.736012,17.521912,51.445639,101436.21875,291.0214813232422,289.8761938476562,8.9282465,1.0064053654670717,8.798138,1.455026,4.659604,0.8485417127609252,90
53,0.999998,-9.074039,-11.971293,5.153229,-11.097834,4.820049,0.0060228620187672,-0.011333043,22.510612,269.90936,2.890467,17.35756,0.7235205,0.9906857401132584,5.561149,15.571521,72.02670889349321,-2.793805,72.02068603147444,0.9999235111474992,0.82298964,18.874598,2.7482681,-22.760836,6.855637,-72.11132323850569,20.525713,-3.1906757,10.744882,53.208725,162.0267088934932,-72.11734610052446,342.0267088934932,162.02068603147444,342.02068603147444,-5.440101,5.5719028,249.1034,0.0031900406,298.0003,1076.4141,1072.2375,-5.4061065,-3.992763,5.2644763,-0.6905119950302374,77.007706,-162.1113232385057,-12.123299,1.8034294008352325,-2.00544,11.241764,-162.11734610052446,-2.0958688,205.84834,103123.44,290.0068,292.45532,102504.28,46.87327,-3.8908713,-3.134472,235.7287937927246,1.18713988152057,2.3833818954541055,292.249765625,290.15363,214.18038635253905,16.853287,16.853287,0.27744836,356.88144,3.606853116751616,291.169580078125,16.766968,1.2927535,4.483597267400096,45.94412,293.80077026367184,1.733596,89.90935,11.504639,359.9213,9.096988735198972,102442.190625,8.44436259269714,101840.358046875,101130.769921875,289.6193,3.8837593,16.766968,51.21525,101719.25625,291.04848022460936,289.73587890625,7.9329247,1.4669661271572112,5.8628917,1.2466614,4.297282,1.2550763726234433,93
54,0.99957496,12.281928,5.3071804,-3.78603,16.988644,-8.749448,9.610913143864138,0.0066536535,-9.656979,262.33295,-2.9076,-13.8378725,0.7061328,0.982628059387207,2.107613,4.1380525,301.10290851912265,-15.364175,310.7138216629868,0.9988160687685012,0.80674833,4.286272,-1.2088083,66.98661,0.21693458,41.61912511435696,-6.3573527,9.174644,2.9836812,-30.110067,31.10290851912265,51.2300382582211,211.10290851912265,40.71382166298679,220.7138216629868,13.467221,-4.1494894,265.8364,0.005419731,294.54987,1005.67993,1003.8249,-0.2904927,9.052716,5.3075666,-0.4273446005813394,31.313122,-48.38087488564304,8.164922,1.895646102935355,-9.482148,17.605318,-38.7699617417789,-6.0609417,206.9863,102863.5,290.52798,293.35205,102518.58,45.18606,-10.5813055,-2.987444,235.97854705810556,1.7154252917894843,2.390007745190648,292.5304248046875,290.56738,214.56633834838863,16.301071,16.301071,0.29777333,358.85696,2.844747761936073,291.527001953125,16.885605,1.0979029,2.9884728253715136,42.44315,292.74752136230467,1.9630073,82.33296,8.326288,358.219,7.756700544357304,101946.6475,7.030225515365599,101615.59125,101173.43828125,289.91653,3.893741,14.380661,51.55,101504.3125,290.963916015625,289.8850772094727,6.3638616,1.7730883717536952,4.806705,0.83281326,4.000925,1.2703141510486602,94
55,0.9999756,9.098005,6.914248,1.78402,3.477254,2.211629,0.0061866606804414,0.013734294,11.358641,256.85315,-15.35203,3.063877,0.70064986,0.9882010757923126,4.7836595,10.893984,97.51831544233973,-19.68453,97.51212878165929,0.9997434830665588,0.81121856,4.68381,-4.9464726,38.331387,13.231,69.34102063240323,-13.773298,-4.0412917,16.201853,-14.1280365,187.5183154423397,69.33483397172279,7.518315442339713,187.51212878165927,7.512128781659271,4.8356023,3.9763355,249.07654,0.004930973,295.72678,1112.8491,1110.4297,-7.678014,6.9696183,5.4095397,-0.354396957637489,39.10441,159.34102063240323,3.5514705,1.1376498560759627,-10.859707,46.95846,159.3348339717228,15.144774,206.12587,102627.69,,,102297.35,47.220352,3.806178,1.34655556,235.05249725341795,0.8955144004761684,1.2464781382298935,,290.86804,209.96248931884764,22.026306,22.026306,0.19008599,329.12643,2.258194752865489,,17.521912,1.5255972,2.800501422484722,40.95039,292.6187664794922,1.2944964,76.85314,15.43079,356.03043,10.415388984680176,102094.59,9.306730079650878,101760.2625,101109.26015625,290.10315,4.736012,17.521912,51.95769444,101436.21875,291.0214813232422,289.8761938476562,8.9282465,1.0065462493896484,8.798138,1.455026,4.659604,0.8484942495822906,95
56,0.99999446,17.013725,0.4908959,3.7979655,-5.0689487,-9.767161,0.3205773271511134,0.013663768,-10.873533,264.88278,15.106995,-11.529155,0.7044415,0.9936933428049088,4.552875,8.586066,135.59255250114109,12.784543,135.27197517398997,0.9982109755277634,0.8541054,11.288934,4.8651524,-29.83579,-5.196449,39.6108068084319,2.656842,19.221409,11.569105,28.937145,225.59255250114109,39.29022948128079,45.592552501141085,225.27197517398997,45.27197517398997,-18.71487,-7.340064,249.75711,0.0041675568,293.64825,992.6397,991.93567,2.532225,-4.4898815,5.7808194,-0.4493191224936988,63.817062,129.6108068084319,-7.412945,2.551048001810548,14.355355,10.937213,129.2902294812808,-10.08868,206.66495,101599.5,290.77023,292.8269,101492.27,26.894213,-4.191619,-2.72847222,229.7441627502441,2.5881010127150357,3.262293670962208,292.3120556640625,290.85437,212.9895057678223,20.80481,20.80481,0.21346201,320.98746,4.36202267428775,291.227197265625,19.341736,1.6396526,4.637330601241538,35.40233,292.90305084228515,1.7689332,84.882774,11.079733,359.2525,10.623795328140258,101566.14125,9.77507028579712,101457.806875,101245.9515625,290.3498,7.0495377,19.341736,51.5,101354.790625,291.14760131835936,290.20141235351565,8.781964,1.177085963487625,3.6529484,0.8639241,5.5587325,0.9304128855466842,97
57,0.99887073,8.202897,-26.718401,-5.9628725,7.818653,-3.1860433,1.9540552574114256,-0.01653453,-17.36986,265.1185,1.8755039,-7.182955,0.760311,0.9945540457963944,5.963955,6.9221244,301.1016521973301,-11.88291,299.1475969399187,0.9987158453464507,0.9012951,-27.437853,14.389165,-11.229194,-19.428131,55.97090281594069,33.576565,11.675137,-8.416388,21.542072,31.10165219733011,54.016847558529264,211.1016521973301,29.147596939918685,209.14759693991869,-11.857649,13.544235,229.60385,0.002129078,294.13257,976.5437,974.38385,10.113247,-10.852455,4.865766,-0.8146550788427719,28.784582,-34.02909718405931,-12.096399,1.9891742248051965,-11.585437,39.093567,-35.983152441470736,14.315383,204.56557,103060.94,291.67325,293.73218,102717.31,29.843542,-6.998214,1.40923,222.7657066345215,1.3328255809950793,1.9034963514856231,293.4313134765625,291.27676,210.4288337707519,14.737061,14.737061,0.3432541,350.076,2.440671878705848,292.21654052734374,13.252029,1.0071903,2.613388474919413,40.676003,293.2416833496094,1.9270135,85.1185,7.173957,341.5219,6.997806091308594,102595.10125,6.5960185527801505,102260.09046875,101400.942578125,290.4572,2.5945652,13.252029,51.22378,101732.475,291.48876953125,290.2779400634766,6.298348,1.9067841958999632,3.3645542,0.78851604,3.917728,1.4893954873085022,99
58,0.99998474,-5.3978796,-9.810099,5.4016232,0.9416472,2.222677,7.964769852935973,0.061806828,-3.603132,323.87396,-2.0317657,1.7663757,0.70847404,0.991218876838684,2.761852,-13.054381,176.30417619479772,1.7907614,184.2689460477337,0.9988631749153136,0.83334637,-8.081717,1.4242748,4.4165254,-13.612441,49.60501635461003,52.26891,-16.811764,-14.934402,25.106802,266.3041761947977,57.56978620754603,86.30417619479772,274.2689460477337,94.26894604773368,9.751034,-7.0300827,249.23074,0.004977703,293.95093,1203.0133,1201.5568,-3.0129056,4.763368,6.2814565,-0.1193410258098889,3.0349333,139.60501635461003,1.1525848,1.2293083694534783,12.974973,27.088036,147.56978620754603,6.3157578,206.32869,102685.31,289.02542,291.50928,102501.91,25.979862,2.3386292,4.209993,232.58783325195316,1.3336532037952595,1.7083810033327094,290.6343359375,290.3521,213.8477478027344,19.069748,19.069748,0.15535484,341.0334,2.039319933112304,289.6017578125,19.89412,1.6054721,2.633802384593815,38.16325,291.9181689453125,0.99543256,143.87398,13.178572,359.8213,11.934320144653322,102106.365,10.845872116088866,101924.708125,100904.93125,289.59796,4.819968,19.89412,51.399148,101082.3875,290.354443359375,289.8305981445312,9.989824,0.8831561279296877,8.168373,1.351432,3.9255695,0.7368449211120605,102
59,0.99998474,3.44761,-5.6241326,7.3072815,0.6584106,-0.7933095,6.911192976543759,0.018892394,-10.178358,322.92746,9.497157,-1.8603233,0.69338876,0.9821246296167372,-11.695437,-9.607733,177.55318548352693,20.875448,184.4643784600707,0.9990538257360458,0.8268794,2.3711343,0.5407526,18.265408,-11.041678,48.463081256726184,55.71288,13.868736,-0.2093182,42.73474,267.55318548352693,55.374274233269944,87.55318548352693,274.4643784600707,94.46437846007068,-0.08549254,1.6022117,249.23074,0.004981041,293.95093,1279.6145,1278.0178,-6.9591618,-5.5584183,6.4162745,0.2561352988143726,32.212685,138.46308125672618,-15.718523,1.2217535351389694,25.574953,32.509747,145.37427423326994,2.1668923,206.30336,102754.81,289.10284,290.86133,102574.41,49.84242,7.0743484,4.249998,229.0761054992675,1.6314196970906496,1.8929796644275256,290.5088793945313,290.03253,214.6596076965332,18.011902,18.011902,0.2868269,341.0334,2.180244373749509,289.63316650390624,19.89412,1.5662471,2.606010452623304,39.059162,291.4038293457031,1.9853077,142.92746,12.642699,359.8213,11.861136198043823,102584.0275,10.54580965042114,102401.29078125,101250.17265625,289.54706,4.819968,19.89412,51.506519,101431.125,290.4301284790039,289.3137564086914,10.101591,1.92050832390785,8.168373,1.4340409,3.9933808,0.8515240043401715,103
60,0.9999209,3.142906,-5.0229297,-0.56423265,11.028629,-2.061859,12.994171653543305,-0.041353874,-12.578577,333.032,-9.137359,-4.225927,0.7065349,0.989477488398552,7.0547786,6.823364,170.8328394535697,-7.2821803,183.827011107113,0.9954201537370682,0.84710014,2.7655635,-1.7559973,18.927023,-9.344354,59.205001832340145,55.29734,18.287113,10.938797,47.606213,260.8328394535697,72.19917348588342,80.8328394535697,273.827011107113,93.827011107113,-10.360424,2.5032847,240.22646,0.0048446655,292.35345,1201.4303,1199.8796,-6.1572204,1.2356966,6.043127,0.2090657323787406,117.48724,149.20500183234014,-12.468108,1.3095881907474547,16.719303,33.201794,162.19917348588342,1.4004979,205.22495,102820.5,289.35922,290.8916,102636.67,59.523636,-0.63723826,4.165743,235.7392683410645,1.548055124159322,1.8492523845479525,290.586181640625,290.99918,212.90647506713864,16.964005,16.964005,0.3454319,297.1579,2.1187573435767075,289.93089599609374,19.156403,1.5268744,2.3432219371391527,37.50718,291.74685241699217,1.9156845,153.03201,12.607828,359.62277,11.834740991592412,102572.3725,10.436365270614624,102391.31859375,100971.8,289.81406,4.819968,19.156403,51.511332,101150.0,290.7135009765625,290.1263772583008,9.867704,1.8605158233642576,7.751029,1.4025631,3.71603,0.8359415739774697,104
61,0.99997926,-3.4785028,0.14607255,2.936015,-4.729981,-0.96161574,2.896226090497805,0.018821867,-11.97109,289.6922,-14.740504,-4.4168706,0.70360124,0.9730538487434384,-2.948876,-4.1985,200.30007963358287,-13.726987,197.40385354308503,0.999047510623932,0.8503292,7.2405505,-8.263195,9.054419,-2.5531332,2.288346163946187,37.51216,-7.749206,-7.5447445,46.1267,290.30007963358287,-0.6078799265516182,110.30007963358288,287.40385354308506,107.40385354308506,15.516425,1.2828047,219.14807,0.0057873726,292.60074,1393.1576,1387.8903,-0.3227587,3.4723759,6.726471,-0.2629082096981609,37.729248,92.2883461639462,-3.421625,0.4912397915205732,7.25701,47.74732,89.39212007344838,-12.577937,192.51202,103009.75,290.16843,291.72314,102612.08,63.238194,-21.593994,3.756442,208.66174926757813,0.3936987675144285,0.6473353981657382,290.8927734375,290.37842,197.21092224121097,16.451202,16.451202,0.5164848,331.81396,0.9040294007816512,290.46630859375,18.937866,1.2736664,1.1216739948313852,49.994694,291.2168237304688,1.9969709,109.692184,10.011566,359.5274,9.050790023803712,102888.9475,8.276092147827148,102492.3975,102067.909375,290.0443,4.455331,18.937866,51.675798,102451.3375,290.4798095703125,289.918408203125,7.970116,1.9888474702835084,7.611964,1.4105829,3.7521267,1.9361627578735352,108
62,1.0,0.69222957,1.0181946,16.59758,0.45801607,4.1223855,0.3966070321314703,0.09466337,6.023646,288.751,1.6879683,13.697926,0.68800676,0.9936180114746094,3.3728974,-12.958674,247.4319241973236,13.34209,247.0353171651921,0.9998677790164948,0.86445796,6.4238067,0.2154324,2.0947347,-2.0798814,-48.28431008511399,50.852238,3.6564763,-14.260438,53.187332,337.4319241973236,-48.680917117245485,157.43192419732358,337.0353171651921,157.0353171651921,5.3592362,1.101786,237.98332,0.004360199,293.99442,1381.5502,1380.9271,-7.534641,-7.6392055,7.050776,-0.0134585045496308,20.098848,41.71568991488601,-1.9882318,0.8254845506207592,15.797734,31.126469,41.31908288275454,-3.52183,194.73236,103939.19,290.54123,292.47607,103886.86,47.785954,14.643127,3.376275,217.3464340209963,0.3434635003848465,0.9844027257628128,292.0071533203125,291.38922,198.42729949951172,16.462479,16.462479,0.44067836,342.61243,1.1420570509679948,291.1280517578125,19.465546,1.1415466,1.4908042113699356,53.2783,292.89515686035156,1.9988728,108.751015,8.60042,359.63943,8.407037925720216,103045.0125,7.479487895965576,102993.01875,102266.3203125,290.55618,5.8529387,19.465546,51.379296,102316.4375,291.2413787841797,290.0879211425781,7.102825,1.996702229976654,5.4887567,1.112795,3.8267803,1.2857494950294497,109
63,,-0.87404317,-3.3419042,-6.1100183,-1.5811882,-3.3009496,7.228928331632289,,-16.707798,286.6237,-3.4572597,-13.978421,,,-20.6511,-0.695877,280.3405419454203,13.270698,273.111613613788,,,-1.3829772,-5.3121696,-6.289994,-7.6127214,-76.48792586964737,56.724552,7.2465267,3.7122707,37.559006,10.340541945420284,-83.71685420127966,190.34054194542028,3.111613613787995,183.111613613788,-6.6718054,5.9974613,,0.0055947304,293.33908,1441.7786,1439.1383,-6.0688972,-5.6256084,5.654475,-0.3030564267308573,53.307137,13.51207413035263,16.239994,0.79340982089136,-4.0025854,32.350063,6.283145798720341,3.1378865,,103440.5,291.3315,293.73926,103207.0,48.986977,-25.063866,4.006959,,0.5874695877456291,0.810461034674643,293.151220703125,290.3205,,13.739853,13.739853,0.56902796,,0.9059478023878996,291.40009765625,16.920624,,0.90935183964145,,292.78954833984375,1.9964108,106.62369,,359.79517,,103069.6175,,102832.004375,102277.8625,290.43332,3.7412658,16.920624,51.445556,102504.8,291.38857421875,289.85270263671873,,1.991573152542114,,,3.283516,1.9659512519836424,111
64,0.9999749,-3.9775014,2.734829,3.7119322,-17.844261,0.2764079,0.0061509836781965,-0.004353991,-11.300771,298.2578,22.819065,-14.769355,0.62693435,0.9784611165523528,1.723433,0.05972416,290.6328851295896,17.13127,290.6390361132678,0.9993260264396668,0.74849075,4.1980195,-2.6757605,-8.094745,-5.8554406,-82.38122361326782,34.836502,-4.8611345,13.862959,27.961367,20.632885129589624,-82.37507262958962,200.6328851295896,20.63903611326782,200.63903611326785,-6.5639925,-14.992954,207.53363,0.002064705,292.54178,1244.5365,1242.4042,-4.707355,12.584554,6.00324,-1.1192173949851876,69.10127,7.618776386732179,4.6449256,1.4989113478805065,1.6485498,56.30396,7.624927370410376,-4.9550376,190.079,103730.625,290.00815,291.21216,103525.516,56.431763,-11.666438,4.04484,205.44800720214843,1.109168630552581,1.72892147786987,290.8284912109375,289.16388,196.3671417236328,13.891113,13.891113,0.555523,341.33694,2.6971145414365747,290.53564453125,13.368011,1.3536332,3.628266436311562,56.7976,292.06142578125,1.9067398,118.25781,10.007818,357.0974,9.920644664764405,103143.19375,8.37742280960083,102941.4203125,102249.984375,290.03738,2.477693,13.368011,51.829224,102448.28125,290.68157958984375,288.92543334960936,8.214402,1.9032946586608888,4.297973,0.88841176,3.5682626,1.81019788980484,114
65,0.9959638,31.586946,7.3384786,1.6319892,-10.047069,1.1719648,2.095500775184348,-0.044763483,-6.1637273,269.16025,-4.140459,23.732952,0.6965165,0.96265070438385,4.7831726,18.43746,86.05506898906299,-4.3970823,83.95956821387864,0.9893415915966034,0.72063094,5.3105474,-1.7977512,1.4043294,-4.2507,-84.79932041114427,40.373146,-6.3734603,21.018774,18.018372,176.055068989063,-86.89482118632861,356.055068989063,173.95956821387864,353.95956821387864,-5.400312,-11.1345825,253.36617,0.0028076172,293.09772,1222.3185,1215.7445,-6.6529675,3.6312783,4.7841244,3.628254736018472,83.90734,-174.7993204111443,-2.482649,2.5387428836017656,-11.54226,55.948223,-176.8948211863286,-5.418201,210.1677,103299.75,,,102543.04,63.574387,-7.727113,4.128239,228.49940429687496,7.024084312823656,8.443955584402152,,290.39163,214.18380737304688,17.200531,17.200531,0.31152213,330.3618,8.75897231097926,,14.805786,1.7932304,9.133169010946402,22.704784,292.5574206542969,1.97284,89.160255,13.087896,356.02045,12.781140899658205,102934.95375,10.599725246429443,102183.52609375,101700.4953125,289.71875,2.8501897,14.805786,51.819721,102449.3875,290.6820922851563,289.78761291503906,10.423588,1.9580306029319765,8.585448,1.9161925,4.466914,1.8734744310379023,115
66,0.9999048,5.5991983,-10.288393,1.9774448,-5.9528136,1.2706629,0.0061295204746443,-0.10965345,-4.625381,272.2088,11.553386,-10.42362,0.7094445,0.9745858252048492,0.86773056,-17.203901,66.33147386274089,16.086712,66.32534434226625,0.9972551184892654,0.782278,-0.44475925,2.7525759,-14.7477,-13.134366,-64.116543072735,52.55512,-3.0056727,-8.919536,33.515728,156.3314738627409,-64.12267259320964,336.3314738627409,156.32534434226625,336.32534434226625,-0.09872482,-20.497093,287.101,0.004681587,294.78748,1109.8475,1109.0181,-3.8832047,12.957886,6.36384,-0.4568382651795639,39.748356,-154.116543072735,2.12596,1.4436632790305264,23.682682,29.034136,-154.12267259320964,3.7455666,197.14459,103241.875,289.60455,293.33008,103148.33,38.85221,-3.52757,4.229827,222.4295768737793,1.1060765861230668,1.6220781256247851,291.8051171875,290.91403,198.95013580322265,17.081512,17.081512,0.2936143,355.86935,2.0792138266857436,290.595947265625,17.321854,0.8870698,2.591640439159999,62.0441,292.8513034057617,1.7067813,92.20879,9.010164,358.7375,7.004669494628907,102556.840625,6.600692510604857,102463.785390625,102046.871875,289.10364,4.980709,14.931152,51.450047,102138.965625,290.55027465820314,289.7751382446289,6.1439786,1.6151197516918183,5.506311,0.81664324,3.7586198,1.4006917417049405,120
67,0.9999553,-0.7226344,11.45511,2.9058995,6.598023,0.69811827,0.0137734873478052,-0.0019294752,6.223281,264.3294,0.9508048,-18.52336,0.6967858,0.98484827876091,-1.6256785,10.485384,18.63936877302382,-10.245246,18.625595285676013,0.9997631287574767,0.76219374,5.582836,-4.1281943,9.211786,-3.1566093,-24.296188547394763,47.289433,-3.0164053,1.3885906,30.03917,108.63936877302382,-24.30996203474257,288.6393687730238,108.625595285676,288.625595285676,-0.2946177,-6.397984,218.56938,0.0044636726,292.55872,1137.5435,1134.2046,-10.867419,17.763899,5.7233663,-0.9890102870771648,93.9722,-114.29618854739476,15.105448,1.8088633262104092,-1.9406874,52.302208,-114.30996203474255,-4.5290794,182.78535,103479.0,,,103075.25,78.97771,-32.719788,4.192415,201.2989541625976,0.8271769030705438,1.6104705255568683,,289.70416,189.85055541992188,19.4861,19.4861,0.32455358,359.6019,2.724807560832728,,19.947632,0.925742,3.5171312785668336,54.399025,291.9626275634766,1.9428566,84.32939,8.33345,357.55832,7.469621925354003,102473.460625,6.888832998275756,102078.87078125,101694.098828125,288.5633,7.8595314,19.947632,51.773558,102084.128125,289.98907775878905,289.0736370849609,6.1878033,1.716250138282775,5.3857317,0.8594279,4.0979967,1.496653044223785,121
68,0.9999048,-49.48421,-1.5833563,5.4488254,-19.877516,0.07104452,0.0061289056901614,-0.10383349,-9.166244,271.8519,-18.692905,-58.286266,0.7110353,0.9769184291362762,-65.1455,-16.191692,66.33147259371265,44.765408,66.32534368802249,0.9972551184892654,0.7978581,7.1629286,-8.264996,-55.255455,-1.9610585,-64.47344549466311,39.908268,-14.170242,-7.998253,40.575565,156.33147259371265,-64.47957440035327,336.33147259371265,156.32534368802249,336.3253436880225,-8.880125,-11.24429,287.101,0.004681587,294.78748,1109.5708,1108.7379,-1.9043454,6.63903,6.3650723,-0.4577573636239152,27.166348,-154.4734454946631,8.749932,1.4428364796261746,15.52379,43.221066,-154.47957440035327,-13.755737,197.14459,103241.875,289.60455,293.33008,103148.33,38.524876,-23.568525,3.686358,222.4295768737793,1.1060316824525176,1.6223023513421138,291.8051171875,290.91403,198.95013580322265,17.081512,17.081512,0.29373863,355.86935,2.07958083731798,290.595947265625,17.321854,0.8832188,2.5902307675337704,63.182068,292.8513034057617,1.7081587,91.85189,9.010164,358.7375,7.004669494628907,102556.840625,6.600692510604857,102463.785390625,102046.871875,289.10364,4.980709,14.931152,51.619106,102138.965625,290.55027465820314,289.7751382446289,6.1439786,1.6156361353397373,5.506311,0.8145726,3.7684913,1.401121151447296,122
69,0.9999553,-53.260468,-1.8653656,5.5670958,-18.146202,-0.0911141,0.0173117991045614,0.009270293,-15.452114,263.88202,-14.618493,-59.860332,0.7001077,0.9873872548341752,-65.22427,-15.773574,18.63937393352552,43.08039,18.62206213442096,0.9997631287574767,0.78061897,7.2375383,-8.409248,-54.819393,-1.950934,-24.740043091452208,39.646523,-14.7506075,-7.6859417,41.133255,108.63937393352552,-24.75735489055677,288.6393739335255,108.62206213442096,288.62206213442096,-8.937289,-11.577011,218.56938,0.0044636726,292.55872,1138.3636,1135.0326,-1.518046,4.968055,5.693618,-0.952553833020918,28.316174,-114.7400430914522,6.534979,1.8035131900586632,15.775736,43.14722,-114.75735489055675,-13.792534,182.86124,103479.0,,,103075.25,38.980812,-18.2183,3.682065,201.2989541625976,0.8565989691035785,1.681250446725966,,289.70416,189.85055541992188,19.4861,19.4861,0.3248108,359.6019,2.725225536804069,,19.947632,0.92085093,3.5184492807038836,54.009216,291.9626275634766,1.9428638,83.88201,8.33345,357.55832,7.469621925354003,102473.460625,6.888832998275756,102078.87078125,101694.098828125,288.5865,7.8595314,19.947632,51.619592,102084.128125,290.14013671875,289.46130004882815,6.1878033,1.716200568675994,5.3857317,0.8547302,4.0884852,1.4956770718097685,123
70,,-16.626156,6.2658944,-7.3517,-0.22098467,4.3219857,1.2363550496591529,,-15.137819,277.2506,-12.486609,7.048864,,,4.193432,9.604618,274.1580010457665,-11.763354,275.3943560954257,,,4.184145,-6.250983,-5.52334,-3.0478501,-88.14374574386318,53.04086,-3.6736372,-0.6371991,25.572052,4.158001045766525,-86.90739069420403,184.15800104576653,5.394356095425678,185.39435609542568,-1.1130916,-0.89269364,,0.004091263,291.55905,1380.4135,1377.828,-3.6207564,4.8791647,7.6371946,0.2422512310567708,72.552734,1.8562542561368216,-15.997666,1.5591061210899737,-7.075991,41.03322,3.0926093057959747,-4.3868046,,103433.69,290.5134,292.18555,103238.41,69.36353,-9.680882,4.006011,,2.095610637743324,2.41808405020555,291.496171875,290.0711,,19.294022,19.294022,0.19212797,,2.852310779618074,290.734228515625,18.223145,,2.981533955467968,,291.5082666015625,1.0284859,97.25062,,359.7526,,103078.88,,102886.50125,102157.9875,289.30933,5.3756423,18.223145,51.595404,102347.075,290.54278564453125,289.34703369140624,,1.0026948761940002,,,4.478104,0.9163386702537536,124
71,,4.750548,7.9293833,3.626391,24.743773,-2.4745169,37.7214274973104,,17.2314,305.9278,18.609661,0.8577044,,,8.380579,9.75306,104.303830325795,-1.9975754,142.0252578231054,,,4.6604576,0.10854401,68.68919,-7.514981,73.90253758705086,57.555386,-1.3106579,11.917134,44.675396,194.303830325795,-68.37603491563874,14.30383032579499,232.0252578231054,52.02525782310539,9.575092,3.6448505,,0.0056757927,292.55975,1116.9482,1113.9788,-13.612332,5.0323796,4.8100886,-0.2764076035576696,109.05127,163.90253758705086,-11.031751,1.3663601374649326,2.4137106,40.436928,-158.37603491563874,-2.5392647,,102035.875,289.60034,291.14062,101603.83,79.70003,9.092319,4.254928,,1.4444820096599915,1.7703132553410024,290.6759423828125,291.22272,,16.391708,15.980698,0.16834952,,1.9979974627300008,290.197705078125,17.724564,,2.172029669362963,,290.78064514160155,1.2880658,125.92781,,359.93655,,101326.83375,,100905.09953125,100567.384375,289.4631,4.948636,17.724564,51.626665,100990.5125,290.18146057128905,289.91259765625,,0.8701623201370239,,,3.8243887,0.7782939255237573,125
72,,6.0541763,3.224904,4.3597054,-12.271035,0.83983094,1.4302285806549548,,-9.432522,282.70538,4.71431,-15.548199,,,-0.4698771,-3.070633,354.98528978094134,10.736593,353.5550612002864,,,3.870431,-2.875978,-11.315071,-5.7862377,19.15032210049486,34.63801,-8.7568655,11.664031,29.853912,84.98528978094134,17.720093519839907,264.98528978094134,83.55506120028639,263.5550612002864,-9.252821,-12.867443,,0.0046958923,297.13647,1324.8622,1321.6459,-4.489482,13.629668,6.136119,-0.1864550892334658,70.77418,-70.84967789950514,-0.4722092,1.1863483972345297,2.6113312,56.318825,-72.2799064801601,-5.258093,,102867.44,290.8661,293.3457,102605.36,57.780777,-4.9919186,4.033445,,1.2723541475638502,1.611998066499276,292.54228515625,290.40863,,15.31105,15.31105,0.24086706,,1.8084356560588843,290.9655029296875,18.666443,,2.0948877588658688,,292.2273791503906,1.9962832,102.70537,,357.30478,,102739.99375,,102477.72078125,102028.2453125,290.17288,3.4485908,18.666443,51.827026,102290.58125,291.26817016601564,290.26185302734376,,1.1746921992301933,,,3.5576074,0.906774216890334,126
73,0.99999255,14.408693,5.811014,-1.9322828,-0.28435072,3.1795208,2.8226321659378755,0.04312786,-18.057154,286.8227,-13.21867,13.938603,0.6983591,0.987472665309906,-5.4015203,5.0378118,200.30000811200793,-19.850891,197.47737594607003,0.9998630034923554,0.89077836,-8.654859,-5.842563,-7.9289546,-10.443419,-0.654683074976333,56.887375,1.6737541,4.6672983,25.073572,290.30000811200796,-3.4773152409142085,110.30000811200792,287.4773759460701,107.47737594607004,-5.114211,-1.4838818,220.15456,0.0057873726,291.07098,1174.7246,1171.0048,-0.83196074,-1.6860784,6.3531923,-0.1155181424801968,29.431416,89.34531692502367,1.2824275,0.4504471498745654,3.0084143,28.795544,86.52268475908579,8.3446245,192.90677,102453.25,290.13712,291.72314,102059.43,23.792088,-9.768282,3.819812,208.56070251464843,0.4991754434651743,0.6353118129236922,290.8244287109375,290.17303,197.24430618286132,16.559418,16.559418,0.18642399,332.77603,0.913201282671972,290.39576416015626,19.110855,1.3033634,1.1930406573438876,39.252003,290.76067810058595,1.1978788,106.822685,10.011566,358.56992,9.451899871826171,102381.528125,8.633179807662964,101997.42703125,101031.1171875,289.70142,4.455331,19.110855,51.336209,101420.778125,290.3514129638672,289.68903686523436,8.154869,1.044547791481018,7.611964,1.4274505,3.8139513,0.7945884168148041,127
74,0.9999444,33.668777,-2.0649118,2.8194883,-7.7060013,2.4124017,0.4010581606271444,0.04879464,-45.777393,273.47516,4.167708,-16.400898,0.70861137,0.9932646512985228,-17.907791,-8.149408,247.44369639803756,-21.210058,247.0426382374104,0.9999067974090576,0.8357602,7.669884,-6.7263145,-15.179192,-2.4161985,-63.567479546004165,44.998474,6.0733414,-11.578928,33.71703,337.44369639803756,-63.96853770663131,157.44369639803756,337.0426382374104,157.04263823741042,-0.48069933,-4.8746877,205.50876,0.004360199,292.68872,1153.9174,1153.4905,-1.7442503,-3.7499352,6.169013,-0.2172707394083592,9.223991,26.432520453995835,7.3943634,0.4677711800974607,-0.1699227,43.5147,26.03146229336869,-13.297029,192.74414,103240.56,290.2936,292.3501,103189.03,32.203476,-18.088446,3.75183,204.7770184326172,0.271314503781531,0.3392918060387848,291.57791015624997,290.9698,198.08959045410157,17.381516,17.381516,0.2466202,318.38406,0.5036918396392385,290.86767578125,20.559753,1.0360863,0.8181550677243183,39.540676,291.87153686523436,1.637057,93.47517,8.60042,359.84155,8.245994758605955,102625.9175,7.575532913208007,102574.3225,101477.109375,290.05368,5.8529387,20.559753,51.599317,101527.6625,291.0475158691406,289.7629663085937,7.210113,1.3061303329467733,5.4887567,1.0593295,4.258634,1.0025197267532344,128
75,,-24.208572,6.3199763,10.625792,-17.764917,6.986773,1.920783572844698,,-19.661299,274.35153,-24.01457,-17.998055,,,-27.714962,-10.84043,46.30542084219411,35.600197,44.38463726934941,,,3.2359543,0.31998515,-23.023317,-2.4679434,-40.03310528692754,53.039017,3.3183296,-2.840905,1.1586448,136.3054208421941,-41.953888859772235,316.3054208421941,134.3846372693494,314.3846372693494,1.7864202,-5.6414165,,0.00652647,294.9528,1402.2781,1399.7704,5.067732,2.6834753,6.193405,8.241259700327344,-9.246547,-130.03310528692754,7.00172,0.9282267020076904,4.124459,34.502544,-131.95388885977223,-4.8492913,,102867.44,291.08603,293.00146,102605.36,25.03317,-45.215374,3.596057,,9.334414543886066,9.550832747808355,292.14270751953126,290.511,,13.657867,13.657867,0.31192908,,9.714732417628444,291.273193359375,19.883514,,9.71596828464962,,292.26280334472654,1.968901,94.351524,,358.16336,,102716.83375,,102453.0296875,101967.06796875,290.86444,2.9882288,19.883514,51.442308,102225.01875,291.47393188476565,290.09564025878905,,1.8762256145477296,,,3.2249258,1.1414546370506256,129
76,,-13.061879,-4.278973,-7.7522674,-1.7550381,-3.1831837,7.2200394521055955,,43.10809,286.944,20.72975,26.618858,,,-3.5338135,8.820453,280.3405415719605,3.9012783,273.1205021198549,,,0.81659186,-4.8592906,32.26255,-6.1894298,-76.17650187571428,56.979454,4.518405,19.716856,39.243027,10.3405415719605,-83.39654132781988,190.3405415719605,3.1205021198549048,183.1205021198549,12.941973,9.008774,,0.0055947304,293.33908,1485.1046,1482.2429,-7.61929,1.729903,5.487253,-0.376340712258315,63.96684,13.82349812428572,-2.0872421,0.7762970084778164,-1.7075864,34.61997,6.603458672180125,0.9901932,,103440.5,291.35672,293.73926,103207.0,62.249165,7.8573046,4.056964,,0.5464685066660588,0.750381070570039,293.151201171875,290.3205,,13.7565,13.7565,0.53734165,,0.8443715215069376,291.64228515625,16.920624,,1.0182024305193378,,292.25431640625,1.9989506,106.94401,,359.79517,,103193.105,,102960.50125,102404.78125,290.5433,3.7412658,16.920624,51.496839,102633.45,291.5218200683594,289.995986328125,,1.9898246622085571,,,3.5205247,1.9709484100341796,130
77,0.99661463,-12.29468,0.21700084,7.8578963,12.142528,-3.3654377,31.000894298357903,0.057116557,-38.370743,262.08728,-3.9633458,-0.8295446,0.6944821,0.9808161079883576,-26.115124,-4.3894863,175.82175019761235,-0.8644307,206.82264449597025,0.9952404832839966,0.8992262,10.260369,-8.773355,39.48893,-0.21786615,-34.73536422253278,37.23236,9.425498,3.3357205,12.936837,265.82175019761235,-3.734469924174846,85.82175019761235,296.8226444959703,116.82264449597024,2.2895172,2.1268191,210.0292,0.0053539276,292.1579,1378.3379,1377.9811,-3.3380127,-10.215656,6.8918357,-0.1296170629187315,48.58696,55.26463577746725,-2.0052733,0.4219920499245887,19.443539,35.113388,86.26553007582515,-12.228098,189.89555,103714.5,289.75208,291.46875,103680.94,70.50473,13.17703,3.440031,196.22809020996095,0.2398315389540711,0.2991026364609973,291.34390625,290.1203,191.18958587646483,16.035767,16.035767,0.18525544,323.3438,0.4486303035852832,290.6114501953125,19.071014,1.2121165,0.6051570603421182,45.858646,291.32713623046874,1.0990238,82.08729,9.471068,359.19965,8.37903877258301,103524.44375,7.88629035949707,103491.175,102242.26796875,289.589,5.19149,19.071014,51.521445,102276.23125,290.64585571289064,289.6986083984375,7.626595,0.9750183093547824,6.343181,1.2475787,3.8822482,0.7917677938938139,131
78,0.9999442,14.408693,5.811014,-1.9322828,-0.28435072,3.1795208,2.0810434088201077,-0.083411545,-18.057154,313.2389,-13.21867,13.938603,0.7005606,0.9456770479679109,-5.4015203,5.0378118,86.05507062050958,-19.850891,83.97402721168947,0.9998141032457352,0.6971678,-8.654859,-5.842563,-7.9289546,-10.443419,-40.735135610126974,56.887375,1.6737541,4.6672983,25.073572,176.05507062050958,-42.81617901894708,356.0550706205096,173.97402721168947,353.9740272116895,-5.114211,-1.4838818,262.43723,0.003733635,293.12772,1251.5642,1243.2565,-0.83196074,-1.6860784,6.447703,-1.0644435134897203,29.431416,-130.73513561012695,1.2824275,1.4650420958077506,3.0084143,28.795544,-132.81617901894708,8.3446245,214.57887,103768.875,,,103004.516,23.792088,-9.768282,3.81981192,250.33882766723627,1.2022163650997224,2.0718749720160363,,289.81348,225.35908126831052,17.143417,17.143417,0.5757047,350.32275,2.462437617441618,,15.154205,2.096648,3.6093780380674834,50.66717,292.9521124267578,1.9820756,133.2389,14.475126,354.63846,13.664867744445797,103032.52875,11.754911661148068,102272.301875,101775.86328125,289.57465,1.8373556,12.723877,51.33621206,102520.88125,290.3527374267578,289.4717742919922,11.090886,1.9170584678649896,6.0610094,1.167935,3.7736936,1.876051342487335,133
79,,-16.626156,6.2658944,-7.3517,-0.22098467,4.3219857,0.5357341262437103,,-15.137819,293.68048,-12.486609,7.048864,,,4.193432,9.604618,138.76688288670732,-11.763354,139.30261701295103,,,4.184145,-6.250983,-5.52334,-3.0478501,64.37786394408022,53.04086,-3.6736372,-0.6371991,25.572052,228.76688288670732,64.91359807032393,48.76688288670732,229.30261701295103,49.30261701295103,-1.1130916,-0.89269364,,0.0067768097,297.0077,1382.4221,1380.2382,-3.6207564,4.8791647,5.1170607,-0.6379354859943851,72.552734,154.37786394408022,-15.997666,1.0427429942718296,-7.075991,41.03322,154.91359807032393,-4.3868046,,103527.19,289.48712,291.50293,103293.61,69.36353,-9.680882,4.00601046,,0.5880258344109656,1.167792785703972,290.7703857421875,289.56863,,13.694229,13.694229,0.22916187,,1.3735094570452993,290.26092529296875,20.770447,,1.7653785173322778,,294.59070587158203,1.7445918,113.68049,,356.69583,,102815.65625,,102587.69140625,101820.046875,289.76248,3.0801814,20.770447,51.59540662,102044.078125,290.7359313964844,288.977294921875,,1.415041595697403,,,3.4346056,1.1452254056930542,140
80,,13.083253,-3.836247,-6.116388,6.862729,-2.6121826,3.924216974155229,,8.019815,305.74896,2.0626063,49.56238,,,30.6998,8.321144,182.28295283084444,-8.351077,186.2071698049997,,,0.89308596,-4.9238915,48.87266,-6.7896576,29.541792597344056,56.756615,-0.8511552,18.793303,37.276955,272.28295283084447,33.466009571499285,92.28295283084444,276.2071698049997,96.20716980499968,13.674262,7.135737,,0.004163742,295.43375,1332.4711,1329.7262,-8.663806,-2.5286987,5.8166037,-0.1897082999576636,64.66226,119.54179259734406,8.330273,1.1629998808899458,-3.0390232,34.66725,123.46600957149928,1.0491749,,103849.25,289.86935,291.2998,103580.0,63.030506,-1.9815834,4.07513028,,1.2624551132762272,1.4920111070920676,291.031689453125,289.32227,,14.563736,14.563736,0.20186333,,1.7651821360938444,290.26953125,16.799072,,1.884745554618592,,293.7347265625,1.7683553,125.74897,,359.90836,,102791.78,,102534.30125,101981.628125,289.98676,2.8582404,16.799072,51.50615366,102234.525,290.4955200195312,288.13654296875,,1.0306821441650398,,,3.5713627,0.8423393368721006,141
81,,2.0956388,9.2857895,-2.050432,0.27163294,-3.8401363,38.10821547233826,,0.21619886,309.89954,-5.306845,-6.7949257,,,-1.8500429,-4.6674438,103.92027490040186,0.44305682,142.02849037274012,,,1.1173159,-9.108715,12.544828,-1.2826861,77.87104576007238,32.95728,-12.920707,-7.3819237,5.081943,193.92027490040184,-64.02073876758936,13.920274900401864,232.02849037274012,52.02849037274012,4.2957563,-4.375358,,0.0052690506,292.26367,1613.6671,1608.6605,2.3232677,11.294897,6.172855,-0.3531796905478329,10.234974,167.87104576007238,-1.841748,1.1199109620384604,-0.77163655,59.75228,-154.02073876758936,-2.082203,,103750.125,289.0601,290.79395,103315.86,45.134113,-3.181989,4.16144308,,1.0673997936520505,1.7364843234111498,290.20048583984374,289.82507,,16.575531,16.575531,0.41420648,,2.123749787153028,289.5084716796875,16.526062,,2.352547165890685,,291.27793701171873,1.9687972,129.89952,,354.19012,,103314.413125,,102873.161875,102000.3625,289.58725,4.36445,16.526062,51.95823879,102439.403125,290.26349487304685,289.2839205932617,,1.9218912816047669,,,3.544938,1.7333511829376207,142
82,0.99988467,7.4334702,-0.3501672,0.7421627,-1.0776697,0.46796498,0.0265996149171314,-0.04126648,-5.158811,335.88675,-10.8254795,8.418406,0.69275475,0.9863653898239136,-1.5574641,2.9477363,277.73336861997626,-1.0286429,277.7599682348934,0.998739423751831,0.76290804,11.840204,-4.5708494,-20.874535,7.5977583,-31.873218967315267,31.604046,5.290322,-0.45273012,41.700657,7.733368619976261,-31.846619352398136,187.73336861997623,7.759968234893392,187.7599682348934,-12.299125,0.68759865,239.82962,0.002471447,292.5999,1122.4941,1118.8853,-6.424338,-6.6763935,5.4272213,7.774823018998655,44.511105,58.12678103268473,-0.94070894,0.1957651190532508,-1.3303547,17.907352,58.153380647601864,-1.7586019,197.30077,104102.0,,,103770.54,35.42401,-0.09174847,2.3664999,229.8073052978515,7.954306601685322,7.998330858266391,,289.87,206.1943115234375,18.635666,18.635666,0.017499764,359.83734,8.020640673690563,,15.685883,1.3368857,8.089589901517279,77.60423,291.69451904296875,1.9999666,155.88675,10.217588,359.77914,9.402917404174804,103921.33,8.252910232543945,103582.8765625,102827.6265625,288.71027,3.3641236,14.205872,51.048199,103166.1625,289.668359375,288.5838244628906,7.6235013,1.999809923171997,5.254149,0.7844085,3.2690847,1.9994314193725584,146
83,0.99998826,-26.183626,-23.07455,5.6383786,-21.789331,-11.24539,4.015533463730804,-0.026801482,14.734738,34.5849,-18.971527,-1.813966,0.7504473,0.9924577832221984,-4.273738,-14.87246,245.61261153988363,39.67272,241.59707807615283,0.999912965297699,0.89268863,-26.136883,2.358679,-89.37339,-14.61999,62.98782182619095,26.276106,4.9095964,-19.750107,-5.202881,335.61261153988363,58.97228836246012,155.61261153988363,331.5970780761528,151.59707807615283,-33.11072,10.23172,266.9802,0.00505352,291.42838,1128.1603,1120.6201,19.015432,-14.766494,6.014115,-0.0059176602575234,-41.69914,152.98782182619095,-2.441789,0.797019156786886,8.606001,35.037174,148.97228836246012,16.827541,181.6686,101447.25,,,100440.016,-2.644715,-19.569899,1.3166699,265.7412548828125,0.8360351385670894,1.0981515065570522,,289.5039,235.72582397460937,13.403564,13.403564,0.17103098,357.46637,1.219407730114649,,18.279999,2.2210164,1.277815217078716,73.42646,291.23950561523435,0.9504026,214.58488,13.40212,359.96436,13.349547462463375,101267.5425,11.941349792480468,100259.009375,99742.290625,288.2828,3.3478577,18.279999,51.116699,100747.525,289.4586547851562,288.882373046875,10.734359,0.930346655845642,4.077363,0.7612928,3.119309,0.7927875518798828,147
84,0.9999761,-9.074039,-11.971293,5.153229,-11.097834,4.820049,0.4694061612224516,0.08051182,22.510612,27.297333,2.890467,17.35756,0.7491946,0.9890557736158372,5.561149,15.571521,184.919262512684,-2.793805,185.3886686739065,0.9998544472455978,0.9424868,18.874598,2.7482681,-22.760836,6.855637,-68.09133591023459,20.525713,-3.1906757,10.744882,53.208725,274.919262512684,-67.62192974901214,94.919262512684,275.38866867390647,95.38866867390648,-5.440101,5.5719028,188.25241,0.005526066,291.87543,1112.0536,1109.99,-5.4061065,-3.992763,6.655821,-0.0352605698403189,77.007706,-158.0913359102346,-12.123299,1.112354552160662,-2.00544,11.241764,-157.62192974901214,-2.0958688,146.69125,101701.5,289.37234,291.708,101451.93,46.87327,-3.8908713,-3.1333301,183.8958987426758,1.380407048756243,1.6181937526495214,291.3452880859375,289.45215,176.14536361694334,14.006317,13.0651245,0.20777944,213.09445,1.9062199131156217,289.98134765625,24.241592,1.4333503,1.9950621256133436,30.84861,290.64073638916017,1.0796854,207.29733,10.286835,356.98114,10.256693296432497,101661.919375,10.017675447463986,101414.300859375,100914.551953125,289.3934,3.9006789,24.241592,51.216702,101157.7,289.8933349609375,289.2395318603516,9.099498,0.9540196651220324,6.782876,1.127179,3.767947,0.7987528592348097,148
85,0.9999994,-52.982307,-0.5206044,-0.6269739,-20.83529,7.342815,0.0270681516971649,0.0672351,20.958153,288.21164,-18.261555,3.0147874,0.73010045,0.9957286596298218,18.569752,11.080635,277.73336221826656,7.973208,277.76043036996373,0.9998089814186096,0.84539956,4.5800185,7.7916923,-72.03618,-2.6664076,-79.54879096566685,-3.2943006,-16.141577,0.71501774,-0.7944113,7.733362218266564,-79.52172281396969,187.73336221826656,7.760430369963728,187.76043036996373,-18.908915,-3.5189192,216.04991,0.004678726,291.56604,1064.9562,1062.7699,-0.948463,-1.5742058,4.90106,-0.3440563753490041,19.061083,10.451209034333148,-19.889263,1.6639805958848242,-13.875868,21.575703,10.478277186030311,-2.9197402,195.82233,101519.875,,,101192.516,17.4204,-0.87078995,-3.9737,210.5387182617187,1.5638665430826924,2.2168994034688327,,290.29077,203.354541015625,22.514038,22.514038,0.2178462,354.4333,2.8612257434303574,,20.944489,1.4184045,3.4223626736295514,28.891817,291.3942578125,1.2821887,108.21163,11.665687,358.49237,10.023076963424677,101134.07875,9.270949983596802,100809.806796875,100397.48671875,289.05048,6.41242,20.944489,51.569698,100718.321875,290.1905883789062,289.50412414550783,8.754567,1.060918437242507,6.0208297,1.1711719,4.91568,0.9596622854471206,151
86,0.9989014,4.179099,14.978473,-9.057013,-6.64952,7.438059,4.015561571517537,0.033851266,-6.6376634,29.470123,0.58118963,-11.617632,0.6941449,0.9748058080673218,-17.3902,10.052616,245.6126115498141,-7.531144,241.59704997829652,0.9974524402618408,0.73608685,12.453856,-19.60203,-19.562235,19.762907,57.8730733127191,11.646956,-12.309147,14.3769,17.906443,335.61261154981406,53.85751174120156,155.61261154981406,331.5970499782965,151.59704997829652,-3.8473349,-6.3849025,270.5943,0.00502491,291.46045,1186.0775,1177.7963,-3.6102784,3.621693,5.4295774,0.0909575777194182,41.39972,147.8730733127191,6.1523976,0.8319239542991211,-4.865498,17.670048,143.85751174120156,1.0693989,193.79373,102000.69,,,100997.28,19.180122,-1.6063533,0.75,265.7412548828125,0.8676751691208286,1.1454517850526844,,289.5905,251.96756286621093,13.403564,13.403564,0.2578503,323.02573,1.4615875417388096,,17.089035,2.2017124,1.7487256700735705,75.617584,291.2533544921875,1.9988528,209.47012,13.40212,359.96436,13.352069358825682,101508.6875,12.122819900512695,100502.250625,99772.653125,288.4206,3.3478577,17.089035,51.450001,100779.425,289.1667785644531,289.50351806640623,10.903375,1.7159762334823565,3.71526,0.65696776,2.830465,0.7769349336624145,152
87,0.9987333,-5.840006,-9.042136,16.871515,-11.167311,13.463322,0.4694082228843115,0.06061238,17.243416,14.289917,8.76612,10.267876,0.7309425,0.9703816652297974,7.458305,6.1801047,184.91926251297352,11.580889,185.38867073585783,0.9962308382987975,0.9021992,7.8543687,-13.422624,-29.024445,22.154781,-81.09875374367033,37.334507,2.917125,7.884991,64.690865,274.91926251297355,-80.62934552078602,94.91926251297352,275.38867073585783,95.38867073585784,-10.621498,-6.5822,193.53238,0.005526066,291.7763,1096.2247,1094.2014,-6.1811595,-3.6908216,7.0500293,0.0319155340884631,87.39152,-171.09875374367033,-15.720712,1.080483681447845,14.840528,40.72075,-170.62934552078602,8.418915,136.23827,101651.19,289.41788,292.3999,101402.266,55.364494,-2.0501106,1.1155597,191.72202636718748,1.2685299900782985,1.62087084077806,291.10134765624997,290.38043,184.14334106445312,13.774597,11.958328,0.22245362,318.20013,1.80554860887445,289.9787109375,23.56549,1.4208882,1.9058096259746176,32.1673,291.56999755859374,1.0073406,194.28992,10.950587,359.80045,10.366411819458005,101572.7525,9.251375770568847,101329.526875,101062.14375,289.52866,3.014897,23.56549,51.381985,101306.6625,290.195849609375,289.832822265625,8.862246,0.979459238052368,7.4893093,1.2308571,3.9937131,0.7947181344032287,153
88,0.9998025,16.508118,0.81323785,3.8369899,-3.2164667,-10.164622,24.0452688513534,-0.061578393,-11.736449,19.129852,21.353355,-3.4074197,0.7323008,0.9926984250545502,10.169299,6.6297073,103.13346362297057,19.687298,127.17873247432397,0.9986500823497771,0.80754167,10.744199,4.9985957,-20.311283,-5.1539736,-18.04888017940209,2.4995158,19.830553,12.818408,26.484018,193.13346362297057,5.996388671951308,13.133463622970568,217.17873247432397,37.178732474323965,-16.089409,-6.288518,204.63708,0.006023407,292.3401,1136.079,1133.09,2.7625737,-6.2919044,5.5797133,-0.022677726790225,60.48354,-108.04888017940208,-13.382247,0.938363940925258,15.889042,10.826552,-84.00361132804869,-10.085215,167.6121,102186.5,,,101821.39,25.35537,3.9487827,-2.7114,191.7066711425781,1.0435979734960463,1.3389949142552542,,289.40704,178.03435821533202,12.177383,12.125671,0.24389768,217.30577,1.7119772474246957,,22.357803,1.3536139,2.05516683462113,25.222094,291.2213372802734,1.9340724,199.12985,10.286835,358.00952,10.215669059753418,101787.2375,9.10130214691162,101422.2865625,100661.8203125,289.27103,2.2875702,22.357803,51.507099,101025.60625,290.08344116210935,289.17381469726564,8.792554,1.224031481742858,6.782876,1.2165253,3.343261,0.8744205117225646,154
89,0.9999164,3.5621133,10.083548,-2.0330875,3.3904965,5.7125163,0.0112928563376328,-0.028753612,-8.440465,295.0514,14.95543,-15.95138,0.6871446,0.9840611517429352,4.0066867,6.692661,250.9466517121802,-4.24436,250.95794456851783,0.9994967460632324,0.79308325,5.325594,-8.100926,50.22573,13.308888,-45.90655296695536,-15.092816,5.531864,10.155701,-11.356037,340.9466517121802,-45.8952601106177,160.9466517121802,340.95794456851786,160.95794456851783,14.525733,-5.9381943,244.24762,0.0045289993,293.94653,1103.7484,1102.8033,-9.391449,11.127729,5.652547,0.3455998210823106,42.66176,44.09344703304467,3.0153391,1.6020314998064302,-17.079597,47.68178,44.1047398893823,14.811843,192.89984,103433.75,290.04758,292.18457,103333.25,38.638935,-10.555036,1.2920001,216.0708778381348,2.0326702846054028,2.401845164621514,291.6515258789062,290.6095,199.4796485900879,16.706512,16.706512,0.33982745,357.44827,2.7453005533607593,290.448974609375,15.609711,0.72948545,3.1139689765546197,82.5751,291.80137939453124,1.9999529,115.0514,7.2401857,356.1962,6.559297800064088,103060.259375,6.01574444770813,102959.6546875,102436.4609375,289.0952,2.9390903,13.023346,51.948002,102535.421875,290.11837005615234,289.00171661376953,5.8205476,1.98729128241539,3.404202,0.5836652,3.5311496,1.4521921873092651,156
90,0.9999543,8.202897,-26.718401,-5.9628725,7.818653,-3.1860433,0.2733999559813469,-0.0382784,-17.36986,321.422,1.8755039,-7.182955,0.7154995,0.9936895847320556,5.963955,6.9221244,208.3215661589876,-11.88291,208.59496611496897,0.9996358704566956,0.7954771,-27.437853,14.389165,-11.229194,-19.428131,22.827030955343503,33.576565,11.675137,-8.416388,21.542072,298.3215661589876,23.100430911324903,118.32156615898762,298.594966114969,118.59496611496895,-11.857649,13.544235,254.26624,0.004450321,298.1405,1034.2605,1031.9854,10.113247,-10.852455,4.252196,-0.1877614318116135,28.784582,112.8270309553435,-12.096399,1.2763326513483628,-11.585437,39.093567,113.1004309113249,14.315383,195.24535,103729.94,289.90378,294.41968,103426.336,29.843542,-6.998214,1.4092588,219.89354370117184,1.347001167862531,1.9116761273405851,293.172578125,291.70453,199.570458984375,12.669662,11.3806,0.5467722,359.53738,2.189300615212172,291.0466796875,13.608063,0.8717633,2.3568341925942127,117.80909,293.18544189453127,1.9998484,141.422,7.677556,359.25668,6.571789093017578,103346.3225,5.483391189575196,103037.0640625,102586.696875,288.95233,1.4147977,8.597763,51.223793,102899.65,290.8949951171875,289.3696179199219,5.206726,1.9974330234527589,3.7778132,0.6078229,2.6056995,1.9915616989135745,157
91,0.99998367,17.013725,0.4908959,3.7979655,-5.0689487,-9.767161,0.0084808689601345,0.022940427,-10.873533,329.73926,15.106995,-11.529155,0.6862864,0.9894385665655137,4.552875,8.586066,84.61918545867672,12.784543,84.61070458971659,0.9994788855314256,0.837135,11.288934,4.8651524,-29.83579,-5.196449,-24.87144677721659,2.656842,19.221409,11.569105,28.937145,174.61918545867672,-24.879927646176725,354.6191854586767,174.6107045897166,354.6107045897166,-18.71487,-7.340064,256.43796,0.0036478043,293.2218,1039.5344,1032.0509,2.532225,-4.4898815,4.224098,8.668383202860118,63.817062,-114.8714467772166,-7.412945,0.3287305821899166,14.355355,10.937213,-114.87992764617672,-10.08868,196.76392,104388.75,289.9247,292.15674,103706.01,26.894213,-4.191619,-2.7284,237.47548233032217,9.106415690763336,9.176371576047115,291.44273681640624,290.27972,213.4037223815918,15.386749,15.386749,0.33980253,348.0128,9.23149097091059,290.721728515625,14.084381,1.7548015,9.389670070300204,52.811234,292.27924774169924,1.838379,149.73926,12.03906,359.71033,10.763402309417724,103697.748125,9.64488377571106,103017.973671875,102476.2421875,289.83694,1.4179546,14.084381,51.5,103149.696875,291.04956970214846,289.64456756591795,8.733461,1.809541597366333,2.9847472,0.59769416,3.175637,1.754866224527359,158
92,0.9999511,-12.29468,0.21700084,7.8578963,12.142528,-3.3654377,7.638383963464776,0.032358944,-38.370743,320.66708,-3.9633458,-0.8295446,0.7200228,0.9798115640878676,-26.115124,-4.3894863,143.7610743675425,-0.8644307,151.39945833100728,0.999333136677742,0.88752764,10.260369,-8.773355,39.48893,-0.21786615,79.2676254092271,37.23236,9.425498,3.3357205,12.936837,233.7610743675425,86.90600937269187,53.761074367542506,241.39945833100728,61.39945833100728,2.2895172,2.1268191,248.68925,0.0056791306,295.04163,1016.5761,1015.3042,-3.3380127,-10.215656,5.137582,-0.1014950367524652,48.58696,169.2676254092271,-2.0052733,0.9390748407631831,19.443539,35.113388,176.90600937269187,-12.228098,200.43343,103200.44,,,103018.92,70.50473,13.17703,3.4402001,221.64743850708,1.048840072761109,1.4949136602215936,,290.25244,205.81980667114257,13.345703,13.345703,0.57907486,359.6404,1.9506759086973295,,13.622971,0.978562,2.2045020301785274,115.939316,292.1124517822266,1.9992999,140.66708,8.212798,359.2891,7.235232238769528,103008.76,6.6903588294982885,102830.607265625,102499.351171875,288.6892,1.4637227,13.467209,51.522301,102678.33125,290.3466522216797,289.2410314941406,6.0808406,1.9974764204025268,4.270274,0.8212887,3.2129464,1.991806197166443,160
93,0.9999849,-12.450712,-5.464204,9.384111,-2.7093844,-17.48142,0.0092963541249559,0.009008054,19.084618,280.76025,-7.508727,15.699099,0.7265941,0.9951204895973204,1.2479658,13.805828,93.03858446553936,-13.366607,93.02928811141442,0.9994524431228636,0.82012063,2.5172334,11.271389,14.922084,-7.8784437,-82.26903420516442,9.087727,-8.916429,16.260723,5.030098,183.03858446553937,-82.27833055928937,3.038584465539373,183.0292881114144,3.029288111414417,12.731629,-5.9449563,212.98787,0.0030260086,296.52716,1182.2388,1178.5497,-8.516715,8.442781,4.547618,-1.1375795631025816,33.043762,-172.26903420516442,27.378119,2.8458972813677033,-25.163382,-13.826323,-172.27833055928937,-15.157969,166.8161,102767.625,290.1186,293.31177,102279.78,19.114733,-10.224344,-6.4589,188.3895782470703,2.9816976590693662,4.017675348885272,291.741884765625,291.0224,179.4294464111328,20.766525,20.766525,0.39922762,359.92676,5.599180442676005,290.5953125,15.257416,0.7091876,5.956078729815025,53.61783,292.21429443359375,1.9867879,100.76026,4.9751415,359.99338,4.7622793197631825,102002.715,4.383044433593749,101519.13875,101308.13125,289.41956,3.5980794,15.257416,52.3385,101774.3875,290.66387329101565,289.495732421875,4.021192,1.9499921321868896,1.9604594,0.4283512,5.1380625,1.8696303367614744,161
94,0.9999989,-33.186066,3.7742689,-1.771802,-21.858871,6.6720133,2.6039615076865914,0.0013879312,-4.719349,271.1375,-17.88455,17.48328,0.7122488,0.9872775614261629,-3.9780514,2.169411,218.4697284085555,24.661348,221.0736899162421,0.9997368001937866,0.8224552,2.3777564,-3.779153,-64.123375,0.6361184,-39.936177709210824,12.540106,-8.854728,-0.120703116,15.439097,308.4697284085555,-37.33221620152426,128.4697284085555,311.0736899162421,131.0736899162421,-11.032401,5.9352293,227.12227,0.00404644,292.3696,1217.6831,1212.6143,0.50903904,-5.3096275,3.671161,-2.393808736362204,-17.395088,50.06382229078915,1.3673505,2.640126397508305,-7.8491683,-19.30599,52.66778379847574,-6.1769857,184.35991,104043.75,,,103280.72,-4.368502,-16.45931,-6.99188,202.99398468017557,1.19809256540504,3.0452811203344536,,291.26312,187.33025360107425,15.821823,15.821823,0.33166617,358.8439,5.06634766285488,,13.6132965,0.70531374,5.858423520277529,49.625584,292.1023712158203,1.9978331,91.137505,4.9338846,359.96448,4.743351840972897,103124.97375,4.3756767272949215,102379.6753125,101049.87578125,289.59296,2.236585,13.6132965,52.14767,101769.675,290.7005615234375,289.8065374755859,4.0948887,1.9231526494026177,1.9306464,0.43555495,4.1810975,1.8257823467254637,162
95,0.9897192,-6.4845943,-14.467713,13.806281,1.749165,-16.998795,18.165488809309636,-0.062933534,-10.004453,230.29593,-1.7240748,-9.809123,0.7762432,0.9731297254562378,7.3983946,-6.782772,213.0742925479105,-2.7249727,231.2397813572201,0.985766851902008,0.31013203,1.6799936,14.891008,-1.6542124,-0.31869817,89.05614759785806,4.6559896,10.358134,-6.7583942,-5.3638735,303.07429254791043,-72.7783635928323,123.07429254791046,321.23978135722007,141.2397813572201,-11.81013,6.546138,270.40878,0.0008702278,291.48944,1156.6635,1154.743,-0.8526081,-5.104342,4.6356344,11.67539559728477,1.3628033,-0.943852402141971,-9.024436,1.2032838793549705,3.195956,-4.8662252,17.221636407167665,4.664904,140.25891,102567.06,,,102389.31,6.7857604,-1.7928402,-6.1451998,252.33279418945295,12.046870271377086,12.821586692385493,,287.81726,191.89968872070307,12.9565735,12.9565735,1.1967893,330.74448,12.847901471388608,,12.460815,0.75218546,12.855170309318796,52.303284,290.8576391601562,0.6220284,50.295937,6.868002,230.47714,6.859695816040039,102542.0125,6.815457916259765,102363.938125,102188.81875,285.1149,2.9054017,12.460815,52.792,102367.525,288.8452880859375,287.21467529296876,5.7764244,0.6219598603248596,4.088729,0.9594321,3.647081,0.5882512629032131,163
96,0.9992548,-12.450712,-5.464204,9.384111,-2.7093844,-17.48142,15.810104638831604,0.21311973,19.084618,354.8327,-7.508727,15.699099,0.7019191,0.9980664998292924,1.2479658,13.805828,152.4302047070238,-13.366607,168.2403093458554,0.9990171581506728,0.41608888,2.5172334,11.271389,14.922084,-7.8784437,-83.40760670913664,9.087727,-8.916429,16.260723,5.030098,242.4302047070238,-67.59750207030504,62.43020470702379,258.2403093458554,78.2403093458554,12.731629,-5.9449563,193.24617,0.0010919571,289.9873,1155.7272,1150.9884,-8.516715,8.442781,2.657893,9.861704613220034,33.043762,-173.40760670913664,27.378119,0.0904772611900973,-25.163382,-13.826323,-157.59750207030504,-15.157969,130.63033,104081.5,,,103454.52,19.114733,-10.224344,-6.4589,190.2066807556152,9.884089376010866,10.008811228375343,,286.91364,178.0487236022949,9.988556,9.988556,0.11216714,303.01163,10.0173678908454,,5.726944,2.2047381,10.019507056462912,57.111073,289.778125,0.25245532,174.83269,11.262661,356.97607,11.100958681106563,103826.680625,10.454149484634398,103202.807890625,102195.945703125,286.68158,0.28467834,5.726944,52.338501,102807.403125,288.94140625,286.8443133544922,8.0070915,0.2492809565365314,3.5136576,0.73872757,2.8067033,0.236583486944437,164
97,,25.03578,-4.7228327,30.672623,5.2950234,-2.9574797,0.2772255671608832,,11.806047,340.86206,18.472448,11.046394,,,1.8670031,3.3103642,67.39922265768291,-2.0683947,67.6764482248438,,,33.703712,-9.358269,32.63066,47.722908,3.1856123220312043,-55.31794,2.2594535,14.132055,12.711517,157.3992226576829,3.4628378891920875,337.3992226576829,157.6764482248438,337.6764482248438,6.4320393,-6.2554655,,0.0021648407,304.55225,1142.8751,1129.2095,-8.751578,2.823531,3.1729112,8.347784319871895,40.253082,-86.8143876779688,-13.760706,0.1731794841777189,17.28034,-21.70391,-86.53716211080791,-17.724813,,104001.56,,,103029.22,21.724993,18.25581,-9.8620996,,8.424356514917966,8.5772206079441,,289.13626,,7.627365,7.627365,0.6733462,,8.615948924531315,,10.474243,,8.646730126001414,,296.9537109375,1.7406046,160.86208,,350.88754,,103925.03,,102983.65,102439.071875,290.62552,0.5198509,10.474243,52.2696,103381.025,293.6999267578125,288.52032592773435,,1.7161962461471558,,,1.7961016,1.573095154762268,165
98,0.9992423,-2.6688752,22.361982,16.220573,13.007502,-1.0339038,0.0062912853332477,-0.015699375,30.761026,315.52203,-18.695452,22.247986,0.685755,0.9914373278617858,4.045542,-2.0454054,84.6574645385503,5.414036,84.65117325321705,0.9963338541984558,0.77746683,-5.0767193,-24.640478,76.44696,42.736065,-39.1291395618108,-78.938705,-12.623496,14.165279,-95.67839,174.6574645385503,-39.13543084714405,354.6574645385503,174.65117325321705,354.65117325321705,31.99188,28.230696,209.96257,0.0021514893,295.59155,936.52234,934.78076,-2.2072263,-9.762631,4.8070416,-0.4844953741963776,-135.06985,-129.1291395618108,20.187183,1.081840747734141,-32.58299,-26.098791,-129.13543084714405,0.25604758,192.95908,103319.06,290.92447,293.4834,103094.79,-73.669685,26.059828,-4.98375,205.0192584228516,0.7581489136820416,1.487866292185966,292.228994140625,289.7306,198.8934539794922,11.858948,11.858948,0.40276113,358.62537,1.6931034293002012,291.4732421875,15.102997,0.83016247,2.1160878414121265,117.47626,293.2091748046875,1.9832774,135.52202,6.665577,349.59207,6.350743598937989,103175.3875,5.30931396484375,102953.98625,102646.86875,289.7732,1.5350548,7.4570465,52.013222,102866.85,290.7617431640625,288.9463720703125,5.168266,1.94511203289032,2.827884,0.568955,2.8728516,1.827909803390503,166
99,0.9999238,7.08641,-12.642447,4.4725847,16.212854,2.8541565,4.005840888226885,-0.0015504324,-3.6189318,294.17294,-0.20639323,-1.1675574,0.7031676,0.9631512880325316,4.714943,-0.28168085,174.607192941441,-25.289143,178.61303382966787,0.9998291182518004,0.7799303,-10.834032,2.9380276,32.5061,-4.810601,25.559909285566505,6.3458347,21.93225,-15.2555065,2.3830926,264.607192941441,29.56575017379339,84.60719294144099,268.61303382966787,88.61303382966787,-11.540585,-1.278223,350.6967,0.0022435188,291.87692,1173.8512,1172.3434,3.803134,3.8747995,5.8955903,6.513048082898932,32.190163,115.5599092855665,8.933044,1.3953191776748466,10.581797,28.499842,119.5657501737934,19.682554,211.03427,103145.44,290.7688,292.17578,102999.016,20.248465,-15.521216,1.75025,268.2955722045898,8.25925609255579,8.754967878598082,291.349794921875,289.43634,210.1015106201172,12.947403,12.947403,0.34681046,358.2951,8.898676704525379,290.8482421875,17.68077,0.8211521,9.031066898777867,96.44854,291.73,1.8785541,114.17295,6.6472883,251.87927,6.519789180755615,102854.58,6.016739082336426,102709.129375,102506.6328125,289.6844,1.9095222,17.68077,52.473083,102650.76875,291.011865234375,289.19511657714844,5.8349786,1.801756582260132,3.5845962,0.7206233,3.257059,1.483545422554016,167
100,,-1.7410598,0.74151933,-7.918907,-5.000255,17.331917,7.351179194192042,,18.960041,334.85986,4.0483437,-5.180448,,,-0.69706523,-3.2038379,231.5314847615053,10.568996,238.88266395569735,,,-19.486452,6.288357,1.3486276,-20.6632,5.977199325552647,37.251354,-4.1580157,8.883541,1.8340223,321.53148476150534,13.32837851974466,141.5314847615053,328.88266395569735,148.88266395569735,7.2498846,-13.368196,,0.0017957687,299.77777,1332.5033,1319.2993,3.1087,9.122234,2.9222195,8.221088102753663,12.16612,95.97719932555265,5.197357,0.5356688375794775,3.543253,30.601843,103.32837851974466,5.3350415,,104755.44,,,103795.36,6.3731003,5.28821,1.301639,,8.570452859450452,8.75434397706513,,290.99945,,7.358444,7.358444,0.2678871,,8.938974583108852,,8.27858,,9.110558355502492,,297.02896881103516,1.9996785,154.85985,,359.5887,,104321.65625,,103350.17578125,102671.23828125,293.4028,0.4533177,8.27858,52.934194,103592.734375,294.92919921875,290.7960891723633,,1.996624171733856,,,1.9464751,1.9556367695331571,168
101,0.99997467,74.437584,11.825065,-7.1702724,-7.912611,7.6762767,0.0062454896949475,-0.008951304,-35.728874,291.8795,-21.535482,-46.14184,0.7282297,0.9924566894769667,-20.035217,-8.42273,96.88975345645572,-20.292557,96.88350796676076,0.999162131547928,0.8010769,-2.0083601,-21.628828,-8.336521,19.01503,-75.00402188277639,28.287167,-17.022228,-7.0388694,17.46881,186.8897534564557,-75.01026737247133,6.889753456455708,186.88350796676076,6.88350796676076,18.67174,-7.8395014,273.93387,0.0050644875,294.47205,1105.7941,1106.0015,-5.412995,-4.7819476,6.850946,-0.9569847586001552,-33.227894,-165.0040218827764,53.11126,1.3197101237806348,-3.2956698,76.303566,-165.01026737247133,9.831624,198.72363,104061.125,290.0389,293.79395,104082.13,51.400364,3.6247175,4.74499,228.80806060791016,0.6478119409549583,1.3876697858345202,292.2144287109375,291.66855,202.5593452453613,18.85353,18.85353,0.34686807,359.33136,2.03543988017715,291.1880737304688,16.967514,1.1992716,2.397477491511209,69.186554,292.142021484375,1.9700723,111.87948,9.500584,351.93243,8.342715911865234,103201.156875,7.634105110168456,103221.5625,102393.93125,289.2136,4.1649685,13.828384,52.964357,102373.0875,290.2218933105469,289.43457763671876,7.121594,1.8082263481616976,5.912299,1.1413354,3.9844446,1.527755182981491,170
102,0.9999945,16.30152,14.889903,0.19207025,14.951336,1.2206792,0.9366061973073272,0.035323028,-11.643763,294.30524,-20.540579,-23.771307,0.70022255,0.9775534033775328,0.6962815,0.15019055,253.15678435963588,-33.732773,252.22017816232855,0.9989742815494538,0.804655,-1.607342,-12.314495,-1.5389212,3.7998083,-47.91494134592233,31.155212,-6.066051,-7.6634116,9.311012,343.1567843596359,-48.85154754322963,163.15678435963588,342.2201781623286,162.22017816232855,-5.1066713,-1.3613447,212.8027,0.0038843155,293.00967,1053.907,1054.0223,-4.5757723,-0.17583619,4.9053283,-0.549600613628453,26.213875,42.0850586540777,2.4996157,1.423839270179321,6.8992457,70.55994,41.14845245677037,11.673361,193.19969,103288.75,,,103304.25,26.535614,7.7018814,4.554823,205.4018243408203,1.4003476091191749,1.9977735625621469,,289.86032,197.78476943969724,15.374084,15.374084,0.43345708,355.39032,2.5405801749453265,,12.781235,1.1860336,2.797083227342097,42.690117,291.76829406738284,1.9973274,114.305244,9.662767,230.00156,8.970897521972656,102745.846875,8.315899038314818,102761.107265625,102103.575390625,288.36185,3.663872,12.781235,52.462323,102088.475,289.6550598144531,289.4669201660156,7.7731104,1.98956530213356,4.4608493,0.83771014,3.4750934,1.9545620799064636,172
103,1.0,4.2031817,15.779092,2.4079263,-4.602648,1.060019,0.2879389332999835,-0.03788767,-0.9986647,305.38702,14.336921,-0.6242549,0.6927086,0.981711533665657,0.20148133,-2.1900907,300.38457975009675,19.578222,300.67251868339673,0.9943549889326097,0.8128641,-0.4039701,-12.593983,-3.220793,4.9292603,-85.28549475761548,35.397015,-10.303994,0.894105,7.616894,30.384579750096748,-84.9975558243155,210.38457975009675,30.67251868339673,210.67251868339673,3.8657691,-6.840388,263.78943,0.002565384,292.7669,1296.2405,1296.4628,-4.828116,0.47340497,4.159552,0.4418315260374844,21.20731,4.714505242384519,-1.3494037,1.3445087202842918,3.83445,71.33034,5.002444175684502,8.907861,201.96434,103779.875,,,103796.16,34.86176,3.8025963,4.60506,227.52056076049803,0.8992534953152692,1.696714737500499,,288.94397,200.75424041748047,15.374084,15.374084,0.43329948,356.56467,1.8790628773668432,,12.887878,1.3354667,1.914510177064483,63.942493,291.5467083740234,2.557372,125.38701,8.503976,355.27716,8.468087100982666,103657.63125,8.18143253326416,103673.80234375,103031.711328125,287.74594,2.3570628,7.4964447,52.467249,103015.275,288.9944274902344,288.64827911376955,7.4371767,2.4662145733833314,4.435692,1.0439934,3.762868,2.276324880123138,173
104,0.9999924,-7.1097164,9.33534,-4.8018327,-20.700191,8.640285,5.072313146475381,0.040135078,3.465045,296.03903,-17.184984,17.252087,0.695909,0.9843568563461302,0.247616,10.817316,294.0476712086603,-27.38227,288.9753580621849,0.999462459087372,0.82166046,-0.41929483,-21.75415,-12.759524,19.216112,-82.93632607976303,32.97476,-12.907748,-1.6788375,22.392542,24.04767120866029,-88.00863922623842,204.0476712086603,18.97535806218491,198.9753580621849,5.454565,3.830656,214.53897,0.002450943,293.00967,954.0964,954.2095,-4.670082,-8.5637455,4.4703174,-0.4743768648223106,33.666466,7.063673920236965,-8.576212,1.0650458237701674,-21.095398,80.7219,1.9913607737615848,8.62498,196.1452,102763.06,,,102778.53,54.600674,-10.304187,4.792286,207.69957763671871,1.02891409679892,1.462757387576698,,289.4427,201.0723159790039,15.852402,15.852402,0.4120909,350.22427,1.6487126222678965,,13.203781,1.2045715,1.7361375613367511,41.55105,290.8421313476562,1.9863707,116.03904,10.297004,205.37729,9.11730920791626,102628.995,8.337539958953856,102643.84953125,102105.65859375,288.1307,2.3497727,8.232956,52.934137,102090.375,289.3001312255859,288.0695324707031,7.916929,1.9426933622360223,4.749682,0.80841374,3.0990388,1.8575134873390196,174
105,0.9996592,17.145481,11.291622,3.8618057,19.788113,0.9310775,0.0058595493084112,-0.1008651,-13.899036,297.16852,-3.199041,-22.486734,0.68720174,0.9853234946727752,5.424827,-2.2347865,123.0247387953434,-11.221016,123.018879246035,0.9993088012933732,0.7493798,-5.6108913,-19.837831,10.064057,14.903703,84.14963882037125,32.505234,-1.6651459,-10.381539,12.242258,213.0247387953434,84.14377927106284,33.02473879534341,213.018879246035,33.018879246035,-5.49895,-0.087467104,205.99101,0.0018510818,291.68744,1261.8278,1261.6215,-2.862085,5.834986,5.113687,-0.3633826547851647,34.60111,174.14963882037125,6.6370635,1.260310126967502,0.31448787,70.04711,174.14377927106284,3.6115515,189.49425,103290.19,,,103272.66,27.976772,-6.2180915,4.649702,205.3552009582519,1.2466185620185248,1.851838431870984,,290.2677,194.67068481445312,16.524612,16.524612,0.43509448,351.58408,2.086650167580108,,14.945221,1.199049,2.105765036556672,29.606213,291.63509857177735,1.9966927,117.16853,9.039787,219.72581,8.682428798675534,103201.3125,7.9060815334320065,103183.997265625,102253.92890625,287.42374,3.468248,10.935516,52.772657,102271.51875,288.5386260986328,287.2698083496094,7.375768,1.9615362501144409,3.7776284,0.84374446,4.1088204,1.8543354988098144,175
106,0.9998231,2.389752,13.592055,-1.6249329,2.5417836,2.2488935,7.637026266715452,-0.01856693,-25.194881,292.72006,-37.34648,10.080745,0.70565665,0.989624398946762,-24.94853,-5.589698,258.50273882735695,-16.706442,266.1397650940724,0.9994078266620636,0.8326623,-3.9339523,-11.825335,3.076186,3.5742526,-63.41970283821303,28.554918,-5.685286,-12.761189,6.808487,348.50273882735695,-55.782676571497575,168.50273882735695,356.1397650940724,176.1397650940724,1.5319318,8.001529,230.93372,0.0057344437,292.2141,1068.1234,1068.0653,-4.3815393,0.7606931,6.0313454,-0.3121615730850963,-9.256685,26.580297161786973,46.373436,0.8144975852987189,-7.1765113,69.59639,34.217323428502425,13.282594,193.64174,103171.44,290.94366,293.40942,103171.43,26.112759,-33.382076,4.51759573,210.5864007568358,0.8026519040748157,1.2363389481965037,292.94958251953125,289.55005,196.5100059509277,19.423782,19.423782,0.41712415,352.6205,1.4389747103824817,291.7589477539062,15.521912,1.136618,1.584043773312773,40.54078,290.8350405883789,1.9752359,112.72006,9.537047,207.41075,9.03849082946777,102428.796875,8.183556175231933,102428.56203125,102054.5171875,288.37247,6.0045714,12.864319,52.46394337,102055.25625,289.2231384277344,287.7604064941406,7.757966,1.955076249837875,4.440846,0.8315954,3.9078453,1.862794017791748,178
107,0.99996275,17.145481,11.291622,3.8618057,19.788113,0.9310775,1.6394565386866589,0.020331044,-13.899036,298.87122,-3.199041,-22.486734,0.7477445,0.9975299715995788,5.424827,-2.2347865,9.26078851614966,-11.221016,10.90024505483632,0.999607412815094,0.86714846,-5.6108913,-19.837831,10.064057,14.903703,17.97097076547618,32.505234,-1.6651459,-10.381539,12.242258,99.26078851614966,19.61042730416284,279.26078851614966,100.90024505483632,280.9002450548363,-5.49895,-0.087467104,241.4507,0.0028276443,291.68018,1164.4807,1164.6057,-2.862085,5.834986,4.082245,-0.5632898155497709,34.60111,-72.02902923452382,6.6370635,1.2193616222087973,0.31448787,70.04711,-70.38957269583716,3.6115515,197.63048,103076.25,,,103091.555,27.976772,-6.2180915,4.64970234,228.8922265624998,0.8153795788223288,1.7421051660999267,,288.76822,199.5511169433594,17.81215,17.81215,0.43738827,350.99533,2.0855635081351216,,10.686783,1.233502,2.2164602433175316,54.235985,290.78703857421874,1.9978113,118.87123,9.111467,326.71823,8.84507568359375,102446.0625,8.258238220214844,102461.086875,102030.753125,287.28207,1.9205939,8.086395,52.77265954,102015.5875,288.18499145507815,287.684482421875,7.902215,1.9850770092010497,4.260486,0.88459194,3.3671534,1.8909452438354493,179
108,0.99930423,-1.7410598,0.74151933,-7.918907,-5.000255,17.331917,9.75591012426412,0.01935472,18.960041,295.83975,4.0483437,-5.180448,0.70303696,0.9843388825654984,-0.69706523,-3.2038379,86.72783365464238,10.568996,76.97192353037826,0.9991411346197128,0.8264606,-19.486452,6.288357,1.3486276,-20.6632,-51.13217133311264,37.251354,-4.1580157,8.883541,1.8340223,176.72783365464238,-60.88808145737676,356.7278336546424,166.97192353037826,346.97192353037826,7.2498846,-13.368196,222.80557,0.0015211105,290.94434,1241.0818,1241.0656,3.1087,9.122234,5.404878,-0.0724815221542517,12.16612,-141.13217133311264,5.197357,0.9639593087676858,3.543253,30.601843,-150.88808145737676,5.3350415,180.40631,103305.75,289.2647,291.57373,103305.25,6.3731003,5.28821,1.3,203.0140853881836,0.854930330797177,1.3673253000720578,291.5372607421875,289.09625,196.73985214233397,17.63527,17.63527,0.42622864,352.30173,1.5070072490507465,290.8875732421875,15.521912,1.1359003,1.595894053533824,29.111416,290.74958404541013,1.998349,115.839745,9.037102,294.2143,8.360833644866943,103212.3875,8.171448230743408,103211.90265625,101924.55,287.37805,6.0045714,12.864319,52.9333,101925.178125,289.3235687255859,288.8938632202148,7.605945,1.9943290853500368,4.2856317,0.95460767,4.1835327,1.7682437479496,180
109,0.9999909,7.58973,22.76384,16.165049,15.89468,-1.2169158,0.0063029206111764,-0.025116915,17.60108,293.32172,-26.793606,28.991035,0.69164914,0.993539947271347,-4.336777,-5.6431766,72.01153109491929,-3.6203861,72.00522817430812,0.9998307782411576,0.81923777,-6.047829,-24.988836,85.96277,43.00035,-48.683511865714365,-79.82204,-14.988938,8.565084,-100.30961,162.0115310949193,-48.68981478632554,342.0115310949193,162.00522817430812,342.0052281743081,37.20442,29.820482,243.36267,0.005030155,292.44913,1086.5117,1086.3616,-2.3410006,-9.154041,5.489122,-0.5313870133995984,-157.47034,-138.68351186571437,26.940756,1.1246975256119398,-35.184975,-27.031223,-138.68981478632554,0.40482798,194.24695,103967.125,,,103950.125,-78.116684,27.085463,-4.9833298,210.0871290588379,0.952543125910266,1.507287341645509,,290.2677,198.97205505371093,16.524612,16.524612,0.40517887,356.97052,1.7950899255026969,,13.235321,1.2894709,2.259731784560161,35.992817,291.7014910888672,1.9929413,113.32173,9.50859,234.87491,9.033455877304077,103125.08125,7.93517894744873,103107.529140625,102139.14140625,288.66455,3.468248,12.153946,52.016701,102156.540625,289.87904357910156,289.5446856689453,7.6992884,1.9677946496009824,3.9469333,0.80740136,3.558154,1.7675171256065367,181
110,0.9991361,-13.835029,4.9185257,-5.510894,-10.049837,-11.92967,1.6977674972137606,-0.03844207,8.835676,299.80713,10.812946,18.828434,0.70169485,0.9652374386787412,0.047586005,-2.4739206,120.9702694103554,15.64666,122.66803690756916,0.9967767190933228,0.86184275,9.656545,20.995932,12.182416,-15.766193,87.13909199868084,10.092195,3.7363756,13.2479925,1.832595,210.9702694103554,88.8368594958946,30.9702694103554,212.66803690756916,32.66803690756916,5.561197,-4.8969007,222.80557,0.0022969246,290.41534,1246.202,1246.223,0.70171875,-8.045194,5.244834,-0.073254395039234,12.700134,177.13909199868084,-22.055153,1.0663251233272857,24.785381,28.65766,178.8368594958946,0.104540825,189.8467,103305.75,289.78946,291.53613,103305.25,19.217165,7.275311,-4.03333,204.80277465820296,1.017894499557995,1.4631735223956055,291.5328515625,286.72595,193.68268737792968,17.69899,17.69899,0.44549483,353.10266,1.7316792983021243,290.88818359375,15.521912,1.0971632,1.8420605222541653,26.861235,290.17704345703123,1.9796901,119.80714,9.037102,232.58005,8.533517761230465,103185.45,8.196640205383298,103185.19,102062.2,287.39426,6.0045714,12.864319,52.716702,102062.65,288.68291015625,286.5049072265625,7.8013234,1.9755395317077635,4.267398,0.916322,4.4698296,1.8483579158782957,183
111,0.9999691,3.141929,19.17078,16.583109,-9.399187,-0.8542951,2.7223233410207968,0.0052992264,-1.8177224,293.5621,-5.5981193,3.5769682,0.6926829,0.9894360065460204,-0.68532217,4.0131874,292.35289888561675,-1.9420118,295.07522222663755,0.9989445054531098,0.82052016,-1.9456336,143.16713,-4.5356207,-103.120804,88.48688104484683,-163.57741,-42.872196,24.550222,-39.747925,22.352898885616753,-88.79079561413238,202.35289888561675,25.07522222663755,205.07522222663755,-0.5566593,-46.719707,246.47668,0.0060043335,293.24417,1095.3175,1095.4365,-115.88502,22.033226,4.6761093,-0.5968344486969669,11.342936,-1.5131189551531747,1.4840275,1.343530170822416,25.203241,-96.649,1.209204385867622,10.396328,197.02425,102716.125,,,102731.234,-19.825588,4.136895,-5.6691999,226.22748413085944,1.2464622187298928,1.6878532587405728,,290.57455,199.8954635620117,19.24466,19.24466,0.42689982,352.30173,2.0227201022194374,,13.074417,1.2227151,2.1954755193658553,41.757034,291.41167602539065,1.9987097,113.5621,10.123075,236.41269,9.092337074279788,102443.08125,8.351393127441407,102458.8590625,101951.096875,288.1061,5.213664,9.75499,54.665001,101935.7375,288.89385681152345,287.9920751953125,7.9472613,1.981761362552643,4.994605,0.8756736,3.464741,1.9310033202171328,194
112,0.99991405,-6.0094247,-13.173315,15.991117,-13.620616,10.907804,0.5395381392378908,-0.06690387,19.753792,287.62817,3.4526627,12.666307,0.7165299,0.9799979567527772,26.02134,-1.3802408,55.79026491659869,8.12016,56.32980305583658,0.9993828904628752,0.7897596,-2.5211694,-11.323632,-34.66947,28.675346,-38.70162922771158,-17.174322,-3.3973253,-6.142865,6.6863832,145.7902649165987,-38.16209108847369,325.7902649165987,146.32980305583658,326.3298030558366,-4.6797,-3.2430289,268.31384,0.0035762787,295.1123,1100.0182,1099.9976,-0.85167897,5.677095,6.2703695,-0.1875570522243862,-15.326337,-128.70162922771158,16.268883,0.700050882588056,-7.798121,-12.649092,-128.1620910884737,5.4798346,197.57944,103171.44,290.86868,294.3108,103171.43,-9.854986,-17.83879,-8.3949003,248.82744506835948,0.6655128858054722,1.0601864100126976,293.2014428710938,291.9632,198.3501754760742,19.423782,19.423782,0.38010105,352.6205,1.15776357186191,292.159228515625,15.521912,1.2557954,1.255619224446706,46.82673,292.1999719238281,1.9407182,107.62817,9.652313,335.54547,8.90825743675232,102813.588125,8.177554655075074,102813.0915625,102115.8640625,288.88815,6.0045714,12.864319,54.636398,102116.06875,290.10815582275393,289.00424926757813,7.58259,1.8861211800575255,4.384242,0.88358253,3.9938295,1.6531370043754576,195
113,0.9999871,-45.467228,10.650291,-32.078266,11.461428,0.9698359,0.5289675013591477,0.019580398,35.480015,297.78485,1.0558625,-2.4761715,0.6692217,0.9848113507032394,3.1282763,29.573357,73.68350569221246,-8.689598,73.15453819085332,0.9932127755880356,0.8833125,11.968571,-22.446035,60.51576,47.341198,-45.369687116634566,-125.666595,22.956224,24.251053,-106.39937,163.68350569221246,-45.898654617993714,343.68350569221246,163.15453819085332,343.1545381908533,4.0200224,60.98108,277.14203,0.0016188622,291.09518,1034.7062,1034.8495,0.8500409,-6.0873203,4.249044,-0.0268420782874717,-71.81241,-135.36968711663457,-0.24564408,0.0813232310245123,-81.82453,-71.07962,-135.8986546179937,-6.344794,220.60098,103167.94,,,103183.875,-71.61825,-4.950535,-8.4956198,267.4281015014649,0.0782225787606119,0.1449909038637212,,285.71442,245.8542411804199,12.787064,12.787064,0.17334488,354.537,0.1615945415289978,,10.192398,1.0129278,0.1634146626257316,27.88566,290.2731771850586,0.7779682,117.784836,8.400485,351.2803,8.329259300231934,103163.236875,7.887366485595702,103179.018046875,102536.5953125,286.69473,0.93185633,8.506241,54.989601,102520.7375,289.1384216308594,285.16566772460936,7.5802817,0.7515374594926835,3.718182,0.6936356,2.7376306,0.7062294363975524,196
114,0.99978435,-9.176176,21.545662,-19.650362,-18.99892,10.285158,10.341988793630035,-0.014107744,27.186947,291.54706,-23.232777,14.74898,0.63393676,0.9789192497730256,-5.8429193,49.87707,101.99304114699294,-20.169695,91.6510523533629,0.9992697256803512,0.71215236,2.58135,4.9656577,68.080894,16.264828,-70.10399424789415,-202.4531,14.383658,76.19039,-130.9882,191.99304114699297,-80.44598304152419,11.993041146992937,181.6510523533629,1.6510523533628998,17.2528,23.76929,209.12201,0.0031170845,289.8548,1209.3868,1209.5708,26.015154,-31.844145,4.5168486,-0.2282512653150578,-74.38972,-160.10399424789415,-6.9823017,0.788257368167649,-35.272995,-97.904495,-170.4459830415242,-6.174046,195.3429,103288.75,,,103304.25,-78.67254,19.348019,-9.8900003,208.75035552978517,0.983914856779602,1.1594165693721965,,287.3934,196.19428100585935,15.757034,15.757034,0.42679903,336.18488,1.3046123983434073,,11.615768,1.1761003,1.3050262964382646,40.04658,289.84076599121096,1.990029,111.547066,8.58671,336.36774,8.514760341644287,102561.735,7.933980894088745,102577.727578125,101973.58125,287.36417,3.663872,11.306702,54.252998,101957.69375,288.80081329345705,286.9385073852539,7.706238,1.983107069730759,4.1248903,0.8710405,3.2345417,1.916202437877655,197
115,0.9999845,12.186046,-4.0887666,-10.746182,5.130594,9.765037,1.1042516982217307,0.009419316,46.245792,300.1334,55.523125,-47.27225,0.69474024,0.9667370438575744,-2.6660466,-49.804695,7.004784215282541,63.509247,8.109035913504272,0.9996803283691408,0.8338103,-6.6283374,45.61368,82.684875,-32.555866,22.024356420480103,-83.19445,35.003475,14.26442,-129.42873,97.00478421528254,23.12860811870183,277.00478421528254,98.10903591350429,278.1090359135043,15.772513,-36.252445,288.5889,0.0019936562,292.75067,968.2029,968.2943,30.640875,10.335293,4.420747,-0.0228680397642449,-139.8347,-67.9756435795199,20.592743,0.0994144737928389,42.118973,-39.13712,-66.87139188129817,0.6867841,227.52504,103190.5,,,103206.74,-98.177765,32.541904,-0.614694,277.69550598144536,0.0747476387546346,0.1314355430936893,,291.17,235.79533386230463,13.838318,13.838318,0.23895065,355.52576,0.1840273427733789,,13.203781,1.1753644,0.2116579591205971,57.15622,290.61223876953125,1.0301131,120.133385,10.297004,359.89368,8.749059391021731,102924.6075,8.144976615905762,102940.66125,102499.8578125,287.96414,1.2944226,11.309204,54.49,102484.5375,289.1282470703125,288.65570861816406,7.489437,1.0061927700042723,4.38537,0.75537694,2.8450472,0.9576522231101988,200
116,0.99986446,4.029071,-4.348919,-11.118036,5.7291436,9.911452,6.85999209453513,0.006810477,48.87813,291.99966,59.801716,-56.659584,0.7091319,0.9872738420963288,-4.57978,-46.6589,56.91074116202242,61.737373,63.77073325655755,0.9991953599452972,0.8370426,-6.5440984,45.70366,68.132484,-32.483105,-41.77106894991692,-82.163895,34.004223,18.801115,-123.88422,146.91074116202242,-34.91107685538179,326.9107411620224,153.77073325655755,333.77073325655755,10.970128,-41.868996,258.81836,0.0025353432,293.452,1121.9048,1121.9388,29.682505,13.177265,5.680713,-0.1365491165084024,-112.48518,-131.77106894991692,23.218428,0.5720000236355893,39.773556,-38.4734,-124.9110768553818,0.52609354,194.45692,102875.75,290.69336,292.84668,102880.25,-93.08084,34.75931,-0.61462,208.4260333251953,0.6506555652389533,0.8966836716578658,291.9431005859375,290.0932,197.2192260742187,20.345215,20.345215,0.3892881,346.77362,1.0461574225178625,291.2244140625,15.544266,1.2056735,1.1102951549218243,41.90331,291.19538818359376,1.9885737,111.99967,9.652313,222.31908,8.981338424682617,102573.49875,8.206641101837159,102577.33796875,102071.42578125,288.68857,6.6531596,13.565491,54.48862,102067.35,289.6227172851562,288.0848699951172,7.8248577,1.949064464569092,4.994605,0.8777556,3.925386,1.6848964810371396,203
117,0.9999036,-1.2784771,8.721923,10.551065,-1.420777,-5.947173,8.205348184623233,-0.019607734,3.3550873,302.35516,2.625794,-3.2506268,0.68506193,0.979183542728424,-1.2304595,2.2414908,149.7803720467587,-1.1109406,157.98572023138195,0.9969364285469056,0.79027724,-5.231689,-2.560714,-2.7721162,12.094004,54.3694433428368,8.004376,2.692952,0.9050092,3.620511,239.7803720467587,62.57479152746003,59.780372046758714,247.98572023138195,67.98572023138195,-1.1890743,3.0193243,204.05266,0.0022969246,291.48956,1219.8339,1219.9231,-3.0722492,-1.6636279,5.4460144,-0.3827424326989022,4.8319383,144.3694433428368,-0.54928505,1.1594696024918385,-2.7835612,14.794343,152.57479152746004,3.8942358,186.42596,103305.75,289.1623,291.57373,103305.25,2.61224,-1.228554,9.433011,201.8698620605469,0.9198000893105795,1.48823530173109,291.539140625,289.65704,192.74619140625,17.63527,17.63527,0.45011145,353.10266,1.6157619856102288,290.890625,15.521912,1.1498579,1.885092082273609,28.537048,290.50128173828125,1.9984154,122.355156,9.037102,232.58005,8.554500427246094,103217.2,8.292109107971191,103216.714375,101935.396875,286.8248,6.0045714,12.864319,54.79504891,101936.025,288.857080078125,286.960439453125,7.7838826,1.9831933498382568,4.2856317,0.9206665,4.4420075,1.8415752887725825,205
118,0.99996275,-11.394371,-7.7034874,-5.9050126,-5.09499,-3.1693745,9.957235676401751,0.08174758,-15.317938,294.93405,-21.813623,6.229442,0.72771364,0.9978561401367188,-13.172885,-5.693196,355.52250881352336,-5.0383525,345.5652731371216,0.999734230041504,0.81916356,5.517497,9.063185,22.604845,-11.504189,39.36877837655027,42.022602,-13.038692,6.624007,2.7944696,85.52250881352336,29.411542700148516,265.52250881352336,75.56527313712161,255.5652731371216,13.3345785,-5.7097974,241.4507,0.0028276443,291.76776,1225.2843,1225.413,10.517342,-4.8062496,4.191106,-0.1373650138095347,31.984024,-50.63122162344973,-19.322374,1.3018674733860305,21.00572,78.16365,-60.58845729985149,14.192243,191.61288,103288.75,,,103304.25,67.531845,18.399662,8.38492638,201.8114697265625,1.160765801376985,1.9128445098489868,,288.76822,196.29153442382812,17.81215,17.81215,0.47106716,352.30173,2.0801783779484375,,11.615768,1.1477715,2.124965745787336,27.009289,291.5061962890625,1.9937457,114.93405,8.613035,230.00156,8.49690502166748,103268.2675,8.170565795898437,103283.7140625,102018.7703125,286.81873,3.4177299,8.693375,54.63344017,102003.425,288.1925415039062,286.599267578125,7.7582183,1.9735806608200073,4.446432,0.9245163,3.6241496,1.9074885606765744,208
119,0.99994797,-2.1887324,-3.6663606,-17.368336,-7.5041804,-14.92075,9.80865519249653,0.009261841,2.2496011,290.64078,17.85187,9.919686,0.7037288,0.9768461972475052,-4.328347,-5.073898,71.41264529350053,26.753933,61.603990101004,0.9980652487277984,0.786101,0.23828991,19.242428,-6.065497,-20.482464,-40.963212513113376,29.24959,-0.6518927,-4.404749,14.626971,161.41264529350053,-50.77186770560991,341.41264529350053,151.603990101004,331.603990101004,-3.1741214,0.23935612,266.70636,0.0029740334,292.234,1027.6699,1027.7733,9.269556,-2.0493433,4.8601108,-0.3188112755674602,34.309586,-130.96321251311338,-8.8357,1.0534455056135834,17.848557,61.210403,-140.7718677056099,7.8999963,203.62924,103895.56,,,103911.02,45.694878,-18.469385,8.70305048,243.66675292968756,1.2215812621520528,1.4583587696920102,,289.5894,203.9306457519531,14.988922,14.988922,0.42748463,352.6205,1.627153010686767,,13.074417,1.2094365,1.7209007916550596,36.650898,291.3550836181641,1.9998726,110.640785,10.123075,189.73071,9.038768796920778,103035.77375,8.291400480270385,103051.17703125,102251.92578125,288.39456,1.6535852,9.457397,54.50258302,102236.796875,289.24747772216796,288.45080810546875,7.838625,1.9901672768592835,4.5167904,0.8369667,3.131203,1.7850137770175931,209
120,0.99998635,-9.178088,4.3981633,3.6764858,1.4997104,-4.4633465,7.735279740179976,0.02884971,-8.201402,345.99622,1.3702545,-0.07543159,0.6798831,0.9853473544120788,3.2582421,-4.7064204,92.86506642191092,11.047293,85.12978668173093,0.9989751237630844,0.82202816,-4.8685637,-11.945065,0.962092,6.71173,-9.133570861418434,17.344933,3.8172507,-1.487738,-0.33544725,182.8650664219109,-16.86885060159841,2.8650664219109103,175.12978668173093,355.12978668173093,-2.753054,0.38509476,333.42343,0.005355835,305.30896,1063.8346,1063.9625,8.4018955,-2.3733203,3.7812274,-0.2549698126400238,-0.3381625,-99.13357086141843,-9.547267,0.3705213664323399,3.6597338,13.2756405,-106.8688506015984,-3.096129,214.26282,104180.06,,,104195.734,-0.44985947,4.107932,9.83599307,274.39396026611325,-0.1753964533591868,0.3639063730643532,,291.57562,234.8927162170408,14.264694,14.264694,0.58741874,359.4284,0.4073516384475186,,12.506866,1.287243,0.4330574444053294,119.348,293.5163632202148,1.9936765,165.99622,9.531974,353.7629,9.041504907608031,103663.6475,7.141599845886226,103679.448125,103073.64296875,289.72702,3.663872,11.306702,54.47470223,103057.85625,290.3386566162109,289.4382778930664,6.628309,1.957608779668808,4.4608493,0.8026713,2.8013687,1.8886114716529845,210
121,0.9978541,11.300275,4.2080345,-19.530441,1.1983917,-5.315541,2.267725567803609,-0.08307567,-10.158115,296.31165,6.000586,-1.9138712,0.7071435,0.9706125110387802,-6.1082554,2.073348,305.68729477474625,20.540081,307.95502034254986,0.9924983948469162,0.8962445,3.1186347,10.367123,-4.5302234,-6.014666,78.35662516526264,18.319408,7.3221793,0.95105976,43.11844,35.68729477474625,80.62435073306625,215.68729477474625,37.95502034254986,217.95502034254983,-2.9386709,5.9737387,293.70645,0.0015029907,289.36188,939.0498,939.1444,0.9195645,-1.6575942,4.1320486,-0.0330561774501988,47.127567,-11.643374834737358,-14.407288,0.0819563378936765,-0.18085456,47.747334,-9.375649266933747,6.076811,230.74084,102919.25,,,102934.66,46.81738,6.6396637,8.95122149,282.5638534545898,0.0783949134505012,0.1055370079491377,,287.23822,238.0426132202148,12.486832,12.486832,0.15966523,358.583,0.1528352712257802,,11.309204,0.9525181,0.1797904466118729,44.640255,289.239833984375,0.78987557,116.31163,8.746711,345.63193,8.444675607681274,102864.5825,7.949245500564574,102879.99390625,102480.00546875,286.97305,1.2247641,11.309204,54.31632455,102464.428125,288.3192169189453,286.4840374755859,7.48179,0.7696117126941678,3.63143,0.6770959,2.654761,0.7377088636159896,216
122,0.9987372,5.6811013,4.175469,-17.510239,2.723696,-6.5781503,0.0147195777185515,-0.05951538,20.609919,294.7088,6.7150917,15.617054,0.7160198,0.98067307472229,7.6439576,-6.473226,83.79954097294058,-7.986623,83.78482139522202,0.9959657251834868,0.8174719,10.33331,9.249085,30.78766,-13.294479,-59.076020125690775,25.472887,13.199418,-6.914849,29.898348,173.79954097294058,-59.09073970340933,353.7995409729406,173.78482139522202,353.784821395222,12.1182785,6.064385,255.30235,0.0035276413,292.15225,968.5918,968.57074,12.663495,-0.6165068,5.966946,-0.4503968188247154,22.048355,-149.07602012569075,14.541937,0.8144397230837336,2.0529766,52.558537,-149.09073970340933,4.424567,197.65788,103042.44,291.65454,294.3108,103042.09,33.329403,-19.224836,8.842,210.9168823242187,0.7019020538702905,1.1932047458101973,293.2637451171875,289.72028,200.79724884033203,16.089294,16.089294,0.40437517,354.38196,1.35372823207837,292.310302734375,15.149689,1.2757947,1.5347038233173966,36.701324,291.2397155761719,1.9889386,114.70881,9.909851,207.41075,8.986752796173091,102926.08125,8.281454086303711,102925.33125,102291.625,289.12653,2.6212897,10.288452,54.265999,102292.0,290.0846862792969,288.77741088867185,7.9179277,1.9507703304290769,4.5200763,0.84244335,3.6994886,1.7587686777114868,226
123,0.9997474,-1.2784771,8.721923,10.551065,-1.420777,-5.947173,0.0145395188073962,-0.08728186,3.3550873,291.08884,2.625794,-3.2506268,0.6989301,0.9820399701595306,-1.2304595,2.2414908,83.79958369308895,-1.1109406,83.78504417428155,0.9962868809700012,0.8340727,-5.231689,-2.560714,-2.7721162,12.094004,-62.69620750435968,8.004376,2.692952,0.9050092,3.620511,173.79958369308895,-62.71074702316707,353.79958369308895,173.78504417428155,353.78504417428155,-1.1890743,3.0193243,223.02907,0.0057344437,292.15225,1019.8423,1019.825,-3.0722492,-1.6636279,6.2458334,-0.358703573392733,4.8319383,-152.69620750435968,-0.54928505,0.9674150384370146,-2.7835612,14.794343,-152.71074702316707,3.8942358,194.32368,102996.75,291.104,293.40942,102996.1,2.61224,-1.228554,9.434,210.85331359863284,0.8729564715675798,1.4476042074164106,293.0356103515625,289.6076,198.52855987548827,17.476212,17.476212,0.41811588,352.6205,1.6527572500126526,292.0422607421875,15.149689,1.2675996,1.6941963384942094,47.844627,290.88281188964845,1.9916621,111.08883,9.909851,207.41075,9.55418843269348,102726.72875,8.289889764785766,102726.148359375,102183.043359375,288.77432,2.8749247,12.365829,54.796001,102184.009375,290.0021453857422,287.82744232177737,7.8511086,1.9688001668453217,4.5200763,0.84186786,3.6649225,1.8362826704978936,227
124,0.9999691,-17.55712,-92.80021,28.906843,-17.561754,28.609415,14.208233921563988,0.03205721,14.283229,292.8275,-3.1432607,12.372209,0.6780711,0.9866017878055572,-13.48884,-6.570438,64.46061297459198,19.810894,50.252379053027994,0.9999133771657944,0.85956746,-54.99216,37.80717,-56.39682,-13.691025,-27.424864404590497,4.8285875,-6.221488,4.392892,31.865595,154.46061297459198,-41.63309832615448,334.460612974592,140.252379053028,320.252379053028,-8.414605,3.682175,266.70636,0.0036611557,293.00967,1080.4221,1080.5084,10.071369,1.8345916,4.796602,-0.4973198728135212,-22.90905,-117.4248644045905,-1.9305944,0.9327144748302292,10.436409,-89.5491,-131.63309832615448,12.747394,197.00131,103277.375,,,103293.195,-38.53117,4.7057557,-6.189917,211.85333206176756,0.3894736765329344,1.2054681542371382,,289.6953,200.8602760314941,15.480972,15.480972,0.43004027,352.30173,1.4688177327258427,,13.074417,1.2166218,1.5713565439119277,38.20343,291.542060546875,1.9976734,112.8275,10.123075,230.00156,9.21800450325012,103041.378125,8.279244470596312,103056.4196875,102070.6078125,288.45078,3.663872,11.306702,55.627583,102054.890625,289.886148071289,289.2713446044922,7.9285927,1.9833454704284668,4.5167904,0.85717106,3.2723768,1.8466954231262207,236
125,1.0,-3.5811977,8.34839,19.352667,24.280193,-4.993156,7.327430643074706,-0.03808899,56.82388,298.3388,-24.550018,-0.7416537,0.72803617,0.9871135175228116,6.666874,-29.110655,335.30823140993886,14.56426,327.98080076686415,0.9995728886127472,0.8053271,-15.931005,4.6735215,103.00297,9.553893,60.3580053854796,-94.406334,16.027138,-5.9827356,-137.9655,65.30823140993886,53.030574742404895,245.30823140993888,57.98080076686415,237.98080076686415,39.4418,17.675064,241.4507,0.0020895004,291.6978,1106.7961,1106.8821,17.413,2.8905022,3.9797108,-0.4522169807549954,-199.30684,-29.6419946145204,44.564053,1.2860870470585182,-31.778072,-38.926357,-36.969425257595105,-12.058235,197.65584,102769.25,,,102784.67,-111.17291,42.661644,-7.3344,221.8406312561035,0.7002883313903943,1.6866042237482666,,289.4837,200.68144454956052,18.319702,18.319702,0.42332473,357.199,1.9387456697822345,,11.050537,1.1137066,1.988186242240676,40.650417,289.74056640625,1.9991456,118.338806,8.808077,344.01822,8.574181861877442,102511.1925,8.087566471099853,102526.565546875,102046.0015625,287.71835,5.213664,9.75499,55.3717,102031.24375,288.1448715209961,287.6062649536133,7.773266,1.9833107650279995,4.2856317,0.8731918,3.3564396,1.949511021375656,237
126,0.9999945,-19.816832,59.635162,21.396076,-15.270822,30.636217,18.49533280201871,0.013516613,44.873333,286.84302,-37.973743,4.764623,0.6838886,0.979550015926361,-14.411343,2.115855,118.5505696224057,-14.915077,100.055236820387,0.9958753669261932,0.84176797,-60.06165,83.48742,80.55684,-87.982704,-83.212219242262,-117.395874,-51.31175,65.82529,-190.75386,208.5505696224057,78.2924479557193,28.550569622405703,190.055236820387,10.055236820386996,43.018753,-47.420433,230.42044,0.0060043335,292.19113,980.2849,980.4415,15.361847,20.791973,4.8172436,-0.1642313422028552,-156.2601,-173.212219242262,47.535538,0.7801373738079936,4.199491,-53.07947,168.2924479557193,-4.593935,196.38455,102529.25,,,102545.09,-136.88603,51.492435,-6.6666999,211.7393362426759,0.8966749991399339,1.2619522274145962,,289.44568,200.5760284423828,15.757034,15.757034,0.40641415,346.0369,1.4142168836743794,,13.910507,1.109609,1.609917153043945,44.417908,291.66469909667967,1.983927,106.84301,9.35502,189.73071,9.15340976715088,102307.66625,8.073782062530517,102323.5215625,101947.06875,288.67123,1.4860834,13.910507,55.200001,101931.81875,289.24317626953126,288.76583984375003,7.877632,1.983851146697998,4.4608493,0.8388861,3.3566003,1.9435960054397583,238
127,0.99999136,-3.5811977,8.34839,19.352667,24.280193,-4.993156,0.1134411597106463,0.02483507,56.82388,292.90314,-24.550018,-0.7416537,0.6929264,0.9819759488105774,6.666874,-29.110655,106.02910854629238,14.56426,105.91566738658172,0.997274658679962,0.80535704,-15.931005,4.6735215,103.00297,9.553893,-83.01253017955048,-94.406334,16.027138,-5.9827356,-137.9655,196.0291085462924,-83.12597133926113,16.029108546292377,195.91566738658173,15.915667386581733,39.4418,17.675064,278.87552,0.0031867027,293.05862,1093.0608,1092.9373,17.413,2.8905022,5.1776586,-0.40845798744777,-199.30684,-173.01253017955048,44.564053,1.3141970476630211,-31.778072,-38.926357,-173.12597133926113,-12.058235,197.96832,102798.69,,,102781.234,-111.17291,42.661644,-7.3343201,222.61816894531256,1.2980908918303482,1.8937681343907828,,290.81088,199.81599884033204,16.929733,16.929733,0.41773698,358.79874,2.1790643430599337,,14.945221,1.2432932,2.277776053641826,34.610153,290.64343200683595,1.9933616,112.903145,9.380309,205.10411,8.87635480880738,102592.3025,8.110350131988525,102574.84390625,102089.44453125,288.2445,4.9566355,10.859436,55.3717,102106.58125,289.08362731933596,288.5326025390625,7.7430253,1.977485911846161,3.965605,0.807922,3.5451994,1.913712215423584,240
128,0.9991361,-8.177931,9.217189,8.842974,-8.8533535,3.2331195,0.0076934914795288,-0.13902995,23.418575,295.28543,11.966064,16.538853,0.6819207,0.955259335041046,4.112295,9.628581,83.79892038501629,2.6575763,83.79122689353676,0.9983905792236328,0.69227993,0.54248005,-0.85969913,0.5920767,0.9142077,-58.505795985333634,8.30994,-0.33791867,17.321293,6.8654466,173.7989203850163,-58.51348947681316,353.7989203850163,173.79122689353676,353.79122689353676,12.48478,-7.118911,240.06241,0.0020418167,291.07422,1206.5386,1206.5938,-4.7782083,2.4368026,5.595586,-0.2500353173225492,34.406525,-148.50579598533363,-15.159528,0.990095575182274,3.9760847,5.1670957,-148.51348947681316,-0.50642675,190.05284,103248.19,289.89206,291.53613,103248.66,14.452773,-2.7828128,-3.181694,209.93076660156237,0.9445840178727618,1.3339149058615554,291.53326171875,289.09625,194.07752685546876,17.63527,17.63527,0.4519136,352.30173,1.6018877078074527,290.8955078125,15.521912,1.2605094,1.663122584658097,30.866245,290.9651171875,1.9453102,115.28542,8.558598,232.58005,8.519905090332031,102799.5225,8.184283447265624,102799.295625,101997.6828125,288.00674,6.0045714,12.864319,55.989833,101997.6,290.062939453125,288.9209875488281,7.7656574,1.940319766998291,4.2856317,0.9835318,4.3216057,1.803766179084778,242
129,0.9999989,-2.3673286,-17.68531,-14.996189,6.339818,-7.5413103,1.98747280355326,-0.038819697,1.9759662,292.57596,11.431228,-11.830956,0.6921172,0.9808642804622648,-15.644215,-5.7123084,282.85953774300583,-11.991943,280.87206493945257,0.9990281248092652,0.81242293,1.4846288,20.148735,59.519985,-17.6393,-78.29610668749945,33.17844,-11.367945,1.0520968,17.830772,12.85953774300583,-80.2835794910527,192.85953774300583,10.87206493945257,190.87206493945257,16.320156,-15.97268,237.9776,0.0031867027,293.3551,1128.6086,1128.4531,-0.85273427,22.208294,5.312938,-0.4947639955851854,60.872253,11.703893312500554,4.078194,1.1924691712015227,5.1810436,68.699066,9.716420508947294,9.746789,195.92747,102798.69,,,102781.234,85.82463,-6.4612327,8.44140467,209.16408020019537,1.091550432452241,1.6603540907463803,,290.87173,199.24958343505855,19.095688,19.095688,0.4048237,359.29843,1.9722344064117223,,14.945221,1.2336924,2.2587127415043895,37.97785,291.48296142578124,1.9959868,112.575966,9.380309,250.7551,8.957970256805423,102667.2575,8.149396324157715,102649.68046875,102095.734375,288.18396,4.2682815,10.935516,55.01826759,102112.59375,289.07220153808595,287.59747802734375,7.7369885,1.975246138572693,3.9826968,0.7986544,3.4625728,1.864671444892883,243
130,0.99996275,-7.822931,9.272779,9.351741,-8.485197,3.268064,3.8585147426714457,-0.020632515,23.321524,293.4437,11.03785,17.940456,0.6964683,0.9904391765594482,2.6052592,9.470991,152.28819560264446,-0.21846914,148.42968085997302,0.998382487297058,0.7794003,0.26686576,-0.83482724,0.091840975,0.65891504,55.01401420838636,8.392863,-0.20271334,17.526346,6.7608066,242.2881956026445,51.15549946571491,62.288195602644464,238.42968085997305,58.42968085997302,12.826918,-7.6476717,305.2424,0.002565384,291.9234,1165.8232,1165.95,-4.848533,2.6479838,4.499623,-0.3457611319493855,35.295586,145.01401420838636,-13.621605,1.146034775619953,4.0658135,5.1510053,141.1554994657149,-0.33218557,204.01831,102810.75,,,102825.95,14.451047,-4.493331,-3.1803999,243.03101440429688,1.0492386457969682,1.4653713987950128,,289.86032,204.58812255859377,18.319702,18.319702,0.4340263,359.2235,1.8301582460868833,,11.615768,1.2398013,1.9576610952442044,34.13763,290.3407373046875,1.9816817,113.4437,9.058434,239.11923,8.82534309387207,102373.1725,8.297016525268555,102388.511875,102021.534375,287.81757,5.213664,9.75499,55.989799,102005.9625,288.6171447753906,287.221201171875,7.8528566,1.9790153312683103,4.321107,0.9091779,3.27957,1.8939253330230712,245
131,0.9999909,-47.735493,8.534526,-3.6671252,-6.995079,2.0162907,0.003606068173326,-0.03731738,2.6323183,285.67694,-22.387287,-3.4603696,0.69471496,0.9886826694011688,-17.32479,-6.480188,340.5268394445628,27.979563,340.53044551273615,0.9993917268514632,0.82224095,13.848112,-11.656565,-36.269173,14.364812,35.1464954052326,1.0705155,-3.515692,-9.66066,10.461593,70.52683944456282,35.150101473405925,250.5268394445628,70.53044551273615,250.53044551273615,-10.404,11.240243,243.36267,0.005030155,292.44913,1112.1658,1111.9886,-5.2215767,-4.978154,5.799975,-0.199933852087208,-9.70972,-54.8535045947674,2.932092,1.0840737202412516,-4.7419615,22.692545,-54.849898526594075,12.9711,195.84448,103290.19,,,103272.66,18.327085,-5.8259816,9.75,212.6155418395996,1.120869025501168,1.5375942279135817,,289.78763,200.29800567626953,16.524612,16.524612,0.3932331,358.27368,1.8856214931391824,,15.904205,1.2791382,2.060048920847161,36.763054,291.8116790771484,1.9867142,105.676926,9.50859,234.87491,8.760811223983763,103078.809375,8.023218488693237,103060.950546875,102095.80234375,288.6851,3.468248,15.904205,55.5667,102112.625,289.4589569091797,288.3687493896484,7.657357,1.95492262840271,3.965605,0.81498384,3.4323204,1.726547211408615,248
132,0.9999822,14.086982,8.295205,-13.758239,2.4296074,-13.615705,8.783910284051558,-0.0021797202,3.165702,294.88065,13.762388,6.31486,0.6856812,0.9874362111091614,22.896963,0.19192351,125.42508494538232,2.5104094,134.20899522943387,0.9995332479476928,0.85585594,3.0907242,23.589064,22.77621,-26.232084,70.67165052251926,11.678241,8.108121,14.198804,-16.456896,215.4250849453823,79.45556080657082,35.42508494538231,224.20899522943387,44.20899522943387,9.245248,-14.778685,283.20154,0.002565384,291.492,1243.3427,1243.4967,5.26384,-4.729704,4.3743787,-0.4127893475689725,21.805443,160.67165052251926,8.313782,1.0019702761912914,3.120123,51.132923,169.45556080657082,12.162083,200.54425,103704.5,,,103720.47,38.86819,6.0091505,8.4333,229.799853515625,0.7242895442871488,1.3249453107886446,,288.9247,202.95374145507813,14.509537,14.509537,0.42327577,352.10995,1.6070008749642226,,11.306702,1.2548678,1.7062925135224345,30.35867,291.02936279296875,1.9995131,114.88064,9.058434,342.3215,8.831817932128907,102576.965,8.133751678466798,102592.4121875,102334.459375,287.95584,3.663872,11.306702,55.466702,102318.7625,288.5748352050781,288.670712890625,7.902837,1.9768572330474852,4.267398,0.9283157,3.5226314,1.8480332612991328,251
133,0.9997091,-5.413758,2.8949308,-0.5958805,-5.6858535,-9.132089,0.1128981171943905,-0.06409922,2.7444348,296.27463,18.324472,20.463589,0.7044308,0.9789561480283736,3.4962535,-5.3830686,106.02910855928502,19.918072,105.91621044209064,0.996290609240532,0.6816795,17.623232,30.015993,17.795128,-15.834448,-79.64158275654376,9.083883,0.25356746,11.72428,2.940796,196.02910855928505,-79.75448087373815,16.02910855928502,195.91621044209063,15.91621044209063,7.879666,-10.374243,210.47044,0.0029101372,293.15845,1187.6908,1187.5643,2.7548432,-9.728862,5.026562,0.0772100744729364,19.079578,-169.64158275654376,-16.91534,1.2400309589231924,33.79701,39.049164,-169.75448087373815,3.1150818,181.44315,102612.94,,,102595.59,34.556717,7.426078,8.6833,204.54462341308596,1.5467481835821189,1.8704524881922893,,289.0595,199.35638046264648,16.929733,16.929733,0.35892212,358.38553,2.101132173917246,,13.534439,1.3245025,2.2016249621810973,36.2158,290.5700653076172,1.9977331,116.27463,9.123995,328.40286,8.625662345886232,102405.18375,8.18684720993042,102388.135,102122.970703125,287.72522,4.9566355,10.859436,55.1833,102139.8625,288.9526596069336,288.16714141845705,7.5665655,1.9754865622520448,3.78612,0.88831604,3.6930182,1.9205619573593136,254
134,0.9999999,4.002319,-6.7679863,-10.596995,1.5697608,-8.535978,0.0048828672154002,-0.046760656,11.669595,297.11142,-26.436533,13.459391,0.72353566,0.9936365127563476,-17.869692,10.335265,204.5856772893625,-47.605373,204.5905601565779,0.9998113799095154,0.7687104,11.341247,29.593813,21.690596,-21.643559,2.520859521156467,22.67607,4.504249,1.3650671,21.787748,294.5856772893625,2.5257423883718957,114.58567728936252,294.5905601565779,114.59056015657792,-0.7522729,-1.2798598,237.19348,0.002407074,292.4693,1105.5908,1105.5164,-7.4692607,3.2552197,5.7848654,-0.0978417665142503,91.846985,92.52085952115648,-3.9776232,0.8230170481053092,12.48243,54.912025,92.5257423883719,7.9024925,199.3875,103800.125,290.83133,293.6665,103789.42,69.73847,-15.733267,8.5654001,216.99332641601563,0.8386467746763894,1.1103829966462029,292.8133203125,289.1543,203.69335021972657,20.135742,20.135742,0.36660928,358.50003,1.2946765126910482,291.52392578125,13.2860565,1.1807402,1.312731094377939,48.366096,291.2542041015625,1.9710717,117.11141,9.970771,359.89642,9.019185905456542,102703.075,8.386312484741211,102692.679375,102177.2828125,288.91614,3.1294422,13.034805,55.087002,102187.5875,289.6759887695313,288.2383728027344,7.9755054,1.9122370338439945,5.43666,1.1810799,3.9656937,1.5951274394989008,255
135,0.99999887,-4.4624753,25.212465,21.37357,9.041285,-33.529873,0.0075666069930662,-0.045734018,-159.18628,289.90775,-4.297105,38.754303,0.73344415,0.978282207250595,63.695007,-73.261444,58.254907758185254,82.00043,58.24734115119219,0.999666445851326,0.7311271,2.4997191,-21.011013,115.68429,31.54731,-38.33959578986406,-61.957058,-26.183796,-91.747055,-61.44137,148.25490775818523,-38.34716239685713,328.25490775818525,148.2473411511922,328.2473411511922,85.89414,87.074104,288.3973,0.002407074,292.68994,1139.6271,1139.5215,-0.18471746,-64.74566,6.2830033,-0.266103737874627,-327.62012,-128.33959578986406,-62.424564,0.9512888037294894,13.280011,-47.739983,-128.34716239685713,-13.590461,203.13011,102991.5,290.9477,292.99487,102981.016,-57.43699,-19.057009,-6.0630999,241.78748245239257,0.8873250504926499,1.1567717549520735,292.13224609375,289.13696,201.44170989990235,19.159607,19.159607,0.37575364,354.66418,1.4184587800229878,291.5358642578125,14.018585,1.2043405,1.661980680522233,59.963345,291.7016979980469,1.9518487,109.90774,9.469991,264.55496,8.780970916748037,102739.83875,8.192075777053832,102729.15515625,102256.02109375,289.1671,4.912405,14.018585,56.6231,102266.44375,290.2923385620117,288.4758367919922,7.802752,1.8821834123134609,7.0038824,1.206847,4.1253705,1.6576049208641053,259
136,0.9999615,-2.2939365,3.393333,-0.69999796,-0.61198366,-0.15091597,1.1914107961802074,0.07359559,3.8795516,296.93726,-1.9705582,0.37038842,0.69171077,0.9743815541267392,-1.1059923,1.4341824,115.06752845110054,-0.9108539,116.25893924728076,0.9989157795906068,0.90358865,-5.445517,-4.5464983,-0.66523534,-2.6027417,-89.32168338790575,8.720023,-2.1231441,1.7428592,0.94141144,205.06752845110057,-88.13027259172554,25.067528451100543,206.25893924728075,26.25893924728075,0.16420901,-0.17697188,265.86414,0.0016975403,293.98975,981.7049,981.5515,1.5273844,0.49946418,5.5724072,-0.3671770752726609,3.0285509,-179.32168338790575,1.7898167,1.3654355670386564,-1.373948,6.4012513,-178.13027259172554,3.5612652,200.28145,102914.31,,,102896.98,0.8733629,2.2019498,9.8000002,220.66353515624996,1.5357401100465893,1.7732525790542282,,289.67407,200.39498291015624,18.565277,18.565277,0.418766,358.27368,2.102661284480724,,12.963516,1.2520556,2.2172787168478236,39.61592,292.65897705078123,1.9920313,116.937256,9.208629,353.04074,8.605870933532714,102724.315,8.100502586364746,102706.758125,102362.334375,289.83844,3.0064368,9.943314,56.633301,102380.0,290.77471923828125,289.2028173828125,7.749854,1.9876632499694824,3.9048605,0.772755,3.364728,1.9326520681381223,260
137,0.99922526,-23.532124,-6.818581,40.346382,29.004335,-17.174723,18.049336064957288,0.14769793,-24.270552,293.8604,-21.288641,-24.413803,0.69845927,0.9810315370559692,-29.44243,5.2520247,34.773564751943695,-40.993923,52.82290081690098,0.9982444405555724,0.80942225,2.7485182,-21.75013,-15.519738,50.681416,-28.962488219244733,-48.49758,-20.075724,-22.66813,-17.027761,124.7735647519437,-10.913152154287443,304.7735647519437,142.82290081690098,322.822900816901,-3.4964168,25.645697,220.7121,0.0018062592,294.3105,1014.3697,1014.43713,-2.3315785,-9.68662,4.8183455,-0.5675326551961555,-23.690855,-118.96248821924472,34.061348,1.3403442422365808,-36.96034,-24.941364,-100.91315215428745,-16.071451,193.40968,102771.44,,,102787.44,-24.30679,9.166283,-5.1567998,213.5802307128906,1.278381801373769,1.8359037998784051,,290.13757,201.38299560546875,18.542831,18.542831,0.40736985,359.40833,2.125156032309106,,10.638077,1.1506158,2.14949114241787,39.045444,292.87456665039065,1.9979663,113.8604,9.216171,212.30779,8.91262969970703,102580.125,8.16771411895752,102595.521875,102169.3125,289.1589,3.8629966,9.517532,57.8955,102153.8125,290.37335205078125,289.10301513671874,7.7469325,1.9872985363006592,4.415299,0.79901457,3.1207612,1.9727180004119873,264
138,0.99999255,4.150835,-41.34283,16.37156,19.343006,-17.317963,0.0063029071759501,0.045028474,6.794009,298.28278,-1.0518006,-2.9460187,0.7233413,0.9926143884658812,-1.3127626,-19.681034,72.0115310943263,-11.673629,72.00522818715035,0.9996121543645858,0.79150176,-15.065538,46.408035,-8.747239,-27.578394,-43.7224523082441,-18.338318,27.514565,-16.41611,0.70007277,162.0115310943263,-43.72875521542005,342.0115310943263,162.00522818715035,342.00522818715035,-32.990612,1.3136673,331.03802,0.0023889542,292.8377,1147.7494,1147.6089,21.668785,-10.013065,5.036409,0.1233401496103225,7.679895,-133.7224523082441,-9.531991,1.0420854245573896,46.375687,-32.142643,-133.72875521542005,18.08362,181.5882,103174.56,,,103157.29,-34.865612,0.44975838,-2.0833299,237.30150024414067,1.1023449353412016,1.5402537439506567,,291.19733,201.23197479248043,16.524612,16.524612,0.3698053,359.23398,1.7750731273717275,,13.534439,1.3107594,1.8103820830712565,61.20488,291.97501953125,1.9777204,118.28279,8.587435,328.8486,8.391902046203613,103024.519375,7.8905827522277825,103006.9678125,101997.71171875,286.24545,3.468248,10.935516,57.150002,102015.475,288.74828948974607,288.8610061645508,7.185066,1.9502973484992985,3.7113824,0.95679986,4.1664076,1.781368052959442,265
139,0.9996592,4.26814,-84.816734,-19.264853,-3.0586426,-24.57008,0.0036060633303804,0.001031644,9.086368,296.4157,-3.774652,2.5373423,0.73866975,0.991249331831932,-5.516371,5.0268836,340.5268394452316,-7.3398285,340.53044550856197,0.9981941431760788,0.71145195,52.75944,87.42239,-20.916245,-14.380157,45.88526494065678,-92.43024,-13.454555,10.860066,20.448904,70.52683944523159,45.88887100398716,250.5268394452316,70.53044550856197,250.53044550856197,-4.080845,17.219202,279.91104,0.0023889542,296.31097,1169.5637,1169.4504,8.866455,-8.085235,5.2224507,0.1875888166970957,-5.3774486,-44.11473505934322,-21.461096,0.918431398786935,11.254909,-108.18793,-44.11112899601284,-30.434315,181.4055,103174.56,,,103157.29,-17.080624,6.245644,-6.388889,236.52784194946295,1.0241776635860862,1.4153605957462314,,290.57794,201.7338264465332,16.524612,16.524612,0.37145078,353.21884,1.8219169498763543,,13.534439,1.3079604,1.8547215351387587,51.84812,293.8252807617188,1.9443178,116.415695,8.79289,301.8739,8.564266815185547,103024.519375,8.10302186012268,103006.9678125,102055.675390625,286.64166,3.468248,10.941849,58.207722,102073.328125,288.8377166748047,288.93855072021483,7.131127,1.9391322910785675,3.78612,0.9526717,4.091499,1.7163821756839752,266
140,0.9999691,11.961545,-9.455909,-31.549612,35.540977,13.7861595,14.207867151834025,0.08805212,-31.499292,291.04407,-28.932943,-59.064953,0.68222517,0.9644995272159576,-7.0326247,8.014001,64.46061297634697,-18.813112,50.25274582451294,0.9970844238996506,0.692144,-4.790947,-6.8282027,-28.834053,30.925997,-29.20867844170044,-115.9562,-2.5961537,-26.677336,-17.799091,154.46061297634697,-43.416545593534465,334.46061297634697,140.25274582451294,320.25274582451294,-31.973927,13.790741,333.6706,0.0028276443,292.9317,1077.0767,1077.1787,-5.607282,27.377024,4.4704123,0.0827235666206379,-22.71216,-119.20867844170044,27.928068,0.9773437298265584,-70.69445,-74.67635,-133.4165455935345,5.107309,181.75981,102449.19,,,102465.07,-45.93776,1.1535137,-5.0496001,216.72048980712887,0.7584053996662173,1.4041449060234572,,290.09836,201.78328475952148,17.81215,17.81215,0.40375012,357.46506,1.55702946996265,,11.615768,1.1676092,1.6978914476574123,39.415325,291.65000213623046,1.9977757,111.044075,8.58671,230.00156,8.544249773025513,102111.861875,8.168303871154786,102127.45625,101792.50703125,286.6809,1.5796912,8.127258,58.457199,101776.5875,289.1486480712891,289.3976071166992,7.211261,1.989165381193161,4.260486,0.9295088,3.569621,1.853210735321045,269
141,0.99936163,90.40732,11.38489,-2.3114812,-25.489315,-5.2741456,1.905411247002803,0.06989655,30.530714,297.09998,70.876205,115.94199,0.7468003,0.9785967469215392,-144.45741,-8.56403,152.28638728950955,10.031681,150.38097604250677,0.9979293942451476,0.6958996,9.735791,60.513317,-178.49002,51.483795,56.718999543430755,246.1436,-44.737003,57.521297,380.2686,242.28638728950955,54.81358829642795,62.28638728950955,240.38097604250677,60.380976042506745,-9.655332,42.865967,252.90157,0.0011439323,296.41046,1004.15216,1004.2119,4.0416713,1.2473559,4.500378,-0.2305984999651615,-86.44849,146.71899954343075,-62.9307,1.1109427900387288,81.52932,-514.17535,144.81358829642795,138.82616,195.95842,103234.94,,,103251.08,-501.73553,87.45153,7.567,206.3883056640625,0.9730071863867588,1.5007426475986243,,290.7155,200.6482696533203,14.278671,14.278671,0.41646975,356.13593,1.6686154949798992,,11.524429,1.3211765,1.7059792460342762,36.712845,292.65386962890625,1.8868344,117.099976,9.119172,248.15002,8.882073402404785,103014.8125,8.250977516174316,103030.34375,102429.3125,288.01627,1.5890142,7.2072144,58.0,102414.4375,290.62738037109375,289.447265625,7.681082,1.8856215476989744,3.7938511,0.88306457,3.4555795,1.8005788326263428,270
142,0.99999887,8.159901,-18.162987,39.10393,23.056404,-7.54204,0.0095826047903528,0.05450962,-19.101019,292.67224,4.9613514,-41.68674,0.70700574,0.9834939360618592,-1.6705177,-55.78629,47.53576432629012,29.276049,47.52618172149977,0.9999374389648438,0.8329966,-29.534876,41.48917,-57.82796,-30.321314,-24.853940510562268,-57.8431,-8.917454,-27.237972,-58.29378,137.53576432629012,-24.86352311535262,317.5357643262901,137.52618172149977,317.52618172149977,-54.271885,-45.14694,208.02039,0.0020418167,291.36945,1186.9799,1187.025,34.502827,-3.6916332,6.248286,0.0006750328134649,-57.201817,-114.85394051056228,-64.75395,0.5962128123906866,116.58267,-39.168575,-114.86352311535262,6.247584,194.51036,102802.06,291.41663,292.8711,102805.67,-107.97009,45.309113,-3.086389,207.50943359374995,0.6543495146222138,0.8772326058097892,292.125625,288.58374,201.4429626464844,19.595657,19.595657,0.3990645,350.55872,1.0004958748121566,291.654736328125,13.653885,1.1459496,1.196389520303246,42.299686,291.05271240234373,1.9643649,112.67226,8.403689,358.67715,8.328334274291992,102694.26,8.14531021118164,102697.7396875,102085.5828125,289.4911,3.377748,13.475204,58.440972,102082.125,290.3875244140625,288.0240209960937,7.6689005,1.922627401351928,4.1614265,0.8705792,3.9059057,1.784101486206055,271
143,0.9999082,3.4025524,-16.319872,6.9426417,-16.758204,-12.97532,4.284695928834822,0.037862685,44.15541,295.08093,38.43119,-26.895943,0.6956501,0.9860323071479796,-13.370532,111.33088,162.49395954218062,-175.05194,158.2092636133458,0.9995600700378418,0.81720614,43.987488,-252.22487,11.082566,-199.73384,46.8716690038417,-134.2615,7.957317,-201.93019,-140.88457,252.49395954218065,42.58697307500688,72.49395954218062,248.2092636133458,68.2092636133458,46.659714,15.98784,251.37694,0.0028276443,291.48553,1111.4852,1111.5656,-4.0939965,41.09283,4.7204084,-0.2235057636384363,-283.96246,136.8716690038417,-267.50015,1.5342916398196118,186.51048,-158.20671,132.58697307500688,110.091545,198.58585,103153.31,,,103168.05,-136.26285,-120.03244,5.730121,214.4125778198241,1.5846458674794002,2.0279083318492335,,287.57446,198.60266113281247,17.81215,17.81215,0.45878476,337.70618,2.193589897068034,,12.120377,1.1072756,2.5018880097019824,48.524994,290.74999633789065,1.9992541,115.08095,8.581707,313.999,8.49424331665039,102850.0025,7.857619571685789,102865.533125,102414.49921875,287.95795,1.1846997,8.598236,58.974339,102398.84375,288.9469909667969,287.45447509765626,7.2542768,1.991631853580475,4.066655,0.8004381,3.4487073,1.9759120225906373,272
144,0.999481,11.44614,27.763329,-4.683407,19.942774,-1.097113,12.236787713875003,0.080208935,9.210283,291.06952,5.1043615,13.827285,0.7949207,0.9911863803863524,-28.651125,1.7337873,183.03346046562297,3.0226967,195.2702481794979,0.9987544691562652,0.9501743,22.512144,55.711052,-39.039932,46.540726,5.799270863470838,248.47928,24.578747,87.12371,326.58658,273.03346046562297,18.036058577345784,93.03346046562294,285.2702481794979,105.27024817949794,61.531513,32.563168,207.07819,0.0022969246,291.7284,1115.2881,1115.3201,6.7120633,41.43186,5.8998537,-0.0298466010174765,-19.52265,95.79927086347084,-25.471603,1.209427169973049,64.188675,-501.90753,108.03605857734578,115.03263,193.10501,102597.19,290.49274,291.8982,102597.55,-402.16983,19.97656,7.554759,207.058046875,1.034087213854055,1.3058560195331232,291.68379150390626,290.02277,196.022110748291,18.746521,18.746521,0.38938293,353.26364,1.4375339965308234,291.3310791015625,14.166809,1.2975546,1.6397067603471132,62.128113,291.02757751464844,1.9960911,111.0695,9.085713,206.70074,9.014194583892822,102352.6375,8.127877235412598,102352.4721875,101883.19921875,288.53217,6.0045714,12.864319,58.006377,101883.709375,289.6330291748047,289.02730346679687,7.6717443,1.9585632491111753,4.994605,0.96195966,4.546072,1.912783128023147,273
145,0.9996592,-51.234516,3.595346,-7.9166718,19.653294,-3.5622149,0.0065054935105877,-0.03976054,-83.77576,302.71222,119.77068,10.537921,0.7429146,0.9836051523685456,9.876686,47.088955,58.25984029245984,-192.08191,58.253334798949254,0.9923060095310212,0.8359478,-2.7048898,-59.014942,-127.91099,-84.19399,-25.541115560668004,192.58281,8.148201,-80.49807,148.73912,148.25984029245984,-25.54762105417859,328.25984029245984,148.25333479894925,328.25333479894925,50.37707,-147.51021,221.50653,0.0010271072,289.36945,1048.8798,1048.6442,0.5570445,-100.01634,4.466708,-0.3133334256931215,-95.4671,-115.541115560668,173.53746,1.0480498457463392,-112.54143,-357.0317,-115.5476210541786,-245.37375,196.77354,102973.0,,,102955.97,-216.33089,67.01801,9.8563786,210.0198141479493,1.1315296532633543,1.4067670604407143,,287.91272,198.89600219726563,16.524612,16.524612,0.4080443,359.79785,1.5372927322898653,,12.400513,1.2082441,1.562660916724093,68.395615,289.36006103515626,1.9078528,122.71223,8.814473,291.37308,8.698633499145508,102606.61875,7.659580612182617,102589.3646875,101944.3,288.06964,2.883424,7.293747,58.995213,101961.3375,289.0107360839844,287.74322631835935,7.3884854,1.8922502708435056,3.8639898,0.82377076,4.2314954,1.7824500560760497,277
