,coastal_vs_bay_diff_deg,wind_to_mean_deg,wind_wave_alignment_std,wind_wave_alignment_mean,wind_wave_alignment_q95,wind_wave_alignment_annmaxmax,wind_wave_alignment_q99,coastal_normal2_deg,bay_normal2_deg,wind_wave_alignment_annmaxmean,bay_bearing_deg,coastal_bearing_deg,wind_dir_annmaxmax,wind_vs_coastal_normal_diff_deg,coastal_normal1_deg,bay_normal1_deg,wind_vs_bay_normal_diff_deg,v10_abs_annmaxmax,wind_wave_diff_annmaxmean,tide_std,wind_wave_diff_annmaxmax,tide_mean,sp_std,wind_more_bayshore_deg,msl_std,station
0,0.0161208576227238,287.8116,,,,,,147.672610261604,147.68873111922673,,237.68873111922673,237.672610261604,359.77692,-39.86099527136963,327.672610261604,327.68873111922676,-39.877116128992384,20.684235,,1.4742391871136888,,-0.3323069801181359,1173.4281,50.122883871007645,1175.2799,1
1,3.422661868969783,285.32278,,,,,,147.67351606888667,151.09617793785645,,241.09617793785645,237.67351606888667,359.83902,-42.350731645058545,327.67351606888667,331.09617793785645,-45.77339351402833,20.684235,,1.457301559064316,,-0.3362679602025297,1169.6245,44.22660648597167,1171.4858,2
2,0.0161205914724575,286.94376,,,,,,147.67262524279437,147.68874583426685,,237.68874583426685,237.67262524279437,359.77692,-40.72886913927874,327.67262524279437,327.6887458342668,-40.74498973075117,20.684235,,1.4584674983562858,,-0.3552503922333602,1194.3428,49.2550102692488,1196.4369,3
3,0.0938656317439097,324.8544,0.7097621,-0.018945914,0.9826715916395188,0.99997133,0.9995660275220872,147.90055861903517,147.99442425077908,0.78094524,237.99442425077908,237.90055861903517,359.5308,-3.0461579842695414,327.90055861903517,327.99442425077905,-3.1400236160134227,17.26149,201.81592,1.3245895037983015,258.16098,-0.5194574485579807,1123.1482,86.85997638398658,1123.387,4
4,0.5817810403423778,341.98077,0.7103789,-0.047405113,0.9544855892658232,0.999954,0.9982327270507814,268.5480521448369,267.9662711044945,0.71474785,357.9662711044945,358.5480521448369,359.48685,73.43272178094435,88.5480521448369,87.96627110449452,74.01450282128673,17.875671,189.02953,1.1942909425552408,290.2504,-0.2749201934048391,1209.1418,-15.985497178713274,1209.4318,5
5,9.521191967951552,290.58502,0.70437527,-0.038964447,0.98713960647583,0.9999958,0.999610071182251,181.73142210403228,191.25261407198383,0.73320764,281.2526140719838,271.7314221040323,358.90543,-71.14640013137603,1.7314221040322764,11.252614071983828,-80.66759209932758,19.803558,203.59277,1.04558379779488,277.53287,-0.1944654455814205,1169.8994,9.332407900672422,1170.3413,6
6,5.429728159455124,287.70566,,,,,,257.9072213098951,252.47749315043995,,342.47749315043995,347.9072213098951,359.01233,29.798436649089297,77.90722130989508,72.47749315043995,35.22816480854442,20.24858,,1.599716234621445,,-0.1682019797306647,1172.4052,-54.77183519145558,1172.9807,7
7,28.321516168441832,286.8001,0.72279394,0.017507462,0.982728999853134,0.9999762,0.9992707073688508,103.91009250125492,75.58857633281309,0.87267184,165.5885763328131,193.91009250125492,358.29785,2.890017362026356,283.9100925012549,255.5885763328131,31.21153353046816,18.794449,220.49303,1.941137782214886,278.03827,-0.7539063559495583,1149.693,121.21153353046816,1151.1494,8
8,4.32953043561713,337.40912,0.71434176,-0.008314801,0.9831622838974,0.9999998,0.9995534455776216,247.8120748095897,252.1416052452068,0.74708265,342.1416052452068,337.81207480958966,358.46628,89.59704384275409,67.81207480958966,72.14160524520679,85.26751340713696,16.904022,190.58023,1.2718571615429994,262.52597,-0.5212948054328804,1202.9658,-4.73248659286304,1204.1306,9
9,9.02138487319172,341.3343,0.6987231,-0.026923055,0.9908595561981202,0.9994832,0.999175751209259,38.12372905901981,47.14511393221153,0.7696333,137.14511393221153,128.1237290590198,359.23276,-56.78943950823856,218.1237290590198,227.14511393221153,-65.81082438143028,15.601959,188.91464,1.1056117135465524,267.02652,-0.2159566760383346,1195.6288,-155.81082438143028,1196.9045,10
10,9.381253367570878,3.6712646,0.70804596,0.033930264,0.9895641565322876,0.99981534,0.9995019483566284,220.9647072497468,211.58345388217597,0.7967987,301.58345388217595,310.9647072497468,359.8354,-37.29344260130932,40.96470724974682,31.583453882175945,-27.912189233738445,15.909256,191.4091,1.054410262040788,237.7739,-0.384540210232365,1087.1248,62.087810766261555,1088.1882,11
11,0.8124664912230628,297.834,0.7042323,0.032674555,0.9846484184265136,0.99913,0.9971243858337402,211.351192923768,212.16365941499103,0.82537663,302.16365941499106,301.351192923768,357.40662,86.48282196881013,31.351192923767996,32.16365941499106,85.67035547758707,17.693192,211.0722,1.5503251135707374,259.00873,-0.9381152039130264,1281.5055,-4.329644522412934,1281.8467,12
12,0.0070840853987306,318.0384,0.71119606,-0.03324953,0.9735474944114684,0.99967647,0.9977576327323914,1.9035966181838264,1.8965125327850956,0.8140173,91.8965125327851,91.90359661818384,359.7354,-43.865205504902576,181.90359661818383,181.8965125327851,-43.858121419503846,16.909988,201.11395,1.3404407093832953,258.82123,-1.051571963186448,1212.2236,-133.85812141950385,1214.6187,13
13,0.0006026146669455,303.36826,0.6991094,-0.010787144,0.9687867999076843,0.9998848,0.998308928012848,278.80709497030534,278.8064923556384,0.8536781,8.806492355638397,8.807094970305343,359.79227,24.561160644929032,98.80709497030534,98.8064923556384,24.561763259595978,14.7439575,212.86998,1.2574917813459845,299.47165,-1.116750108717181,1340.0802,-65.43823674040402,1343.2299,14
14,12.422281975767303,277.47964,0.7139497,0.027829938,0.9851760417222976,0.99996305,0.9996184277534484,255.36987523823117,267.79215721399845,0.786238,357.79215721399845,345.36987523823115,359.45645,22.10976953715948,75.36987523823115,87.79215721399845,9.687487561392174,17.803482,208.31836,2.7102115154994535,336.36612,-1.0091026882103726,1044.7927,-80.31251243860783,1044.952,15
15,8.943103421904254,331.16125,0.6659433,-0.055603262,0.9461651384830476,0.9954145,0.9902666753530502,38.58437869345891,47.52748211536317,0.6387223,137.52748211536317,128.58437869345892,358.39478,-67.42312381064642,218.58437869345892,227.52748211536317,-76.36622723255067,23.10289,170.88637,1.1842486541002686,251.47583,-0.3288728019793569,1099.0221,-166.36622723255067,1100.0592,16
16,0.0064363981545625,319.4418,0.69177824,-0.06942589,0.9915761828422546,0.9999737,0.9999155354499816,176.02180936088365,176.0282457590382,0.6385082,266.0282457590382,266.02180936088365,359.5893,-36.580006382368026,356.02180936088365,356.0282457590382,-36.58644278052259,14.941986,202.70093,1.479228387745244,243.24402,-0.5952612769089973,1089.116,53.41355721947741,1089.3175,17
17,9.016652225880703,350.87103,0.68802285,-0.03160367,0.9825227379798888,0.9995247,0.9982727694511414,244.7863158488118,235.7696636229311,0.71331775,325.7696636229311,334.7863158488118,358.1113,-73.91528313396805,64.7863158488118,55.76966362293109,-64.89863090808734,16.812408,202.00934,1.2005851021640026,252.57562,-0.356208324754497,1065.2273,25.10136909191266,1066.0673,18
18,17.225949256242302,274.89758,0.7274392,0.013882354,0.982295536994934,0.9999966,0.99956544816494,251.9196983535713,234.69374909732903,0.83801395,324.69374909732903,341.91969835357133,358.49594,22.97788465424117,71.91969835357133,54.69374909732903,40.20383391048347,19.803558,203.42035,1.1176623750122885,249.43663,-0.2606678251605809,1001.47955,-49.79616608951653,1001.83673,19
19,6.899628470425625,342.925,0.71629655,-0.03983474,0.9862365007400512,0.9992493,0.998040747642517,257.20774427399635,250.30811580357073,0.84008396,340.30811580357073,347.20774427399635,357.40585,85.7172435189724,77.20774427399635,70.30811580357073,-87.38312801060198,16.571,203.11234,0.533898861192561,231.9133,-0.4732296708760347,1219.3027,2.616871989398021,1220.0374,21
20,0.0012181803341491,332.70343,0.7436377,-0.008407563,0.9782698452472688,0.99939257,0.9962128639221192,81.94334884763384,81.9421306672997,0.7306681,171.9421306672997,171.94334884763384,359.19522,70.76008132814741,261.94334884763384,261.9421306672997,70.76129950848156,17.134995,182.40346,1.2959375215949056,257.24652,-0.3821051967402142,1295.5438,160.76129950848156,1297.3098,22
21,12.133758163099516,323.9436,0.6738394,-0.12801984,0.979838755726814,0.9998319,0.99957737326622,17.24906441069129,29.382822573790804,0.5564218,119.3828225737908,107.24906441069128,348.53302,-53.30546089506629,197.2490644106913,209.3828225737908,-65.4392190581658,15.601959,169.62656,0.8031901393470542,221.51875,-0.5527264044643949,1061.365,-155.4392190581658,1062.6288,23
22,0.0040278466626659,321.85516,0.69476706,-0.0832763,0.9700530618429184,0.9998427,0.9921897172927856,56.149733177352346,56.14570533068968,0.78005195,146.14570533068968,146.14973317735237,359.59143,85.7054303968664,236.14973317735237,236.14570533068968,85.70945824352907,14.634689,187.35509,1.067965009552677,236.05373,-0.8340877568695575,1190.8644,175.70945824352907,1192.4574,27
23,3.38405256910022,325.60757,0.7008526,-0.024649529,0.9813954919576644,0.99625087,0.989846687912941,204.37326424656575,207.757316815666,0.7604593,297.757316815666,294.3732642465658,354.5489,-58.76568978367516,24.373264246565785,27.757316815666,-62.14974235277538,12.71138,201.4038,1.2621191462288175,257.7817,-1.1896575003043282,1206.1167,27.850257647224623,1208.069,35
24,0.0161205623660407,286.88327,,,,,,147.67263614235293,147.68875670471897,,237.68875670471897,237.67263614235293,359.77692,-40.78936587868105,327.6726361423529,327.68875670471897,-40.805486441047094,20.684235,,1.4588713696452382,,-0.3547896565708462,1195.128,49.194513558952906,1197.2217,41
25,3.752499603508795,324.57916,0.70969296,-0.018640362,0.9826715916395188,0.99997133,0.9995660275220872,138.9044124597957,142.6569120633045,0.78094524,232.6569120633045,228.9044124597957,359.5308,5.674750137860542,318.9044124597957,322.6569120633045,1.9222505343517469,17.26149,201.81592,1.3282175871498367,258.16098,-0.512256558801576,1121.503,91.92225053435176,1121.7404,42
26,5.694995381552133,287.70566,,,,,,258.3010656077618,252.60607022620968,,342.6060702262097,348.3010656077618,359.01233,29.40459235122256,78.30106560776181,72.60607022620968,35.099587732774694,20.24858,,1.5996951912399635,,-0.168149363785418,1172.4052,-54.900412267225306,1172.9807,43
27,9.521170205980296,290.58502,0.70437527,-0.038964447,0.98713960647583,0.9999958,0.999610071182251,181.7314220270265,191.2525922330068,0.73320764,281.2525922330068,271.7314220270265,358.90543,-71.14640005437025,1.7314220270264968,11.252592233006794,-80.66757026035054,19.803558,203.59277,1.0455565945247849,277.53287,-0.1944274033078859,1169.8994,9.332429739649456,1170.3413,44
28,0.5817824462126282,341.98077,0.7103789,-0.047405113,0.9544855892658232,0.999954,0.9982327270507814,268.54805214456286,267.96626969835023,0.71474785,357.96626969835023,358.54805214456286,359.48685,73.43272178121839,88.54805214456286,87.96626969835023,74.01450422743102,17.875671,189.02953,1.1942906862686724,290.2504,-0.2749172976003879,1209.1418,-15.98549577256898,1209.4318,45
29,28.321393022343756,286.93744,0.7218573,0.022223629,0.982728999853134,0.9999762,0.9992707073688508,103.910092862428,75.58869984008425,0.87267184,165.58869984008425,193.910092862428,358.29785,3.027346102415777,283.910092862428,255.58869984008425,31.348739124759504,18.794449,220.49959,1.9267380794491604,278.03827,-0.7688590356014412,1151.3926,121.3487391247595,1152.886,46
30,4.336087097298673,337.316,0.7135936,-0.0077377562,0.9831622838974,0.9999998,0.9995534455776216,247.81194256054783,252.1480296578465,0.74708265,342.1480296578465,337.81194256054783,358.46628,89.50406696093654,67.81194256054783,72.14802965784651,85.16797986363787,16.904022,190.58023,1.2828110256234,262.52597,-0.5114635969431597,1203.1682,-4.832020136362132,1204.3359,47
31,8.939777028698188,341.3343,0.6987231,-0.026923055,0.9908595561981202,0.9994832,0.999175751209259,38.60416724884294,47.54394427754113,0.7696333,137.54394427754113,128.60416724884294,359.23276,-57.26987769806169,218.60416724884297,227.54394427754113,-66.20965472675988,15.601959,188.91464,1.1056224084090402,267.02652,-0.2158002515712055,1195.6288,-156.20965472675988,1196.9045,48
32,5.529647564045035,2.2316895,0.70999557,0.031007947,0.9895641565322876,0.99981534,0.9995019483566284,224.77567560274375,219.2460280386987,0.7967987,309.24602803869874,314.7756756027438,359.8354,-42.543986149618775,44.775675602743775,39.24602803869874,-37.01433858557374,15.909256,191.4091,1.055358780998257,237.7739,-0.3831257958895704,1088.236,52.98566141442626,1089.3192,49
33,0.8115941662111368,297.834,0.7042323,0.032674555,0.9846484184265136,0.99913,0.9971243858337402,211.35119326882025,212.16278743503136,0.82537663,302.16278743503136,301.3511932688202,357.40662,86.4828216237579,31.351193268820225,32.16278743503136,85.67122745754676,17.693192,211.0722,1.5503199731411992,259.00873,-0.9381145401694752,1281.5055,-4.328772542453237,1281.8467,50
34,0.007084092648256,318.0384,0.71119606,-0.03324953,0.9735474944114684,0.99967647,0.9977576327323914,1.903596749030953,1.896512656382697,0.8140173,91.8965126563827,91.90359674903095,359.7354,-43.8652056357497,181.90359674903095,181.8965126563827,-43.85812154310145,16.909988,201.11395,1.3404366819237397,258.82123,-1.0515495207131318,1212.2236,-133.85812154310145,1214.6187,51
35,0.1305912421105972,334.78992,0.73868203,0.12278028,0.9980183869600296,0.9999977,0.9994411927461624,281.7070305813539,281.5764393392433,0.8315374,11.57643933924328,11.707030581353877,359.87045,53.08288641083362,101.70703058135388,101.57643933924328,53.21347765294422,16.167435,178.5173,1.0631463441979838,273.09088,-0.927918265487477,1390.0066,-36.78652234705578,1391.9569,52
36,0.0006026234030969,303.02228,0.6997402,-0.011274017,0.9687867999076843,0.9998848,0.998308928012848,278.80709497030534,278.80649234690225,0.8536781,8.806492346902246,8.807094970305343,359.79227,24.215182861725907,98.80709497030534,98.80649234690225,24.215785485129004,14.7439575,212.86998,1.2576806935403475,299.47165,-1.1171973747408543,1333.8418,-65.784214514871,1336.946,53
37,12.633448849112654,277.72595,0.7099147,0.036522154,0.9851760417222976,0.99996305,0.9996184277534484,255.05791426597943,267.6913631150921,0.786238,357.6913631150921,345.05791426597943,359.45645,22.668037882458066,75.05791426597943,87.69136311509209,10.034589033345412,17.803482,208.80444,2.717406888619078,336.36612,-1.0193233530577637,1046.0938,-79.96541096665459,1046.2554,54
38,0.0064363814411763,319.4418,0.69177824,-0.06942589,0.9915761828422546,0.9999737,0.9999155354499816,176.02180935465913,176.0282457361003,0.6385082,266.0282457361003,266.0218093546591,359.5893,-36.5800063761435,356.0218093546591,356.0282457361003,-36.58644275758468,14.941986,202.70093,1.4792283877486336,243.24402,-0.5952612769345206,1089.116,53.41355724241532,1089.3175,55
39,9.036414838490202,350.7505,0.6910547,-0.03421976,0.9825227379798888,0.9995247,0.9982727694511414,244.80737456858975,235.77095973009955,0.71331775,325.77095973009955,334.80737456858975,358.1113,-74.05688628733975,64.80737456858975,55.77095973009955,-65.02047144884955,16.812408,202.00934,1.2002708628331595,252.57562,-0.3630089015474229,1068.2845,24.97952855115045,1069.1512,56
40,16.198334719415755,274.24493,0.72402984,0.0005599237,0.982295536994934,0.9999966,0.99956544816494,251.01353582328767,234.8152011038719,0.83896387,324.8152011038719,341.01353582328767,358.49594,23.23139825874358,71.01353582328767,54.815201103871914,39.429732978159336,19.803558,203.5236,1.1195634802394083,249.43663,-0.2556531114000993,1002.10364,-50.570267021840664,1002.4635,57
41,21.189216498442875,307.28967,0.7386395,-0.021679377,0.9863083630800248,0.9999783,0.9998346745967864,49.83871052490974,71.02792702335262,0.81232536,161.02792702335262,139.83871052490974,359.54865,77.45096232665276,229.83871052490977,251.02792702335265,56.26174582820988,18.567871,209.99493,1.1413871593308311,241.65631,-0.2608529655179427,1168.8029,146.26174582820988,1169.3516,58
42,3.4356556952470783,305.87537,0.69405776,0.11526251,0.9833823919296264,0.9998581,0.9957955294847488,358.9802500622843,355.54459436703723,0.85438174,85.54459436703723,88.98025006228431,349.2751,-53.10488385134681,178.9802500622843,175.54459436703723,-49.669228156099734,12.901596,226.29207,1.4659284475604355,287.90405,-0.7587806046062185,1193.6118,-139.6692281560997,1196.7385,59
43,6.9023236290062755,342.925,0.71629655,-0.03983474,0.9862365007400512,0.9992493,0.998040747642517,257.20774460660397,250.3054209775977,0.84008396,340.3054209775977,347.20774460660397,357.40585,85.71724318636478,77.20774460660397,70.30542097759769,-87.38043318462894,16.571,203.11234,0.53380402125998,231.9133,-0.4731655059079134,1219.3027,2.6195668153710585,1220.0374,60
44,12.133172758898809,323.9436,0.6738394,-0.12801984,0.979838755726814,0.9998319,0.99957737326622,17.249064471617714,29.382237230516523,0.5564218,119.38223723051652,107.24906447161771,348.53302,-53.305460955992714,197.24906447161771,209.38223723051652,-65.43863371489152,15.601959,169.62656,0.8031971451814065,221.51875,-0.5527755364007049,1061.365,-155.43863371489152,1062.6288,61
45,0.0040278424913253,321.85516,0.69476706,-0.0832763,0.9700530618429184,0.9998427,0.9921897172927856,56.149734861464935,56.14570701897361,0.78005195,146.1457070189736,146.14973486146494,359.59143,85.70542871275381,236.14973486146496,236.1457070189736,85.70945655524514,14.634689,187.35509,1.0679680755858518,236.05373,-0.8340747623695197,1190.8644,175.70945655524514,1192.4574,65
46,3.378347524225319,325.60757,0.7008526,-0.024649529,0.9813954919576644,0.99625087,0.989846687912941,204.38010286203016,207.7584503862555,0.7604593,297.7584503862555,294.3801028620302,354.5489,-58.77252839913956,24.380102862030185,27.758450386255504,-62.15087592336488,12.71138,201.4038,1.262213706791108,257.7817,-1.1897394688011196,1206.1167,27.84912407663512,1208.069,70
47,0.0,333.46085,0.7165759,0.034112394,0.985454797744751,0.99998033,0.9997947812080384,94.56126832434244,94.56126832434244,0.7934715,184.56126832434245,184.56126832434245,359.77368,58.899577622923175,274.56126832434245,274.56126832434245,58.899577622923175,20.393082,194.4451,1.3603496669876411,233.72192,0.7154614039259718,1210.6395,148.89957762292318,1210.4971,84
48,0.0,315.2821,0.7525389,0.03163276,0.9866608649492264,0.9999767,0.999464042186737,94.56124441963922,94.56124441963922,0.85475034,184.5612444196392,184.5612444196392,358.60757,40.72086007254825,274.56124441963925,274.56124441963925,40.72086007254825,20.393082,206.21123,1.4371170470414336,241.18571,0.0145720366597486,1149.8298,130.72086007254825,1149.6847,85
49,0.3168729973197628,271.79846,0.68421865,-0.08876542,0.9901068717241288,0.99999446,0.9982037138938904,45.59254930488646,45.2756763075667,0.7524172,135.2756763075667,135.59254930488646,359.23303,46.20591260917604,225.5925493048865,225.2756763075667,46.5227856064958,19.341736,206.91086,2.5695598250888603,249.75711,-0.4054225300392652,1011.56665,136.5227856064958,1012.3912,87
50,0.0060231578862612,270.74423,0.72515434,-0.010666323,0.9906857401132584,0.999998,0.9999235111474992,342.02675974176964,342.0207365838834,0.8158001,72.02073658388338,72.02675974176964,359.9213,-71.28252756403526,162.02675974176964,162.02073658388338,-71.276504406149,16.766968,205.84834,1.806388949024938,249.1034,-0.6771769026494768,1066.782,-161.276504406149,1070.9108,88
51,9.314600627979983,262.33295,0.7061328,0.0066536535,0.982628059387207,0.99957496,0.9988160687685012,211.1028723889732,220.4174730169532,0.80674833,310.4174730169532,301.1028723889732,358.219,51.230074388370554,31.102872388973196,40.41747301695318,41.91547376039057,16.885605,206.9863,1.8956388337609,265.8364,-0.427408381217926,1003.8249,-48.08452623960943,1005.67993,89
52,0.0061866913845278,256.85315,0.70064986,0.013734294,0.9882010757923126,0.9999756,0.9997434830665588,7.518314586587394,7.512127895202866,0.81121856,97.51212789520288,97.5183145865874,356.03043,69.3348348274751,187.5183145865874,187.51212789520287,69.34102151885963,17.521912,206.12587,1.1376766687418347,249.07654,-0.3545045039853153,1110.4297,159.34102151885963,1112.8491,90
53,0.0060228620187672,269.90936,0.7235205,-0.011333043,0.9906857401132584,0.999998,0.9999235111474992,342.0267088934932,342.02068603147444,0.82298964,72.02068603147444,72.02670889349321,359.9213,-72.11734610052446,162.0267088934932,162.02068603147444,-72.11132323850569,16.766968,205.84834,1.8034294008352325,249.1034,-0.6905119950302374,1072.2375,-162.1113232385057,1076.4141,93
54,9.610913143864138,262.33295,0.7061328,0.0066536535,0.982628059387207,0.99957496,0.9988160687685012,211.10290851912265,220.7138216629868,0.80674833,310.7138216629868,301.10290851912265,358.219,51.2300382582211,31.10290851912265,40.71382166298679,41.61912511435696,16.885605,206.9863,1.895646102935355,265.8364,-0.4273446005813394,1003.8249,-48.38087488564304,1005.67993,94
55,0.0061866606804414,256.85315,0.70064986,0.013734294,0.9882010757923126,0.9999756,0.9997434830665588,7.518315442339713,7.512128781659271,0.81121856,97.51212878165929,97.51831544233973,356.03043,69.33483397172279,187.5183154423397,187.51212878165927,69.34102063240323,17.521912,206.12587,1.1376498560759627,249.07654,-0.354396957637489,1110.4297,159.34102063240323,1112.8491,95
56,0.3205773271511134,264.88278,0.7044415,0.013663768,0.9936933428049088,0.99999446,0.9982109755277634,45.592552501141085,45.27197517398997,0.8541054,135.27197517398997,135.59255250114109,359.2525,39.29022948128079,225.59255250114109,225.27197517398997,39.6108068084319,19.341736,206.66495,2.551048001810548,249.75711,-0.4493191224936988,991.93567,129.6108068084319,992.6397,97
57,1.9540552574114256,265.1185,0.760311,-0.01653453,0.9945540457963944,0.99887073,0.9987158453464507,211.1016521973301,209.14759693991869,0.9012951,299.1475969399187,301.1016521973301,341.5219,54.016847558529264,31.10165219733011,29.147596939918685,55.97090281594069,13.252029,204.56557,1.9891742248051965,229.60385,-0.8146550788427719,974.38385,-34.02909718405931,976.5437,99
58,7.964769852935973,323.87396,0.70847404,0.061806828,0.991218876838684,0.99998474,0.9988631749153136,86.30417619479772,94.26894604773368,0.83334637,184.2689460477337,176.30417619479772,359.8213,57.56978620754603,266.3041761947977,274.2689460477337,49.60501635461003,19.89412,206.32869,1.2293083694534783,249.23074,-0.1193410258098889,1201.5568,139.60501635461003,1203.0133,102
59,6.911192976543759,322.92746,0.69338876,0.018892394,0.9821246296167372,0.99998474,0.9990538257360458,87.55318548352693,94.46437846007068,0.8268794,184.4643784600707,177.55318548352693,359.8213,55.374274233269944,267.55318548352693,274.4643784600707,48.463081256726184,19.89412,206.30336,1.2217535351389694,249.23074,0.2561352988143726,1278.0178,138.46308125672618,1279.6145,103
60,12.994171653543305,333.032,0.7065349,-0.041353874,0.989477488398552,0.9999209,0.9954201537370682,80.8328394535697,93.827011107113,0.84710014,183.827011107113,170.8328394535697,359.62277,72.19917348588342,260.8328394535697,273.827011107113,59.205001832340145,19.156403,205.22495,1.3095881907474547,240.22646,0.2090657323787406,1199.8796,149.20500183234014,1201.4303,104
61,2.896226090497805,289.6922,0.70360124,0.018821867,0.9730538487434384,0.99997926,0.999047510623932,110.30007963358288,107.40385354308506,0.8503292,197.40385354308503,200.30007963358287,359.5274,-0.6078799265516182,290.30007963358287,287.40385354308506,2.288346163946187,18.937866,192.51202,0.4912397915205732,219.14807,-0.2629082096981609,1387.8903,92.2883461639462,1393.1576,108
62,0.3966070321314703,288.751,0.68800676,0.09466337,0.9936180114746094,1.0,0.9998677790164948,157.43192419732358,157.0353171651921,0.86445796,247.0353171651921,247.4319241973236,359.63943,-48.680917117245485,337.4319241973236,337.0353171651921,-48.28431008511399,19.465546,194.73236,0.8254845506207592,237.98332,-0.0134585045496308,1380.9271,41.71568991488601,1381.5502,109
63,7.228928331632289,286.6237,,,,,,190.34054194542028,183.111613613788,,273.111613613788,280.3405419454203,359.79517,-83.71685420127966,10.340541945420284,3.111613613787995,-76.48792586964737,16.920624,,0.79340982089136,,-0.3030564267308573,1439.1383,13.51207413035263,1441.7786,111
64,0.0061509836781965,298.2578,0.62693435,-0.004353991,0.9784611165523528,0.9999749,0.9993260264396668,200.6328851295896,200.63903611326785,0.74849075,290.6390361132678,290.6328851295896,357.0974,-82.37507262958962,20.632885129589624,20.63903611326782,-82.38122361326782,13.368011,190.079,1.4989113478805065,207.53363,-1.1192173949851876,1242.4042,7.618776386732179,1244.5365,114
65,2.095500775184348,269.16025,0.6965165,-0.044763483,0.96265070438385,0.9959638,0.9893415915966034,356.055068989063,353.95956821387864,0.72063094,83.95956821387864,86.05506898906299,356.02045,-86.89482118632861,176.055068989063,173.95956821387864,-84.79932041114427,14.805786,210.1677,2.5387428836017656,253.36617,3.628254736018472,1215.7445,-174.7993204111443,1222.3185,115
66,0.0061295204746443,272.2088,0.7094445,-0.10965345,0.9745858252048492,0.9999048,0.9972551184892654,336.3314738627409,336.32534434226625,0.782278,66.32534434226625,66.33147386274089,358.7375,-64.12267259320964,156.3314738627409,156.32534434226625,-64.116543072735,17.321854,197.14459,1.4436632790305264,287.101,-0.4568382651795639,1109.0181,-154.116543072735,1109.8475,120
67,0.0137734873478052,264.3294,0.6967858,-0.0019294752,0.98484827876091,0.9999553,0.9997631287574767,288.6393687730238,288.625595285676,0.76219374,18.625595285676013,18.63936877302382,357.55832,-24.30996203474257,108.63936877302382,108.625595285676,-24.296188547394763,19.947632,182.78535,1.8088633262104092,218.56938,-0.9890102870771648,1134.2046,-114.29618854739476,1137.5435,121
68,0.0061289056901614,271.8519,0.7110353,-0.10383349,0.9769184291362762,0.9999048,0.9972551184892654,336.33147259371265,336.3253436880225,0.7978581,66.32534368802249,66.33147259371265,358.7375,-64.47957440035327,156.33147259371265,156.32534368802249,-64.47344549466311,17.321854,197.14459,1.4428364796261746,287.101,-0.4577573636239152,1108.7379,-154.4734454946631,1109.5708,122
69,0.0173117991045614,263.88202,0.7001077,0.009270293,0.9873872548341752,0.9999553,0.9997631287574767,288.6393739335255,288.62206213442096,0.78061897,18.62206213442096,18.63937393352552,357.55832,-24.75735489055677,108.63937393352552,108.62206213442096,-24.740043091452208,19.947632,182.86124,1.8035131900586632,218.56938,-0.952553833020918,1135.0326,-114.7400430914522,1138.3636,123
70,1.2363550496591529,277.2506,,,,,,184.15800104576653,185.39435609542568,,275.3943560954257,274.1580010457665,359.7526,-86.90739069420403,4.158001045766525,5.394356095425678,-88.14374574386318,18.223145,,1.5591061210899737,,0.2422512310567708,1377.828,1.8562542561368216,1380.4135,124
71,37.7214274973104,305.9278,,,,,,14.30383032579499,52.02525782310539,,142.0252578231054,104.303830325795,359.93655,-68.37603491563874,194.303830325795,232.0252578231054,73.90253758705086,17.724564,,1.3663601374649326,,-0.2764076035576696,1113.9788,163.90253758705086,1116.9482,125
72,1.4302285806549548,282.70538,,,,,,264.98528978094134,263.5550612002864,,353.5550612002864,354.98528978094134,357.30478,17.720093519839907,84.98528978094134,83.55506120028639,19.15032210049486,18.666443,,1.1863483972345297,,-0.1864550892334658,1321.6459,-70.84967789950514,1324.8622,126
73,2.8226321659378755,286.8227,0.6983591,0.04312786,0.987472665309906,0.99999255,0.9998630034923554,110.30000811200792,107.47737594607004,0.89077836,197.47737594607003,200.30000811200793,358.56992,-3.4773152409142085,290.30000811200796,287.4773759460701,-0.654683074976333,19.110855,192.90677,0.4504471498745654,220.15456,-0.1155181424801968,1171.0048,89.34531692502367,1174.7246,127
74,0.4010581606271444,273.47516,0.70861137,0.04879464,0.9932646512985228,0.9999444,0.9999067974090576,157.44369639803756,157.04263823741042,0.8357602,247.0426382374104,247.44369639803756,359.84155,-63.96853770663131,337.44369639803756,337.0426382374104,-63.567479546004165,20.559753,192.74414,0.4677711800974607,205.50876,-0.2172707394083592,1153.4905,26.432520453995835,1153.9174,128
75,1.920783572844698,274.35153,,,,,,316.3054208421941,314.3846372693494,,44.38463726934941,46.30542084219411,358.16336,-41.953888859772235,136.3054208421941,134.3846372693494,-40.03310528692754,19.883514,,0.9282267020076904,,8.241259700327344,1399.7704,-130.03310528692754,1402.2781,129
76,7.2200394521055955,286.944,,,,,,190.3405415719605,183.1205021198549,,273.1205021198549,280.3405415719605,359.79517,-83.39654132781988,10.3405415719605,3.1205021198549048,-76.17650187571428,16.920624,,0.7762970084778164,,-0.376340712258315,1482.2429,13.82349812428572,1485.1046,130
77,31.000894298357903,262.08728,0.6944821,0.057116557,0.9808161079883576,0.99661463,0.9952404832839966,85.82175019761235,116.82264449597024,0.8992262,206.82264449597025,175.82175019761235,359.19965,-3.734469924174846,265.82175019761235,296.8226444959703,-34.73536422253278,19.071014,189.89555,0.4219920499245887,210.0292,-0.1296170629187315,1377.9811,55.26463577746725,1378.3379,131
78,2.0810434088201077,313.2389,0.7005606,-0.083411545,0.9456770479679109,0.9999442,0.9998141032457352,356.0550706205096,353.9740272116895,0.6971678,83.97402721168947,86.05507062050958,354.63846,-42.81617901894708,176.05507062050958,173.97402721168947,-40.735135610126974,15.154205,214.57887,1.4650420958077506,262.43723,-1.0644435134897203,1243.2565,-130.73513561012695,1251.5642,133
79,0.5357341262437103,293.68048,,,,,,48.76688288670732,49.30261701295103,,139.30261701295103,138.76688288670732,356.69583,64.91359807032393,228.76688288670732,229.30261701295103,64.37786394408022,20.770447,,1.0427429942718296,,-0.6379354859943851,1380.2382,154.37786394408022,1382.4221,140
80,3.924216974155229,305.74896,,,,,,92.28295283084444,96.20716980499968,,186.2071698049997,182.28295283084444,359.90836,33.466009571499285,272.28295283084447,276.2071698049997,29.541792597344056,16.799072,,1.1629998808899458,,-0.1897082999576636,1329.7262,119.54179259734406,1332.4711,141
81,38.10821547233826,309.89954,,,,,,13.920274900401864,52.02849037274012,,142.02849037274012,103.92027490040186,354.19012,-64.02073876758936,193.92027490040184,232.02849037274012,77.87104576007238,16.526062,,1.1199109620384604,,-0.3531796905478329,1608.6605,167.87104576007238,1613.6671,142
82,0.0265996149171314,335.88675,0.69275475,-0.04126648,0.9863653898239136,0.99988467,0.998739423751831,187.73336861997623,187.7599682348934,0.76290804,277.7599682348934,277.73336861997626,359.77914,-31.846619352398136,7.733368619976261,7.759968234893392,-31.873218967315267,15.685883,197.30077,0.1957651190532508,239.82962,7.774823018998655,1118.8853,58.12678103268473,1122.4941,146
83,4.015533463730804,34.5849,0.7504473,-0.026801482,0.9924577832221984,0.99998826,0.999912965297699,155.61261153988363,151.59707807615283,0.89268863,241.59707807615283,245.61261153988363,359.96436,58.97228836246012,335.61261153988363,331.5970780761528,62.98782182619095,18.279999,181.6686,0.797019156786886,266.9802,-0.0059176602575234,1120.6201,152.98782182619095,1128.1603,147
84,0.4694061612224516,27.297333,0.7491946,0.08051182,0.9890557736158372,0.9999761,0.9998544472455978,94.919262512684,95.38866867390648,0.9424868,185.3886686739065,184.919262512684,356.98114,-67.62192974901214,274.919262512684,275.38866867390647,-68.09133591023459,24.241592,146.69125,1.112354552160662,188.25241,-0.0352605698403189,1109.99,-158.0913359102346,1112.0536,148
85,0.0270681516971649,288.21164,0.73010045,0.0672351,0.9957286596298218,0.9999994,0.9998089814186096,187.73336221826656,187.76043036996373,0.84539956,277.76043036996373,277.73336221826656,358.49237,-79.52172281396969,7.733362218266564,7.760430369963728,-79.54879096566685,20.944489,195.82233,1.6639805958848242,216.04991,-0.3440563753490041,1062.7699,10.451209034333148,1064.9562,151
86,4.015561571517537,29.470123,0.6941449,0.033851266,0.9748058080673218,0.9989014,0.9974524402618408,155.61261154981406,151.59704997829652,0.73608685,241.59704997829652,245.6126115498141,359.96436,53.85751174120156,335.61261154981406,331.5970499782965,57.8730733127191,17.089035,193.79373,0.8319239542991211,270.5943,0.0909575777194182,1177.7963,147.8730733127191,1186.0775,152
87,0.4694082228843115,14.289917,0.7309425,0.06061238,0.9703816652297974,0.9987333,0.9962308382987975,94.91926251297352,95.38867073585784,0.9021992,185.38867073585783,184.91926251297352,359.80045,-80.62934552078602,274.91926251297355,275.38867073585783,-81.09875374367033,23.56549,136.23827,1.080483681447845,193.53238,0.0319155340884631,1094.2014,-171.09875374367033,1096.2247,153
88,24.0452688513534,19.129852,0.7323008,-0.061578393,0.9926984250545502,0.9998025,0.9986500823497771,13.133463622970568,37.178732474323965,0.80754167,127.17873247432397,103.13346362297057,358.00952,5.996388671951308,193.13346362297057,217.17873247432397,-18.04888017940209,22.357803,167.6121,0.938363940925258,204.63708,-0.022677726790225,1133.09,-108.04888017940208,1136.079,154
89,0.0112928563376328,295.0514,0.6871446,-0.028753612,0.9840611517429352,0.9999164,0.9994967460632324,160.9466517121802,160.95794456851783,0.79308325,250.95794456851783,250.9466517121802,356.1962,-45.8952601106177,340.9466517121802,340.95794456851786,-45.90655296695536,15.609711,192.89984,1.6020314998064302,244.24762,0.3455998210823106,1102.8033,44.09344703304467,1103.7484,156
90,0.2733999559813469,321.422,0.7154995,-0.0382784,0.9936895847320556,0.9999543,0.9996358704566956,118.32156615898762,118.59496611496895,0.7954771,208.59496611496897,208.3215661589876,359.25668,23.100430911324903,298.3215661589876,298.594966114969,22.827030955343503,13.608063,195.24535,1.2763326513483628,254.26624,-0.1877614318116135,1031.9854,112.8270309553435,1034.2605,157
91,0.0084808689601345,329.73926,0.6862864,0.022940427,0.9894385665655137,0.99998367,0.9994788855314256,354.6191854586767,354.6107045897166,0.837135,84.61070458971659,84.61918545867672,359.71033,-24.879927646176725,174.61918545867672,174.6107045897166,-24.87144677721659,14.084381,196.76392,0.3287305821899166,256.43796,8.668383202860118,1032.0509,-114.8714467772166,1039.5344,158
92,7.638383963464776,320.66708,0.7200228,0.032358944,0.9798115640878676,0.9999511,0.999333136677742,53.761074367542506,61.39945833100728,0.88752764,151.39945833100728,143.7610743675425,359.2891,86.90600937269187,233.7610743675425,241.39945833100728,79.2676254092271,13.622971,200.43343,0.9390748407631831,248.68925,-0.1014950367524652,1015.3042,169.2676254092271,1016.5761,160
93,0.0092963541249559,280.76025,0.7265941,0.009008054,0.9951204895973204,0.9999849,0.9994524431228636,3.038584465539373,3.029288111414417,0.82012063,93.02928811141442,93.03858446553936,359.99338,-82.27833055928937,183.03858446553937,183.0292881114144,-82.26903420516442,15.257416,166.8161,2.8458972813677033,212.98787,-1.1375795631025816,1178.5497,-172.26903420516442,1182.2388,161
94,2.6039615076865914,271.1375,0.7122488,0.0013879312,0.9872775614261629,0.9999989,0.9997368001937866,128.4697284085555,131.0736899162421,0.8224552,221.0736899162421,218.4697284085555,359.96448,-37.33221620152426,308.4697284085555,311.0736899162421,-39.936177709210824,13.6132965,184.35991,2.640126397508305,227.12227,-2.393808736362204,1212.6143,50.06382229078915,1217.6831,162
95,18.165488809309636,230.29593,0.7762432,-0.062933534,0.9731297254562378,0.9897192,0.985766851902008,123.07429254791046,141.2397813572201,0.31013203,231.2397813572201,213.0742925479105,230.47714,-72.7783635928323,303.07429254791043,321.23978135722007,89.05614759785806,12.460815,140.25891,1.2032838793549705,270.40878,11.67539559728477,1154.743,-0.943852402141971,1156.6635,163
96,15.810104638831604,354.8327,0.7019191,0.21311973,0.9980664998292924,0.9992548,0.9990171581506728,62.43020470702379,78.2403093458554,0.41608888,168.2403093458554,152.4302047070238,356.97607,-67.59750207030504,242.4302047070238,258.2403093458554,-83.40760670913664,5.726944,130.63033,0.0904772611900973,193.24617,9.861704613220034,1150.9884,-173.40760670913664,1155.7272,164
97,0.2772255671608832,340.86206,,,,,,337.3992226576829,337.6764482248438,,67.6764482248438,67.39922265768291,350.88754,3.4628378891920875,157.3992226576829,157.6764482248438,3.1856123220312043,10.474243,,0.1731794841777189,,8.347784319871895,1129.2095,-86.8143876779688,1142.8751,165
98,0.0062912853332477,315.52203,0.685755,-0.015699375,0.9914373278617858,0.9992423,0.9963338541984558,354.6574645385503,354.65117325321705,0.77746683,84.65117325321705,84.6574645385503,349.59207,-39.13543084714405,174.6574645385503,174.65117325321705,-39.1291395618108,15.102997,192.95908,1.081840747734141,209.96257,-0.4844953741963776,934.78076,-129.1291395618108,936.52234,166
99,4.005840888226885,294.17294,0.7031676,-0.0015504324,0.9631512880325316,0.9999238,0.9998291182518004,84.60719294144099,88.61303382966787,0.7799303,178.61303382966787,174.607192941441,251.87927,29.56575017379339,264.607192941441,268.61303382966787,25.559909285566505,17.68077,211.03427,1.3953191776748466,350.6967,6.513048082898932,1172.3434,115.5599092855665,1173.8512,167
100,7.351179194192042,334.85986,,,,,,141.5314847615053,148.88266395569735,,238.88266395569735,231.5314847615053,359.5887,13.32837851974466,321.53148476150534,328.88266395569735,5.977199325552647,8.27858,,0.5356688375794775,,8.221088102753663,1319.2993,95.97719932555265,1332.5033,168
101,0.0062454896949475,291.8795,0.7282297,-0.008951304,0.9924566894769667,0.99997467,0.999162131547928,6.889753456455708,6.88350796676076,0.8010769,96.88350796676076,96.88975345645572,351.93243,-75.01026737247133,186.8897534564557,186.88350796676076,-75.00402188277639,16.967514,198.72363,1.3197101237806348,273.93387,-0.9569847586001552,1106.0015,-165.0040218827764,1105.7941,170
102,0.9366061973073272,294.30524,0.70022255,0.035323028,0.9775534033775328,0.9999945,0.9989742815494538,163.15678435963588,162.22017816232855,0.804655,252.22017816232855,253.15678435963588,230.00156,-48.85154754322963,343.1567843596359,342.2201781623286,-47.91494134592233,12.781235,193.19969,1.423839270179321,212.8027,-0.549600613628453,1054.0223,42.0850586540777,1053.907,172
103,0.2879389332999835,305.38702,0.6927086,-0.03788767,0.981711533665657,1.0,0.9943549889326097,210.38457975009675,210.67251868339673,0.8128641,300.67251868339673,300.38457975009675,355.27716,-84.9975558243155,30.384579750096748,30.67251868339673,-85.28549475761548,12.887878,201.96434,1.3445087202842918,263.78943,0.4418315260374844,1296.4628,4.714505242384519,1296.2405,173
104,5.072313146475381,296.03903,0.695909,0.040135078,0.9843568563461302,0.9999924,0.999462459087372,204.0476712086603,198.9753580621849,0.82166046,288.9753580621849,294.0476712086603,205.37729,-88.00863922623842,24.04767120866029,18.97535806218491,-82.93632607976303,13.203781,196.1452,1.0650458237701674,214.53897,-0.4743768648223106,954.2095,7.063673920236965,954.0964,174
105,0.0058595493084112,297.16852,0.68720174,-0.1008651,0.9853234946727752,0.9996592,0.9993088012933732,33.02473879534341,33.018879246035,0.7493798,123.018879246035,123.0247387953434,219.72581,84.14377927106284,213.0247387953434,213.018879246035,84.14963882037125,14.945221,189.49425,1.260310126967502,205.99101,-0.3633826547851647,1261.6215,174.14963882037125,1261.8278,175
106,7.637026266715452,292.72006,0.70565665,-0.01856693,0.989624398946762,0.9998231,0.9994078266620636,168.50273882735695,176.1397650940724,0.8326623,266.1397650940724,258.50273882735695,207.41075,-55.782676571497575,348.50273882735695,356.1397650940724,-63.41970283821303,15.521912,193.64174,0.8144975852987189,230.93372,-0.3121615730850963,1068.0653,26.580297161786973,1068.1234,178
107,1.6394565386866589,298.87122,0.7477445,0.020331044,0.9975299715995788,0.99996275,0.999607412815094,279.26078851614966,280.9002450548363,0.86714846,10.90024505483632,9.26078851614966,326.71823,19.61042730416284,99.26078851614966,100.90024505483632,17.97097076547618,10.686783,197.63048,1.2193616222087973,241.4507,-0.5632898155497709,1164.6057,-72.02902923452382,1164.4807,179
108,9.75591012426412,295.83975,0.70303696,0.01935472,0.9843388825654984,0.99930423,0.9991411346197128,356.7278336546424,346.97192353037826,0.8264606,76.97192353037826,86.72783365464238,294.2143,-60.88808145737676,176.72783365464238,166.97192353037826,-51.13217133311264,15.521912,180.40631,0.9639593087676858,222.80557,-0.0724815221542517,1241.0656,-141.13217133311264,1241.0818,180
109,0.0063029206111764,293.32172,0.69164914,-0.025116915,0.993539947271347,0.9999909,0.9998307782411576,342.0115310949193,342.0052281743081,0.81923777,72.00522817430812,72.01153109491929,234.87491,-48.68981478632554,162.0115310949193,162.00522817430812,-48.683511865714365,13.235321,194.24695,1.1246975256119398,243.36267,-0.5313870133995984,1086.3616,-138.68351186571437,1086.5117,181
110,1.6977674972137606,299.80713,0.70169485,-0.03844207,0.9652374386787412,0.9991361,0.9967767190933228,30.9702694103554,32.66803690756916,0.86184275,122.66803690756916,120.9702694103554,232.58005,88.8368594958946,210.9702694103554,212.66803690756916,87.13909199868084,15.521912,189.8467,1.0663251233272857,222.80557,-0.073254395039234,1246.223,177.13909199868084,1246.202,183
111,2.7223233410207968,293.5621,0.6926829,0.0052992264,0.9894360065460204,0.9999691,0.9989445054531098,202.35289888561675,205.07522222663755,0.82052016,295.07522222663755,292.35289888561675,236.41269,-88.79079561413238,22.352898885616753,25.07522222663755,88.48688104484683,13.074417,197.02425,1.343530170822416,246.47668,-0.5968344486969669,1095.4365,-1.5131189551531747,1095.3175,194
112,0.5395381392378908,287.62817,0.7165299,-0.06690387,0.9799979567527772,0.99991405,0.9993828904628752,325.7902649165987,326.3298030558366,0.7897596,56.32980305583658,55.79026491659869,335.54547,-38.16209108847369,145.7902649165987,146.32980305583658,-38.70162922771158,15.521912,197.57944,0.700050882588056,268.31384,-0.1875570522243862,1099.9976,-128.70162922771158,1100.0182,195
113,0.5289675013591477,297.78485,0.6692217,0.019580398,0.9848113507032394,0.9999871,0.9932127755880356,343.68350569221246,343.1545381908533,0.8833125,73.15453819085332,73.68350569221246,351.2803,-45.898654617993714,163.68350569221246,163.15453819085332,-45.369687116634566,10.192398,220.60098,0.0813232310245123,277.14203,-0.0268420782874717,1034.8495,-135.36968711663457,1034.7062,196
114,10.341988793630035,291.54706,0.63393676,-0.014107744,0.9789192497730256,0.99978435,0.9992697256803512,11.993041146992937,1.6510523533628998,0.71215236,91.6510523533629,101.99304114699294,336.36774,-80.44598304152419,191.99304114699297,181.6510523533629,-70.10399424789415,11.615768,195.3429,0.788257368167649,209.12201,-0.2282512653150578,1209.5708,-160.10399424789415,1209.3868,197
115,1.1042516982217307,300.1334,0.69474024,0.009419316,0.9667370438575744,0.9999845,0.9996803283691408,277.00478421528254,278.1090359135043,0.8338103,8.109035913504272,7.004784215282541,359.89368,23.12860811870183,97.00478421528254,98.10903591350429,22.024356420480103,13.203781,227.52504,0.0994144737928389,288.5889,-0.0228680397642449,968.2943,-67.9756435795199,968.2029,200
116,6.85999209453513,291.99966,0.7091319,0.006810477,0.9872738420963288,0.99986446,0.9991953599452972,326.9107411620224,333.77073325655755,0.8370426,63.77073325655755,56.91074116202242,222.31908,-34.91107685538179,146.91074116202242,153.77073325655755,-41.77106894991692,15.544266,194.45692,0.5720000236355893,258.81836,-0.1365491165084024,1121.9388,-131.77106894991692,1121.9048,203
117,8.205348184623233,302.35516,0.68506193,-0.019607734,0.979183542728424,0.9999036,0.9969364285469056,59.780372046758714,67.98572023138195,0.79027724,157.98572023138195,149.7803720467587,232.58005,62.57479152746003,239.7803720467587,247.98572023138195,54.3694433428368,15.521912,186.42596,1.1594696024918385,204.05266,-0.3827424326989022,1219.9231,144.3694433428368,1219.8339,205
118,9.957235676401751,294.93405,0.72771364,0.08174758,0.9978561401367188,0.99996275,0.999734230041504,265.52250881352336,255.5652731371216,0.81916356,345.5652731371216,355.52250881352336,230.00156,29.411542700148516,85.52250881352336,75.56527313712161,39.36877837655027,11.615768,191.61288,1.3018674733860305,241.4507,-0.1373650138095347,1225.413,-50.63122162344973,1225.2843,208
119,9.80865519249653,290.64078,0.7037288,0.009261841,0.9768461972475052,0.99994797,0.9980652487277984,341.41264529350053,331.603990101004,0.786101,61.603990101004,71.41264529350053,189.73071,-50.77186770560991,161.41264529350053,151.603990101004,-40.963212513113376,13.074417,203.62924,1.0534455056135834,266.70636,-0.3188112755674602,1027.7733,-130.96321251311338,1027.6699,209
120,7.735279740179976,345.99622,0.6798831,0.02884971,0.9853473544120788,0.99998635,0.9989751237630844,2.8650664219109103,355.12978668173093,0.82202816,85.12978668173093,92.86506642191092,353.7629,-16.86885060159841,182.8650664219109,175.12978668173093,-9.133570861418434,12.506866,214.26282,0.3705213664323399,333.42343,-0.2549698126400238,1063.9625,-99.13357086141843,1063.8346,210
121,2.267725567803609,296.31165,0.7071435,-0.08307567,0.9706125110387802,0.9978541,0.9924983948469162,215.68729477474625,217.95502034254983,0.8962445,307.95502034254986,305.68729477474625,345.63193,80.62435073306625,35.68729477474625,37.95502034254986,78.35662516526264,11.309204,230.74084,0.0819563378936765,293.70645,-0.0330561774501988,939.1444,-11.643374834737358,939.0498,216
122,0.0147195777185515,294.7088,0.7160198,-0.05951538,0.98067307472229,0.9987372,0.9959657251834868,353.7995409729406,353.784821395222,0.8174719,83.78482139522202,83.79954097294058,207.41075,-59.09073970340933,173.79954097294058,173.78482139522202,-59.076020125690775,15.149689,197.65788,0.8144397230837336,255.30235,-0.4503968188247154,968.57074,-149.07602012569075,968.5918,226
123,0.0145395188073962,291.08884,0.6989301,-0.08728186,0.9820399701595306,0.9997474,0.9962868809700012,353.79958369308895,353.78504417428155,0.8340727,83.78504417428155,83.79958369308895,207.41075,-62.71074702316707,173.79958369308895,173.78504417428155,-62.69620750435968,15.149689,194.32368,0.9674150384370146,223.02907,-0.358703573392733,1019.825,-152.69620750435968,1019.8423,227
124,14.208233921563988,292.8275,0.6780711,0.03205721,0.9866017878055572,0.9999691,0.9999133771657944,334.460612974592,320.252379053028,0.85956746,50.252379053027994,64.46061297459198,230.00156,-41.63309832615448,154.46061297459198,140.252379053028,-27.424864404590497,13.074417,197.00131,0.9327144748302292,266.70636,-0.4973198728135212,1080.5084,-117.4248644045905,1080.4221,236
125,7.327430643074706,298.3388,0.72803617,-0.03808899,0.9871135175228116,1.0,0.9995728886127472,245.30823140993888,237.98080076686415,0.8053271,327.98080076686415,335.30823140993886,344.01822,53.030574742404895,65.30823140993886,57.98080076686415,60.3580053854796,11.050537,197.65584,1.2860870470585182,241.4507,-0.4522169807549954,1106.8821,-29.6419946145204,1106.7961,237
126,18.49533280201871,286.84302,0.6838886,0.013516613,0.979550015926361,0.9999945,0.9958753669261932,28.550569622405703,10.055236820386996,0.84176797,100.055236820387,118.5505696224057,189.73071,78.2924479557193,208.5505696224057,190.055236820387,-83.212219242262,13.910507,196.38455,0.7801373738079936,230.42044,-0.1642313422028552,980.4415,-173.212219242262,980.2849,238
127,0.1134411597106463,292.90314,0.6929264,0.02483507,0.9819759488105774,0.99999136,0.997274658679962,16.029108546292377,15.915667386581733,0.80535704,105.91566738658172,106.02910854629238,205.10411,-83.12597133926113,196.0291085462924,195.91566738658173,-83.01253017955048,14.945221,197.96832,1.3141970476630211,278.87552,-0.40845798744777,1092.9373,-173.01253017955048,1093.0608,240
128,0.0076934914795288,295.28543,0.6819207,-0.13902995,0.955259335041046,0.9991361,0.9983905792236328,353.7989203850163,353.79122689353676,0.69227993,83.79122689353676,83.79892038501629,232.58005,-58.51348947681316,173.7989203850163,173.79122689353676,-58.505795985333634,15.521912,190.05284,0.990095575182274,240.06241,-0.2500353173225492,1206.5938,-148.50579598533363,1206.5386,242
129,1.98747280355326,292.57596,0.6921172,-0.038819697,0.9808642804622648,0.9999989,0.9990281248092652,192.85953774300583,190.87206493945257,0.81242293,280.87206493945257,282.85953774300583,250.7551,-80.2835794910527,12.85953774300583,10.87206493945257,-78.29610668749945,14.945221,195.92747,1.1924691712015227,237.9776,-0.4947639955851854,1128.4531,11.703893312500554,1128.6086,243
130,3.8585147426714457,293.4437,0.6964683,-0.020632515,0.9904391765594482,0.99996275,0.998382487297058,62.288195602644464,58.42968085997302,0.7794003,148.42968085997302,152.28819560264446,239.11923,51.15549946571491,242.2881956026445,238.42968085997305,55.01401420838636,11.615768,204.01831,1.146034775619953,305.2424,-0.3457611319493855,1165.95,145.01401420838636,1165.8232,245
131,0.003606068173326,285.67694,0.69471496,-0.03731738,0.9886826694011688,0.9999909,0.9993917268514632,250.5268394445628,250.53044551273615,0.82224095,340.53044551273615,340.5268394445628,234.87491,35.150101473405925,70.52683944456282,70.53044551273615,35.1464954052326,15.904205,195.84448,1.0840737202412516,243.36267,-0.199933852087208,1111.9886,-54.8535045947674,1112.1658,248
132,8.783910284051558,294.88065,0.6856812,-0.0021797202,0.9874362111091614,0.9999822,0.9995332479476928,35.42508494538231,44.20899522943387,0.85585594,134.20899522943387,125.42508494538232,342.3215,79.45556080657082,215.4250849453823,224.20899522943387,70.67165052251926,11.306702,200.54425,1.0019702761912914,283.20154,-0.4127893475689725,1243.4967,160.67165052251926,1243.3427,251
133,0.1128981171943905,296.27463,0.7044308,-0.06409922,0.9789561480283736,0.9997091,0.996290609240532,16.02910855928502,15.91621044209063,0.6816795,105.91621044209064,106.02910855928502,328.40286,-79.75448087373815,196.02910855928505,195.91621044209063,-79.64158275654376,13.534439,181.44315,1.2400309589231924,210.47044,0.0772100744729364,1187.5643,-169.64158275654376,1187.6908,254
134,0.0048828672154002,297.11142,0.72353566,-0.046760656,0.9936365127563476,0.9999999,0.9998113799095154,114.58567728936252,114.59056015657792,0.7687104,204.5905601565779,204.5856772893625,359.89642,2.5257423883718957,294.5856772893625,294.5905601565779,2.520859521156467,13.2860565,199.3875,0.8230170481053092,237.19348,-0.0978417665142503,1105.5164,92.52085952115648,1105.5908,255
135,0.0075666069930662,289.90775,0.73344415,-0.045734018,0.978282207250595,0.99999887,0.999666445851326,328.25490775818525,328.2473411511922,0.7311271,58.24734115119219,58.254907758185254,264.55496,-38.34716239685713,148.25490775818523,148.2473411511922,-38.33959578986406,14.018585,203.13011,0.9512888037294894,288.3973,-0.266103737874627,1139.5215,-128.33959578986406,1139.6271,259
136,1.1914107961802074,296.93726,0.69171077,0.07359559,0.9743815541267392,0.9999615,0.9989157795906068,25.067528451100543,26.25893924728075,0.90358865,116.25893924728076,115.06752845110054,353.04074,-88.13027259172554,205.06752845110057,206.25893924728075,-89.32168338790575,12.963516,200.28145,1.3654355670386564,265.86414,-0.3671770752726609,981.5515,-179.32168338790575,981.7049,260
137,18.049336064957288,293.8604,0.69845927,0.14769793,0.9810315370559692,0.99922526,0.9982444405555724,304.7735647519437,322.822900816901,0.80942225,52.82290081690098,34.773564751943695,212.30779,-10.913152154287443,124.7735647519437,142.82290081690098,-28.962488219244733,10.638077,193.40968,1.3403442422365808,220.7121,-0.5675326551961555,1014.43713,-118.96248821924472,1014.3697,264
138,0.0063029071759501,298.28278,0.7233413,0.045028474,0.9926143884658812,0.99999255,0.9996121543645858,342.0115310943263,342.00522818715035,0.79150176,72.00522818715035,72.0115310943263,328.8486,-43.72875521542005,162.0115310943263,162.00522818715035,-43.7224523082441,13.534439,181.5882,1.0420854245573896,331.03802,0.1233401496103225,1147.6089,-133.7224523082441,1147.7494,265
139,0.0036060633303804,296.4157,0.73866975,0.001031644,0.991249331831932,0.9996592,0.9981941431760788,250.5268394452316,250.53044550856197,0.71145195,340.53044550856197,340.5268394452316,301.8739,45.88887100398716,70.52683944523159,70.53044550856197,45.88526494065678,13.534439,181.4055,0.918431398786935,279.91104,0.1875888166970957,1169.4504,-44.11473505934322,1169.5637,266
140,14.207867151834025,291.04407,0.68222517,0.08805212,0.9644995272159576,0.9999691,0.9970844238996506,334.46061297634697,320.25274582451294,0.692144,50.25274582451294,64.46061297634697,230.00156,-43.416545593534465,154.46061297634697,140.25274582451294,-29.20867844170044,11.615768,181.75981,0.9773437298265584,333.6706,0.0827235666206379,1077.1787,-119.20867844170044,1077.0767,269
141,1.905411247002803,297.09998,0.7468003,0.06989655,0.9785967469215392,0.99936163,0.9979293942451476,62.28638728950955,60.380976042506745,0.6958996,150.38097604250677,152.28638728950955,248.15002,54.81358829642795,242.28638728950955,240.38097604250677,56.718999543430755,11.524429,195.95842,1.1109427900387288,252.90157,-0.2305984999651615,1004.2119,146.71899954343075,1004.15216,270
142,0.0095826047903528,292.67224,0.70700574,0.05450962,0.9834939360618592,0.99999887,0.9999374389648438,317.5357643262901,317.52618172149977,0.8329966,47.52618172149977,47.53576432629012,358.67715,-24.86352311535262,137.53576432629012,137.52618172149977,-24.853940510562268,13.653885,194.51036,0.5962128123906866,208.02039,0.0006750328134649,1187.025,-114.85394051056228,1186.9799,271
143,4.284695928834822,295.08093,0.6956501,0.037862685,0.9860323071479796,0.9999082,0.9995600700378418,72.49395954218062,68.2092636133458,0.81720614,158.2092636133458,162.49395954218062,313.999,42.58697307500688,252.49395954218065,248.2092636133458,46.8716690038417,12.120377,198.58585,1.5342916398196118,251.37694,-0.2235057636384363,1111.5656,136.8716690038417,1111.4852,272
144,12.236787713875003,291.06952,0.7949207,0.080208935,0.9911863803863524,0.999481,0.9987544691562652,93.03346046562294,105.27024817949794,0.9501743,195.2702481794979,183.03346046562297,206.70074,18.036058577345784,273.03346046562297,285.2702481794979,5.799270863470838,14.166809,193.10501,1.209427169973049,207.07819,-0.0298466010174765,1115.3201,95.79927086347084,1115.2881,273
145,0.0065054935105877,302.71222,0.7429146,-0.03976054,0.9836051523685456,0.9996592,0.9923060095310212,328.25984029245984,328.25333479894925,0.8359478,58.253334798949254,58.25984029245984,291.37308,-25.54762105417859,148.25984029245984,148.25333479894925,-25.541115560668004,12.400513,196.77354,1.0480498457463392,221.50653,-0.3133334256931215,1048.6442,-115.541115560668,1048.8798,277
146,0.0062455098294549,291.33765,0.7303655,-0.011728207,0.9924566894769667,0.99997467,0.999162131547928,6.889755313027365,6.88350980319791,0.8010769,96.88350980319792,96.88975531302736,351.93243,-75.55210882865236,186.88975531302736,186.8835098031979,-75.54586331882291,16.967514,197.97845,1.309042491116143,251.86032,-0.9763308296346176,1103.3457,-165.5458633188229,1103.1317,326
147,0.0115100917489883,293.21362,0.67231363,0.028444724,0.984453672170639,0.99965775,0.9980846428871156,160.9471054531461,160.95861554489505,0.86308026,250.95861554489505,250.9471054531461,324.94244,-47.73348240627104,340.94710545314604,340.95861554489505,-47.74499249802005,20.858505,196.13503,1.6026250680267338,244.24762,-0.2151559942896531,1208.5798,42.25500750197995,1209.6555,327
148,0.0093026394428079,274.72858,0.7432433,0.002455325,0.9939947485923768,0.9999849,0.999386661052704,3.03858290309023,3.029280263647422,0.8432202,93.02928026364742,93.03858290309024,359.99338,-88.31000624293398,183.03858290309023,183.02928026364745,-88.30070360349117,14.831009,177.72562,2.7289718098430273,199.69832,-1.323326896055882,1176.6902,-178.30070360349117,1180.498,328
149,0.0084031999291482,282.33356,0.6861576,0.030753108,0.9879168957471848,0.99985117,0.9994308584928512,354.6192231816292,354.61081998170005,0.7715858,84.61081998170005,84.6192231816292,357.46323,-72.28566605272295,174.6192231816292,174.61081998170005,-72.2772628527938,17.72461,206.44104,2.0854630467708684,233.53183,-0.6169910583054667,1076.417,-162.2772628527938,1081.0,329
150,3.054366494502034,265.98895,0.7123581,-0.03126427,0.9837183862924576,0.9999989,0.9997514510154724,128.46939568610497,131.52376218060698,0.75569427,221.52376218060695,218.46939568610497,359.39893,-42.48044304938617,308.4693956861049,311.523762180607,-45.53480954388823,13.6132965,185.54872,2.4772573002795553,227.12227,-2.7924928856818925,1246.1534,44.46519045611177,1251.0857,330
151,17.12469588313695,286.53784,0.7021232,0.0024665997,0.982279247045517,0.9978059,0.996981697678566,66.03752229014128,83.16221817327823,0.86179715,173.16221817327823,156.03752229014128,359.38754,40.50031950673372,246.03752229014128,263.16221817327823,23.375623623596766,19.114243,206.29419,2.1747807801879273,236.63583,-0.0723062533518286,1133.1501,113.37562362359677,1137.4369,331
152,0.1691842325402603,315.65543,0.71304,-0.04410407,0.986572191119194,0.99968296,0.9985890573263168,142.2123338772077,142.04314964466744,0.860999,232.04314964466744,232.2123338772077,327.39474,-6.556907851817073,322.2123338772077,322.04314964466744,-6.387723619276812,13.608063,200.83553,1.1315508051242518,234.3498,-0.3848245441659726,947.8065,83.61227638072319,949.8547,332
153,0.0062912895438671,316.58914,0.6920881,0.01976483,0.9927045673131942,0.9992423,0.9983911538124084,354.657464343733,354.65117305418914,0.8112402,84.65117305418914,84.65746434373301,349.59207,-38.068322498029886,174.657464343733,174.65117305418914,-38.06203120848602,15.102997,192.91133,1.0815415840158504,209.96257,-0.5109604573497252,937.8645,-128.06203120848602,939.6142,333
154,3.6576181801057146,269.67023,,,,,,313.9971873674689,317.6548055475746,,47.6548055475746,43.99718736746888,358.79834,-44.32696031668763,133.99718736746888,137.6548055475746,-47.98457849679335,12.954132,,2.8458818592131077,,-2.322603603827908,1361.1373,-137.98457849679335,1370.4683,334
155,3.4444434595731934,308.77762,0.70258164,0.057671145,0.9948487877845764,0.99967736,0.9988222813606262,130.390315956769,133.8347594163422,0.84449726,223.8347594163422,220.390315956769,311.5576,-1.6126975485658477,310.390315956769,313.8347594163422,-5.0571410081390695,15.417465,200.77217,0.6900841263913103,230.67062,-0.4492369984031233,881.901,84.94285899186093,882.8195,335
156,7.6389580595202915,320.21417,0.71664083,0.005455285,0.9948548913002014,0.99967736,0.9993019145727158,53.76107296606892,61.400031025589215,0.84207624,151.4000310255892,143.76107296606892,337.72708,86.45309939721233,233.76107296606892,241.4000310255892,78.81414133769204,12.113098,196.37407,0.8772969640780056,213.38403,-0.1911365804233392,945.78253,168.81414133769204,946.8244,336
157,4.0154730693193414,293.7839,0.7064299,-0.020513624,0.9631512880325316,0.9999238,0.9998291182518004,84.59447551953406,88.6099485888534,0.78001696,178.6099485888534,174.59447551953406,251.87927,29.189429509762817,264.59447551953406,268.6099485888534,25.173956440443476,17.68077,202.99362,1.4231905578052833,275.65396,1.5105214897115709,1188.8619,115.17395644044348,1190.348,337
158,0.1604344849382073,258.87363,,,,,,337.39921504098334,337.55964952592154,,67.55964952592154,67.39921504098334,358.3468,-78.52558833199896,157.39921504098334,157.55964952592154,-78.68602281693717,11.964874,,3.2028979202732555,,-0.8786802171834757,1239.4122,-168.68602281693717,1245.8516,338
159,7.360818621238252,291.53183,,,,,,141.53148745624526,148.8923060774835,,238.8923060774835,231.5314874562453,358.66772,-29.999657622260884,321.53148745624526,328.8923060774835,-37.360476243499136,10.723755,,3.916929286971262,,1.4180743453604794,1377.3333,52.639523756500864,1385.6827,339
160,0.0036050271773433,275.35318,0.6936441,0.036207046,0.996898353099823,0.99890435,0.9988596320152284,250.52684258149668,250.530447608674,0.8310814,340.530447608674,340.5268425814967,169.73347,24.826337350143945,70.52684258149668,70.53044760867402,24.8227323229666,13.534439,199.04478,1.063395461582411,243.36267,-0.0021709673024262,1101.0405,-65.1772676770334,1101.2524,342
161,3.757849435276,15.43811,0.7251937,-0.13293386,0.9765739291906356,0.99995846,0.9987361878156662,61.66245790095678,65.42030733623278,0.7668229,155.42030733623278,151.66245790095678,359.55487,-46.22434754939428,241.6624579009568,245.4203073362328,-49.98219698467028,19.744003,150.56871,0.3052385902371666,190.23776,0.0568354116068803,1067.5608,-139.98219698467028,1067.9489,368
162,6.154214477237048,326.15765,0.71813756,-0.025664017,0.967480218410492,0.99998534,0.9924233508110046,125.76624224540348,131.92045672264052,0.9042327,221.92045672264052,215.76624224540348,359.48297,20.391411563190275,305.7662422454035,311.92045672264055,14.237197085953198,23.823303,182.03973,1.0042946203334162,203.91856,0.0632426525732421,1003.74835,104.2371970859532,1004.19403,369
163,0.0035701373957124,297.13168,0.7089702,-0.07199417,0.9686379790306092,0.9978275,0.9945946621894836,106.7977656133334,106.80133575072912,0.7906797,196.80133575072912,196.7977656133334,358.9349,10.333917736275964,286.7977656133334,286.8013357507291,10.33034759888028,20.555466,172.82611,0.3082608544275437,188.36414,-0.0484280183446064,1151.6943,100.33034759888028,1156.4258,375
164,3.7574799781966703,18.315033,0.72888076,-0.15040079,0.9881618171930312,0.99995846,0.9995887738466264,61.66190916083781,65.41938913903448,0.69118404,155.41938913903448,151.6619091608378,358.70932,-43.34687620185343,241.6619091608378,245.41938913903448,-47.104356180050104,20.331802,153.15002,0.2804263841488738,197.37463,0.035193556294977,1058.2043,-137.1043561800501,1058.5808,376
165,16.55274919940058,287.4354,,,,,,195.46114601600493,212.0138952154055,,302.0138952154055,285.46114601600493,359.0839,-88.02575172889556,15.461146016004932,32.01389521540551,75.42149907170386,14.742874,,1.1732772149008546,,-0.0561343179339044,1007.7879,-14.578500928296137,1009.4262,377
166,0.0069395076910723,325.22278,0.6985986,-0.021045767,0.9834666848182678,0.9999926,0.9977754831314086,28.50928614752854,28.50234663983747,0.86253035,118.50234663983748,118.50928614752854,359.54108,-63.28650782721604,208.50928614752857,208.50234663983747,-63.27956831952497,19.380676,188.8563,1.0923901180534532,216.98962,0.5516850646912675,1237.5929,-153.27956831952497,1239.509,382
167,0.2428415880311547,307.02277,0.6949361,0.005507906,0.9866741359233856,0.9999924,0.9996449482440948,116.96239177810357,116.7195501900724,0.87346596,206.7195501900724,206.96239177810355,359.96304,10.060374335177698,296.96239177810355,296.71955019007237,10.303215923208882,18.945938,204.61406,0.4368143558930669,269.93555,-0.2147376237053963,945.4712,100.30321592320888,945.8144,383
168,0.0060939979490513,309.24365,0.71188134,-0.01786444,0.9885285913944244,0.9993075,0.9980702209472656,27.298471094610303,27.292377096661255,0.73217446,117.29237709666126,117.2984710946103,358.1411,-78.0548187508603,207.2984710946103,207.29237709666128,-78.04872475291126,18.851303,199.86047,0.7940504169862106,233.73117,-0.4826105103433468,1025.4042,-168.04872475291126,1026.4315,384
169,8.666929248254917,251.50815,0.6991902,-0.0052797017,0.9877897590398788,0.9998633,0.9998346441984176,182.91246408749575,191.5793933357507,0.7778904,281.5793933357507,272.9124640874958,359.3521,68.5956841058636,2.9124640874957777,11.579393335750694,59.92875485760868,15.40834,194.39604,1.0122599975595457,217.24712,0.0094690798423467,1128.7183,-30.07124514239132,1136.178,385
170,6.276179673806439,288.32974,0.71471953,-0.015322644,0.9908338606357574,0.99999976,0.9993895173072816,321.0581006683386,327.33428034214506,0.8084935,57.334280342145064,51.058100668338625,303.7623,-32.728358236698,141.05810066833862,147.33428034214506,-39.00453791050444,20.472641,194.32808,0.4602726429064332,271.87057,-0.3250541310596823,1111.2449,-129.00453791050444,1111.0814,386
171,4.730033511322802,290.74915,0.7031933,-0.013974059,0.9910753190517424,0.99999857,0.999674254655838,337.227198551304,341.9572320626268,0.80601656,71.95723206262682,67.22719855130401,300.51495,-46.478053043491514,157.227198551304,161.95723206262682,-51.208086554814315,17.945969,192.5438,0.4667814028937025,242.4539,-0.1784643816146678,1100.815,-141.20808655481432,1100.7605,387
172,0.0019062820113049,281.5856,,,,,,280.6109545185551,280.6090482365438,,10.6090482365438,10.610954518555104,359.19308,0.9746472880855208,100.6109545185551,100.6090482365438,0.9765535700968258,17.715439,,0.4611473294825502,,-0.1856841307678497,1124.063,-89.02344642990317,1124.1401,391
173,4.438486548628646,285.7624,,,,,,275.22926052903904,279.6677470776677,,9.667747077667684,5.229260529039038,330.36444,10.533129607679712,95.22926052903904,99.66774707766768,6.094643059051066,14.640793,,0.4861879955750467,,-0.1452591964245772,1227.5958,-83.90535694094893,1227.719,392
174,0.0009616873506956,302.40704,0.71313405,-0.13414052,0.986156404018402,0.99707085,0.9962612867355348,82.11983794513674,82.11887625778604,0.60160065,172.11887625778604,172.11983794513674,303.7623,40.28720551189451,262.11983794513674,262.11887625778604,40.28816719924521,16.021133,184.51942,0.5726843104643389,199.49295,-0.318248561064394,1294.7544,130.2881671992452,1294.5968,398
175,1.5501190935211184,279.117,0.69347394,0.009322049,0.9862072855234146,0.9999527,0.999389055967331,280.51786271744163,278.9677436239205,0.84955335,8.967743623920512,10.51786271744163,359.92264,-1.4008583229103806,100.51786271744164,98.96774362392053,0.1492607706107378,20.04979,197.1004,0.4952327559966568,271.85577,-0.1530386947008609,1169.3749,-89.85073922938926,1169.5924,400
176,0.006104147398446,289.9405,,,,,,309.2593528694124,309.25324872201395,,39.25324872201395,39.2593528694124,353.56302,-19.318862146756143,129.2593528694124,129.25324872201395,-19.3127579993577,17.516586,,0.5264560195874476,,-0.1712359276462988,1133.1393,-109.3127579993577,1133.1915,401
177,0.0061041447926868,290.68304,,,,,,309.25935240366454,309.25324825887185,,39.25324825887185,39.259352403664536,284.64618,-18.576307970070783,129.25935240366454,129.25324825887185,-18.5702038252781,17.846817,,0.6290209699000575,,-0.102989685385731,1172.6505,-108.5702038252781,1172.749,403
178,1.3321935378310172,285.03793,,,,,,288.7009679390979,287.3687744012669,,17.368774401266876,18.700967939097893,302.29703,-3.663034589488518,108.7009679390979,107.36877440126688,-2.330841051657501,17.715439,,0.4872792934898675,,0.0294928746098299,1037.5369,-92.3308410516575,1037.5562,404
179,1.5497659979919831,290.84778,0.7142319,0.07753312,0.9692940711975098,0.99516696,0.9804657697677612,280.5178621480694,278.96809615007743,0.68156165,8.968096150077429,10.517862148069412,346.3511,10.329916172243088,100.5178621480694,98.96809615007744,11.879682170235071,13.58847,173.561,0.311932432731667,251.10117,0.1667702351875313,1163.7396,-78.12031782976493,1163.9808,405
180,0.0060925107571279,307.89078,0.7126031,-0.06542471,0.989188939332962,0.99998116,0.9985418379306792,27.29867184486278,27.292579334105653,0.8058517,117.29257933410564,117.29867184486278,358.1411,-79.40789425697216,207.2986718448628,207.29257933410565,-79.40180174621503,18.752579,202.9087,0.8038243370196735,251.70755,-0.5731311943111089,986.9907,-169.40180174621503,987.97156,413
181,0.0069533085024318,309.71063,0.7013513,-0.025935572,0.98100243806839,0.99991417,0.9993040764331818,28.509410950681456,28.502457642179024,0.8604833,118.50245764217902,118.50941095068146,359.48224,-78.7987786264627,208.50941095068143,208.50245764217905,-78.79182531796027,19.380676,193.96513,0.9895512909359816,206.27281,-0.2761966198908001,1117.2964,-168.79182531796027,1118.7466,414
182,3.992904578369661,308.7658,0.7097305,-0.008357238,0.9831547141075134,0.9999517,0.9990270972251892,110.45013148189376,114.4430360602634,0.86438453,204.4430360602634,200.45013148189375,359.96304,18.315676623574973,290.4501314818938,294.4430360602634,14.32277204520534,16.715317,206.68341,0.4097186835542294,269.93555,-0.257518897297196,900.6333,104.32277204520534,900.9219,415
183,11.125129455687244,238.61583,0.6907905,-0.0036764985,0.9878689289093016,0.99983376,0.9985291731357576,158.5385998081791,169.66372926386634,0.78808,259.66372926386634,248.5385998081791,355.0405,80.07722965959431,338.53859980817913,349.66372926386634,68.9521002039071,15.40834,193.14815,0.9655150091617004,210.73257,-0.2865341528282139,1088.735,-21.047899796092903,1095.146,416
184,4.569045372723906,23.763306,0.7026321,-0.10891107,0.972066044807434,0.99312866,0.9923322397470474,336.0487129783676,340.6177583510915,0.8515562,70.61775835109148,66.04871297836758,356.36316,47.714592685694925,156.04871297836758,160.61775835109148,43.14554731297102,18.542542,227.95248,0.0468144062364105,318.4023,-0.0025455294122919,1290.6647,-46.85445268702898,1290.5938,417
185,5.511747420112215,287.04492,0.7234003,-0.020579627,0.9909431844949722,0.9996725,0.9995212548971176,336.0488943242406,341.56064174435284,0.8677264,71.56064174435284,66.04889432424062,179.5388,-49.00397244924062,156.04889432424062,161.56064174435284,-54.51571986935283,15.995758,196.81079,0.3871707617874257,214.97504,-0.3127850214681495,1001.0294,-144.51571986935284,1000.9836,418
186,1.685364253271132,283.406,,,,,,288.70060847990123,287.0152442266301,,17.015244226630102,18.70060847990123,354.07175,-5.294602620526234,108.70060847990123,107.0152442266301,-3.6092383672551023,17.715439,,0.4361593438640118,,-0.0604582314838609,1204.4028,-93.6092383672551,1204.4943,423
187,2.8584002552993297,287.16418,0.7132835,-0.05773092,0.9755822360515596,0.9999719,0.9972594249248504,230.55860061361503,233.4170008689144,0.8181645,323.4170008689144,320.55860061361506,359.92285,56.60558395669744,50.558600613615056,53.417000868914386,53.747183701398114,20.208084,176.75073,0.946412154610723,200.06174,-0.1629515210876221,1127.7429,-36.252816298601886,1127.7346,448
188,0.9207769607870092,303.68536,0.71090657,0.00086984487,0.963052037358284,0.9999652,0.9980588030815124,350.67239366264766,351.5931706234347,0.8052577,81.59317062343467,80.67239366264766,359.98145,-46.987029893116414,170.67239366264766,171.59317062343467,-47.90780685390342,13.701492,183.84517,0.8832312614562751,214.37741,0.0499887650758169,1397.0317,-137.90780685390342,1401.8258,449
189,49.110837515001265,261.8797,0.70409405,-0.038026642,0.9876995801925658,0.9998988,0.9993375146389007,182.90865382806865,232.0194913430699,0.8398336,322.0194913430699,272.9086538280686,359.73138,78.97104587896263,2.9086538280686227,52.01949134306989,29.86020836396136,11.874481,220.56042,0.9033832598736604,254.2324,-0.0087853643712629,1169.7013,-60.13979163603864,1176.1085,450
190,0.0,270.0785,0.6971479,-0.058668777,0.9744364142417908,0.9998822,0.9982080864906312,242.79893295683175,242.79893295683175,0.86541927,332.7989329568318,332.7989329568318,358.11752,27.279558254105723,62.79893295683178,62.79893295683178,27.279558254105723,11.114029,208.82414,0.9122655376644648,279.11502,-0.0811154102935909,1194.2023,-62.72044174589428,1200.1886,451
191,9.83792191542392,313.8857,0.7148081,-0.079157226,0.9834475517272948,0.99898326,0.9989115929603576,117.38209368098516,107.54417176556125,0.7294242,197.54417176556123,207.38209368098515,357.07297,16.503617988936753,297.3820936809851,287.54417176556126,26.341539904360616,19.85588,195.39783,0.8613861722669454,216.02693,-0.0960158054527345,1255.379,116.34153990436062,1256.1548,452
192,3.876628050258717,272.94818,0.69030434,-0.11196877,0.9365300238132476,0.9978442,0.9889825582504272,269.60149038980796,265.72486233954925,0.57732445,355.72486233954925,359.60149038980796,349.8739,3.3466907625357862,89.60149038980796,85.72486233954925,7.223318812794503,11.874481,210.93654,0.9586433725515512,234.18677,-0.0659722591235082,1177.5645,-82.7766811872055,1186.5984,453
193,2.5905634365994388,292.10754,0.7071816,-0.068462044,0.9516731500625608,0.9993242,0.997142436504364,230.55819680626135,233.1487602428608,0.7531925,323.1487602428608,320.5581968062614,359.92285,61.54934713905112,50.55819680626138,53.14876024286082,58.95878370245168,20.208084,166.42123,0.9276989272419528,197.87363,-0.3629668821838251,1133.1915,-31.041216297548317,1133.176,455
194,0.8464448766483201,284.63306,0.73175544,0.060682047,0.9865094006061552,0.9999711,0.998566929101944,350.6723852494203,351.5188301260686,0.8888366,81.51883012606862,80.6723852494203,359.75357,-66.0393286087953,170.6723852494203,171.51883012606862,-66.88577348544362,14.64473,175.82057,0.8939258226953031,198.1915,-0.1130362192600484,1180.2339,-156.88577348544362,1182.5648,456
195,49.110954756342664,277.54544,0.71150446,-0.100224465,0.9886346340179444,0.9998988,0.9993489265441896,182.9086538278584,232.01960858420108,0.7530208,322.0196085842011,272.9086538278584,359.73138,-85.36321315403029,2.908653827858416,52.01960858420108,45.525832089627045,11.874481,220.36302,0.9147514910653588,260.27426,-0.0195038950551761,1197.7866,-44.474167910372955,1204.3474,457
196,0.0,265.06177,0.68380755,-0.007448143,0.9695992231369018,0.9995833,0.9994288182258606,244.22059708779676,244.22059708779676,0.76286393,334.22059708779676,334.22059708779676,359.60205,20.84117049032824,64.22059708779676,64.22059708779676,20.84117049032824,10.380142,208.25818,0.9519765655593642,255.01274,-0.1204039495398181,1266.2025,-69.15882950967176,1273.2982,458
197,12.18136716203344,296.05582,0.6919828,-0.041431356,0.9697378814220428,0.99872464,0.9955197644233704,117.38149330187798,105.20012613984454,0.6851096,195.20012613984457,207.381493301878,356.526,-1.325676651487356,297.381493301878,285.20012613984454,10.855690510546085,19.85588,203.04933,0.820649354596265,240.89758,-0.0014161266413208,1105.5703,100.85569051054608,1106.1116,459
198,3.1078241066331884,273.59732,0.7365781,-0.051953748,0.978694099187851,0.99942404,0.9989796876907348,235.26696473295533,238.37478883958852,0.75580627,328.3747888395885,325.26696473295533,347.18323,38.330355823685295,55.26696473295533,58.37478883958852,35.22253171705211,11.874481,215.7807,1.0075749554152618,260.27426,0.0072223090539441,1218.7319,-54.77746828294789,1229.1947,460
199,2.296778798269486,261.92474,0.7147787,-0.10476827,0.9838173300027848,0.9999324,0.999486762881279,273.9920504280896,276.2888292263591,0.8176125,6.288829226359098,3.992050428089613,359.43347,-12.067306775745864,93.9920504280896,96.2888292263591,-14.364085574015348,16.63301,189.92033,1.9417849997076928,224.39613,-0.7977286248306139,1176.1036,-104.36408557401536,1179.5828,462
200,0.0065105206142561,298.22955,,,,,,32.55668826706017,32.55017774644591,,122.55017774644593,122.55668826706015,355.29868,85.67286495559608,212.55668826706017,212.5501777464459,85.67937547621034,18.808777,,1.0754261100060314,,-0.7794445777788974,1160.4553,175.67937547621034,1166.3413,463
201,4.478465518792916,271.0892,,,,,,293.2878949059718,288.8094293871789,,18.80942938717891,23.287894905971825,359.416,-22.19869202511245,113.28789490597184,108.80942938717892,-17.720226506319534,14.239746,,1.599741886304182,,-0.6643692046753599,1195.7944,-107.72022650631952,1199.6482,464
202,6.2176312670103755,279.4257,0.7169539,-0.033506,0.989362895488739,0.9999897,0.998047649860382,87.9530069126904,94.17063817970076,0.82660675,184.17063817970077,177.9530069126904,359.8207,11.472682784575229,267.9530069126904,274.17063817970075,5.25505151756488,22.401566,183.81471,1.380845877193729,195.06644,-0.321745592466764,1189.2454,95.25505151756488,1190.7887,465
203,0.0065187251029215,307.28873,,,,,,32.55656591418477,32.55004718908185,,122.55004718908184,122.55656591418476,349.6889,-85.26783910754415,212.55656591418477,212.55004718908185,-85.26132038244123,17.70662,,1.0539159219216176,,-1.1194071261114502,1250.7112,-175.26132038244123,1258.3118,467
204,2.9066036249491845,38.840637,0.7507463,-0.03859314,0.9837304949760436,0.9998526,0.9975260496139526,3.0227719748298796,5.929375599779064,0.8842085,95.92937559977906,93.02277197482988,344.12738,35.81786523220137,183.02277197482988,185.92937559977904,32.911261607252186,9.451874,110.47391,0.0605286075516162,242.53967,-0.0129626421582375,1071.901,-57.088738392747814,1075.4707,468
205,0.5783295156903705,35.71805,0.7335334,0.046886787,0.9789808988571168,0.99990064,0.9986953139305116,67.32524039093232,66.74691087524195,0.87738127,156.74691087524195,157.32524039093232,356.07346,-31.607192295229197,247.32524039093232,246.74691087524195,-31.028862779538827,9.700699,107.13608,0.0703323397238361,242.53967,-0.0131891413604865,1080.478,-121.02886277953884,1084.0472,469
206,0.421818372057487,269.48596,0.74968886,0.08968095,0.9956634938716888,0.99999833,0.9999880790710448,277.6772459383608,278.09906431041827,0.8686982,8.099064310418271,7.677245938360784,175.06468,-8.191284024298284,97.67724593836078,98.09906431041829,-8.613102396355771,19.450607,193.82486,0.6749265556139455,225.00836,-0.5146340702072955,1004.9462,-98.61310239635576,1004.971,470
207,3.953097317136781,263.85706,,,,,,245.2154892699635,249.16858658710032,,339.1685865871003,335.21548926996354,175.02748,18.64156639409896,65.21548926996354,69.16858658710032,14.688469076962178,14.948898,,0.8615656850651777,,-0.947145379774318,992.7804,-75.31153092303782,992.6989,471
208,0.0,274.25623,0.7311977,-0.023459759,0.986492246389389,0.9999966,0.9982312917709352,217.15148389229392,217.15148389229392,0.81820464,307.1514838922939,307.1514838922939,350.38504,57.104741693643575,37.151483892293925,37.151483892293925,57.104741693643575,18.164215,192.92401,0.8477508507189007,236.20447,-0.7384593262805708,960.39734,-32.895258306356425,960.377,473
209,0.000773997890235,271.43857,,,,,,302.1253738046788,302.1245998067886,,32.12459980678858,32.125373804678816,217.76881,-30.68680568944444,122.12537380467882,122.12459980678858,-30.68603169155421,15.615448,,1.03192967316739,,-0.8999299625242776,996.08905,-120.6860316915542,996.0299,474
210,7.941365380124239,30.471436,,,,,,66.72067370023137,74.66203908035561,,164.6620390803556,156.72067370023137,345.20566,-36.24923815335637,246.72067370023137,254.6620390803556,-44.19060353348061,9.748322,,0.0548696191001335,,-0.0160070941436539,1095.8461,-134.1906035334806,1097.8263,475
211,2.6949301155003127,273.9898,,,,,,280.39865516785073,277.7037250523504,,7.703725052350421,10.398655167850734,217.76881,-6.408848038944484,100.39865516785072,97.70372505235042,-3.7139179234441713,13.015717,,0.9110841587387316,,-0.9070697293358227,947.69037,-93.71391792344416,947.6438,476
212,21.51251800976121,273.27423,,,,,,322.5711243573792,301.05860634761797,,31.058606347617967,52.571124357379176,357.29758,-49.296893400347926,142.57112435737918,121.05860634761795,-27.784375390586717,12.410446,,0.9252287651842904,,-0.5852882701670749,986.5735,-117.78437539058672,986.54315,477
213,26.059503657068092,322.51273,,,,,,332.2162450576612,306.1567414005931,,36.15674140059309,62.21624505766118,357.45795,-9.703519227583058,152.21624505766118,126.15674140059308,16.355984429485034,12.189774,,0.388138594349851,,-0.8986264202704174,1228.4515,-73.64401557051497,1228.4182,478
214,0.0,278.84137,0.6957521,-0.010685419,0.9823721647262572,0.99995226,0.9980197250843048,227.5475386574825,227.5475386574825,0.79468894,317.5475386574825,317.5475386574825,356.69754,51.293830971423745,47.547538657482505,47.547538657482505,51.293830971423745,19.44455,195.20515,0.6509964430315999,222.29446,-0.5861623452301978,973.0153,-38.706169028576255,973.0144,479
215,17.803339227826655,271.37982,,,,,,215.67821241823077,197.87487319040412,,287.8748731904041,305.67821241823077,355.15054,55.70160935911298,35.67821241823077,17.874873190404116,73.50494858693963,12.465134,,0.8976470586520331,,-0.6979344622953829,972.25696,-16.495051413060366,972.35565,481
216,13.21543649688732,313.8208,,,,,,168.9572955333764,182.17273203026372,,272.1727320302637,258.9572955333764,354.75592,-35.136494752126396,348.9572955333764,2.1727320302637168,-48.35193124901372,12.189774,,0.3755880164786719,,-0.7940667782563053,1223.2673,41.64806875098628,1223.2843,486
217,1.1751977332945671,259.2515,0.713665,-0.04053013,0.9900474369525908,0.99994576,0.9994391548633575,275.6714248617689,276.8466225950635,0.82598495,6.846622595063479,5.671424861768912,357.9399,-16.419929500440787,95.67142486176893,96.84662259506348,-17.595127233735354,14.516022,189.2548,1.9615983563656896,207.03479,-1.048131221980339,1101.2124,-107.59512723373535,1104.222,492
218,0.0065613319371209,300.748,,,,,,32.5565858077411,32.55002447580398,,122.55002447580398,122.5565858077411,359.44254,88.19140003210265,212.5565858077411,212.550024475804,88.19796136403977,19.117981,,1.0029684913359391,,-0.9267915262500156,1170.3298,178.19796136403977,1176.2255,494
219,4.604891506246474,263.86172,,,,,,293.28800731064973,288.68311580440326,,18.683115804403258,23.288007310649732,358.9125,-29.426282457134107,113.28800731064972,108.68311580440326,-24.821390950887633,14.239746,,1.579623573545976,,-0.920070078230004,1155.1879,-114.82139095088765,1159.009,495
220,5.866405543925794,279.53024,0.76203144,-0.052535627,0.988081991672516,0.9999334,0.9980867028236388,87.95301570926642,93.81942125319222,0.7757341,183.81942125319225,177.95301570926642,358.60602,11.577227210655453,267.9530157092664,273.8194212531922,5.710821666729657,19.084763,184.07782,1.350561548324831,194.56693,-0.4123830921653554,1148.4261,95.71082166672966,1149.8368,496
221,3.032840904193108,312.79794,0.7335174,0.11475033,0.9890646487474442,0.999999,0.9999844133853912,80.08591293132667,77.05307202713357,0.942956,167.05307202713357,170.08591293132667,356.99936,52.7120301839077,260.0859129313267,257.05307202713357,55.74487108810081,15.661362,222.21759,1.211515829133865,299.54437,1.8896228841449103,1209.1812,145.7448710881008,1214.2257,498
222,2.9474774602390426,46.906433,0.74329394,-0.0489328,0.9741035103797911,0.99997705,0.9995377659797668,50.78604153730021,53.73351899753925,0.88619554,143.73351899753925,140.7860415373002,328.99487,-3.879608431831457,230.7860415373002,233.73351899753925,-6.8270858920704995,8.240952,158.1392,0.0513175163418825,222.87572,-0.0321128647983141,986.7489,-96.8270858920705,989.8325,499
223,17.801563243627697,264.0867,,,,,,215.67816289038035,197.87659964675265,,287.87659964675265,305.67816289038035,150.01277,48.408537549072776,35.67816289038035,17.876599646752652,66.21010079270047,10.892273,,0.8039634268673094,,-0.9651978295235816,1013.03107,-23.789899207299527,1013.01984,500
224,3.096461783386019,265.10022,,,,,,246.5106890100967,249.60715079348273,,339.60715079348273,336.5106890100967,329.10828,18.589530716465788,66.51068901009671,69.60715079348273,15.493068933079767,12.364273,,0.7652997751258053,,-1.133614900851177,970.553,-74.50693106692023,970.5177,501
225,7.964865999454219,36.174774,,,,,,66.72066508277896,74.68553108223318,,164.68553108223318,156.72066508277896,357.5762,-30.54589091285709,246.72066508277896,254.6855310822332,-38.51075691231131,9.156372,,0.05419154914156,,-0.0335079501093606,1042.9625,-128.5107569123113,1044.5876,502
226,21.564768358674428,268.05493,,,,,,322.571147751974,301.0063793932996,,31.006379393299596,52.571147751974024,329.08987,-54.516216111349024,142.57114775197402,121.0063793932996,-32.951447752674596,11.648041,,1.0052927140843133,,-0.7514590192609372,958.0968,-122.9514477526746,958.0065,503
227,0.5883693517150732,43.79071,0.7388245,-0.115616366,0.9886323809623718,0.99997705,0.9999662637710572,67.32207175457381,66.73370240285874,0.87372,156.73370240285874,157.3220717545738,336.1467,-23.531361305355063,247.3220717545738,246.7337024028587,-22.94299195363999,9.211975,133.36795,0.0598547026296883,277.65903,-0.0409497015606351,993.67993,-112.94299195364,996.7424,504
228,0.0,272.2025,0.74308527,0.046778645,0.9936746001243592,0.9995326,0.9970781767368316,227.5475386574825,227.5475386574825,0.91801935,317.5475386574825,317.5475386574825,150.21669,44.654975990954995,47.547538657482505,47.547538657482505,44.654975990954995,15.782028,193.85469,0.5576578026519444,205.0529,-0.7555945102347861,1006.5303,-45.345024009045005,1006.547,505
229,0.3313920043879079,266.6952,0.6906199,0.18507306,0.9828834891319276,0.9996988,0.9979961442947388,279.01532427462865,279.34671627901656,0.92913175,9.346716279016562,9.015324274628654,347.4448,-12.320133844941154,99.01532427462864,99.34671627901656,-12.651525849329062,15.892166,191.10294,0.5493388982988867,201.50517,-0.7606182942739068,966.0816,-102.65152584932906,966.1334,506
230,4.802687291674715,273.6024,,,,,,283.5879237889813,278.7852364973066,,8.785236497306585,13.5879237889813,339.91647,-9.985537314371925,103.5879237889813,98.78523649730658,-5.18285002269721,10.746506,,0.9378072818523288,,-0.9270894867812748,1001.388,-95.1828500226972,1001.3552,507
231,2.67566838734308,38.70865,0.73214453,-0.003686241,0.9552984833717346,0.99997705,0.99267578125,3.0227835715533047,5.698451958896385,0.874783,95.69845195889638,93.0227835715533,330.77533,35.68586511008732,183.0227835715533,185.6984519588964,33.01019672274424,9.95462,137.90028,0.0602572185083823,296.8308,-0.0367710291547686,1008.12634,-56.98980327725576,1010.64874,508
232,0.2632154673356126,273.24582,0.659986,0.02995007,0.9895721435546876,0.99998623,0.9990695655345916,259.16867783474487,258.90546236740926,0.81086576,348.90546236740926,349.16867783474487,167.21759,14.077141257052006,79.16867783474487,78.90546236740926,14.340356724387618,13.074631,189.14478,0.2894077773800607,196.66556,-0.1898098906803859,1047.0531,-75.65964327561238,1047.0226,509
233,0.0065186954373643,308.43372,,,,,,32.5565701559716,32.550051460534235,,122.55005146053423,122.5565701559716,349.6889,-84.1228543356591,212.5565701559716,212.55005146053423,-84.11633564022173,17.70662,,1.0091454982929415,,-1.1268070654855489,1296.6727,-174.1163356402217,1304.1831,510
234,0.0,268.6134,0.6858058,-0.13857858,0.917252069711685,0.99973446,0.9959285640716552,218.35314945740691,218.35314945740691,0.7663791,308.3531494574069,308.3531494574069,163.48343,50.260253862905586,38.353149457406914,38.353149457406914,50.260253862905586,20.648651,189.31789,0.7074316200028495,201.50517,-0.7133923194832228,1112.5533,-39.739746137094414,1112.6136,511
235,0.0066417545208423,281.0227,0.7174385,-0.06416995,0.9828842520713806,0.9994636,0.9977618551254273,334.8757121199656,334.86907036544477,0.7731944,64.86907036544477,64.87571211996561,359.9724,-53.85300704184061,154.8757121199656,154.86907036544477,-53.84636528731977,18.278244,205.7247,0.5041730075525085,228.66985,0.0393264931996196,1234.2477,-143.84636528731977,1237.7316,519
236,6.9520602711324955,343.37625,0.684267,-0.027116824,0.9685531497001648,0.99999857,0.997455598115921,9.23903092252806,2.286970651395563,0.76288134,92.28697065139556,99.23903092252806,355.91733,-25.862779701824937,189.2390309225281,182.28697065139556,-18.91071943069244,14.247543,213.26259,0.035841674923042,273.73917,9.85244742430952,1000.125,-108.91071943069244,1001.8615,520
237,0.8092505943404262,277.70197,0.669601,-0.118681975,0.9817637085914612,0.99872315,0.9983353209495544,26.340117681911636,25.53086708757121,0.64336926,115.5308670875712,116.34011768191164,359.7263,71.36184765011961,206.34011768191164,205.5308670875712,72.17109824446004,17.412918,214.89006,0.7849952783772994,271.94562,-0.0845804564040493,1342.8322,162.17109824446004,1343.58,521
238,0.0066973323062029,273.0595,0.72218317,-0.058826312,0.986246258020401,0.9999316,0.9993926137685776,334.87732055231845,334.87062322001225,0.739618,64.87062322001225,64.87732055231845,359.9724,-61.8178112749747,154.87732055231845,154.87062322001225,-61.8111139426685,18.278244,208.095,0.4211293982829197,235.03194,-0.0017064576347587,1162.8335,-151.8111139426685,1165.7372,522
239,7.116038393877886,303.56934,0.70934546,-0.09324558,0.9688113629817964,0.9992985,0.9864176738262176,9.239033958575533,2.1229955646976464,0.8223903,92.12299556469765,99.23903395857552,359.88275,-65.66969802107553,189.23903395857553,182.12299556469765,-58.553659627197646,19.758987,192.28304,0.1900023488372179,224.3564,-0.0858711025206601,1122.3094,-148.55365962719765,1123.2769,523
240,0.7675789160662134,271.0263,0.70027167,0.043714155,0.9886656075716018,0.9993549,0.9987673717737198,26.28202829846066,25.51444938239445,0.68976486,115.51444938239445,116.28202829846066,358.71957,64.74427785388309,206.28202829846063,205.51444938239445,65.5118567699493,17.29779,208.8908,0.8860106885915109,239.91147,0.136593307378003,1408.6274,155.5118567699493,1409.448,524
241,0.0076802515722533,305.98505,0.7195532,0.031747896,0.9893944263458252,0.9999524,0.9993177741765976,312.9895527120836,312.98187246051134,0.89784807,42.98187246051134,42.989552712083594,359.6558,-7.004506325364844,132.9895527120836,132.98187246051134,-6.99682607379259,16.075653,173.87567,0.820698345289301,201.29758,0.0980325859480766,1240.2861,-96.9968260737926,1246.9707,526
242,0.0071228153946094,284.31665,,,,,,4.665387027341353,4.658264211946744,,94.65826421194674,94.66538702734135,353.67923,-80.34873663671635,184.66538702734135,184.65826421194672,-80.34161382132174,12.993973,,1.2110581397668851,,0.4678379326563672,1362.1898,-170.34161382132174,1377.9248,527
243,4.459363632949589,280.02695,0.7156289,-0.010431585,0.9845475554466248,0.9998561,0.9991116523742676,280.9636895746946,276.50432594174504,0.8499625,6.504325941745037,10.963689574694628,353.00522,-0.9367425532102516,100.96368957469464,96.50432594174504,3.522621079739338,18.030487,190.91815,0.55637671619,201.36833,-0.449995794750777,1007.0193,-86.47737892026066,1006.9318,528
244,6.472224165926377,260.91656,0.71994877,-0.02432836,0.991007536649704,0.9999995,0.9994088977575302,223.23580676505884,216.7635825991325,0.8578458,306.76358259913246,313.23580676505884,338.94376,37.68075817634741,43.23580676505884,36.76358259913246,44.15298234227379,19.69374,196.09796,0.5419992544477235,227.62325,-0.4098798334981501,1070.2517,-45.84701765772621,1070.5046,530
245,0.0071235186326248,280.47537,,,,,,4.66538081666306,4.658257298030435,,94.65825729803043,94.66538081666306,358.60794,-84.19000850220993,184.66538081666303,184.65825729803043,-84.18288498357731,12.993973,,1.1457739809411225,,-0.2286315066696334,1330.1493,-174.1828849835773,1344.4176,531
246,0.0077091960945381,306.63568,0.7271015,-0.0022842544,0.9827568978071212,0.9991465,0.9931213104724884,312.98902407579203,312.9813148796975,0.89134455,42.98131487969749,42.98902407579203,359.50488,-6.353342923448281,132.98902407579203,132.9813148796975,-6.345633727353743,16.337173,173.91533,0.8055387648201928,201.29758,-0.0988918631101079,1150.509,-96.34563372735374,1155.9989,532
247,1.070401034304382,289.0105,0.7343364,-0.039193135,0.9913208484649658,0.9999994,0.9982935845851898,72.53315834214254,71.46275730783816,0.7955733,161.46275730783816,162.53315834214254,357.69376,36.47733970473246,252.53315834214257,251.46275730783816,37.54774073903684,14.852615,215.23181,0.9194495822276748,308.7389,-0.4490429543950002,1253.0857,127.54774073903684,1254.0018,533
248,0.3648106039261165,343.84882,,,,,,145.50671224678024,145.14190164285412,,235.14190164285412,235.50671224678024,359.14822,18.34210367118851,325.50671224678024,325.1419016428541,18.706914275114627,9.592316,,0.0979577717324448,,-0.0753312416666994,1064.9082,108.70691427511464,1068.1172,534
249,1.7614878805397325,30.185547,0.70868987,-0.13822661,0.9824718236923218,0.9999761,0.995223879814148,229.6292639789816,231.39075185952137,0.68607503,321.39075185952134,319.6292639789816,327.46,-19.443717103981612,49.62926397898161,51.390751859521345,-21.205204984521345,9.9888,120.36144,0.0573086099947998,264.46082,-0.0229987082481501,1138.6104,68.79479501547866,1141.4669,535
250,19.98632027495958,36.966614,,,,,,110.90768316688428,90.9213628919247,,180.9213628919247,200.90768316688428,351.7233,-73.94106939735303,290.9076831668843,270.9213628919247,-53.95474912239345,9.696182,,0.0440085862823335,,-0.016522644510715,1047.95,-143.95474912239345,1051.2657,536
251,6.471679266905028,255.62408,0.73614734,-0.024579775,0.996432927250862,0.9999995,0.9996531909704208,223.23580709893665,216.7641278320316,0.8732181,306.7641278320316,313.2358070989366,167.22235,32.38827737371963,43.23580709893662,36.76412783203159,38.85995664062466,15.160858,193.62225,0.5125530021232376,209.55511,-0.5412618499990942,973.15173,-51.14004335937534,973.3383,537
252,4.652223697949751,275.12238,0.74066496,-0.061787877,0.984568738937378,0.99991566,0.9986022853851318,284.43345671252814,279.7812330145784,0.809905,9.78123301457839,14.43345671252814,359.58426,-9.311081224246893,104.43345671252814,99.7812330145784,-4.65885752629714,18.969406,193.02711,0.4679184245272008,202.79482,-0.5893120014684661,960.1769,-94.65885752629714,960.1459,538
253,6.9783825839716656,262.44928,0.67372626,0.08038266,0.9815826416015624,0.99999905,0.9993950843811036,259.5895573654111,252.61117478143944,0.8699235,342.61117478143944,349.5895573654111,155.35497,2.8597224197451396,79.58955736541111,72.61117478143944,9.838105003716803,17.8405,196.2659,0.227424985493336,217.03914,-0.0935749819106289,1042.6559,-80.1618949962832,1042.7921,540
254,2.8199260071956473,268.67953,0.68994665,0.04433722,0.9913609027862548,0.99620813,0.9951356053352356,252.86447130467235,255.684397311868,0.8619939,345.684397311868,342.86447130467235,163.41876,15.815063607437024,72.86447130467235,75.684397311868,12.995137600241378,14.034882,192.99736,0.1452860410242259,211.25378,-0.0058424787149732,878.0023,-77.00486239975862,878.1058,541
255,4.418025846343085,268.66956,0.6816877,-0.16866833,0.976388156414032,0.99998623,0.9987499117851256,106.62708194775234,111.04510779409544,0.80488014,201.04510779409543,196.62708194775232,299.13947,-17.957526283689845,286.62708194775234,291.04510779409543,-22.37555213003293,18.969406,192.37021,0.5225032494609148,202.15755,-0.5611202347650152,995.37683,67.62444786996707,995.42816,542
256,3.73328741020714,262.29764,0.6876777,-0.04756843,0.9787771105766296,0.99973106,0.9957023143768312,269.92302344144224,273.65631085164944,0.87828463,3.6563108516494367,359.92302344144224,155.35497,-7.625385501989115,89.92302344144224,93.65631085164944,-11.358672912196312,17.8405,195.41647,0.3535427928194333,224.13852,-0.1470366549210789,976.2122,-101.35867291219633,976.3861,544
257,1.6969018781717864,260.54956,0.7227224,0.06988204,0.9905053377151488,0.99973106,0.9986292123794556,260.8098828155228,262.5067846936946,0.92506015,352.5067846936946,350.8098828155228,145.14084,-0.2603222686478261,80.80988281552283,82.50678469369461,-1.9572241468196123,16.959274,193.48544,0.3509457999271183,212.24225,-0.3280961677266124,949.1598,-91.9572241468196,949.43317,545
258,44.55721694456423,289.58542,0.7007322,-0.022901874,0.9877730906009674,0.9999193,0.9992680525779724,271.93529390866985,227.3780769641056,0.8423181,317.3780769641056,1.9352939086698484,358.51364,17.650124792502027,91.93529390866983,47.37807696410562,62.20734173706626,20.356277,184.12044,0.9803249308880864,197.86002,0.6763892950701003,1373.0763,-27.79265826293374,1378.0344,546
259,46.927601410182206,282.86166,0.7053547,0.04206998,0.998744785785675,0.9999908,0.999963754415512,274.02719228217364,227.09959087199144,0.86143583,317.09959087199144,4.027192282173644,359.7937,8.834471536185731,94.02719228217364,47.09959087199144,55.76207294636794,20.356277,185.03848,1.0876040973953331,210.35838,-0.0276205977017136,1279.7592,-34.23792705363206,1284.0588,547
260,2.605896010228548,343.30988,,,,,,63.509692434866906,66.11558844509545,,156.11558844509543,153.5096924348669,359.97525,-80.19981694658566,243.5096924348669,246.11558844509543,-82.8057129568142,8.850571,,0.0734150536508005,,-0.016231553511751,1221.1229,-172.8057129568142,1222.0791,549
261,0.0003952940898557,267.10037,0.67273635,-0.15392609,0.919579029083252,0.9772564,0.9635711431503295,268.96016482993207,268.9605601240219,0.74868286,358.9605601240219,358.96016482993207,334.35483,-1.8597925154789436,88.96016482993207,88.96056012402192,-1.8601878095687991,16.381699,202.09566,0.2031973296936801,240.89659,-0.0599373254810715,1096.906,-91.8601878095688,1097.0183,550
262,20.282408041297455,262.63373,,,,,,302.2801557787239,322.56256382002135,,52.56256382002135,32.280155778723895,173.5696,-39.646427751380145,122.2801557787239,142.56256382002135,-59.9288357926776,15.473831,,0.1329558142318859,,-0.108269965241203,1172.5626,-149.9288357926776,1173.3772,551
263,0.0165592723971599,283.17038,0.72894436,0.02715258,0.9785842776298522,0.9999991,0.9995091533660888,221.4403148482939,221.45687412069103,0.8335148,311.45687412069105,311.4403148482939,359.37933,61.73006479037798,41.440314848293895,41.456874120691054,61.71350551798082,15.8741,194.67711,1.0851180694830098,283.6658,0.2482826584653643,1328.9697,-28.28649448201918,1334.3478,553
264,0.0165196690352331,277.67102,0.7467055,0.08801441,0.9877874612808228,0.99999213,0.9997969019412994,221.43996827553423,221.45648794456943,0.8984657,311.45648794456946,311.4399682755342,358.38867,56.23105223227827,41.43996827553423,41.45648794456946,56.21453256324304,15.8741,211.92929,1.1269441978905448,319.7572,0.2166840313714023,1263.0527,-33.78546743675696,1267.8612,554
265,2.5413724896555436,275.37128,,,,,,87.98914685758393,90.53051934723948,,180.53051934723948,177.98914685758393,359.66486,7.382129997884817,267.98914685758393,270.5305193472395,4.840757508229274,18.91278,,0.8778492367445508,,-0.1581134387589571,1236.9591,94.84075750822927,1240.2811,559
266,42.14681625824858,298.222,0.7203749,0.04264877,0.9913628607988356,0.9998208,0.9997555422782898,5.797610290359557,323.650794032111,0.8608895,53.65079403211098,95.79761029035956,359.84753,-67.57562542707831,185.79761029035956,143.65079403211098,-25.42880916882973,17.42929,215.78864,1.027115355572308,339.15744,0.3427464944477734,1320.4685,-115.42880916882972,1322.7842,565
267,2.0717072969383707,292.03708,0.6814066,0.038698643,0.9814661592245102,0.99995095,0.9996721518039704,356.75913244638764,358.830839743326,0.8465968,88.83083974332601,86.75913244638764,358.58224,-64.72205358896576,176.75913244638764,178.830839743326,-66.79376088590413,19.471283,227.63843,1.1533795985038509,347.11578,0.1669967837541455,1525.404,-156.7937608859041,1530.2317,566
268,41.398943969627794,295.99,0.7279466,-0.01309764,0.9862812161445618,0.99999976,0.9999627351760864,18.530837852383797,337.131893882756,0.8144185,67.131893882756,108.5308378523838,359.84753,-82.5408476180088,198.5308378523838,157.131893882756,-41.141903648381,17.313828,218.12585,1.0097749234105289,329.2459,-0.0794808167177879,1297.8044,-131.141903648381,1299.9474,567
269,2.07154631985361,267.33325,0.68686944,0.005484969,0.952440333366394,0.99995095,0.9994046849012376,356.75913607533937,358.830682395193,0.82618606,88.83068239519298,86.75913607533937,358.3792,-89.42588412221437,176.75913607533937,178.83068239519298,88.50256955793202,17.433182,224.62016,1.1765396846100946,347.6463,-0.1466193516396325,1378.659,178.50256955793202,1381.7947,568
270,7.363959975689568,311.91345,0.6944189,-0.04725316,0.9750180214643478,0.99998885,0.9985155087709426,180.004309981127,172.64035000543743,0.8050257,262.6403500054374,270.004309981127,359.62576,-48.090857832689494,0.0043099811269939,352.6403500054374,-40.726897856999926,13.702438,191.16498,0.0905141693536382,297.9172,-0.0115158034348672,1207.5692,49.273102143000074,1211.3785,570
271,7.397074194927569,291.55753,0.6794995,0.015744066,0.985366702079773,0.9999909,0.9995533525943756,97.8294016648108,105.22647585973836,0.82117295,195.22647585973837,187.8294016648108,359.23557,13.728123969954822,277.8294016648108,285.22647585973834,6.331049775027282,15.984009,183.19225,0.7292850361610906,240.14607,-0.0950623099293492,1380.1588,96.33104977502728,1381.5172,571
272,0.0080699595081341,321.3967,,,,,,76.73749212378311,76.72942216427498,,166.72942216427498,166.7374921237831,359.541,64.65920587426376,256.7374921237831,256.729422164275,64.6672758337719,13.195892,,0.1619292911807819,,-0.0036844528728497,1205.5591,154.6672758337719,1211.3351,572
273,0.0073184091893949,311.73953,0.6956578,-0.040519886,0.9733672618865968,0.9999217,0.9990353918075562,180.0043756537808,180.0116940629702,0.79090035,270.0116940629702,270.0043756537808,359.62576,-48.26484318307769,0.0043756537808121,0.0116940629702071,-48.27216159226708,17.401459,188.59763,0.0984245096188916,297.9172,-0.0106631652816692,1198.519,41.72783840773292,1202.3822,573
274,1.5359530994556962,282.0747,,,,,,267.02850928337,268.5644623828257,,358.5644623828257,357.02850928337,354.9131,15.04619774788,87.02850928337,88.5644623828257,13.510244648424305,13.68486,,0.1060613723975473,,-0.0215653676213443,1180.063,-76.4897553515757,1182.9618,574
275,0.0080699605776999,321.24335,,,,,,76.73749212471023,76.72942216413253,,166.72942216413253,166.73749212471023,359.541,64.50585504325852,256.73749212471023,256.72942216413253,64.51392500383622,13.931763,,0.1454520665946314,,-0.0269865469852119,1206.9294,154.51392500383622,1212.4583,575
276,0.0073184054414241,313.9674,0.70189875,-0.0027790132,0.9742119312286376,0.9999217,0.996493399143219,180.00437566437074,180.01169406981217,0.8455608,270.01169406981217,270.00437566437074,359.62576,-46.03696843780824,0.0043756643707411,0.0116940698121652,-46.044286843249665,12.840744,190.15865,0.0749023843946905,297.9172,-0.0339937496508101,1098.5393,43.955713156750335,1101.8021,576
277,1.5374852243844543,280.40604,,,,,,267.02629868404995,268.5637839084344,,358.5637839084344,357.02629868404995,354.9131,13.379737692903175,87.02629868404995,88.5637839084344,11.842252468518724,13.868332,,0.0912633619373025,,-0.0445508182643279,1099.3749,-78.15774753148128,1102.3539,577
278,0.9358675998388152,283.45923,0.69758844,0.088829026,0.9902271330356598,0.9999521,0.9993904972076416,97.83076484499632,98.76663244483512,0.8888452,188.76663244483512,187.8307648449963,359.96985,5.628463670628662,277.83076484499634,278.7666324448351,4.692596070789875,16.201889,183.32983,0.7065981123305771,219.04709,-0.2330704781741207,1294.6122,94.69259607078988,1295.6993,578
