,latitude,longitude,tile_0.1,extent_0.1,tile_0.25,extent_0.25,tile_1,extent_1,slope_deg_0.1,roughness_std_0.1,relief_p2p_0.1,mean_bathy_0.1,slope_deg_0.25,roughness_std_0.25,relief_p2p_0.25,mean_bathy_0.25,slope_deg_1,roughness_std_1,relief_p2p_1,mean_bathy_1,bath_cluster
0,48.383,-4.495,"[[nan nan nan ... nan nan nan]
 [nan nan nan ... nan nan nan]
 [nan nan nan ... nan nan nan]
 ...
 [nan nan nan ... nan nan nan]
 [nan nan nan ... nan nan nan]
 [nan nan nan ... nan nan nan]]","[-4.543749809265137, -4.447916507720947, 48.33541488647461, 48.431251525878906]","[[-9.98609918 -7.19959456 -4.41377628 ...         nan         nan
          nan]
 [        nan         nan         nan ...         nan         nan
          nan]
 [        nan         nan         nan ...         nan         nan
          nan]
 ...
 [        nan         nan         nan ...         nan         nan
          nan]
 [        nan         nan         nan ...         nan         nan
          nan]
 [        nan         nan         nan ...         nan         nan
          nan]]","[-4.618750095367432, -4.3729166984558105, 48.26041793823242, 48.506248474121094]","[[ -65.99823757  -61.23654593  -65.05319994 ...           nan
            nan           nan]
 [ -62.64519673  -61.01410597  -59.31958768 ...           nan
            nan           nan]
 [ -61.4719642   -59.70788574  -59.87528133 ...           nan
            nan           nan]
 ...
 [-101.76416908  -96.99374838  -99.7083851  ...  -82.12443325
   -80.29829478  -80.00000583]
 [-102.76361035  -99.13212549 -100.1182251  ...  -81.58334467
   -81.77771362  -80.99999327]
 [-100.99997712 -100.23594666 -100.00036621 ...  -81.76382706
   -81.00032295  -81.        ]]","[-4.993750095367432, -3.9979166984558105, 47.88541793823242, 48.881248474121094]",0.3146524584770752,0.6185339997369507,2.797581156720701,-1.3540110578192035,0.5910170938065556,2.6027950521151944,7.9363305903933625,-4.291048125617936,0.4546069956431309,6.393899869831074,21.99232347311292,-11.864945594016774,2
1,45.56848,-1.061555,"[[nan nan nan ... nan nan nan]
 [nan nan nan ... nan nan nan]
 [nan nan nan ... nan nan nan]
 ...
 [nan nan nan ... nan nan nan]
 [nan nan nan ... nan nan nan]
 [nan nan nan ... nan nan nan]]","[0.0, 0.0, 0.0, 0.0]","[[nan nan nan ... nan nan nan]
 [nan nan nan ... nan nan nan]
 [nan nan nan ... nan nan nan]
 ...
 [nan nan nan ... nan nan nan]
 [nan nan nan ... nan nan nan]
 [nan nan nan ... nan nan nan]]","[0.0, 0.0, 0.0, 0.0]","[[nan nan nan ... nan nan nan]
 [nan nan nan ... nan nan nan]
 [nan nan nan ... nan nan nan]
 ...
 [nan nan nan ... nan nan nan]
 [nan nan nan ... nan nan nan]
 [nan nan nan ... nan nan nan]]","[0.0, 0.0, 0.0, 0.0]",,,,,,,,,,,,,2
2,50.102,-5.542,"[[         nan          nan          nan ... -45.00080498 -45.00086027
  -45.00091552]
 [         nan          nan          nan ... -44.52264448 -44.4898601
  -44.45709643]
 [         nan          nan          nan ... -44.04448398 -43.97885993
  -43.91327733]
 ...
 [         nan          nan          nan ...          nan          nan
           nan]
 [         nan          nan          nan ...          nan          nan
           nan]
 [         nan          nan          nan ...          nan          nan
           nan]]","[-5.589583396911621, -5.493750095367432, 50.05208206176758, 50.14791488647461]","[[-65.         -65.         -65.         ... -53.99996971 -53.99977125
  -53.99957273]
 [-65.         -65.         -65.         ... -53.9670599  -53.7512461
  -53.53537912]
 [-65.         -65.         -65.         ... -53.9341501  -53.50272095
  -53.07118551]
 ...
 [-40.92947603 -40.49770666 -40.06583091 ... -14.07549374 -14.10824006
  -14.14099444]
 [-40.46440233 -40.24867358 -40.03289168 ... -14.57355635 -14.82234328
  -15.07119151]
 [-40.00024413 -40.00013073 -40.00001729 ... -15.07063851 -15.53504079
  -15.99955748]]","[-5.664583206176758, -5.418749809265137, 49.97708511352539, 50.22291564941406]","[[-99.00045775 -99.99962321 -99.76343711 ... -88.76347524 -88.99957275
  -88.99957275]
 [-99.11816406 -99.01395553 -99.         ... -88.         -88.
  -88.        ]
 [-99.         -99.         -99.         ... -87.         -87.
  -87.        ]
 ...
 [-85.         -85.67374905 -85.         ... -38.36056492 -37.326115
  -34.47196515]
 [-85.         -85.         -85.         ... -43.88214874 -41.77812517
  -39.47339951]
 [-85.         -85.         -85.         ... -47.76306915 -46.99896579
  -46.99902346]]","[-6.039583206176758, -5.043749809265137, 49.60208511352539, 50.59791564941406]",0.46976171195096106,0.8927004569384511,4.550619757755479,-4.932379669049165,0.46457526949223193,2.025658510869187,7.41149577638873,-4.726846319528467,0.5752663483450753,7.8395471457024675,24.934078535088542,-10.68993011883249,4
3,50.103,-5.54275,"[[         nan          nan          nan ... -42.36149597 -42.180336
  -41.99929047]
 [         nan          nan          nan ... -42.0007782  -41.81961823
  -41.63857269]
 [         nan          nan          nan ... -41.63822937 -41.4570694
  -41.27602386]
 ...
 [         nan          nan          nan ...          nan          nan
           nan]
 [         nan          nan          nan ...          nan          nan
           nan]
 [         nan          nan          nan ...          nan          nan
           nan]]","[-5.589583396911621, -5.493750095367432, 50.056251525878906, 50.15208435058594]","[[-65.         -65.         -65.         ... -53.92892991 -53.46449928
  -52.99995423]
 [-65.         -65.         -65.         ... -53.49766735 -53.24885207
  -52.99997548]
 [-65.         -65.         -65.         ... -53.06555418 -53.03277951
  -52.99999677]
 ...
 [-40.         -40.         -40.         ... -15.21323395 -15.67774963
  -16.14237976]
 [-40.         -40.         -40.         ... -16.14157867 -16.60609436
  -17.07072449]
 [-40.         -40.         -40.         ... -17.07175446 -17.53627014
  -18.00090027]]","[-5.664583206176758, -5.418749809265137, 49.98125076293945, 50.22708511352539]","[[-99.99981689 -99.1180814  -99.         ... -88.         -88.
  -88.        ]
 [-99.         -99.         -99.         ... -87.1184082  -87.1184082
  -87.1184082 ]
 [-99.         -99.         -98.23608398 ... -87.         -86.23608398
  -86.23608398]
 ...
 [-85.         -85.         -85.         ... -42.41586703 -39.44336947
  -36.70730144]
 [-85.         -85.         -85.         ... -45.11811066 -43.26416999
  -43.47249285]
 [-85.00003053 -85.11815349 -85.         ... -49.00052816 -49.00085449
  -49.00085449]]","[-6.039583206176758, -5.043749809265137, 49.60625076293945, 50.60208511352539]",0.7164218608103218,1.212879888733437,5.287394215315557,-4.070334019017104,0.46522646411394747,2.143751096214181,7.852673296357851,-4.454969668536416,0.6424857521334612,7.343697252539207,26.90781483986726,-12.604919180452166,4
4,50.099998,-5.53333,"[[         nan          nan          nan ... -41.72562797 -41.36336331
  -41.0013275 ]
 [         nan          nan          nan ... -41.06619859 -40.67109426
  -40.27623952]
 [         nan          nan          nan ... -40.4067692  -39.97882521
  -39.55115155]
 ...
 [         nan          nan          nan ...          nan          nan
           nan]
 [         nan          nan          nan ...          nan          nan
           nan]
 [         nan          nan          nan ...          nan          nan
           nan]]","[-5.581250190734863, -5.485416889190674, 50.05208206176758, 50.14791488647461]","[[-65.         -65.         -65.         ... -52.85829139 -51.92945848
  -51.00039674]
 [-65.         -65.         -65.         ... -52.89118703 -52.17796946
  -51.46457618]
 [-65.         -65.         -65.         ... -52.92408266 -52.42648044
  -51.92875563]
 ...
 [-40.         -39.53548431 -39.07085419 ... -12.99925232 -12.07022095
  -11.14096069]
 [-40.         -39.53548431 -39.07085419 ... -13.9294281  -13.00039673
  -12.07113647]
 [-40.         -39.53548431 -39.07085419 ... -14.85777283 -13.92874146
  -12.9994812 ]]","[-5.65625, -5.410416603088379, 49.97708511352539, 50.22291564941406]","[[-99.99957275 -99.88148968 -99.         ... -88.99957275 -88.99957275
  -87.99998475]
 [-99.         -99.         -99.         ... -88.         -88.
  -88.        ]
 [-99.         -99.         -99.         ... -87.         -87.
  -87.        ]
 ...
 [-85.76397705 -85.         -84.23626709 ... -37.18013694 -34.41627424
  -32.99998474]
 [-85.         -85.         -84.97203846 ... -41.43779325 -39.26505622
  -32.82835569]
 [-85.         -85.         -84.99994232 ... -46.99890812 -46.88090348
  -45.998291  ]]","[-6.03125, -5.035416603088379, 49.60208511352539, 50.59791564941406]",0.47140890302924543,0.9754797521512919,4.209302910610796,-8.839198500333401,0.5120215161890621,2.5522702930848125,10.62325741631402,-9.518069816295458,0.5089010484991117,10.45716340608494,33.44389204726934,-16.981245713277517,4
5,50.6085,-2.447944,"[[-30.99988556 -30.81878281 -30.63768005 ... -22.63770138 -22.81878203
  -22.99986267]
 [-30.81861115 -30.63750839 -30.45640564 ... -22.52208832 -22.67033967
  -22.81859102]
 [-30.63825226 -30.45714951 -30.27604675 ... -22.40705917 -22.52264703
  -22.63823489]
 ...
 [         nan          nan          nan ...          nan          nan
           nan]
 [         nan          nan          nan ...          nan          nan
           nan]
 [         nan          nan          nan ...          nan          nan
           nan]]","[-2.4979166984558105, -2.402083396911621, 50.56041717529297, 50.65625]","[[-43.00006104 -43.00006104 -43.00006104 ... -40.07098109 -40.53561071
  -41.00024033]
 [-42.53588867 -42.53588867 -42.53588867 ... -39.0768628  -39.1102086
  -39.14355441]
 [-42.07080078 -42.07080078 -42.07080078 ... -38.08078371 -37.68199506
  -37.2832064 ]
 ...
 [         nan          nan          nan ...          nan          nan
           nan]
 [         nan          nan          nan ...          nan          nan
           nan]
 [         nan          nan          nan ...          nan          nan
           nan]]","[-2.5729167461395264, -2.3270833492279053, 50.485416412353516, 50.73125076293945]","[[-62.         -62.         -62.         ... -58.23631012 -58.88201374
  -58.        ]
 [-62.         -62.         -62.         ... -57.67384204 -57.
  -57.11773637]
 [-60.99999549 -61.23632812 -61.23632812 ... -58.76367188 -58.97208938
  -57.23633395]
 ...
 [         nan          nan          nan ...          nan          nan
           nan]
 [         nan          nan          nan ...          nan          nan
           nan]
 [         nan          nan          nan ...          nan          nan
           nan]]","[-2.9479167461395264, -1.9520833492279053, 50.110416412353516, 51.10625076293945]",0.4571555569012939,0.7270581174502757,2.01983202803753,-1.833889721887515,0.32465951411000876,1.2868044026383703,5.020161674361277,-2.830911362934802,0.318022536677806,4.188832236524553,14.79105383528223,-7.964406267416249,3
6,50.714333,-1.874861,"[[ -4.99828721  -4.81764871  -4.63701021 ... -16.         -16.
  -16.        ]
 [ -4.27685579  -4.29219824  -4.30754068 ... -16.         -16.
  -16.        ]
 [ -3.55176228  -3.7640805   -3.97639872 ... -16.         -16.
  -16.        ]
 ...
 [         nan          nan          nan ...          nan          nan
           nan]
 [         nan          nan          nan ...          nan          nan
           nan]
 [         nan          nan          nan ...          nan          nan
           nan]]","[-1.9229166507720947, -1.8270833492279053, 50.66458511352539, 50.76041793823242]","[[ -7.97974398  -7.5136966   -7.04764922 ... -27.99975586 -27.99975586
  -27.99975586]
 [         nan          nan          nan ... -27.5355835  -27.5355835
  -27.5355835 ]
 [         nan          nan          nan ... -27.07049561 -27.07049561
  -27.07049561]
 ...
 [         nan          nan          nan ...          nan          nan
           nan]
 [         nan          nan          nan ...          nan          nan
           nan]
 [         nan          nan          nan ...          nan          nan
           nan]]","[-1.9979166984558105, -1.7520833015441895, 50.58958435058594, 50.83541488647461]","[[-58.         -58.         -58.         ... -54.2363463  -55.00005767
  -55.00048828]
 [-58.         -58.         -58.         ... -54.0903915  -53.36878519
  -54.3550415 ]
 [-56.9999982  -57.23602295 -57.23602295 ... -56.4723959  -54.9723249
  -56.76397885]
 ...
 [         nan          nan          nan ...          nan          nan
           nan]
 [         nan          nan          nan ...          nan          nan
           nan]
 [         nan          nan          nan ...          nan          nan
           nan]]","[-2.3729166984558105, -1.3770833015441895, 50.21458435058594, 51.21041488647461]",,,,,0.5612383963034842,2.961142183347391,8.886218757806551,-6.7644653692246575,0.12478863125927697,2.0920060197433803,8.256689078975795,-10.915865797166576,3
7,46.497358,-1.793528,"[[nan nan nan ... nan nan nan]
 [nan nan nan ... nan nan nan]
 [nan nan nan ... nan nan nan]
 ...
 [nan nan nan ... nan nan nan]
 [nan nan nan ... nan nan nan]
 [nan nan nan ... nan nan nan]]","[0.0, 0.0, 0.0, 0.0]","[[nan nan nan ... nan nan nan]
 [nan nan nan ... nan nan nan]
 [nan nan nan ... nan nan nan]
 ...
 [nan nan nan ... nan nan nan]
 [nan nan nan ... nan nan nan]
 [nan nan nan ... nan nan nan]]","[0.0, 0.0, 0.0, 0.0]","[[nan nan nan ... nan nan nan]
 [nan nan nan ... nan nan nan]
 [nan nan nan ... nan nan nan]
 ...
 [nan nan nan ... nan nan nan]
 [nan nan nan ... nan nan nan]
 [nan nan nan ... nan nan nan]]","[0.0, 0.0, 0.0, 0.0]",,,,,,,,,,,,,2
8,50.7403,-1.50714,"[[-37.0028209  -33.55961365 -30.11640641 ...          nan          nan
           nan]
 [-35.55266085 -33.22564965 -30.89863845 ...          nan          nan
           nan]
 [-34.10250081 -32.89168565 -31.68087049 ...          nan          nan
           nan]
 ...
 [         nan          nan          nan ...          nan          nan
           nan]
 [         nan          nan          nan ...          nan          nan
           nan]
 [         nan          nan          nan ...          nan          nan
           nan]]","[-1.556249976158142, -1.4604166746139526, 50.693748474121094, 50.78958511352539]","[[-26.         -26.         -26.         ...  -7.78596994  -6.39242135
   -4.99887276]
 [-26.         -26.         -26.         ...  -5.96217347  -4.78426678
   -3.6063601 ]
 [-26.         -26.         -26.         ...  -4.13837699  -3.17611221
   -2.21384743]
 ...
 [         nan          nan          nan ...  -1.00499126  -1.03771325
   -1.07043524]
 [         nan          nan          nan ...  -1.03794912  -1.28673834
   -1.53552757]
 [         nan          nan          nan ...  -1.0708421   -1.53527323
   -1.99970436]]","[-1.631250023841858, -1.3854166269302368, 50.618751525878906, 50.86458206176758]","[[-53.00002288 -53.1180674  -53.00036621 ... -69.2361329  -69.88197204
  -70.00037574]
 [-53.         -53.         -53.1182251  ... -66.77125998 -69.23633957
  -71.00000841]
 [-53.         -53.         -53.         ... -64.23590088 -65.06171799
  -67.2359132 ]
 ...
 [         nan          nan          nan ...          nan          nan
           nan]
 [         nan          nan          nan ...          nan          nan
           nan]
 [         nan          nan          nan ...          nan          nan
           nan]]","[-2.0062499046325684, -1.0104166269302368, 50.243751525878906, 51.23958206176758]",0.22248177413508274,0.44489089699280027,1.5796922519818613,-2.0696580641898477,0.12443949328507281,0.6949368120635916,3.0163494971311273,-1.6681733181629446,0.464855765752605,8.986269113025259,39.734395158805555,-7.535710479516954,4
9,50.70888,-2.76411,"[[-24.         -24.00004421 -24.00008843 ... -24.3624649  -24.18136215
  -24.0002594 ]
 [-24.00000138 -23.9672163  -23.93443122 ... -24.18119049 -24.00008774
  -23.81898499]
 [-24.00000276 -23.93438839 -23.86877401 ... -23.99991608 -23.81881332
  -23.63771057]
 ...
 [         nan          nan          nan ...          nan          nan
           nan]
 [         nan          nan          nan ...          nan          nan
           nan]
 [         nan          nan          nan ...          nan          nan
           nan]]","[-2.8104166984558105, -2.714583396911621, 50.66041564941406, 50.756248474121094]","[[-31.00042725 -31.00042725 -31.00042725 ... -30.         -30.
  -30.        ]
 [-30.53533936 -30.53533936 -30.53533936 ... -30.         -30.
  -30.        ]
 [-30.07116699 -30.07116699 -30.07116699 ... -30.         -30.
  -30.        ]
 ...
 [         nan          nan          nan ...          nan          nan
           nan]
 [         nan          nan          nan ...          nan          nan
           nan]
 [         nan          nan          nan ...          nan          nan
           nan]]","[-2.8854167461395264, -2.6395833492279053, 50.58541488647461, 50.83124923706055]","[[-60.         -60.         -59.23632987 ... -57.         -57.00005047
  -56.00000382]
 [-59.11810303 -59.11810303 -59.         ... -56.32641243 -56.98604852
  -56.88189697]
 [-59.         -59.         -59.         ... -57.         -57.
  -57.76421828]
 ...
 [ -1.23608398  -1.23608398  -1.23608398 ...          nan          nan
           nan]
 [ -4.11842502  -3.23681641  -3.1184082  ...          nan          nan
           nan]
 [ -5.          -5.          -4.99981689 ...          nan          nan
           nan]]","[-3.2604167461395264, -2.2645833492279053, 50.21041488647461, 51.20624923706055]",0.901719397599737,1.2603672313149503,3.882843665774678,-2.3480033264539997,0.6336178789171539,2.293590630505882,6.961871813290586,-4.97167382168068,0.3636001847096104,4.8917655953906225,15.612854003898622,-14.375676284566156,3
10,50.59419,-4.83437,"[[         nan          nan          nan ...          nan          nan
           nan]
 [         nan          nan          nan ...          nan          nan
           nan]
 [         nan          nan          nan ...          nan          nan
           nan]
 ...
 [-38.63816071 -38.45711517 -38.2759552  ... -19.90027634 -19.76926585
  -19.63817255]
 [-38.81851959 -38.63747406 -38.45631409 ... -19.94998677 -19.88428262
  -19.81853694]
 [-38.99979401 -38.81874847 -38.6375885  ... -19.99994953 -19.99988323
  -19.99981689]]","[-4.881249904632568, -4.785416603088379, 50.547916412353516, 50.64374923706055]","[[         nan          nan          nan ...          nan          nan
           nan]
 [         nan          nan          nan ...          nan          nan
           nan]
 [         nan          nan          nan ...          nan          nan
           nan]
 ...
 [-52.         -52.         -52.         ... -33.86837276 -33.00484814
  -32.14153621]
 [-52.         -52.         -52.         ... -33.93425122 -33.50291429
  -33.0716836 ]
 [-52.         -52.         -52.         ... -34.         -34.
  -34.        ]]","[-4.956250190734863, -4.710416793823242, 50.47291564941406, 50.71875]","[[         nan          nan          nan ... -68.         -68.
  -68.        ]
 [         nan          nan          nan ... -68.         -68.
  -68.        ]
 [         nan          nan          nan ... -67.         -67.
  -67.        ]
 ...
 [-72.52742004 -73.52746582 -73.76373291 ... -17.00003052 -16.
  -16.        ]
 [-70.         -70.         -71.64612579 ... -18.88143921 -16.99957275
  -16.11767578]
 [-71.00004578 -70.         -70.         ... -20.76376343 -18.88189697
  -17.00003052]]","[-5.331250190734863, -4.335416793823242, 50.09791564941406, 51.09375]",,,,,0.9868663580174182,4.017803409354336,13.76745128630817,-11.410033650533622,0.3978625721693066,6.704781437121023,25.959802387246228,-19.157844803700915,2
11,47.277217,-1.8898,"[[nan nan nan ... nan nan nan]
 [nan nan nan ... nan nan nan]
 [nan nan nan ... nan nan nan]
 ...
 [nan nan nan ... nan nan nan]
 [nan nan nan ... nan nan nan]
 [nan nan nan ... nan nan nan]]","[-1.9395833015441895, -1.84375, 47.23125076293945, 47.327083587646484]","[[nan nan nan ... nan nan nan]
 [nan nan nan ... nan nan nan]
 [nan nan nan ... nan nan nan]
 ...
 [nan nan nan ... nan nan nan]
 [nan nan nan ... nan nan nan]
 [nan nan nan ... nan nan nan]]","[-2.0145833492279053, -1.7687499523162842, 47.15625, 47.40208435058594]","[[-6.99987793 -6.11790764 -4.9998491  ...         nan         nan
          nan]
 [-8.46471991 -8.10980198 -6.59116174 ...         nan         nan
          nan]
 [-8.0704343  -7.19689288 -6.29001065 ...         nan         nan
          nan]
 ...
 [        nan         nan         nan ...         nan         nan
          nan]
 [        nan         nan         nan ...         nan         nan
          nan]
 [        nan         nan         nan ...         nan         nan
          nan]]","[-2.3895833492279053, -1.3937499523162842, 47.00208282470703, 47.77708435058594]",0.42731614532665774,0.4520173467810617,1.2939778436056537,-1.1643090082896437,0.3928355307838229,0.9979439406994693,3.1690954917490535,-1.9085921834282138,0.0030568130637920713,0.04759697913667693,0.09519395827335386,-0.9927481319108612,2
12,50.9693985,1.86772001,"[[         nan          nan          nan ...          nan          nan
           nan]
 [         nan          nan          nan ...          nan          nan
           nan]
 [         nan          nan          nan ...          nan          nan
           nan]
 ...
 [-23.4672742  -23.12054378 -22.77381337 ... -23.63818359 -23.63818359
  -23.63818359]
 [-24.72978331 -24.28506242 -23.84034153 ... -23.81854248 -23.81854248
  -23.81854248]
 [-25.9987011  -25.45549232 -24.91228355 ... -23.99981689 -23.99981689
  -23.99981689]]","[1.818750023841858, 1.9145833253860474, 50.922916412353516, 51.01874923706055]","[[         nan          nan          nan ...          nan          nan
           nan]
 [         nan          nan          nan ...          nan          nan
           nan]
 [         nan          nan          nan ...          nan          nan
           nan]
 ...
 [-26.07074015 -26.03787638 -26.00501261 ... -29.93916204 -29.54031667
  -29.1414713 ]
 [-26.5358307  -26.2868997  -26.0379687  ... -30.00507776 -30.03836686
  -30.07165596]
 [-27.00000572 -26.53543282 -26.07085991 ... -30.07086372 -30.53543663
  -31.00000954]]","[1.743749976158142, 1.9895833730697632, 50.84791564941406, 51.09375]","[[-14.9997673  -12.11805299  -9.23615792 ...          nan          nan
           nan]
 [-16.8820858  -14.01430907 -10.35451126 ...          nan          nan
           nan]
 [-19.52698326 -17.6450882  -12.47213554 ...          nan          nan
           nan]
 ...
 [ -8.18133545  -8.18133545  -7.94506836 ... -18.77755825 -24.1451014
  -28.05490355]
 [-14.58837891 -14.58837891 -14.58837891 ... -22.81845687 -20.33912813
  -20.11767803]
 [-23.00000572 -22.         -22.         ... -29.         -27.88188553
  -25.00003815]]","[1.368749976158142, 2.3645832538604736, 50.47291564941406, 51.46875]",,,,,0.0,0.0,0.0,-0.96958923340121,0.2022561794679187,2.0050528488759944,6.855599292073225,-3.9833260967939768,3
13,50.72738,1.57766,"[[-20.         -19.99993368 -19.99986736 ...          nan          nan
           nan]
 [-20.         -19.96727019 -19.93454037 ...          nan          nan
           nan]
 [-20.         -19.93444089 -19.86888178 ...          nan          nan
           nan]
 ...
 [-10.91308594 -10.50100643 -10.08892693 ...          nan          nan
           nan]
 [-11.45690918 -10.97917108 -10.50143299 ...          nan          nan
           nan]
 [-12.00073242 -11.45733573 -10.91393905 ...          nan          nan
           nan]]","[1.53125, 1.6270833015441895, 50.681251525878906, 50.77708435058594]","[[-24.         -24.         -24.         ...          nan          nan
           nan]
 [-24.         -24.         -24.         ...          nan          nan
           nan]
 [-24.         -24.         -24.         ...          nan          nan
           nan]
 ...
 [-52.92881012 -53.85795593 -54.78710175 ...          nan          nan
           nan]
 [-52.46463776 -53.39378357 -54.32292938 ...          nan          nan
           nan]
 [-51.99954987 -52.92869568 -53.85784149 ...          nan          nan
           nan]]","[1.4562499523162842, 1.7020833492279053, 50.60625076293945, 50.85208511352539]","[[-27.99963379 -27.99997837 -28.         ...          nan          nan
           nan]
 [-26.88159044 -27.88188362 -26.44506718 ...          nan          nan
           nan]
 [-26.76391602 -25.41654597 -25.56993507 ...          nan          nan
           nan]
 ...
 [         nan          nan          nan ... -32.         -32.
  -32.        ]
 [         nan          nan          nan ... -32.         -32.
  -32.        ]
 [         nan          nan          nan ... -32.76411264 -32.11818783
  -31.99999618]]","[1.0812499523162842, 2.0770833492279053, 50.23125076293945, 51.22708511352539]",0.11433240119763341,0.11623538704790909,0.44384903507321893,-0.6918331858107098,0.3605794462863586,1.2494279452873231,4.615650913911909,-2.11956858521048,0.42850566025689873,5.136327912160445,14.37071189470608,-8.535157725792455,3
14,50.969501,1.8677,"[[         nan          nan          nan ...          nan          nan
           nan]
 [         nan          nan          nan ...          nan          nan
           nan]
 [         nan          nan          nan ...          nan          nan
           nan]
 ...
 [-23.4672742  -23.12054378 -22.77381337 ... -23.63818359 -23.63818359
  -23.63818359]
 [-24.72978331 -24.28506242 -23.84034153 ... -23.81854248 -23.81854248
  -23.81854248]
 [-25.9987011  -25.45549232 -24.91228355 ... -23.99981689 -23.99981689
  -23.99981689]]","[1.818750023841858, 1.9145833253860474, 50.922916412353516, 51.01874923706055]","[[         nan          nan          nan ...          nan          nan
           nan]
 [         nan          nan          nan ...          nan          nan
           nan]
 [         nan          nan          nan ...          nan          nan
           nan]
 ...
 [-26.07074015 -26.03787638 -26.00501261 ... -29.93916204 -29.54031667
  -29.1414713 ]
 [-26.5358307  -26.2868997  -26.0379687  ... -30.00507776 -30.03836686
  -30.07165596]
 [-27.00000572 -26.53543282 -26.07085991 ... -30.07086372 -30.53543663
  -31.00000954]]","[1.743749976158142, 1.9895833730697632, 50.84791564941406, 51.09375]","[[-14.9997673  -12.11805299  -9.23615792 ...          nan          nan
           nan]
 [-16.8820858  -14.01430907 -10.35451126 ...          nan          nan
           nan]
 [-19.52698326 -17.6450882  -12.47213554 ...          nan          nan
           nan]
 ...
 [ -8.18133545  -8.18133545  -7.94506836 ... -18.77755825 -24.1451014
  -28.05490355]
 [-14.58837891 -14.58837891 -14.58837891 ... -22.81845687 -20.33912813
  -20.11767803]
 [-23.00000572 -22.         -22.         ... -29.         -27.88188553
  -25.00003815]]","[1.368749976158142, 2.3645832538604736, 50.47291564941406, 51.46875]",,,,,0.0,0.0,0.0,-0.96958923340121,0.20225643243883376,2.0050528488759944,6.855599292073225,-3.9833260967939768,3
15,50.727501,1.5774,"[[-20.         -19.99993368 -19.99986736 ...          nan          nan
           nan]
 [-20.         -19.96727019 -19.93454037 ...          nan          nan
           nan]
 [-20.         -19.93444089 -19.86888178 ...          nan          nan
           nan]
 ...
 [-10.91308594 -10.50100643 -10.08892693 ...          nan          nan
           nan]
 [-11.45690918 -10.97917108 -10.50143299 ...          nan          nan
           nan]
 [-12.00073242 -11.45733573 -10.91393905 ...          nan          nan
           nan]]","[1.53125, 1.6270833015441895, 50.681251525878906, 50.77708435058594]","[[-24.         -24.         -24.         ...          nan          nan
           nan]
 [-24.         -24.         -24.         ...          nan          nan
           nan]
 [-24.         -24.         -24.         ...          nan          nan
           nan]
 ...
 [-52.92881012 -53.85795593 -54.78710175 ...          nan          nan
           nan]
 [-52.46463776 -53.39378357 -54.32292938 ...          nan          nan
           nan]
 [-51.99954987 -52.92869568 -53.85784149 ...          nan          nan
           nan]]","[1.4562499523162842, 1.7020833492279053, 50.60625076293945, 50.85208511352539]","[[-27.99963379 -27.99997837 -28.         ...          nan          nan
           nan]
 [-26.88159044 -27.88188362 -26.44506718 ...          nan          nan
           nan]
 [-26.76391602 -25.41654597 -25.56993507 ...          nan          nan
           nan]
 ...
 [         nan          nan          nan ... -32.         -32.
  -32.        ]
 [         nan          nan          nan ... -32.         -32.
  -32.        ]
 [         nan          nan          nan ... -32.76411264 -32.11818783
  -31.99999618]]","[1.0812499523162842, 2.0770833492279053, 50.23125076293945, 51.22708511352539]",0.16552005994573135,0.18400747570098347,0.6578916194860672,-0.748855866633616,0.3605800526296576,1.2494279452873231,4.615650913911909,-2.11956858521048,0.4285066627067155,5.136327912160445,14.37071189470608,-8.535157725792455,3
16,50.783298,0.06667,"[[-20. -20. -20. ... -21. -21. -21.]
 [-20. -20. -20. ... -21. -21. -21.]
 [-20. -20. -20. ... -21. -21. -21.]
 ...
 [ nan  nan  nan ...  nan  nan  nan]
 [ nan  nan  nan ...  nan  nan  nan]
 [ nan  nan  nan ...  nan  nan  nan]]","[0.01875000074505806, 0.1145833358168602, 50.735416412353516, 50.83124923706055]","[[-33.99999964 -33.53520616 -33.07041267 ... -29.00024414 -29.00024414
  -29.00024414]
 [-33.99999997 -33.96733513 -33.93467029 ... -28.53515625 -28.53515625
  -28.53515625]
 [-34.00000031 -34.39861346 -34.79722662 ... -28.07098389 -28.07098389
  -28.07098389]
 ...
 [         nan          nan          nan ...          nan          nan
           nan]
 [         nan          nan          nan ...          nan          nan
           nan]
 [         nan          nan          nan ...          nan          nan
           nan]]","[-0.05624999850988388, 0.18958333134651184, 50.66041564941406, 50.90625]","[[-46.00024414 -46.00024414 -46.00024414 ... -35.99926758 -34.88091183
  -33.99951172]
 [-45.         -45.         -45.         ... -43.20203848 -41.52812862
  -35.99996898]
 [-45.76348986 -45.         -45.58313863 ... -49.47110967 -49.20028942
  -47.76348367]
 ...
 [         nan          nan          nan ...          nan          nan
           nan]
 [         nan          nan          nan ...          nan          nan
           nan]
 [         nan          nan          nan ...          nan          nan
           nan]]","[-0.4312500059604645, 0.5645833611488342, 50.28541564941406, 51.28125]",,,,,0.23557905449819774,0.6986133584753869,2.543281916869077,-1.9507945484556055,0.2922206330759127,4.6257615536950185,14.290283203121625,-9.374735909348047,3
17,50.368401,-4.1852002,"[[-11.00013728 -10.09471072  -9.18871182 ... -12.00086505 -12.00079875
  -12.00073241]
 [-10.81888776 -10.01191796  -9.20443807 ... -11.57266455 -11.60541717
  -11.63819049]
 [-10.63763824  -9.92912521  -9.22016433 ... -11.14446404 -11.21003559
  -11.27564858]
 ...
 [         nan          nan          nan ...          nan          nan
           nan]
 [         nan          nan          nan ...          nan          nan
           nan]
 [         nan          nan          nan ...          nan          nan
           nan]]","[-4.231249809265137, -4.135416507720947, 50.318748474121094, 50.41458511352539]","[[-52.99963379 -52.99963379 -52.99963379 ... -44.92915344 -44.46452332
  -44.00000763]
 [-52.53546143 -52.53546143 -52.53546143 ... -44.92915344 -44.46452332
  -44.00000763]
 [-52.07128906 -52.07128906 -52.07128906 ... -44.92915344 -44.46452332
  -44.00000763]
 ...
 [         nan          nan          nan ...          nan          nan
           nan]
 [         nan          nan          nan ...          nan          nan
           nan]
 [         nan          nan          nan ...          nan          nan
           nan]]","[-4.306250095367432, -4.0604166984558105, 50.243751525878906, 50.48958206176758]","[[-80.         -79.11815643 -79.99972028 ... -71.         -70.99967705
  -71.        ]
 [-80.         -79.11815643 -79.90969678 ... -71.         -70.11812592
  -71.        ]
 [-79.         -79.         -79.23590088 ... -70.18018056 -70.
  -70.        ]
 ...
 [-34.         -33.32623793 -32.41640902 ...          nan          nan
           nan]
 [-34.         -33.11815643 -33.         ...          nan          nan
           nan]
 [-33.00028229 -33.99973088 -33.76359136 ...          nan          nan
           nan]]","[-4.681250095367432, -3.6854166984558105, 49.868751525878906, 50.86458206176758]",2.2458035110753842,4.601840378232225,15.08716799228018,-10.529349165909942,1.1804816421820992,4.434200027338347,17.538570859507615,-11.190669296013162,0.3080129111576489,4.606661148113605,14.754925165347785,-4.530967788626565,6
18,50.8004,-1.1102,"[[-10.99853516 -11.17963791 -11.36074066 ...  -3.          -3.
   -3.        ]
 [-13.17382813 -13.35493088 -13.53603363 ...  -3.          -3.
   -3.        ]
 [-15.34912109 -15.53022385 -15.7113266  ...  -3.          -3.
   -3.        ]
 ...
 [         nan          nan          nan ...          nan          nan
           nan]
 [         nan          nan          nan ...          nan          nan
           nan]
 [         nan          nan          nan ...          nan          nan
           nan]]","[-1.15625, -1.0604166984558105, 50.75208282470703, 50.84791564941406]","[[ nan  nan  nan ... -12. -12. -12.]
 [ nan  nan  nan ... -12. -12. -12.]
 [ nan  nan  nan ... -12. -12. -12.]
 ...
 [ nan  nan  nan ...  nan  nan  nan]
 [ nan  nan  nan ...  nan  nan  nan]
 [ nan  nan  nan ...  nan  nan  nan]]","[-1.2312500476837158, -0.9854166507720947, 50.67708206176758, 50.922916412353516]","[[-48.00001145 -46.99969482 -47.76347351 ... -48.99976691 -49.88216038
  -49.        ]
 [-50.64605713 -51.42389528 -51.82653921 ... -50.64580536 -49.88201904
  -48.99999664]
 [-48.47314453 -49.35502815 -48.52902794 ... -48.52866756 -50.64531898
  -48.99999709]
 ...
 [         nan          nan          nan ...          nan          nan
           nan]
 [         nan          nan          nan ...          nan          nan
           nan]
 [         nan          nan          nan ...          nan          nan
           nan]]","[-1.6062500476837158, -0.6104166507720947, 50.30208206176758, 51.297916412353516]",1.815707004343985,3.1327424664039207,10.051831626801741,-6.252949163400386,0.9201596302611308,3.3525066000771955,11.132783838105947,-8.134140574497525,0.2508588662805438,3.071920892051641,10.102873044336802,-4.460462834915074,3
19,50.607899,-2.4465001,"[[-29.99990082 -29.81879807 -29.63769531 ... -23.63769913 -23.81880188
  -23.99990463]
 [-29.8186264  -29.63752365 -29.4564209  ... -23.45642471 -23.63752747
  -23.81863022]
 [-29.63826752 -29.45716476 -29.27606201 ... -23.27606583 -23.45716858
  -23.63827133]
 ...
 [         nan          nan          nan ...          nan          nan
           nan]
 [         nan          nan          nan ...          nan          nan
           nan]
 [         nan          nan          nan ...          nan          nan
           nan]]","[-2.4937500953674316, -2.397916555404663, 50.56041717529297, 50.65625]","[[-43.00006104 -43.00006104 -43.00006104 ... -40.92934748 -40.46480344
  -40.00020218]
 [-42.53588867 -42.53588867 -42.53588867 ... -39.10556429 -38.85663559
  -38.60767624]
 [-42.07080078 -42.07080078 -42.07080078 ... -37.27818389 -37.24529582
  -37.21240369]
 ...
 [         nan          nan          nan ...          nan          nan
           nan]
 [         nan          nan          nan ...          nan          nan
           nan]
 [         nan          nan          nan ...          nan          nan
           nan]]","[-2.5687499046325684, -2.3229167461395264, 50.485416412353516, 50.73125076293945]","[[-62.         -62.         -62.         ... -59.00012207 -58.00005383
  -58.00006104]
 [-62.         -62.         -62.         ... -57.         -57.01390642
  -56.99999888]
 [-61.23632812 -61.23632812 -61.81958695 ... -58.81949716 -58.58327048
  -58.00000728]
 ...
 [         nan          nan          nan ...          nan          nan
           nan]
 [         nan          nan          nan ...          nan          nan
           nan]
 [         nan          nan          nan ...          nan          nan
           nan]]","[-2.9437499046325684, -1.9479166269302368, 50.110416412353516, 51.10625076293945]",0.9302106609846897,0.8187573250601593,2.947577007086657,-1.9148555010126393,0.3652207548894794,1.4039671684329293,5.165706632198828,-3.082450105813445,0.2736088161691467,3.970783555040145,12.051971192466656,-7.766050254560309,3
20,50.7136,-1.8747,"[[ -4.99828721  -4.81764871  -4.63701021 ... -16.         -16.
  -16.        ]
 [ -4.27685579  -4.29219824  -4.30754068 ... -16.         -16.
  -16.        ]
 [ -3.55176228  -3.7640805   -3.97639872 ... -16.         -16.
  -16.        ]
 ...
 [         nan          nan          nan ...          nan          nan
           nan]
 [         nan          nan          nan ...          nan          nan
           nan]
 [         nan          nan          nan ...          nan          nan
           nan]]","[-1.9229166507720947, -1.8270833492279053, 50.66458511352539, 50.76041793823242]","[[ -7.97974398  -7.5136966   -7.04764922 ... -27.99975586 -27.99975586
  -27.99975586]
 [         nan          nan          nan ... -27.5355835  -27.5355835
  -27.5355835 ]
 [         nan          nan          nan ... -27.07049561 -27.07049561
  -27.07049561]
 ...
 [         nan          nan          nan ...          nan          nan
           nan]
 [         nan          nan          nan ...          nan          nan
           nan]
 [         nan          nan          nan ...          nan          nan
           nan]]","[-1.9979166984558105, -1.7520833015441895, 50.58958435058594, 50.83541488647461]","[[-58.         -58.         -58.         ... -54.2363463  -55.00005767
  -55.00048828]
 [-58.         -58.         -58.         ... -54.0903915  -53.36878519
  -54.3550415 ]
 [-56.9999982  -57.23602295 -57.23602295 ... -56.4723959  -54.9723249
  -56.76397885]
 ...
 [         nan          nan          nan ...          nan          nan
           nan]
 [         nan          nan          nan ...          nan          nan
           nan]
 [         nan          nan          nan ...          nan          nan
           nan]]","[-2.3729166984558105, -1.3770833015441895, 50.21458435058594, 51.21041488647461]",0.48474597307435924,0.5814715454812669,1.6899761111685816,-2.1775520789816616,0.5612365185470644,2.961142183347391,8.886218757806551,-6.7644653692246575,0.1247875207231293,2.0920060197433803,8.256689078975795,-10.915865797166576,2
21,50.651108,-1.1531577,"[[         nan          nan          nan ... -23.08490484 -22.54182871
  -21.99875258]
 [         nan          nan          nan ... -22.34784105 -21.90275539
  -21.45766973]
 [         nan          nan          nan ... -21.60703581 -21.26043803
  -20.91384026]
 ...
 [         nan          nan          nan ...          nan          nan
   -0.99976761]
 [         nan          nan          nan ...          nan          nan
   -0.99971783]
 [         nan          nan          nan ...          nan          nan
   -0.99966804]]","[-1.2020833492279053, -1.1062500476837158, 50.60208511352539, 50.69791793823242]","[[-31.99827766 -31.53373337 -31.06916046 ... -29.92918041 -29.46483435
  -29.00048828]
 [-28.74907112 -28.28452682 -27.81995392 ... -29.99495752 -29.96189526
  -29.92883301]
 [-25.49345589 -25.02891159 -24.56433868 ... -30.06086437 -30.45993658
  -30.85900879]
 ...
 [-17.28492451 -17.71638023 -18.14786253 ...  -2.93381878  -2.96690939
   -3.        ]
 [-19.14160777 -19.35743486 -19.57327526 ...  -2.50253497  -2.75126748
   -3.        ]
 [-20.99829102 -20.9984895  -20.99868798 ...  -2.07125116  -2.53562558
   -3.        ]]","[-1.2770832777023315, -1.03125, 50.52708435058594, 50.77291488647461]","[[-63.99998664 -61.23596741 -61.99969819 ... -48.         -48.
  -48.        ]
 [-60.47337216 -57.5773027  -57.65370065 ... -48.         -48.77752528
  -48.        ]
 [-59.76397705 -59.34768931 -57.94444763 ... -48.18026862 -48.
  -48.        ]
 ...
 [         nan          nan          nan ...          nan          nan
           nan]
 [         nan          nan          nan ...          nan          nan
           nan]
 [         nan          nan          nan ...          nan          nan
           nan]]","[-1.6520832777023315, -0.65625, 50.15208435058594, 51.14791488647461]",0.7315281694438424,1.1305280101858581,4.203694266951537,-2.9353979437073665,0.6514619625095601,2.4473703487699927,9.440548060806425,-5.246263297125123,0.2695811388931902,4.200831283674215,14.00877907000308,-10.289379378890454,3
22,47.205383,-1.765133,"[[nan nan nan ... nan nan nan]
 [nan nan nan ... nan nan nan]
 [nan nan nan ... nan nan nan]
 ...
 [nan nan nan ... nan nan nan]
 [nan nan nan ... nan nan nan]
 [nan nan nan ... nan nan nan]]","[-1.8145833015441895, -1.71875, 47.15625, 47.25208282470703]","[[nan nan nan ... nan nan nan]
 [nan nan nan ... nan nan nan]
 [nan nan nan ... nan nan nan]
 ...
 [nan nan nan ... nan nan nan]
 [nan nan nan ... nan nan nan]
 [nan nan nan ... nan nan nan]]","[-1.8895833492279053, -1.6437499523162842, 47.08124923706055, 47.327083587646484]","[[nan nan nan ... nan nan nan]
 [nan nan nan ... nan nan nan]
 [nan nan nan ... nan nan nan]
 ...
 [nan nan nan ... nan nan nan]
 [nan nan nan ... nan nan nan]
 [nan nan nan ... nan nan nan]]","[-2.2645833492279053, -1.2687499523162842, 47.00208282470703, 47.702083587646484]",,,,,,,,,,,,,2
23,50.740292,-1.5071276,"[[-37.0028209  -33.55961365 -30.11640641 ...          nan          nan
           nan]
 [-35.55266085 -33.22564965 -30.89863845 ...          nan          nan
           nan]
 [-34.10250081 -32.89168565 -31.68087049 ...          nan          nan
           nan]
 ...
 [         nan          nan          nan ...          nan          nan
           nan]
 [         nan          nan          nan ...          nan          nan
           nan]
 [         nan          nan          nan ...          nan          nan
           nan]]","[-1.556249976158142, -1.4604166746139526, 50.693748474121094, 50.78958511352539]","[[-26.         -26.         -26.         ...  -7.78596994  -6.39242135
   -4.99887276]
 [-26.         -26.         -26.         ...  -5.96217347  -4.78426678
   -3.6063601 ]
 [-26.         -26.         -26.         ...  -4.13837699  -3.17611221
   -2.21384743]
 ...
 [         nan          nan          nan ...  -1.00499126  -1.03771325
   -1.07043524]
 [         nan          nan          nan ...  -1.03794912  -1.28673834
   -1.53552757]
 [         nan          nan          nan ...  -1.0708421   -1.53527323
   -1.99970436]]","[-1.631250023841858, -1.3854166269302368, 50.618751525878906, 50.86458206176758]","[[-53.00002288 -53.1180674  -53.00036621 ... -69.2361329  -69.88197204
  -70.00037574]
 [-53.         -53.         -53.1182251  ... -66.77125998 -69.23633957
  -71.00000841]
 [-53.         -53.         -53.         ... -64.23590088 -65.06171799
  -67.2359132 ]
 ...
 [         nan          nan          nan ...          nan          nan
           nan]
 [         nan          nan          nan ...          nan          nan
           nan]
 [         nan          nan          nan ...          nan          nan
           nan]]","[-2.0062499046325684, -1.0104166269302368, 50.243751525878906, 51.23958206176758]",0.2224817557726386,0.44489089699280027,1.5796922519818613,-2.0696580641898477,0.12443948177526785,0.6949368120635916,3.0163494971311273,-1.6681733181629446,0.4648557403381141,8.986269113025259,39.734395158805555,-7.535710479516954,4
24,50.609333,-1.949177,"[[-31.0001297  -30.81898273 -30.63783577 ... -31.63772999 -31.81881063
  -31.99989128]
 [-31.18140688 -30.93460132 -30.68779577 ... -31.52211175 -31.6703631
  -31.81861445]
 [-31.36176852 -31.04963598 -30.73750344 ... -31.40707743 -31.52266529
  -31.63825315]
 ...
 [         nan          nan          nan ... -12.86904433 -13.11580568
  -13.36256702]
 [         nan          nan          nan ... -12.75342609 -12.96735814
  -13.18129019]
 [         nan          nan          nan ... -12.63780785 -12.8189106
  -13.00001335]]","[-1.9979166984558105, -1.9020832777023315, 50.56041717529297, 50.65625]","[[-37.00006104 -37.00006104 -37.00006104 ... -38.21252786 -39.60624581
  -41.00004959]
 [-36.53588867 -36.53588867 -36.53588867 ... -39.04217239 -39.78900447
  -40.53588254]
 [-36.07080078 -36.07080078 -36.07080078 ... -39.8734533  -39.9721236
  -40.07079997]
 ...
 [         nan          nan          nan ...          nan          nan
           nan]
 [         nan          nan          nan ...          nan          nan
           nan]
 [         nan          nan          nan ...          nan          nan
           nan]]","[-2.0729167461395264, -1.8270833492279053, 50.485416412353516, 50.73125076293945]","[[-60.         -60.         -60.         ... -60.4725592  -65.59078578
  -69.00006485]
 [-59.11773682 -59.11773682 -60.         ... -59.         -59.3396699
  -62.70641102]
 [-59.23633263 -59.         -59.         ... -58.9441711  -59.29860801
  -59.76367188]
 ...
 [         nan          nan          nan ...          nan          nan
           nan]
 [         nan          nan          nan ...          nan          nan
           nan]
 [         nan          nan          nan ...          nan          nan
           nan]]","[-2.4479167461395264, -1.4520833492279053, 50.110416412353516, 51.10625076293945]",0.39559007227103693,0.9695440580228754,3.7512694343383997,-3.153248689321418,0.48447940340856227,1.9859369286236996,7.160168311635431,-4.041360249113583,0.501724487164347,7.264131651521272,26.004237830643536,-14.777710593922048,4
25,50.594177,-4.8344054,"[[         nan          nan          nan ...          nan          nan
           nan]
 [         nan          nan          nan ...          nan          nan
           nan]
 [         nan          nan          nan ...          nan          nan
           nan]
 ...
 [-38.63816071 -38.45711517 -38.2759552  ... -19.90027634 -19.76926585
  -19.63817255]
 [-38.81851959 -38.63747406 -38.45631409 ... -19.94998677 -19.88428262
  -19.81853694]
 [-38.99979401 -38.81874847 -38.6375885  ... -19.99994953 -19.99988323
  -19.99981689]]","[-4.881249904632568, -4.785416603088379, 50.547916412353516, 50.64374923706055]","[[         nan          nan          nan ...          nan          nan
           nan]
 [         nan          nan          nan ...          nan          nan
           nan]
 [         nan          nan          nan ...          nan          nan
           nan]
 ...
 [-52.         -52.         -52.         ... -33.86837276 -33.00484814
  -32.14153621]
 [-52.         -52.         -52.         ... -33.93425122 -33.50291429
  -33.0716836 ]
 [-52.         -52.         -52.         ... -34.         -34.
  -34.        ]]","[-4.956250190734863, -4.710416793823242, 50.47291564941406, 50.71875]","[[         nan          nan          nan ... -68.         -68.
  -68.        ]
 [         nan          nan          nan ... -68.         -68.
  -68.        ]
 [         nan          nan          nan ... -67.         -67.
  -67.        ]
 ...
 [-72.52742004 -73.52746582 -73.76373291 ... -17.00003052 -16.
  -16.        ]
 [-70.         -70.         -71.64612579 ... -18.88143921 -16.99957275
  -16.11767578]
 [-71.00004578 -70.         -70.         ... -20.76376343 -18.88189697
  -17.00003052]]","[-5.331250190734863, -4.335416793823242, 50.09791564941406, 51.09375]",,,,,0.9868662760589056,4.017803409354336,13.76745128630817,-11.410033650533622,0.39786253248013026,6.704781437121023,25.959802387246228,-19.157844803700915,2
26,47.19345,-1.633667,"[[nan nan nan ... nan nan nan]
 [nan nan nan ... nan nan nan]
 [nan nan nan ... nan nan nan]
 ...
 [nan nan nan ... nan nan nan]
 [nan nan nan ... nan nan nan]
 [nan nan nan ... nan nan nan]]","[-1.681249976158142, -1.5854166746139526, 47.14374923706055, 47.23958206176758]","[[nan nan nan ... nan nan nan]
 [nan nan nan ... nan nan nan]
 [nan nan nan ... nan nan nan]
 ...
 [nan nan nan ... nan nan nan]
 [nan nan nan ... nan nan nan]
 [nan nan nan ... nan nan nan]]","[-1.756250023841858, -1.5104166269302368, 47.068748474121094, 47.31458282470703]","[[-1.         -1.         -1.         ...         nan         nan
          nan]
 [-1.29901123 -1.29901123 -1.29901123 ...         nan         nan
          nan]
 [-3.19627537 -2.59814453 -3.65312542 ...         nan         nan
          nan]
 ...
 [        nan         nan         nan ...         nan         nan
          nan]
 [        nan         nan         nan ...         nan         nan
          nan]
 [        nan         nan         nan ...         nan         nan
          nan]]","[-2.1312499046325684, -1.1354166269302368, 47.00208282470703, 47.68958282470703]",,,,,,,,,,,,,2
27,50.8839,-1.3931,"[[nan nan nan ... nan nan nan]
 [nan nan nan ... nan nan nan]
 [nan nan nan ... nan nan nan]
 ...
 [nan nan nan ... nan nan nan]
 [nan nan nan ... nan nan nan]
 [nan nan nan ... nan nan nan]]","[-1.4395833015441895, -1.34375, 50.83541488647461, 50.931251525878906]","[[         nan          nan          nan ...          nan          nan
           nan]
 [         nan          nan          nan ...          nan          nan
           nan]
 [         nan          nan          nan ... -16.16996299 -16.36629495
  -16.56262691]
 ...
 [         nan          nan          nan ...          nan          nan
           nan]
 [         nan          nan          nan ...          nan          nan
           nan]
 [         nan          nan          nan ...          nan          nan
           nan]]","[-1.5145833492279053, -1.2687499523162842, 50.76041793823242, 51.006248474121094]","[[-42.99939346 -41.99969482 -41.         ... -59.47145501 -61.88107623
  -61.00030517]
 [-40.11828277 -40.22242425 -40.11828613 ... -52.91764545 -57.16037048
  -57.5914278 ]
 [-36.76402934 -38.59044659 -38.90137418 ... -48.29170115 -49.38194926
  -50.70788507]
 ...
 [         nan          nan          nan ...          nan          nan
           nan]
 [         nan          nan          nan ...          nan          nan
           nan]
 [         nan          nan          nan ...          nan          nan
           nan]]","[-1.8895833492279053, -0.893750011920929, 50.38541793823242, 51.381248474121094]",0.4720014809057272,0.8469727439482793,3.446922024610886,-1.7222597154675576,0.42251536325141115,1.9520115749732638,7.309767829822142,-2.8802709932793413,0.17771649605073486,2.042926487253733,7.397278148099861,-2.788395373896615,3
28,50.802194,-1.11125,"[[-21.99925422 -22.18048961 -22.36172501 ...  -3.00036621  -3.00036621
   -3.00036621]
 [-22.36180789 -22.47738469 -22.5929615  ...  -2.8190918   -2.8190918
   -2.8190918 ]
 [-22.72436155 -22.77427977 -22.82419798 ...  -2.63781738  -2.63781738
   -2.63781738]
 ...
 [         nan          nan          nan ...          nan          nan
           nan]
 [         nan          nan          nan ...          nan          nan
           nan]
 [         nan          nan          nan ...          nan          nan
           nan]]","[-1.1604167222976685, -1.0645833015441895, 50.756248474121094, 50.85208511352539]","[[         nan          nan          nan ... -11.07050705 -11.53506565
  -11.99963856]
 [         nan          nan          nan ... -10.60633469 -11.07089329
  -11.53546619]
 [         nan          nan          nan ... -10.14216232 -10.60672092
  -11.07129383]
 ...
 [         nan          nan          nan ...          nan          nan
           nan]
 [         nan          nan          nan ...          nan          nan
           nan]
 [         nan          nan          nan ...          nan          nan
           nan]]","[-1.2354166507720947, -0.9895833134651184, 50.681251525878906, 50.92708206176758]","[[-48.00073242 -48.00109863 -48.00174454 ... -51.52681811 -49.00036621
  -49.00036621]
 [-50.88177199 -50.1182251  -51.20852133 ... -49.055853   -50.77762873
  -49.11822089]
 [-49.76409822 -49.52819824 -49.76443291 ... -48.18017764 -48.38187276
  -50.00000252]
 ...
 [         nan          nan          nan ...          nan          nan
           nan]
 [         nan          nan          nan ...          nan          nan
           nan]
 [         nan          nan          nan ...          nan          nan
           nan]]","[-1.6104166507720947, -0.6145833134651184, 50.306251525878906, 51.30208206176758]",1.1157449302302305,2.1588575426600802,8.601421671231206,-9.058571559059382,0.6993650822580637,2.973663207489598,11.379622024540934,-8.76711022658617,0.2940027729750521,3.2391376867479744,10.213947333395168,-4.8818400819769385,3
29,50.368389,-4.18525,"[[-11.00013728 -10.09471072  -9.18871182 ... -12.00086505 -12.00079875
  -12.00073241]
 [-10.81888776 -10.01191796  -9.20443807 ... -11.57266455 -11.60541717
  -11.63819049]
 [-10.63763824  -9.92912521  -9.22016433 ... -11.14446404 -11.21003559
  -11.27564858]
 ...
 [         nan          nan          nan ...          nan          nan
           nan]
 [         nan          nan          nan ...          nan          nan
           nan]
 [         nan          nan          nan ...          nan          nan
           nan]]","[-4.231249809265137, -4.135416507720947, 50.318748474121094, 50.41458511352539]","[[-52.99963379 -52.99963379 -52.99963379 ... -44.92915344 -44.46452332
  -44.00000763]
 [-52.53546143 -52.53546143 -52.53546143 ... -44.92915344 -44.46452332
  -44.00000763]
 [-52.07128906 -52.07128906 -52.07128906 ... -44.92915344 -44.46452332
  -44.00000763]
 ...
 [         nan          nan          nan ...          nan          nan
           nan]
 [         nan          nan          nan ...          nan          nan
           nan]
 [         nan          nan          nan ...          nan          nan
           nan]]","[-4.306250095367432, -4.0604166984558105, 50.243751525878906, 50.48958206176758]","[[-80.         -79.11815643 -79.99972028 ... -71.         -70.99967705
  -71.        ]
 [-80.         -79.11815643 -79.90969678 ... -71.         -70.11812592
  -71.        ]
 [-79.         -79.         -79.23590088 ... -70.18018056 -70.
  -70.        ]
 ...
 [-34.         -33.32623793 -32.41640902 ...          nan          nan
           nan]
 [-34.         -33.11815643 -33.         ...          nan          nan
           nan]
 [-33.00028229 -33.99973088 -33.76359136 ...          nan          nan
           nan]]","[-4.681250095367432, -3.6854166984558105, 49.868751525878906, 50.86458206176758]",2.245802971209976,4.601840378232225,15.08716799228018,-10.529349165909942,1.1804814487538726,4.434200027338347,17.538570859507615,-11.190669296013162,0.30801285861053573,4.606661148113605,14.754925165347785,-4.530967788626565,6
30,51.707389,-5.051778,"[[-21.00119019 -20.63918753 -20.27695604 ...          nan          nan
           nan]
 [-20.09481259 -19.66717208 -19.23926126 ...          nan          nan
           nan]
 [-19.18843499 -18.69515663 -18.20156647 ...          nan          nan
           nan]
 ...
 [         nan          nan          nan ...          nan          nan
           nan]
 [         nan          nan          nan ...          nan          nan
           nan]
 [         nan          nan          nan ...          nan          nan
           nan]]","[-5.097916603088379, -5.0020833015441895, 51.66041564941406, 51.756248474121094]","[[-49.99999998 -50.00019849 -50.00039695 ... -23.8609314  -22.93167114
  -22.00263977]
 [-50.00002482 -49.78412948 -49.56828732 ... -21.07040405 -20.1411438
  -19.21211243]
 [-50.00004961 -49.56848581 -49.1370283  ... -18.28536987 -17.35610962
  -16.42707825]
 ...
 [-21.92949677 -21.46486664 -21.00035095 ...          nan          nan
           nan]
 [-21.46440887 -20.99977875 -20.53526306 ...          nan          nan
           nan]
 [-21.00023651 -20.53560638 -20.0710907  ...          nan          nan
           nan]]","[-5.172916889190674, -4.927083492279053, 51.58541488647461, 51.83124923706055]","[[-74.         -74.         -72.99957275 ... -31.9964811  -33.11477834
  -34.99825284]
 [-74.         -74.         -74.         ... -41.32645551 -42.74984652
  -39.8820024 ]
 [-74.         -74.         -73.81991357 ... -41.9426651  -42.18602386
  -42.47161592]
 ...
 [-89.9997708  -94.96546658 -94.8327066  ... -26.88856607 -24.11798859
  -22.47219711]
 [-88.23667516 -90.77716435 -92.29077148 ... -31.6533314  -31.88771212
  -26.11844635]
 [-90.99987029 -89.11807251 -88.23662562 ... -26.76491294 -25.23685835
  -25.0004425 ]]","[-5.547916889190674, -4.552083492279053, 51.21041488647461, 52.20624923706055]",,,,,0.2588857029703475,0.4627645135020322,1.2658289284522128,-6.12401081676879,0.27392417301106914,6.857791099844469,18.570171432577236,-9.490740551290118,4
31,51.6496,-9.9034,"[[-51.99829102 -51.99829102 -51.99829102 ... -48.36196461 -48.18084509
  -47.99995426]
 [-51.27685547 -51.27685547 -51.27685547 ... -48.23128588 -48.11555526
  -47.99997078]
 [-50.55175781 -50.55175781 -50.55175781 ... -48.0999438  -48.04993401
  -47.99998737]
 ...
 [         nan          nan          nan ...          nan          nan
           nan]
 [         nan          nan          nan ...          nan          nan
           nan]
 [         nan          nan          nan ...          nan          nan
           nan]]","[-9.952083587646484, -9.856249809265137, 51.60208511352539, 51.69791793823242]","[[-68.         -68.         -68.         ... -57.         -57.
  -57.        ]
 [-68.         -68.         -68.         ... -57.         -57.
  -57.        ]
 [-68.         -68.         -68.         ... -57.         -57.
  -57.        ]
 ...
 [-11.50419725 -11.93573269 -12.36726813 ...          nan          nan
           nan]
 [ -1.75658471  -1.97245168  -2.18831866 ...          nan          nan
           nan]
 [         nan          nan          nan ...          nan          nan
           nan]]","[-10.027083396911621, -9.78125, 51.52708435058594, 51.77291488647461]","[[-145.99975586 -145.99975586 -145.23598052 ... -110.76324463
  -108.88165116 -108.        ]
 [-144.99998655 -145.10416623 -142.65333234 ... -108.09038563
  -108.         -108.88165283]
 [-146.         -144.44443473 -139.88910194 ... -108.76397705
  -109.79185928 -109.23602295]
 ...
 [          nan           nan           nan ...           nan
            nan           nan]
 [          nan           nan           nan ...           nan
            nan           nan]
 [          nan           nan           nan ...           nan
            nan           nan]]","[-10.402083396911621, -9.40625, 51.15208435058594, 52.14791488647461]",2.1103687162111697,5.679181306457342,17.679046630821794,-11.88788715656957,0.6113166907952742,3.0021374752474705,12.999090053095161,-14.550457045141608,0.30057786497224304,4.415918501329233,16.173419603980726,-12.24357000044492,6
32,51.8278,-8.0007,"[[-31.99993896 -31.81889343 -31.6378479  ... -37.2756958  -37.63778687
  -38.00010681]
 [-31.45609359 -31.20941022 -30.96272684 ... -37.09442139 -37.45651245
  -37.8188324 ]
 [-30.91224822 -30.599927   -30.28760578 ... -36.91314697 -37.27523804
  -37.63755798]
 ...
 [         nan          nan          nan ...          nan          nan
           nan]
 [         nan          nan          nan ...          nan          nan
           nan]
 [         nan          nan          nan ...          nan          nan
           nan]]","[-8.047916412353516, -7.952083110809326, 51.78125, 51.87708282470703]","[[-60.00028994 -60.46477622 -60.92949142 ... -75.         -75.
  -75.        ]
 [-59.53515237 -59.78365125 -60.03227261 ... -75.         -75.
  -75.        ]
 [-59.07093043 -59.10386709 -59.13681998 ... -75.         -75.
  -75.        ]
 ...
 [         nan          nan          nan ...          nan          nan
           nan]
 [         nan          nan          nan ...          nan          nan
           nan]
 [         nan          nan          nan ...          nan          nan
           nan]]","[-8.122916221618652, -7.8770833015441895, 51.70624923706055, 51.952083587646484]","[[-92.00028992 -92.11804834 -92.         ... -87.00013984 -87.
  -87.        ]
 [-91.00001259 -91.11785889 -91.11785889 ... -86.23627472 -86.22207607
  -87.        ]
 [-91.         -91.         -91.         ... -86.         -86.
  -87.00000763]
 ...
 [         nan          nan          nan ...          nan          nan
           nan]
 [         nan          nan          nan ...          nan          nan
           nan]
 [         nan          nan          nan ...          nan          nan
           nan]]","[-8.497916221618652, -7.5020833015441895, 51.33124923706055, 52.327083587646484]",0.8567219805980816,1.4639743637341054,5.788571253413513,-3.7533952155715467,0.6322957114326528,2.1158270551842704,7.187706342896858,-5.522833299958331,0.443282056084469,7.937302077120647,28.522526283292954,-13.693631736550433,4
33,48.640812,-2.028103,"[[         nan          nan          nan ...          nan          nan
           nan]
 [         nan          nan          nan ...          nan          nan
           nan]
 [         nan          nan          nan ...          nan          nan
           nan]
 ...
 [-16.         -16.         -16.         ...  -6.81504637  -6.68401658
   -6.5529868 ]
 [-16.         -16.         -16.         ...  -7.40582382  -7.34012102
   -7.27441821]
 [-16.         -16.         -16.         ...  -7.99960015  -7.99955594
   -7.99951172]]","[-2.0770833492279053, -1.9812500476837158, 48.59375, 48.68958282470703]","[[         nan          nan          nan ...          nan          nan
           nan]
 [         nan          nan          nan ...          nan          nan
           nan]
 [         nan          nan          nan ...          nan          nan
           nan]
 ...
 [-25.21240342 -25.1795113  -25.14661917 ... -20.         -20.
  -20.        ]
 [-26.60767419 -26.35871483 -26.10975548 ... -20.         -20.
  -20.        ]
 [-28.00019837 -27.5355971  -27.07099584 ... -20.         -20.
  -20.        ]]","[-2.152083396911621, -1.90625, 48.51874923706055, 48.764583587646484]","[[         nan          nan          nan ...          nan          nan
           nan]
 [         nan          nan          nan ...          nan          nan
           nan]
 [         nan          nan          nan ...          nan          nan
           nan]
 ...
 [-48.         -47.32651135 -47.         ...          nan          nan
           nan]
 [-49.00001526 -48.         -48.         ...          nan          nan
           nan]
 [-49.00001526 -48.         -48.         ...          nan          nan
           nan]]","[-2.527083396911621, -1.53125, 48.14374923706055, 49.139583587646484]",0.9911004479482426,1.2036350061454575,3.801682130443262,-2.9158543648091277,0.4560593554464688,1.6647772125786635,6.0469431476751465,-4.761322045985455,0.16095736650362938,2.10645375189929,7.13448720564321,-3.609253744623027,2
34,51.716702,-5.0500002,"[[nan nan nan ... nan nan nan]
 [nan nan nan ... nan nan nan]
 [nan nan nan ... nan nan nan]
 ...
 [nan nan nan ... nan nan nan]
 [nan nan nan ... nan nan nan]
 [nan nan nan ... nan nan nan]]","[-5.097916603088379, -5.0020833015441895, 51.66875076293945, 51.764583587646484]","[[-50.00005341 -49.53542328 -49.07090759 ...  -4.28326416  -6.14178467
   -7.99984741]
 [-50.00002862 -49.75106695 -49.50216661 ...  -5.11299634  -6.32451146
   -7.53572817]
 [-50.00000378 -49.96713596 -49.93427624 ...  -5.94436507  -6.50759865
   -7.0706935 ]
 ...
 [-20.00000379 -19.96702254 -19.93404941 ...          nan          nan
           nan]
 [-20.00002858 -19.75137886 -19.50279039 ...          nan          nan
           nan]
 [-20.00005342 -19.53530986 -19.07068076 ...          nan          nan
           nan]]","[-5.172916889190674, -4.927083492279053, 51.59375, 51.83958435058594]","[[-74.         -74.         -74.         ... -41.47245789 -43.
  -40.00011444]
 [-74.         -74.         -73.91011995 ... -41.35214996 -41.76940145
  -42.23541888]
 [-73.99998738 -74.23626709 -73.41666543 ... -31.63993541 -38.70872498
  -42.29112935]
 ...
 [-88.47290014 -90.55490301 -92.05456543 ... -31.83373875 -31.48503713
  -26.23654938]
 [-91.11797333 -89.13199561 -88.23620605 ... -26.67370723 -25.29840752
  -24.88214738]
 [-95.00083925 -91.2366333  -90.23669434 ... -24.99975586 -25.88193343
  -22.99983217]]","[-5.547916889190674, -4.552083492279053, 51.21875, 52.21458435058594]",,,,,,,,,0.5247426397550143,6.579395670813105,18.417915344244424,-12.763668154891425,4
35,51.649601,-9.9034004,"[[-51.99829102 -51.99829102 -51.99829102 ... -48.36196461 -48.18084509
  -47.99995426]
 [-51.27685547 -51.27685547 -51.27685547 ... -48.23128588 -48.11555526
  -47.99997078]
 [-50.55175781 -50.55175781 -50.55175781 ... -48.0999438  -48.04993401
  -47.99998737]
 ...
 [         nan          nan          nan ...          nan          nan
           nan]
 [         nan          nan          nan ...          nan          nan
           nan]
 [         nan          nan          nan ...          nan          nan
           nan]]","[-9.952083587646484, -9.856249809265137, 51.60208511352539, 51.69791793823242]","[[-68.         -68.         -68.         ... -57.         -57.
  -57.        ]
 [-68.         -68.         -68.         ... -57.         -57.
  -57.        ]
 [-68.         -68.         -68.         ... -57.         -57.
  -57.        ]
 ...
 [-11.50419725 -11.93573269 -12.36726813 ...          nan          nan
           nan]
 [ -1.75658471  -1.97245168  -2.18831866 ...          nan          nan
           nan]
 [         nan          nan          nan ...          nan          nan
           nan]]","[-10.027083396911621, -9.78125, 51.52708435058594, 51.77291488647461]","[[-145.99975586 -145.99975586 -145.23598052 ... -110.76324463
  -108.88165116 -108.        ]
 [-144.99998655 -145.10416623 -142.65333234 ... -108.09038563
  -108.         -108.88165283]
 [-146.         -144.44443473 -139.88910194 ... -108.76397705
  -109.79185928 -109.23602295]
 ...
 [          nan           nan           nan ...           nan
            nan           nan]
 [          nan           nan           nan ...           nan
            nan           nan]
 [          nan           nan           nan ...           nan
            nan           nan]]","[-10.402083396911621, -9.40625, 51.15208435058594, 52.14791488647461]",2.110368720962668,5.679181306457342,17.679046630821794,-11.88788715656957,0.6113166965308209,3.0021374752474705,12.999090053095161,-14.550457045141608,0.30057786929456803,4.415918501329233,16.173419603980726,-12.24357000044492,6
36,51.827801,-8.0007,"[[-31.99993896 -31.81889343 -31.6378479  ... -37.2756958  -37.63778687
  -38.00010681]
 [-31.45609359 -31.20941022 -30.96272684 ... -37.09442139 -37.45651245
  -37.8188324 ]
 [-30.91224822 -30.599927   -30.28760578 ... -36.91314697 -37.27523804
  -37.63755798]
 ...
 [         nan          nan          nan ...          nan          nan
           nan]
 [         nan          nan          nan ...          nan          nan
           nan]
 [         nan          nan          nan ...          nan          nan
           nan]]","[-8.047916412353516, -7.952083110809326, 51.78125, 51.87708282470703]","[[-60.00028994 -60.46477622 -60.92949142 ... -75.         -75.
  -75.        ]
 [-59.53515237 -59.78365125 -60.03227261 ... -75.         -75.
  -75.        ]
 [-59.07093043 -59.10386709 -59.13681998 ... -75.         -75.
  -75.        ]
 ...
 [         nan          nan          nan ...          nan          nan
           nan]
 [         nan          nan          nan ...          nan          nan
           nan]
 [         nan          nan          nan ...          nan          nan
           nan]]","[-8.122916221618652, -7.8770833015441895, 51.70624923706055, 51.952083587646484]","[[-92.00028992 -92.11804834 -92.         ... -87.00013984 -87.
  -87.        ]
 [-91.00001259 -91.11785889 -91.11785889 ... -86.23627472 -86.22207607
  -87.        ]
 [-91.         -91.         -91.         ... -86.         -86.
  -87.00000763]
 ...
 [         nan          nan          nan ...          nan          nan
           nan]
 [         nan          nan          nan ...          nan          nan
           nan]
 [         nan          nan          nan ...          nan          nan
           nan]]","[-8.497916221618652, -7.5020833015441895, 51.33124923706055, 52.327083587646484]",0.8567219975981123,1.4639743637341054,5.788571253413513,-3.7533952155715467,0.6322957217336139,2.1158270551842704,7.187706342896858,-5.522833299958331,0.4432820603609267,7.937302077120647,28.522526283292954,-13.693631736550433,4
37,51.84,-8.3039999,"[[         nan          nan          nan ... -10.36261515 -10.18153646
  -10.00045778]
 [         nan          nan          nan ... -10.79081842 -10.57692081
  -10.3630232 ]
 [         nan          nan          nan ... -11.21685904 -10.97030827
  -10.72375749]
 ...
 [ -7.36244621  -7.11577389  -6.86910156 ...          nan          nan
           nan]
 [ -7.18117733  -6.96732393  -6.75347052 ...          nan          nan
           nan]
 [ -6.99990845  -6.81887397  -6.63783948 ...          nan          nan
           nan]]","[-8.352083206176758, -8.256250381469727, 51.79375076293945, 51.889583587646484]","[[         nan          nan          nan ... -36.0708313  -36.53546143
  -37.00009155]
 [         nan          nan          nan ... -35.573781   -35.82274267
  -36.07170433]
 [         nan          nan          nan ... -35.07575033 -35.10861815
  -35.14148597]
 ...
 [         nan          nan          nan ...          nan          nan
           nan]
 [         nan          nan          nan ...          nan          nan
           nan]
 [         nan          nan          nan ...          nan          nan
           nan]]","[-8.427083015441895, -8.181249618530273, 51.71875, 51.96458435058594]","[[ -98.          -97.11805725  -96.         ...  -89.2362442
   -89.          -89.        ]
 [-100.11781041 -101.77854092 -100.67476659 ...  -89.
   -89.          -89.        ]
 [ -95.47261047  -97.35447693  -98.05588041 ...  -89.
   -88.97209434  -88.76373291]
 ...
 [          nan           nan           nan ...           nan
            nan           nan]
 [          nan           nan           nan ...           nan
            nan           nan]
 [          nan           nan           nan ...           nan
            nan           nan]]","[-8.802083015441895, -7.806250095367432, 51.34375, 52.33958435058594]",0.5226822247437483,0.9320113206376565,4.1971741467908235,-13.153102251569235,1.0841553739351484,3.699856093924958,18.85214602939526,-12.28218648433995,0.31502806288558005,4.8388616928501635,14.599886838340044,-6.036540581581723,3
38,51.114389,1.322528,"[[-20.00012207 -20.00009996 -20.00007786 ... -28.18933314 -29.09495744
  -30.00058174]
 [-19.818848   -19.85165519 -19.88446238 ... -27.61125921 -28.35273703
  -29.09421485]
 [-19.63757393 -19.70321042 -19.7688469  ... -27.03318528 -27.61051662
  -28.18784797]
 ...
 [         nan          nan          nan ...          nan          nan
           nan]
 [         nan          nan          nan ...          nan          nan
           nan]
 [         nan          nan          nan ...          nan          nan
           nan]]","[1.2729166746139526, 1.368749976158142, 51.06458282470703, 51.16041564941406]","[[-25.00030518 -25.00030518 -25.00030518 ... -43.07083828 -43.53526941
  -43.99970054]
 [-24.53521729 -24.53521729 -24.53521729 ... -43.10379437 -43.78429273
  -44.4647911 ]
 [-24.07104492 -24.07104492 -24.07104492 ... -43.13668558 -44.03282585
  -44.92896612]
 ...
 [         nan          nan          nan ... -12.06603282 -12.96234322
  -13.85865362]
 [         nan          nan          nan ... -11.56798884 -12.24823201
  -12.92847518]
 [         nan          nan          nan ... -11.07092527 -11.53552653
  -12.00012779]]","[1.1979166269302368, 1.443750023841858, 50.98958206176758, 51.235416412353516]","[[-40.00091552 -39.11841965 -39.00046617 ...          nan          nan
           nan]
 [-37.88201596 -37.13191622 -36.17371974 ...          nan          nan
           nan]
 [-38.99999523 -37.58274068 -36.94376418 ...          nan          nan
           nan]
 ...
 [         nan          nan  -0.76378059 ... -40.23620605 -41.
  -41.23620741]
 [         nan          nan          nan ... -42.88315964 -41.10453059
  -42.00000572]
 [         nan          nan          nan ... -47.52744675 -43.76366383
  -42.        ]]","[0.8229166865348816, 1.818750023841858, 50.61458206176758, 51.610416412353516]",0.6386743907570102,1.3307208132212942,4.662789204157633,-5.200613404764305,0.7370274514533767,3.852824196681695,15.110639694820552,-7.469842066530107,0.41546403169243523,7.484471736302872,26.43726727307629,-16.247247205749357,2
39,51.445639,0.743361,"[[         nan          nan          nan ...          nan          nan
           nan]
 [         nan          nan          nan ...          nan          nan
           nan]
 [         nan          nan          nan ...          nan          nan
           nan]
 ...
 [ -5.91345422  -5.97904649  -6.04463876 ... -11.91345215 -11.91345215
  -11.91345215]
 [ -6.45727643  -6.4900394   -6.52280237 ... -12.45727539 -12.45727539
  -12.45727539]
 [ -7.00109863  -7.00103231  -7.00096599 ... -13.00109863 -13.00109863
  -13.00109863]]","[0.6937500238418579, 0.7895833253860474, 51.39791488647461, 51.493751525878906]","[[nan nan nan ... nan nan nan]
 [nan nan nan ... nan nan nan]
 [nan nan nan ... nan nan nan]
 ...
 [nan nan nan ... nan nan nan]
 [nan nan nan ... nan nan nan]
 [nan nan nan ... nan nan nan]]","[0.6187499761581421, 0.8645833134651184, 51.32291793823242, 51.568748474121094]","[[         nan          nan          nan ... -26.000161   -27.23558255
  -29.99909401]
 [         nan          nan          nan ... -25.85412525 -25.11811447
  -25.23656499]
 [         nan          nan          nan ... -26.87541423 -24.02787052
  -25.00000729]
 ...
 [         nan          nan          nan ...          nan          nan
           nan]
 [         nan          nan          nan ...          nan          nan
   -0.88179059]
 [         nan          nan          nan ...          nan          nan
           nan]]","[0.24375000596046448, 1.2395833730697632, 50.94791793823242, 51.943748474121094]",2.4113952706446087,5.124896368125986,19.62652665353609,-12.889675550524567,1.494928380653962,5.822820891870995,19.554878575008125,-14.587960346199715,0.5179603327222749,5.783748393955601,17.27889152960165,-7.931327370155808,6
40,51.211139,-4.112389,"[[         nan          nan          nan ...          nan          nan
           nan]
 [         nan          nan          nan ...          nan          nan
           nan]
 [         nan          nan          nan ...          nan          nan
           nan]
 ...
 [-33.27549744 -33.0944519  -32.91329193 ... -29.86875034 -29.7532874
  -29.63775148]
 [-33.63804626 -33.45700073 -33.27584076 ... -30.11568196 -29.9674001
  -29.81902451]
 [-34.00059509 -33.81954956 -33.63838959 ... -30.36261359 -30.1815128
  -30.00029754]]","[-4.160416603088379, -4.0645833015441895, 51.16458511352539, 51.26041793823242]","[[ -1.          -1.          -1.         ...          nan          nan
           nan]
 [ -1.          -1.          -1.         ...          nan          nan
           nan]
 [ -1.          -1.          -1.         ...          nan          nan
           nan]
 ...
 [-41.92882157 -41.49728613 -41.06585698 ... -35.84204469 -36.20734576
  -36.57264683]
 [-41.46462442 -41.24875745 -41.03294364 ... -34.35083537 -34.06921073
  -33.78758609]
 [-41.00042727 -41.00022876 -41.00003029 ... -32.85962606 -31.93107571
  -31.00252535]]","[-4.235416889190674, -3.9895832538604736, 51.08958435058594, 51.33541488647461]","[[        nan         nan         nan ...         nan         nan
          nan]
 [        nan         nan         nan ...         nan         nan
          nan]
 [        nan         nan         nan ...         nan         nan
          nan]
 ...
 [-6.         -6.         -6.         ...         nan         nan
          nan]
 [-5.         -5.         -4.909747   ...         nan         nan
          nan]
 [-4.00042725 -4.00042725 -4.00010092 ...         nan         nan
          nan]]","[-4.610416889190674, -3.6145832538604736, 50.71458435058594, 51.71041488647461]",2.0464229795728537,3.0650185007981645,10.106986197616846,-5.987566586751362,1.4239149709601007,6.458896548038889,19.666840392179427,-11.942279941917079,0.27908956308200294,6.384705257985211,23.925985844348823,-22.005751004507957,7
41,45.56843333,-1.06148333,"[[nan nan nan ... nan nan nan]
 [nan nan nan ... nan nan nan]
 [nan nan nan ... nan nan nan]
 ...
 [nan nan nan ... nan nan nan]
 [nan nan nan ... nan nan nan]
 [nan nan nan ... nan nan nan]]","[0.0, 0.0, 0.0, 0.0]","[[nan nan nan ... nan nan nan]
 [nan nan nan ... nan nan nan]
 [nan nan nan ... nan nan nan]
 ...
 [nan nan nan ... nan nan nan]
 [nan nan nan ... nan nan nan]
 [nan nan nan ... nan nan nan]]","[0.0, 0.0, 0.0, 0.0]","[[nan nan nan ... nan nan nan]
 [nan nan nan ... nan nan nan]
 [nan nan nan ... nan nan nan]
 ...
 [nan nan nan ... nan nan nan]
 [nan nan nan ... nan nan nan]
 [nan nan nan ... nan nan nan]]","[0.0, 0.0, 0.0, 0.0]",,,,,,,,,,,,,2
42,51.948,1.292056,"[[        nan         nan         nan ... -5.36237457 -5.18131603
  -5.00025749]
 [        nan         nan         nan ... -5.47798797 -5.32975873
  -5.18152948]
 [        nan         nan         nan ... -5.59301747 -5.47745171
  -5.36188596]
 ...
 [-1.27514806 -1.22531827 -1.17548849 ...         nan         nan
          nan]
 [-1.63769896 -1.52221058 -1.40672221 ...         nan         nan
          nan]
 [-2.00024986 -1.8191029  -1.63795593 ...         nan         nan
          nan]]","[1.243749976158142, 1.3395832777023315, 51.90208435058594, 51.99791717529297]","[[         nan          nan          nan ... -10.92909101 -10.46454646
  -10.00000191]
 [         nan          nan          nan ... -10.49780632 -10.24890367
  -10.00000102]
 [         nan          nan          nan ... -10.06567096 -10.03283555
  -10.00000013]
 ...
 [         nan          nan          nan ...          nan          nan
           nan]
 [         nan          nan          nan ...          nan          nan
           nan]
 [         nan          nan          nan ...          nan          nan
           nan]]","[1.1687500476837158, 1.4145833253860474, 51.827083587646484, 52.07291793823242]","[[ -2.00012207  -2.00012207  -2.00006104 ... -43.23608589 -41.99994617
  -42.99993706]
 [ -5.76294198  -4.88146973  -3.88146973 ... -41.23620796 -41.79136427
  -41.11853027]
 [-10.99999849 -11.11097133 -10.81899071 ... -40.65282823 -42.97210335
  -42.00000146]
 ...
 [         nan          nan          nan ...  -4.23584366  -8.4161661
  -19.29027176]
 [         nan          nan          nan ...  -3.56252884  -9.10429119
  -13.99999383]
 [         nan          nan          nan ...  -5.23651314  -7.99996396
  -10.99907875]]","[0.793749988079071, 1.7895833253860474, 51.452083587646484, 52.44791793823242]",0.9046477358185017,1.5766397277003092,4.983860045664801,-2.961697969750862,0.5911367540399584,3.0472680930245986,10.9771792050506,-4.474672261273782,0.36765154100810915,4.0230749442674005,12.407430827843994,-5.02312450167832,3
43,51.21525,-3.134472,"[[        nan         nan         nan ...         nan         nan
          nan]
 [        nan         nan         nan ...         nan         nan
          nan]
 [        nan         nan         nan ...         nan         nan
          nan]
 ...
 [-9.0000083  -8.93436076 -8.86871322 ... -3.23089341 -3.11543819
  -2.99998298]
 [-9.00000415 -8.96718591 -8.93436766 ... -3.29654716 -3.14826265
  -2.99997814]
 [-9.         -9.00001105 -9.00002211 ... -3.36220091 -3.1810871
  -2.9999733 ]]","[-3.1812500953674316, -3.085416555404663, 51.16875076293945, 51.264583587646484]","[[         nan          nan          nan ...          nan          nan
           nan]
 [         nan          nan          nan ...          nan          nan
           nan]
 [         nan          nan          nan ...          nan          nan
           nan]
 ...
 [-13.42588368 -13.02731425 -12.62869573 ...  -1.          -1.
   -1.        ]
 [-16.21093911 -16.24360037 -16.27626565 ...  -1.          -1.
   -1.        ]
 [-19.00148774 -19.46623024 -19.93102999 ...  -1.          -1.
   -1.        ]]","[-3.2562499046325684, -3.0104167461395264, 51.09375, 51.33958435058594]","[[nan nan nan ... nan nan nan]
 [nan nan nan ... nan nan nan]
 [nan nan nan ... nan nan nan]
 ...
 [nan nan nan ... nan nan nan]
 [nan nan nan ... nan nan nan]
 [nan nan nan ... nan nan nan]]","[-3.6312499046325684, -2.6354167461395264, 50.71875, 51.71458435058594]",0.137431558199874,0.3170082105958095,1.158212522976492,-2.6837665253387555,0.08625180496276041,0.6066027374956928,1.885457130382091,-2.493227160263899,0.06388621240288075,1.097271982065154,4.08661651611427,-2.8042544541031815,3
44,51.55,-2.987444,"[[-1.         -1.         -1.         ... -5.27559368 -5.6378655
  -6.00013733]
 [-1.         -1.         -1.         ... -5.29129089 -5.55507483
  -5.81885877]
 [-1.         -1.         -1.         ... -5.3069881  -5.47228415
  -5.63758021]
 ...
 [        nan         nan         nan ...         nan         nan
          nan]
 [        nan         nan         nan ...         nan         nan
          nan]
 [        nan         nan         nan ...         nan         nan
          nan]]","[-3.035416603088379, -2.9395833015441895, 51.50208282470703, 51.59791564941406]","[[-3.99938965 -3.9996732  -3.99995676 ...         nan         nan
          nan]
 [-4.92956188 -4.49771097 -4.06586006 ...         nan         nan
          nan]
 [-5.85790307 -4.99476835 -4.13163363 ...         nan         nan
          nan]
 ...
 [        nan         nan         nan ...         nan         nan
          nan]
 [        nan         nan         nan ...         nan         nan
          nan]
 [        nan         nan         nan ...         nan         nan
          nan]]","[-3.1104166507720947, -2.8645832538604736, 51.42708206176758, 51.672916412353516]","[[nan nan nan ... nan nan nan]
 [nan nan nan ... nan nan nan]
 [nan nan nan ... nan nan nan]
 ...
 [nan nan nan ... nan nan nan]
 [nan nan nan ... nan nan nan]
 [nan nan nan ... nan nan nan]]","[-3.4854166507720947, -2.4895832538604736, 51.05208206176758, 52.047916412353516]",0.8899237730267175,1.555176808230248,4.003929323497585,-2.581462934821352,0.43175144705626034,1.538283733184737,4.776368831282487,-3.358741816274607,0.03362791732540653,0.9462447818302869,3.579035317971809,-1.2481875681685786,3
45,51.95769444,1.34655556,"[[-0.99999618 -1.18114315 -1.36229012 ... -8.2755661  -8.63777161
  -8.99997711]
 [-0.99999688 -1.14831455 -1.29663222 ... -8.2755661  -8.63777161
  -8.99997711]
 [-0.99999757 -1.11548594 -1.23097432 ... -8.2755661  -8.63777161
  -8.99997711]
 ...
 [        nan         nan         nan ...         nan         nan
          nan]
 [        nan         nan         nan ...         nan         nan
          nan]
 [        nan         nan         nan ...         nan         nan
          nan]]","[1.2979166507720947, 1.3937499523162842, 51.91041564941406, 52.006248474121094]","[[         nan          nan          nan ... -14.07167841 -14.53605283
  -15.00042725]
 [         nan          nan          nan ... -13.17445605 -13.8548977
  -14.53533936]
 [         nan          nan          nan ... -12.27899988 -13.17508344
  -14.07116699]
 ...
 [         nan          nan          nan ...          nan          nan
           nan]
 [         nan          nan          nan ...          nan          nan
           nan]
 [         nan          nan          nan ...          nan          nan
           nan]]","[1.2229167222976685, 1.46875, 51.83541488647461, 52.08124923706055]","[[ -8.          -8.88189411  -8.23632605 ... -18.70852869 -26.59105284
  -36.00128174]
 [ -8.          -8.88189411  -8.20832623 ... -20.96559209 -24.47241783
  -32.11810303]
 [-17.34954761 -18.7877317  -18.69790879 ... -25.68231315 -22.79802578
  -29.47155762]
 ...
 [         nan          nan          nan ... -23.05601714 -26.14586173
  -24.23608398]
 [         nan          nan          nan ... -21.68066042 -25.99969673
  -25.23681641]
 [         nan          nan          nan ... -20.70876946 -24.11828804
  -27.        ]]","[0.8479166626930237, 1.84375, 51.46041488647461, 52.45624923706055]",0.14081696642863445,0.14013532187636724,0.3546504935935594,-0.8516587284692524,0.03962012337458266,0.12925167735390222,0.48447383334839156,-0.9998384962162796,0.21608171004377716,3.2923586495721016,11.905891756174524,-4.273976881818441,3
46,51.57,-3.975472,"[[-25.00042725 -25.00042725 -25.00042725 ... -19.36261368 -19.18151093
  -19.00040817]
 [-24.81915283 -24.81915283 -24.81915283 ... -19.18133926 -19.00023651
  -18.81913376]
 [-24.63787842 -24.63787842 -24.63787842 ... -19.00006485 -18.8189621
  -18.63785934]
 ...
 [         nan          nan          nan ...          nan          nan
           nan]
 [         nan          nan          nan ...          nan          nan
           nan]
 [         nan          nan          nan ...          nan          nan
           nan]]","[-4.022916793823242, -3.9270832538604736, 51.52291488647461, 51.618751525878906]","[[-31.         -31.         -31.         ... -23.92848331 -23.46376863
  -22.99911118]
 [-31.         -31.         -31.         ... -22.96723586 -22.28687928
  -21.60660649]
 [-31.         -31.         -31.         ... -22.00409247 -21.10766865
  -20.21135524]
 ...
 [         nan          nan          nan ...          nan          nan
           nan]
 [         nan          nan          nan ...          nan          nan
           nan]
 [         nan          nan          nan ...          nan          nan
           nan]]","[-4.097916603088379, -3.852083444595337, 51.44791793823242, 51.693748474121094]","[[-37.0005951  -36.88225898 -36.00037727 ...          nan          nan
           nan]
 [-39.88171387 -39.77739949 -38.1179657  ...          nan          nan
           nan]
 [-41.76402283 -40.76403809 -39.94454348 ...          nan          nan
           nan]
 ...
 [         nan          nan          nan ...          nan          nan
           nan]
 [         nan          nan          nan ...          nan          nan
           nan]
 [         nan          nan          nan ...          nan          nan
           nan]]","[-4.472916603088379, -3.477083444595337, 51.07291793823242, 52.068748474121094]",0.2896477623730884,0.6560214934122149,2.2655036943011,-1.775793107327589,0.19395689337223498,1.2374955373350032,3.824230957312171,-2.145746747082669,0.40613037609850483,9.727359601337726,30.951499938983897,-10.749880545697597,4
47,51.5,-2.72847222,"[[nan nan nan ... nan nan nan]
 [nan nan nan ... nan nan nan]
 [nan nan nan ... nan nan nan]
 ...
 [-1. -1. -1. ... nan nan nan]
 [-1. -1. -1. ... nan nan nan]
 [-1. -1. -1. ... nan nan nan]]","[-2.777083396911621, -2.6812500953674316, 51.452083587646484, 51.547916412353516]","[[nan nan nan ... nan nan nan]
 [nan nan nan ... nan nan nan]
 [nan nan nan ... nan nan nan]
 ...
 [nan nan nan ... -1. -1. -1.]
 [nan nan nan ... -1. -1. -1.]
 [nan nan nan ... -1. -1. -1.]]","[-2.852083444595337, -2.606250047683716, 51.37708282470703, 51.62291717529297]","[[nan nan nan ... nan nan nan]
 [nan nan nan ... nan nan nan]
 [nan nan nan ... nan nan nan]
 ...
 [nan nan nan ... nan nan nan]
 [nan nan nan ... nan nan nan]
 [nan nan nan ... nan nan nan]]","[-3.227083444595337, -2.231250047683716, 51.00208282470703, 51.99791717529297]",0.3081805398396654,0.6835995599202856,3.1313815105343332,-3.3523957391231747,0.37740110442127145,2.1191530184208323,6.910851258789444,-3.9525502564047,0.17247868731861968,2.1601254693510175,6.913696289063331,-3.9896588473116847,3
48,51.38198,1.11553,"[[        nan         nan         nan ...         nan         nan
          nan]
 [        nan         nan         nan ...         nan         nan
          nan]
 [        nan         nan         nan ...         nan         nan
          nan]
 ...
 [-3.99999793 -3.93440566 -3.86881339 ... -4.         -4.
  -4.        ]
 [-3.99999896 -3.96723599 -3.93447302 ... -4.         -4.
  -4.        ]
 [-4.         -4.00006632 -4.00013265 ... -4.         -4.
  -4.        ]]","[1.068750023841858, 1.1645833253860474, 51.33541488647461, 51.431251525878906]","[[        nan         nan         nan ...         nan         nan
          nan]
 [        nan         nan         nan ...         nan         nan
          nan]
 [        nan         nan         nan ...         nan         nan
          nan]
 ...
 [-6.85740593 -8.15176775 -9.44612957 ... -4.99957466 -5.46414757
  -5.92872047]
 [-5.92906917 -6.57650528 -7.22394139 ... -4.5354023  -4.9999752
  -5.46454811]
 [-5.00073242 -5.00124281 -5.00175321 ... -4.07122993 -4.53580284
  -5.00037575]]","[0.9937499761581421, 1.2395833730697632, 51.26041793823242, 51.506248474121094]","[[         nan          nan          nan ...  -2.00231405          nan
   -1.00000953]
 [         nan          nan          nan ... -13.2692148   -6.97802536
   -3.64514047]
 [         nan          nan          nan ... -17.87541423 -14.70829705
  -13.11229344]
 ...
 [         nan          nan          nan ... -20.23590088 -21.11811447
  -22.        ]
 [         nan          nan          nan ... -21.02792706 -22.
  -22.        ]
 [         nan          nan          nan ... -21.00008651 -22.
  -22.        ]]","[0.6187499761581421, 1.6145833730697632, 50.88541793823242, 51.881248474121094]",0.039620878361063865,0.11246581141919629,0.31530761718642253,-0.9358084542414029,0.044504599535959796,0.20743347770245305,0.8585205078141903,-1.0586693442201704,0.05798745768911038,1.0626335208945699,3.6451416015608125,-1.8114202732645406,3
49,51.22378,1.40923,"[[         nan          nan          nan ... -22.         -22.
  -22.        ]
 [         nan          nan          nan ... -22.         -22.
  -22.        ]
 [         nan          nan          nan ... -22.         -22.
  -22.        ]
 ...
 [         nan          nan          nan ...  -9.46183216  -9.59297248
   -9.72411281]
 [         nan          nan          nan ...  -9.23060466  -9.2960864
   -9.36156813]
 [         nan          nan          nan ...  -9.00054498  -9.00069973
   -9.00085448]]","[1.3604166507720947, 1.4562499523162842, 51.17708206176758, 51.27291488647461]","[[-17.99489975 -18.92398834 -19.85313416 ... -50.92957306 -50.46500015
  -50.00042725]
 [-12.42483139 -13.35391998 -14.2830658  ... -51.39374542 -50.92917252
  -50.46459961]
 [ -6.85476303  -7.78385162  -8.71299744 ... -51.85791779 -51.39334488
  -50.92877197]
 ...
 [         nan          nan          nan ... -10.         -10.
  -10.        ]
 [         nan          nan          nan ... -10.         -10.
  -10.        ]
 [         nan          nan          nan ... -10.         -10.
  -10.        ]]","[1.2854167222976685, 1.53125, 51.10208511352539, 51.34791564941406]","[[-31.99957275 -31.11800497 -30.23622513 ...          nan          nan
           nan]
 [-30.11816418 -30.10420819 -30.02791332 ...          nan          nan
           nan]
 [-30.76416089 -30.         -29.9442887  ...          nan          nan
           nan]
 ...
 [         nan          nan          nan ... -44.99981308 -42.20796055
  -36.4720459 ]
 [         nan          nan          nan ... -43.60999117 -44.40850639
  -40.88165283]
 [         nan          nan          nan ... -39.99974239 -39.88213921
  -39.00024414]]","[0.9104166626930237, 1.90625, 50.72708511352539, 51.72291564941406]",0.4038631887162113,0.7435235968414875,2.4164496655590235,-2.5245291784810213,0.3597043758487531,1.395239535986049,5.01779525750867,-3.4150122130513885,0.25059113986136583,3.7584640885778606,14.771470250097552,-8.24854023215563,3
50,51.57012,-2.70001,"[[-1. -1. -1. ... nan nan nan]
 [-1. -1. -1. ... nan nan nan]
 [-1. -1. -1. ... nan nan nan]
 ...
 [nan nan nan ... nan nan nan]
 [nan nan nan ... nan nan nan]
 [nan nan nan ... nan nan nan]]","[-2.7479166984558105, -2.652083396911621, 51.52291488647461, 51.618751525878906]","[[nan nan nan ... nan nan nan]
 [nan nan nan ... nan nan nan]
 [nan nan nan ... nan nan nan]
 ...
 [nan nan nan ... nan nan nan]
 [nan nan nan ... nan nan nan]
 [nan nan nan ... nan nan nan]]","[-2.8229167461395264, -2.5770833492279053, 51.44791793823242, 51.693748474121094]","[[nan nan nan ... nan nan nan]
 [nan nan nan ... nan nan nan]
 [nan nan nan ... nan nan nan]
 ...
 [nan nan nan ... nan nan nan]
 [nan nan nan ... nan nan nan]
 [nan nan nan ... nan nan nan]]","[-3.1979167461395264, -2.2020833492279053, 51.07291793823242, 52.068748474121094]",0.0007992058452792869,0.0025364766705613167,0.017939334734636825,-1.0003661088721354,0.026423102874302624,0.20231369126605428,1.0,-1.0814593864639608,0.03641856641818314,0.8323525780023854,3.315392435995279,-1.5442960169338495,3
51,47.305667,-2.0883,"[[        nan         nan         nan ...         nan         nan
          nan]
 [        nan         nan         nan ...         nan         nan
          nan]
 [        nan         nan         nan ...         nan         nan
          nan]
 ...
 [        nan         nan         nan ... -0.68246452 -0.97908881
  -1.2757131 ]
 [        nan         nan         nan ... -0.97934992 -1.3088035
  -1.63825709]
 [        nan         nan         nan ... -1.27623531 -1.63851819
  -2.00080108]]","[-2.1354167461395264, -2.039583444595337, 47.256248474121094, 47.35208511352539]","[[-2.99966049 -3.46417618 -3.92874908 ...         nan         nan
          nan]
 [-2.53548813 -3.00000381 -3.46457672 ...         nan         nan
          nan]
 [-2.07131577 -2.53583145 -3.00040436 ...         nan         nan
          nan]
 ...
 [        nan         nan         nan ...         nan         nan
          nan]
 [-0.53550816         nan         nan ...         nan         nan
          nan]
 [-0.99966813 -0.5352942          nan ...         nan         nan
          nan]]","[-2.210416555404663, -1.9645832777023315, 47.181251525878906, 47.42708206176758]","[[-32.00002671 -33.00012207 -33.         ...          nan          nan
           nan]
 [-30.97720016 -32.45101213 -33.39059703 ...          nan          nan
           nan]
 [-27.99999936 -29.71887541 -33.64443588 ...          nan          nan
           nan]
 ...
 [         nan          nan          nan ...          nan          nan
           nan]
 [         nan          nan          nan ...          nan          nan
           nan]
 [         nan          nan          nan ...          nan          nan
           nan]]","[-2.585416555404663, -1.5895832777023315, 47.00208282470703, 47.80208206176758]",1.325446202811168,2.3357296260891673,7.7659838032060655,-4.878717048806987,0.5194426267288551,3.9911873166728586,11.69502372851049,-7.371949033357667,0.22328927662582193,3.167931121606037,12.056078715696998,-7.105050312011327,2
52,51.048091,2.366698,"[[        nan         nan         nan ...         nan         nan
          nan]
 [        nan         nan         nan ...         nan         nan
          nan]
 [        nan         nan         nan ...         nan         nan
          nan]
 ...
 [-4.44751609 -4.39748734 -4.34745859 ... -7.53807243 -7.58810118
  -7.63812994]
 [-3.7260888  -3.61073306 -3.49537733 ... -7.58778699 -7.70314272
  -7.81849845]
 [-3.00099944 -2.81998512 -2.63897079 ... -7.6377539  -7.81876823
  -7.99978255]]","[2.3187499046325684, 2.414583444595337, 51.00208282470703, 51.09791564941406]","[[         nan          nan          nan ...          nan          nan
           nan]
 [         nan          nan          nan ...          nan          nan
           nan]
 [         nan          nan          nan ...          nan          nan
           nan]
 ...
 [-19.71728516 -19.71728516 -19.71728516 ...  -8.26395427 -10.9197229
  -13.57581869]
 [-17.85693359 -17.85693359 -17.85693359 ...  -7.20189382  -8.99349998
  -10.78532683]
 [-16.00024414 -16.00024414 -16.00024414 ...  -6.14192405  -7.07106883
   -8.00032806]]","[2.2437500953674316, 2.4895832538604736, 50.92708206176758, 51.172916412353516]","[[         nan          nan          nan ...          nan          nan
           nan]
 [         nan          nan          nan ...          nan          nan
           nan]
 [         nan          nan          nan ...          nan          nan
           nan]
 ...
 [-27.47240472 -32.75662546 -37.63853061 ... -25.47241211 -24.44451276
  -23.23622513]
 [-32.35561439 -28.80535814 -34.14482425 ... -27.81975707 -26.01441594
  -25.23706055]
 [-37.99983978 -30.47230614 -30.52772309 ... -28.99995338 -27.
  -27.        ]]","[1.868749976158142, 2.8645832538604736, 50.55208206176758, 51.547916412353516]",,,,,,,,,0.3510674399267438,4.124186309497688,11.850357055668018,-9.084342978921633,3
53,51.399148,4.209993,"[[        nan         nan         nan ... -6.53163582 -5.2633612
  -3.99588778]
 [        nan         nan         nan ... -4.85870917 -3.52508693
  -2.19230716]
 [        nan         nan         nan ... -3.17729051 -1.77798894
          nan]
 ...
 [        nan         nan         nan ...         nan         nan
          nan]
 [        nan         nan         nan ...         nan         nan
          nan]
 [        nan         nan         nan ...         nan         nan
          nan]]","[4.160416603088379, 4.256249904632568, 51.35208511352539, 51.44791793823242]","[[         nan          nan          nan ...          nan          nan
           nan]
 [         nan          nan          nan ...          nan          nan
           nan]
 [         nan          nan          nan ...          nan          nan
           nan]
 ...
 [-23.78628975 -23.38794713 -22.98950638 ...          nan          nan
           nan]
 [-22.39380099 -22.42668906 -22.45958524 ...          nan          nan
           nan]
 [-21.00131223 -21.46543099 -21.92966409 ...          nan          nan
           nan]]","[4.085416793823242, 4.331250190734863, 51.27708435058594, 51.52291488647461]","[[         nan          nan          nan ...          nan          nan
           nan]
 [         nan          nan          nan ...          nan          nan
           nan]
 [         nan          nan          nan ...          nan          nan
           nan]
 ...
 [-17.47170639 -16.47167969 -14.76323353 ...  -1.055705    -1.09022048
   -0.99996502]
 [-20.11816406 -20.11816406 -19.44465002 ...          nan  -0.60365473
   -0.76369351]
 [-21.99957275 -21.99957275 -21.23613564 ...          nan          nan
           nan]]","[3.710416555404663, 4.706250190734863, 50.90208435058594, 51.89791488647461]",1.4122625266320525,1.8383606228937437,6.335911147305131,-3.165633580443295,1.1860815175121782,4.478824655544577,15.030029420721174,-8.014502126438016,0.42955819242740323,4.79542097194172,16.801138741876194,-8.209301733021501,7
54,51.506519,4.249998,"[[nan nan nan ... nan nan nan]
 [nan nan nan ... nan nan nan]
 [nan nan nan ... nan nan nan]
 ...
 [-1. -1. -1. ... nan nan nan]
 [-1. -1. -1. ... nan nan nan]
 [-1. -1. -1. ... nan nan nan]]","[4.202083110809326, 4.297916889190674, 51.46041488647461, 51.556251525878906]","[[        nan         nan         nan ...         nan         nan
          nan]
 [        nan         nan         nan ...         nan         nan
          nan]
 [        nan         nan         nan ...         nan         nan
          nan]
 ...
 [        nan         nan         nan ... -1.85784912 -1.39333344
  -0.92870331]
 [        nan         nan         nan ... -1.39367676 -0.92916107
          nan]
 [        nan         nan         nan ... -0.92950439         nan
          nan]]","[4.1270833015441895, 4.3729166984558105, 51.38541793823242, 51.631248474121094]","[[         nan          nan          nan ...          nan          nan
           nan]
 [         nan          nan          nan ...          nan          nan
           nan]
 [         nan          nan          nan ...          nan          nan
           nan]
 ...
 [-23.         -23.67387128 -23.76409912 ...  -0.81946269          nan
   -1.        ]
 [-23.         -23.         -22.70141108 ...  -1.58314229  -0.9720655
   -0.8817758 ]
 [-23.99964142 -23.         -22.99972029 ...          nan          nan
           nan]]","[3.7520833015441895, 4.7479166984558105, 51.01041793823242, 52.006248474121094]",,,,,0.0038669542111547054,0.011326194040891968,0.022652388081783936,-1.024388073244695,0.005331801591385552,0.13419716109338312,0.2846751678753442,-0.6054359761390314,3
55,51.511332,4.165743,"[[        nan         nan         nan ...         nan         nan
          nan]
 [        nan         nan         nan ...         nan         nan
          nan]
 [        nan         nan         nan ...         nan         nan
          nan]
 ...
 [-1.00002289 -1.18106842 -1.36222839 ... -1.         -1.
  -1.        ]
 [-1.00002289 -1.18106842 -1.36222839 ... -1.         -1.
  -1.        ]
 [-1.00002289 -1.18106842 -1.36222839 ... -1.         -1.
  -1.        ]]","[4.118750095367432, 4.214583396911621, 51.46458435058594, 51.56041717529297]","[[-7.00018311 -5.14163424 -3.28354315 ...         nan         nan
          nan]
 [-7.00020436 -4.92598703 -2.85228059 ...         nan         nan
          nan]
 [-7.00022565 -4.70991447 -2.42016741 ...         nan         nan
          nan]
 ...
 [        nan         nan         nan ...         nan         nan
          nan]
 [        nan         nan         nan ...         nan         nan
          nan]
 [        nan         nan         nan ...         nan         nan
          nan]]","[4.043749809265137, 4.289583206176758, 51.389583587646484, 51.63541793823242]","[[         nan          nan          nan ...          nan          nan
           nan]
 [         nan          nan          nan ...          nan          nan
           nan]
 [         nan          nan          nan ...          nan          nan
           nan]
 ...
 [-25.23657227 -25.02794441 -24.87555757 ...  -4.70754071  -5.09016313
   -5.0000233 ]
 [-25.88201904 -25.88201904 -26.         ...  -3.67337923  -4.10416912
   -4.11800427]
 [-25.         -25.88214703 -24.99969482 ...  -4.23607558          nan
   -2.99942018]]","[3.668750047683716, 4.664583206176758, 51.014583587646484, 52.01041793823242]",0.3235718815132502,0.45870817713945117,1.648359811881075,-1.2786359485323224,0.359624281556567,1.258256112200495,3.9827420860508145,-2.412962377631371,0.18166488688194313,2.246969633652764,6.831718444847713,-3.012541048069827,3
56,51.399115,3.564552,"[[        nan         nan         nan ...         nan         nan
          nan]
 [        nan         nan         nan ...         nan         nan
          nan]
 [        nan         nan         nan ...         nan         nan
          nan]
 ...
 [-2.63775635 -2.63775635 -2.63775635 ...         nan         nan
  -0.63773484]
 [-2.81903076 -2.81903076 -2.81903076 ...         nan         nan
  -0.81900856]
 [-3.00030518 -3.00030518 -3.00030518 ...         nan         nan
  -1.00028229]]","[3.5145833492279053, 3.6104166507720947, 51.35208511352539, 51.44791793823242]","[[         nan          nan          nan ...          nan          nan
           nan]
 [         nan          nan          nan ...          nan          nan
           nan]
 [         nan          nan          nan ...          nan          nan
           nan]
 ...
 [-13.71795383 -10.16682363  -6.61569344 ...          nan          nan
           nan]
 [ -5.36283358  -2.88991291          nan ...          nan          nan
           nan]
 [         nan          nan          nan ...          nan          nan
           nan]]","[3.4395833015441895, 3.6854166984558105, 51.27708435058594, 51.52291488647461]","[[         nan          nan          nan ...          nan          nan
           nan]
 [         nan          nan          nan ...          nan          nan
           nan]
 [         nan          nan          nan ...          nan          nan
           nan]
 ...
 [-32.76416958 -31.27037709 -32.58365216 ...          nan          nan
           nan]
 [-29.99999237 -30.4307163  -32.02791242 ...          nan          nan
           nan]
 [-31.99913788 -32.9998991  -31.00052817 ...          nan          nan
           nan]]","[3.0645833015441895, 4.0604166984558105, 50.90208435058594, 51.89791488647461]",0.9521585079770625,1.2340556716468956,4.274174358236752,-2.2063691363395246,0.510621577519973,1.6448500650438767,5.680535621946195,-4.486074887759187,0.4263730484605161,7.500542069502947,22.101660822506677,-10.851868570748488,3
57,51.750754,3.811483,"[[        nan         nan         nan ... -1.         -1.
  -1.        ]
 [        nan         nan         nan ... -1.         -1.
  -1.        ]
 [        nan         nan         nan ... -1.         -1.
  -1.        ]
 ...
 [-2.63739014 -2.63739014 -2.63739014 ...         nan         nan
          nan]
 [-2.81866455 -2.81866455 -2.81866455 ...         nan         nan
          nan]
 [-2.99993896 -2.99993896 -2.99993896 ...         nan         nan
          nan]]","[3.7645833492279053, 3.8604166507720947, 51.702083587646484, 51.797916412353516]","[[         nan          nan          nan ...  -3.78787688  -2.39398803
   -1.00009918]
 [         nan          nan          nan ...  -2.02639624  -1.28070909
   -0.53502193]
 [         nan          nan          nan ...          nan          nan
           nan]
 ...
 [-14.07086182 -14.07086182 -14.07086182 ...  -2.93415958  -2.50250715
   -2.07085473]
 [-14.53503418 -14.53503418 -14.53503418 ...  -2.96705168  -2.75104115
   -2.53503063]
 [-15.00012207 -15.00012207 -15.00012207 ...  -3.00000865  -3.00006536
   -3.00012207]]","[3.6895833015441895, 3.9354166984558105, 51.62708282470703, 51.87291717529297]","[[         nan          nan          nan ...          nan          nan
  -13.00079347]
 [         nan          nan          nan ...  -2.00951214 -15.15263136
           nan]
 [         nan          nan          nan ...          nan -14.72083388
   -2.21770741]
 ...
 [-30.23639096 -30.         -30.         ... -15.18053638 -15.
  -15.76361667]
 [-29.88220888 -29.10388782 -30.70163648 ... -16.         -15.11779785
  -14.9999991 ]
 [-30.00010681 -31.11823485 -29.23609543 ... -16.         -16.
  -16.00012207]]","[3.3145833015441895, 4.3104166984558105, 51.25208282470703, 52.24791717529297]",0.1827084687239001,0.4972887348931287,1.8583564758313136,-3.2423693598532672,0.14356771213848285,1.0410091462002666,3.842832934810196,-2.99114949847285,0.06715676653801776,1.1945027944534654,4.034012862482449,-2.0571211266226044,3
58,51.655118,4.102756,"[[        nan         nan         nan ...         nan         nan
          nan]
 [        nan         nan         nan ...         nan         nan
          nan]
 [        nan         nan         nan ...         nan         nan
          nan]
 ...
 [-4.36249609 -4.42812289 -4.49379116 ...         nan         nan
          nan]
 [-4.18121753 -4.2140254  -4.24685401 ...         nan         nan
          nan]
 [-3.99993896 -3.99992791 -3.99991686 ...         nan         nan
          nan]]","[4.056250095367432, 4.152083396911621, 51.60625076293945, 51.702083587646484]","[[-24.99995422 -23.1416626  -21.28337097 ...          nan          nan
           nan]
 [-17.10903998 -15.89767407 -14.68630816 ...          nan          nan
           nan]
 [ -9.20256181  -8.6393976   -8.07623338 ...          nan          nan
           nan]
 ...
 [         nan          nan          nan ...          nan          nan
           nan]
 [ -0.53515625  -0.53515625  -0.53515625 ...          nan          nan
           nan]
 [ -1.00024414  -1.00024414  -1.00024414 ...          nan          nan
           nan]]","[3.981250047683716, 4.227083206176758, 51.53125, 51.77708435058594]","[[         nan          nan          nan ...          nan          nan
           nan]
 [         nan          nan          nan ...          nan          nan
           nan]
 [         nan          nan          nan ...          nan          nan
           nan]
 ...
 [-28.29046028 -27.55491474 -26.23619843 ...  -1.                  nan
           nan]
 [-27.88207873 -27.9721421  -26.81986516 ...          nan          nan
   -1.        ]
 [-27.00001145 -28.00005768 -27.00037295 ...  -1.00005767  -0.88186814
           nan]]","[3.606250047683716, 4.602083206176758, 51.15625, 52.15208435058594]",,,,,0.0,0.0,0.0,-0.7448272313966917,0.21589917024564878,2.906095557949385,7.557945251453175,-3.182301484249382,3
59,47.542676,-2.895167,"[[-11.99965668 -12.18075943 -12.36186218 ...  -3.35738615  -3.17502328
   -2.99266042]
 [-11.81929779 -12.00040054 -12.1815033  ...  -0.99136878          nan
           nan]
 [-11.63802338 -11.81912613 -12.00022888 ...          nan          nan
           nan]
 ...
 [ -9.10158273  -9.26163936  -9.42169599 ...          nan          nan
           nan]
 [-10.55169921 -10.08799923  -9.62429925 ...          nan          nan
           nan]
 [-12.00181569 -10.9143591   -9.82690251 ...          nan          nan
           nan]]","[-2.9437499046325684, -2.847916603088379, 47.493751525878906, 47.58958435058594]","[[-10.99991993  -7.7493557   -4.49879147 ... -16.         -16.
  -16.        ]
 [-11.00001023 -11.41535837 -11.83070651 ... -16.         -16.
  -16.        ]
 [-11.00010071 -15.08859182 -19.17708292 ... -16.         -16.
  -16.        ]
 ...
 [         nan          nan          nan ...          nan          nan
           nan]
 [         nan          nan          nan ...          nan          nan
           nan]
 [         nan          nan          nan ...          nan          nan
           nan]]","[-3.018749952316284, -2.772916555404663, 47.41875076293945, 47.66458511352539]","[[-99.99981689 -98.23613606 -97.23619843 ... -12.76390328 -11.8819186
  -12.00020981]
 [-97.2368009  -98.52722549 -97.23619843 ... -14.40911865 -13.65906493
  -13.8816185 ]
 [-96.70824655 -96.23608398 -95.59684106 ... -20.1802047  -20.93088654
  -19.52783054]
 ...
 [         nan          nan          nan ...          nan          nan
           nan]
 [         nan          nan          nan ...          nan          nan
           nan]
 [         nan          nan          nan ...          nan          nan
           nan]]","[-3.393749952316284, -2.397916555404663, 47.04375076293945, 48.03958511352539]",,,,,,,,,0.38036663164020074,3.6903317260564803,14.927729937711243,-6.778050287367518,2
60,51.675798,3.756442,"[[-3.00090792 -2.63856977 -2.27623162 ... -6.72367702 -6.36144941
  -5.9992218 ]
 [-1.73195798 -1.5665956  -1.40123322 ... -7.74566907 -7.41627075
  -7.08687243]
 [        nan         nan -0.52623483 ... -8.76766111 -8.47109209
  -8.17452307]
 ...
 [        nan         nan         nan ...         nan         nan
          nan]
 [        nan         nan         nan ...         nan         nan
          nan]
 [        nan         nan         nan ...         nan         nan
          nan]]","[3.710416555404663, 3.8062500953674316, 51.62708282470703, 51.72291564941406]","[[         nan          nan          nan ...          nan          nan
           nan]
 [         nan          nan          nan ...          nan          nan
           nan]
 [         nan          nan          nan ...          nan          nan
           nan]
 ...
 [-14.07065964 -13.60608673 -13.14157104 ...          nan          nan
           nan]
 [-14.53574753 -14.07117462 -13.60665894 ...          nan          nan
           nan]
 [-14.99991989 -14.53534698 -14.0708313  ...  -0.92905045          nan
           nan]]","[3.6354167461395264, 3.8812499046325684, 51.55208206176758, 51.797916412353516]","[[         nan          nan          nan ...          nan          nan
           nan]
 [         nan          nan          nan ...          nan          nan
           nan]
 [         nan          nan          nan ...          nan          nan
           nan]
 ...
 [-30.23622062 -30.7916933  -31.         ... -13.83329589 -15.
  -15.        ]
 [-31.11852801 -31.         -30.9102848  ... -15.79175789 -15.
  -15.        ]
 [-31.00008011 -31.11810726 -30.76382744 ... -16.         -15.99993896
  -15.00002289]]","[3.2604167461395264, 4.256249904632568, 51.17708206176758, 52.172916412353516]",2.2228667050633697,3.1392024680201924,11.122360902357734,-4.8748353045940185,1.254008506729834,4.62011794047346,15.274508819996882,-8.771952125479269,0.3854755771112172,4.719051935407956,14.726242075670633,-5.789304843735873,7
61,51.379296,3.376275,"[[         nan          nan          nan ...          nan          nan
           nan]
 [         nan          nan          nan ...          nan          nan
           nan]
 [         nan          nan          nan ...          nan          nan
           nan]
 ...
 [ -6.63806152  -6.63806152  -6.63806152 ... -10.78308708 -10.84863514
  -10.91418319]
 [ -6.81933594  -6.81933594  -6.81933594 ... -11.39256961 -11.42528836
  -11.45800712]
 [ -6.99969482  -6.99969482  -6.99969482 ... -11.99897394 -11.9990292
  -11.99908447]]","[3.3270833492279053, 3.4229166507720947, 51.33124923706055, 51.42708206176758]","[[nan nan nan ... nan nan nan]
 [nan nan nan ... nan nan nan]
 [nan nan nan ... nan nan nan]
 ...
 [-6. -6. -6. ... nan nan nan]
 [-6. -6. -6. ... nan nan nan]
 [-6. -6. -6. ... nan nan nan]]","[3.2520833015441895, 3.4979166984558105, 51.256248474121094, 51.50208282470703]","[[         nan          nan          nan ...          nan          nan
           nan]
 [         nan          nan          nan ...          nan          nan
           nan]
 [         nan          nan          nan ...          nan          nan
           nan]
 ...
 [-34.52771981 -34.37519687 -33.52770996 ...  -7.81956409  -6.90980098
   -5.9999982 ]
 [-34.00000763 -32.11808395 -32.81975152 ...  -8.88225174  -8.10447992
   -7.11846251]
 [-32.00024414 -32.8818228  -32.76384017 ... -10.76366043  -9.88179398
   -8.99987793]]","[2.8770833015441895, 3.8729166984558105, 50.881248474121094, 51.87708282470703]",0.6024130333510943,1.8375357594613009,6.038631771689074,-4.575645315635719,0.3301739705030951,1.9756829942151954,6.221445918087032,-4.972285108761637,0.22063063360395585,4.112740411972332,13.760351055291952,-9.53527403331883,3
62,51.60088,3.85938,"[[         nan          nan          nan ...  -1.63565346  -1.81614826
   -1.99664307]
 [         nan          nan          nan ...  -2.90742752  -3.44904457
   -3.99066162]
 [         nan          nan          nan ...  -4.17920157  -5.08194087
   -5.98468018]
 ...
 [-11.36206818 -11.54317093 -11.72427368 ...          nan          nan
           nan]
 [-11.18079376 -11.36189651 -11.54299927 ...          nan          nan
           nan]
 [-11.00043488 -11.18153763 -11.36264038 ...          nan          nan
           nan]]","[3.8104166984558105, 3.90625, 51.55208206176758, 51.64791488647461]","[[        nan         nan         nan ... -0.92876768         nan
          nan]
 [        nan         nan         nan ... -0.53038305         nan
          nan]
 [        nan         nan         nan ...         nan -0.5303901
  -0.92878179]
 ...
 [        nan         nan         nan ...         nan         nan
          nan]
 [        nan         nan         nan ...         nan         nan
          nan]
 [        nan         nan         nan ...         nan         nan
          nan]]","[3.7354166507720947, 3.981250047683716, 51.47708511352539, 51.72291564941406]","[[         nan          nan          nan ...          nan          nan
           nan]
 [         nan          nan          nan ...          nan          nan
           nan]
 [         nan          nan          nan ...          nan          nan
           nan]
 ...
 [-30.23602295 -30.90974577 -31.         ...          nan          nan
           nan]
 [-30.1183438  -30.89563405 -30.32660563 ...          nan          nan
           nan]
 [-31.00000381 -30.00002884 -30.23640016 ...          nan          nan
           nan]]","[3.3604166507720947, 4.356249809265137, 51.10208511352539, 52.09791564941406]",0.7665873330666211,1.757873714600291,5.408685839506131,-3.3064686058295645,0.7499129638438169,3.563560114483938,10.780405626636211,-5.888206514497798,0.5080717162210069,7.817836528921202,39.34931552200577,-9.03978825852814,4
63,47.873549,-3.907207,"[[-21.99986649 -21.81878584 -21.6377052  ...          nan          nan
           nan]
 [-21.63732181 -21.52189975 -21.4064777  ...          nan          nan
           nan]
 [-21.27477713 -21.22501366 -21.1752502  ...          nan          nan
           nan]
 ...
 [         nan          nan          nan ...          nan          nan
           nan]
 [         nan          nan          nan ...          nan          nan
           nan]
 [         nan          nan          nan ...          nan          nan
           nan]]","[-3.956249952316284, -3.8604166507720947, 47.827083587646484, 47.922916412353516]","[[-19.99987793 -19.53541895 -19.07084554 ... -24.07086945 -24.53544235
  -25.00001526]
 [-20.46496582 -19.78446622 -19.10379896 ... -24.07086945 -24.53544235
  -25.00001526]
 [-20.92913818 -20.03302324 -19.13668752 ... -24.07086945 -24.53544235
  -25.00001526]
 ...
 [         nan          nan          nan ...          nan          nan
           nan]
 [         nan          nan          nan ...          nan          nan
           nan]
 [         nan          nan          nan ...          nan          nan
           nan]]","[-4.03125, -3.785416603088379, 47.75208282470703, 47.99791717529297]","[[-114.         -113.11825562 -114.52765228 ...  -68.76401901
   -66.11812041  -66.00035095]
 [-113.11779785 -112.89611803 -112.32623319 ...  -67.22918039
   -64.32586542  -63.88218509]
 [-113.         -112.53506089 -112.05585098 ...  -67.47154465
   -64.72926597  -62.52719199]
 ...
 [          nan           nan           nan ...           nan
            nan           nan]
 [          nan           nan           nan ...           nan
            nan           nan]
 [          nan           nan           nan ...           nan
            nan           nan]]","[-4.40625, -3.410416603088379, 47.37708282470703, 48.37291717529297]",0.07973980677640999,0.2117256807107401,0.49357209773297706,-0.8662463759882298,0.07357080634331832,0.23122381330789324,0.6050877124140781,-1.1484632808732738,0.3325685009785518,3.749703577159589,12.238898441191903,-4.894225902219019,2
64,51.445556,4.006959,"[[-16.99783702 -14.28160523 -11.56537344 ...          nan          nan
           nan]
 [-18.08550287 -15.2379539  -12.39040493 ...          nan          nan
           nan]
 [-19.17316871 -16.19430256 -13.21543641 ...          nan          nan
           nan]
 ...
 [ -0.91348621  -0.68246524          nan ...          nan          nan
           nan]
 [ -1.45731913  -1.16063958  -0.86396002 ...          nan          nan
           nan]
 [ -2.00115206  -1.63881391  -1.27647576 ...          nan          nan
           nan]]","[3.960416555404663, 4.056250095367432, 51.39791488647461, 51.493751525878906]","[[        nan         nan         nan ...         nan         nan
          nan]
 [        nan         nan         nan ...         nan         nan
          nan]
 [        nan         nan         nan ...         nan         nan
          nan]
 ...
 [        nan         nan         nan ... -1.9342182  -1.50271112
  -1.07131032]
 [        nan         nan         nan ... -1.96709613 -1.75125751
  -1.53547206]
 [        nan         nan         nan ... -1.99997406 -1.99980391
  -1.9996338 ]]","[3.8854167461395264, 4.131249904632568, 51.32291793823242, 51.568748474121094]","[[         nan          nan          nan ...          nan          nan
           nan]
 [         nan          nan          nan ...          nan          nan
           nan]
 [         nan          nan          nan ...          nan          nan
           nan]
 ...
 [-24.47181633 -25.90974884 -25.58358222 ...          nan          nan
           nan]
 [-26.11822284 -26.         -26.09029465 ...          nan          nan
           nan]
 [-26.99999999 -26.11807122 -26.76375198 ...          nan          nan
           nan]]","[3.5104167461395264, 4.506249904632568, 50.94791793823242, 51.943748474121094]",1.415201128659376,0.8936591399842815,1.787318279968563,-2.028465396687386,2.0527612099940398,7.211774615899903,24.704790992165556,-11.09717675286113,0.43716170430381807,5.871708313200031,16.9370398633134,-8.29350393037569,7
65,51.863131,3.860766,"[[ -1.99977112  -1.6375214   -1.27527168 ...          nan          nan
           nan]
 [ -2.36231718  -2.06572605  -1.76913492 ...          nan          nan
           nan]
 [ -2.72486324  -2.49393071  -2.26299817 ...          nan          nan
           nan]
 ...
 [-15.27624999 -15.16068423 -15.04511848 ... -10.         -10.
  -10.        ]
 [-15.63696914 -15.48873989 -15.34051065 ... -10.         -10.
  -10.        ]
 [-15.99951935 -15.81846081 -15.63740227 ... -10.         -10.
  -10.        ]]","[3.8145833015441895, 3.910416603088379, 51.81458282470703, 51.91041564941406]","[[ -0.99908448  -0.9989427   -0.99880093 ...          nan          nan
           nan]
 [ -2.39433928  -2.61026474  -2.82619019 ...          nan          nan
           nan]
 [ -3.78684752  -4.21841488  -4.64998224 ...          nan          nan
           nan]
 ...
 [-24.         -24.         -24.         ...  -1.03047831  -1.76261164
   -2.49474496]
 [-24.         -24.         -24.         ...  -6.87891099  -6.31464092
   -5.75037084]
 [-24.         -24.         -24.         ... -12.715831   -10.85770951
   -8.99958801]]","[3.7395832538604736, 3.9854166507720947, 51.73958206176758, 51.985416412353516]","[[         nan          nan          nan ...          nan          nan
           nan]
 [         nan          nan          nan ...          nan          nan
           nan]
 [ -6.00000902  -5.99149173  -4.23371134 ...          nan          nan
           nan]
 ...
 [-30.00001907 -29.20831121 -30.         ... -17.         -17.
  -17.        ]
 [-29.99999774 -30.01399788 -30.         ... -16.88146973 -16.79138755
  -16.11853027]
 [-30.         -30.00000721 -30.         ... -16.23619164 -16.99994617
  -17.        ]]","[3.3645832538604736, 4.360416889190674, 51.36458206176758, 52.360416412353516]",0.13348479574900557,0.3052573805681031,1.0471410178550755,-7.531207411506326,0.12283737274018713,0.6817258169993076,3.0110297212348733,-7.525403371256047,0.09096374487399064,2.3516529852745225,8.20473480224628,-8.34235631170379,3
66,51.835992,4.054941,"[[nan nan nan ... nan nan nan]
 [nan nan nan ... nan nan nan]
 [nan nan nan ... nan nan nan]
 ...
 [nan nan nan ... -1. -1. -1.]
 [nan nan nan ... -1. -1. -1.]
 [nan nan nan ... -1. -1. -1.]]","[4.006249904632568, 4.102083206176758, 51.78958511352539, 51.88541793823242]","[[ nan  nan  nan ...  nan  nan  nan]
 [ nan  nan  nan ...  nan  nan  nan]
 [ nan  nan  nan ...  nan  nan  nan]
 ...
 [-15. -15. -15. ...  nan  nan  nan]
 [-15. -15. -15. ...  nan  nan  nan]
 [-15. -15. -15. ...  nan  nan  nan]]","[3.9312500953674316, 4.177083492279053, 51.71458435058594, 51.96041488647461]","[[         nan          nan          nan ...          nan          nan
           nan]
 [         nan          nan          nan ...          nan          nan
           nan]
 [         nan          nan          nan ...          nan          nan
           nan]
 ...
 [-27.70753162 -28.90974454 -28.87559175 ...          nan          nan
           nan]
 [-29.         -29.         -27.93775101 ...          nan          nan
           nan]
 [-29.99954988 -29.         -29.00010093 ...          nan          nan
           nan]]","[3.5562500953674316, 4.552083492279053, 51.33958435058594, 52.33541488647461]",0.6767647396715082,0.5925880922831713,1.8500843951346642,-1.1823052423477676,0.301312182033984,0.9725680671332986,3.650052673179367,-2.738163684354822,0.22979122785139042,3.87461940989215,13.900194778126677,-4.2325844940097195,3
67,51.829224,4.04484,"[[-1.         -1.         -1.         ...         nan         nan
          nan]
 [-0.99999862 -0.96716932 -0.93434003 ...         nan         nan
          nan]
 [-0.99999723 -0.93433864 -0.86868005 ...         nan         nan
          nan]
 ...
 [        nan         nan         nan ...         nan         nan
          nan]
 [        nan         nan         nan ...         nan         nan
          nan]
 [        nan         nan         nan ...         nan         nan
          nan]]","[3.9979166984558105, 4.09375, 51.78125, 51.87708282470703]","[[         nan          nan          nan ...          nan          nan
           nan]
 [         nan          nan          nan ...          nan          nan
           nan]
 [ -0.92907715  -0.92907715  -0.92907715 ...          nan          nan
           nan]
 ...
 [-14.07080078 -14.07080078 -14.07080078 ...  -3.47147506  -7.02316019
  -10.57484531]
 [-14.53588867 -14.53588867 -14.53588867 ...  -2.84146038  -5.31294239
   -7.78442441]
 [-15.00006104 -15.00006104 -15.00006104 ...  -2.21268588  -3.60609117
   -4.99949647]]","[3.9229166507720947, 4.168749809265137, 51.70624923706055, 51.952083587646484]","[[         nan          nan          nan ...          nan          nan
           nan]
 [         nan          nan          nan ...          nan          nan
           nan]
 [         nan          nan          nan ...          nan          nan
           nan]
 ...
 [-28.23632903 -28.88186264 -28.         ...          nan          nan
           nan]
 [-29.         -27.54775782 -28.79159736 ...          nan          nan
           nan]
 [-30.00005722 -29.23623532 -29.         ...          nan          nan
           nan]]","[3.5479166507720947, 4.543749809265137, 51.33124923706055, 52.327083587646484]",1.0914674932385264,1.6467190610911828,4.577281049523061,-3.3428613698626513,0.5237786631904227,1.4906081996349796,6.070878867054448,-3.5672167746671852,0.11870213828357136,2.3534283063154313,8.50473295245533,-2.8941888308604176,3
68,48.383,-4.5,"[[        nan         nan         nan ... -7.72515869 -7.36306763
  -7.00074768]
 [        nan         nan         nan ... -7.36260986 -7.0005188
  -6.63819885]
 [        nan         nan         nan ... -7.00006104 -6.63796997
  -6.27565002]
 ...
 [        nan         nan         nan ...         nan         nan
          nan]
 [        nan         nan         nan ...         nan         nan
          nan]
 [        nan         nan         nan ...         nan         nan
          nan]]","[-4.547916889190674, -4.452083110809326, 48.33541488647461, 48.431251525878906]","[[         nan          nan  -7.0117984  ...          nan          nan
           nan]
 [         nan          nan          nan ...          nan          nan
           nan]
 [-12.61948684          nan          nan ...          nan          nan
           nan]
 ...
 [         nan          nan          nan ...          nan          nan
           nan]
 [         nan          nan          nan ...          nan          nan
           nan]
 [         nan          nan          nan ...          nan          nan
           nan]]","[-4.6229166984558105, -4.3770833015441895, 48.26041793823242, 48.506248474121094]","[[ -63.99998476  -63.35393808  -61.76379739 ...           nan
            nan           nan]
 [ -64.00001034  -60.52112348  -61.11828613 ...           nan
            nan           nan]
 [ -62.70789517  -59.91629127  -59.52767566 ...           nan
            nan           nan]
 ...
 [-102.0000018   -99.06878891  -98.8751115  ...  -81.4721756
   -81.58355599  -80.76410315]
 [-100.88176055 -100.43074686  -99.85401678 ...  -82.
   -80.44479804  -80.11821074]
 [ -99.99999237 -101.88153588 -100.00019316 ...  -82.
   -81.00036621  -81.        ]]","[-4.9979166984558105, -4.0020833015441895, 47.88541793823242, 48.881248474121094]",0.28584040985448855,0.3326169875282162,0.9339493364040758,-1.1739556647799692,0.442165956838054,1.938226493068181,6.706701576710914,-2.9215854117978486,0.5032286675655903,6.737709156063954,21.22205160837778,-12.521902258365635,2
69,51.819721,4.128239,"[[        nan         nan         nan ...         nan         nan
          nan]
 [        nan         nan         nan ...         nan         nan
          nan]
 [        nan         nan         nan ...         nan         nan
          nan]
 ...
 [-0.63781738 -0.63781738 -0.63781738 ...         nan         nan
          nan]
 [-0.8190918  -0.8190918  -0.8190918  ...         nan         nan
          nan]
 [-1.00036621 -1.00036621 -1.00036621 ...         nan         nan
          nan]]","[4.081250190734863, 4.177083492279053, 51.77291488647461, 51.868751525878906]","[[        nan         nan         nan ...         nan         nan
          nan]
 [        nan         nan         nan ...         nan         nan
          nan]
 [        nan         nan         nan ...         nan         nan
          nan]
 ...
 [        nan         nan         nan ... -1.06623848 -1.03311543
  -1.00000054]
 [        nan         nan         nan ... -1.49752583 -1.24873432
  -1.00000409]
 [        nan         nan         nan ... -1.92881318 -1.4643532
  -1.00000763]]","[4.006249904632568, 4.2520833015441895, 51.69791793823242, 51.943748474121094]","[[         nan          nan          nan ...          nan          nan
           nan]
 [         nan          nan          nan ...          nan          nan
           nan]
 [         nan          nan          nan ...          nan          nan
           nan]
 ...
 [-27.76412201 -26.97214029 -26.81982664 ...  -3.0560924   -4.20803487
   -3.76410092]
 [-27.88177761 -27.97207542 -27.67347079 ...  -1.99980927  -1.34051148
   -2.8817758 ]
 [-26.99997713 -27.11833568 -26.23651246 ...          nan  -2.23620857
   -2.99964142]]","[3.6312499046325684, 4.6270833015441895, 51.32291793823242, 52.318748474121094]",0.2380875488904853,0.1926404511230624,0.46921039838648015,-1.0022310847385623,0.6526392159570011,1.5287822216972187,4.80156985018936,-2.964896933809986,0.19244765998308996,2.645076085743187,8.986634220925175,-3.0325528948635796,3
70,51.977572,4.119881,"[[         nan          nan          nan ...          nan          nan
           nan]
 [         nan          nan          nan ...          nan          nan
           nan]
 [         nan          nan          nan ...          nan          nan
           nan]
 ...
 [-10.00002433  -9.88449946  -9.76904757 ...          nan          nan
           nan]
 [-10.00003124  -9.85166671  -9.7033959  ...          nan          nan
           nan]
 [-10.00003816  -9.81883395  -9.63774422 ...          nan          nan
           nan]]","[4.072916507720947, 4.168749809265137, 51.931251525878906, 52.02708435058594]","[[ -3.99926758  -3.99926758  -3.99926758 ...          nan          nan
           nan]
 [ -2.14257812  -2.14257812  -2.14257812 ...          nan          nan
           nan]
 [         nan          nan          nan ...  -0.57633972          nan
           nan]
 ...
 [-21.         -21.         -21.         ...  -7.07145691  -6.60694122
   -6.1423111 ]
 [-21.         -21.         -21.         ...  -7.99980164  -7.53528595
   -7.07065582]
 [-21.         -21.         -21.         ...  -8.92997742  -8.46546173
   -8.0008316 ]]","[3.9979166984558105, 4.243750095367432, 51.85625076293945, 52.10208511352539]","[[         nan          nan          nan ...          nan          nan
           nan]
 [         nan          nan          nan ...          nan          nan
           nan]
 [         nan          nan          nan ...          nan          nan
           nan]
 ...
 [-28.76422119 -28.76422119 -28.12439584 ...          nan          nan
           nan]
 [-28.         -28.         -28.67359093 ...          nan  -2.39595748
           nan]
 [-29.00042725 -29.00042725 -29.00042725 ...          nan          nan
           nan]]","[3.6229166984558105, 4.618750095367432, 51.48125076293945, 52.47708511352539]",2.021533559638133,2.3680357084517683,8.35246506426592,-3.7375124667658066,1.3907603394579555,4.75900643556833,15.311431828897025,-9.335415473265765,0.29988924474870154,3.530473637665938,11.557447476319897,-5.980898245359743,7
71,51.543944,3.865419,"[[        nan         nan         nan ...         nan         nan
          nan]
 [        nan         nan         nan ...         nan         nan
          nan]
 [        nan         nan         nan ...         nan         nan
          nan]
 ...
 [        nan         nan         nan ... -8.44945526 -8.08724976
  -7.72504425]
 [        nan         nan         nan ... -8.08690643 -7.72470093
  -7.36249542]
 [        nan         nan         nan ... -7.7243576  -7.3621521
  -6.99994659]]","[3.8187499046325684, 3.914583444595337, 51.49791717529297, 51.59375]","[[         nan          nan          nan ...          nan          nan
           nan]
 [         nan          nan          nan ...          nan          nan
           nan]
 [         nan          nan          nan ...  -1.24081057          nan
           nan]
 ...
 [-11.71635599 -12.67833214 -13.64042679 ...  -1.          -1.
   -1.        ]
 [ -9.85967716 -11.03726866 -12.21500521 ...  -1.          -1.
   -1.        ]
 [ -7.99933625  -9.39296836 -10.78677215 ...  -1.          -1.
   -1.        ]]","[3.7437500953674316, 3.9895832538604736, 51.422916412353516, 51.66875076293945]","[[         nan          nan          nan ...          nan          nan
           nan]
 [         nan          nan          nan ...          nan          nan
           nan]
 [         nan          nan          nan ...          nan          nan
           nan]
 ...
 [-30.00000541 -30.02792729 -30.18059021 ...          nan          nan
           nan]
 [-30.         -29.22204915 -30.         ...          nan  -1.88214111
   -1.88214111]
 [-31.00016021 -30.         -29.76371254 ...          nan          nan
   -1.        ]]","[3.3687500953674316, 4.364583492279053, 51.047916412353516, 52.04375076293945]",,,,,,,,,0.0,0.0,0.0,-0.5587768554677204,3
72,51.666274,4.095356,"[[nan nan nan ... nan nan nan]
 [nan nan nan ... nan nan nan]
 [nan nan nan ... nan nan nan]
 ...
 [nan nan nan ... nan nan nan]
 [nan nan nan ... nan nan nan]
 [nan nan nan ... nan nan nan]]","[4.047916889190674, 4.143750190734863, 51.618751525878906, 51.71458435058594]","[[-6.99873351 -6.53433074 -6.06992797 ... -1.         -1.
  -1.        ]
 [-3.74951281 -3.71639384 -3.68327487 ... -1.         -1.
  -1.        ]
 [        nan -0.89289888 -1.29191438 ... -1.         -1.
  -1.        ]
 ...
 [-1.92883192 -1.96189418 -1.99495643 ...         nan         nan
          nan]
 [-1.46465248 -1.71335664 -1.9620608  ...         nan         nan
          nan]
 [-0.99955749 -1.46432888 -1.92910028 ...         nan         nan
          nan]]","[3.972916603088379, 4.21875, 51.54375076293945, 51.78958511352539]","[[         nan          nan          nan ...          nan          nan
           nan]
 [         nan          nan          nan ...          nan          nan
           nan]
 [         nan          nan          nan ...          nan          nan
           nan]
 ...
 [-27.76422119 -27.09024809 -27.6389435  ...  -1.          -0.90971984
   -1.        ]
 [-28.88191223 -27.20830066 -27.0278989  ...  -1.                  nan
   -1.        ]
 [-28.00001526 -26.99962321 -26.99989907 ...  -1.          -1.
           nan]]","[3.597916603088379, 4.59375, 51.16875076293945, 52.16458511352539]",,,,,0.09488877784422171,0.24202578186679802,0.5511932373024603,-0.8578338623109248,0.2824637322590607,3.121895515190059,8.496721008321689,-4.2757737661542805,3
73,51.659342,4.144264,"[[        nan         nan         nan ...         nan         nan
          nan]
 [        nan         nan         nan ...         nan         nan
          nan]
 [        nan         nan         nan ...         nan         nan
          nan]
 ...
 [-3.08545896 -2.96984563 -2.85430535 ...         nan         nan
          nan]
 [-2.54438505 -2.39609791 -2.24790446 ...         nan         nan
          nan]
 [-2.00056457 -1.81943777 -1.63842539 ...         nan         nan
          nan]]","[4.097916603088379, 4.193749904632568, 51.610416412353516, 51.70624923706055]","[[-10.00259397  -8.60870669  -7.21447601 ...          nan          nan
           nan]
 [ -4.88666975  -4.14090434  -3.39495519 ...          nan          nan
           nan]
 [         nan          nan          nan ...          nan          nan
           nan]
 ...
 [         nan          nan          nan ...          nan          nan
           nan]
 [         nan          nan          nan ...          nan          nan
           nan]
 [         nan          nan          nan ...          nan          nan
           nan]]","[4.022916793823242, 4.268750190734863, 51.53541564941406, 51.78125]","[[         nan          nan          nan ...          nan          nan
           nan]
 [         nan          nan          nan ...          nan          nan
           nan]
 [         nan          nan          nan ...          nan          nan
           nan]
 ...
 [-26.23626709 -26.7014376  -27.         ...          nan          nan
           nan]
 [-27.         -27.         -26.29831371 ...  -1.23535156          nan
   -0.99999461]
 [-27.         -27.         -26.23623657 ...  -3.          -3.11806488
           nan]]","[3.647916555404663, 4.643750190734863, 51.16041564941406, 52.15625]",,,,,,,,,0.1926481742280654,1.6594842646200132,4.409057617191965,-2.4329081401227937,3
74,46.007357,-1.174341,"[[nan nan nan ... nan nan nan]
 [nan nan nan ... nan nan nan]
 [nan nan nan ... nan nan nan]
 ...
 [nan nan nan ... nan nan nan]
 [nan nan nan ... nan nan nan]
 [nan nan nan ... nan nan nan]]","[0.0, 0.0, 0.0, 0.0]","[[nan nan nan ... nan nan nan]
 [nan nan nan ... nan nan nan]
 [nan nan nan ... nan nan nan]
 ...
 [nan nan nan ... nan nan nan]
 [nan nan nan ... nan nan nan]
 [nan nan nan ... nan nan nan]]","[0.0, 0.0, 0.0, 0.0]","[[nan nan nan ... nan nan nan]
 [nan nan nan ... nan nan nan]
 [nan nan nan ... nan nan nan]
 ...
 [nan nan nan ... nan nan nan]
 [nan nan nan ... nan nan nan]
 [nan nan nan ... nan nan nan]]","[0.0, 0.0, 0.0, 0.0]",,,,,,,,,,,,,2
75,51.450047,4.229827,"[[nan nan nan ... nan nan nan]
 [nan nan nan ... nan nan nan]
 [nan nan nan ... nan nan nan]
 ...
 [nan nan nan ... nan nan nan]
 [nan nan nan ... nan nan nan]
 [nan nan nan ... nan nan nan]]","[4.181250095367432, 4.277083396911621, 51.40208435058594, 51.49791717529297]","[[        nan         nan         nan ...         nan         nan
          nan]
 [        nan         nan         nan ...         nan         nan
          nan]
 [        nan         nan         nan ...         nan         nan
          nan]
 ...
 [-2.00004252 -1.56842201 -1.1369078  ... -0.99496834 -0.96195873
  -0.92895725]
 [-2.00002128 -1.78406922 -1.56817036 ... -0.96209395 -0.71341587
          nan]
 [-1.99999999 -2.00014178 -2.00028354 ... -0.92915472         nan
          nan]]","[4.106249809265137, 4.352083206176758, 51.327083587646484, 51.57291793823242]","[[         nan          nan          nan ...          nan          nan
           nan]
 [         nan          nan          nan ...          nan          nan
           nan]
 [         nan          nan          nan ...          nan          nan
           nan]
 ...
 [-17.47313309 -16.93776673 -16.81930573 ...  -1.18034955  -1.
   -1.        ]
 [-21.11798096 -20.23610306 -18.56227438 ...  -1.          -1.
   -1.        ]
 [-22.         -22.00026913 -21.23627051 ...  -0.76369133          nan
   -1.        ]]","[3.731250047683716, 4.727083206176758, 50.952083587646484, 51.94791793823242]",,,,,,,,,0.0,0.0,0.0,-0.8129999372162393,3
76,51.773558,4.192415,"[[        nan         nan         nan ...         nan         nan
          nan]
 [        nan         nan         nan ...         nan         nan
          nan]
 [        nan         nan         nan ...         nan         nan
          nan]
 ...
 [        nan         nan         nan ... -0.76902547 -0.88448841
  -1.00002433]
 [        nan         nan         nan ... -0.70337379 -0.85165565
  -1.00003124]
 [        nan         nan         nan ... -0.63772212 -0.8188229
  -1.00003816]]","[4.143750190734863, 4.239583492279053, 51.72708511352539, 51.82291793823242]","[[ -1.00002288  -0.53550619          nan ...          nan          nan
           nan]
 [ -1.00001226  -0.75116403  -0.5023771  ...          nan          nan
           nan]
 [ -1.00000161  -0.96724723  -0.93450092 ...          nan          nan
           nan]
 ...
 [         nan          nan          nan ... -11.06998506  -6.82082004
   -2.57270161]
 [         nan          nan          nan ...  -3.10950269  -1.44835924
           nan]
 [         nan          nan          nan ...          nan          nan
           nan]]","[4.068749904632568, 4.3145833015441895, 51.65208435058594, 51.89791488647461]","[[         nan          nan          nan ...          nan          nan
           nan]
 [         nan          nan          nan ...          nan          nan
           nan]
 [         nan          nan          nan ...          nan          nan
           nan]
 ...
 [-25.76415476 -26.         -25.         ...  -3.41637991  -3.9721412
   -2.76416779]
 [-26.88185612 -25.89579102 -25.27065415 ...  -2.20841075  -3.
   -3.88182921]
 [-25.00040437 -25.99962321 -25.99979814 ...  -3.76374054  -3.88149731
   -3.99956513]]","[3.6937499046325684, 4.6895833015441895, 51.27708435058594, 52.27291488647461]",,,,,,,,,0.0,0.0,0.0,-0.7956542968720857,3
77,45.199667,-0.744167,"[[nan nan nan ... nan nan nan]
 [nan nan nan ... nan nan nan]
 [nan nan nan ... nan nan nan]
 ...
 [nan nan nan ... nan nan nan]
 [nan nan nan ... nan nan nan]
 [nan nan nan ... nan nan nan]]","[0.0, 0.0, 0.0, 0.0]","[[nan nan nan ... nan nan nan]
 [nan nan nan ... nan nan nan]
 [nan nan nan ... nan nan nan]
 ...
 [nan nan nan ... nan nan nan]
 [nan nan nan ... nan nan nan]
 [nan nan nan ... nan nan nan]]","[0.0, 0.0, 0.0, 0.0]","[[nan nan nan ... nan nan nan]
 [nan nan nan ... nan nan nan]
 [nan nan nan ... nan nan nan]
 ...
 [nan nan nan ... nan nan nan]
 [nan nan nan ... nan nan nan]
 [nan nan nan ... nan nan nan]]","[0.0, 0.0, 0.0, 0.0]",,,,,,,,,,,,,2
78,51.619106,3.686358,"[[         nan          nan          nan ...          nan          nan
           nan]
 [         nan          nan          nan ...          nan          nan
           nan]
 [         nan          nan          nan ...          nan          nan
           nan]
 ...
 [-12.91290283 -12.91290283 -12.91290283 ...  -5.62502661  -5.6748785
   -5.7247304 ]
 [-13.45672607 -13.45672607 -13.45672607 ...  -5.13115922  -5.2466697
   -5.36218018]
 [-14.00054932 -14.00054932 -14.00054932 ...  -4.63729182  -4.8184609
   -4.99962997]]","[3.6395833492279053, 3.7354166507720947, 51.57291793823242, 51.66875076293945]","[[         nan          nan          nan ...          nan          nan
           nan]
 [         nan          nan          nan ...          nan          nan
           nan]
 [         nan          nan          nan ...          nan          nan
           nan]
 ...
 [ -9.07110596  -9.07110596  -9.07110596 ...          nan          nan
           nan]
 [ -9.53527832  -9.53527832  -9.53527832 ...          nan          nan
           nan]
 [-10.00036621 -10.00036621 -10.00036621 ...  -3.07389531  -3.53914874
   -4.00440217]]","[3.5645833015441895, 3.8104166984558105, 51.49791717529297, 51.743751525878906]","[[         nan          nan          nan ...          nan          nan
           nan]
 [         nan          nan          nan ...          nan          nan
           nan]
 [         nan          nan          nan ...          nan          nan
           nan]
 ...
 [-32.23662748 -33.         -32.         ... -16.         -15.2366333
  -14.99999819]
 [-33.88196474 -33.         -33.         ... -16.79161562 -16.10409637
  -16.        ]
 [-34.00037384 -33.         -31.99963379 ... -17.         -17.00004326
  -15.99999237]]","[3.1895833015441895, 4.1854166984558105, 51.12291717529297, 52.118751525878906]",1.4841171964989182,0.9746913506745719,2.1282511297627362,-1.5626860130821114,1.2793268538570026,3.593048715218221,12.105196919316871,-7.203032450394248,0.6520621524641314,11.198431436440684,36.95083094757163,-11.430924899438693,7
79,51.619592,3.682065,"[[         nan          nan          nan ...          nan          nan
           nan]
 [         nan          nan          nan ...          nan          nan
           nan]
 [         nan          nan          nan ...          nan          nan
           nan]
 ...
 [-12.91290283 -12.91290283 -12.91290283 ...  -4.85632148  -5.15290156
   -5.44948163]
 [-13.45672607 -13.45672607 -13.45672607 ...  -4.06556731  -4.39497668
   -4.72438605]
 [-14.00054932 -14.00054932 -14.00054932 ...  -3.27481314  -3.6370518
   -3.99929047]]","[3.6354167461395264, 3.731250047683716, 51.57291793823242, 51.66875076293945]","[[         nan          nan          nan ...          nan          nan
           nan]
 [         nan          nan          nan ...          nan          nan
           nan]
 [         nan          nan          nan ...          nan          nan
           nan]
 ...
 [ -9.99999291  -9.56845391  -9.1369149  ...          nan          nan
           nan]
 [ -9.99999645  -9.78409935  -9.56820225 ...          nan          nan
           nan]
 [-10.         -10.00017013 -10.00034027 ...  -3.00599198  -3.0044608
   -3.00292961]]","[3.5604166984558105, 3.8062500953674316, 51.49791717529297, 51.743751525878906]","[[         nan          nan          nan ...          nan          nan
           nan]
 [         nan          nan          nan ...          nan          nan
           nan]
 [         nan          nan          nan ...          nan          nan
           nan]
 ...
 [-32.99999418 -32.90982661 -32.23620224 ... -16.         -15.90980331
  -15.2366333 ]
 [-34.88195038 -33.1041821  -33.         ... -17.         -16.11804199
  -15.9999973 ]
 [-34.         -33.11816917 -32.23592253 ... -17.         -17.
  -17.00036622]]","[3.1854166984558105, 4.181250095367432, 51.12291717529297, 52.118751525878906]",0.4669674437777794,0.4232618725296458,1.0082713113990251,-1.1681820759834507,1.4875294069144134,3.801540707863674,13.447148404079336,-8.338172920900554,0.5758192852525236,10.651814280063547,37.62913470877771,-10.066889238569175,7
80,45.453667,-0.92305,"[[nan nan nan ... nan nan nan]
 [nan nan nan ... nan nan nan]
 [nan nan nan ... nan nan nan]
 ...
 [nan nan nan ... nan nan nan]
 [nan nan nan ... nan nan nan]
 [nan nan nan ... nan nan nan]]","[0.0, 0.0, 0.0, 0.0]","[[nan nan nan ... nan nan nan]
 [nan nan nan ... nan nan nan]
 [nan nan nan ... nan nan nan]
 ...
 [nan nan nan ... nan nan nan]
 [nan nan nan ... nan nan nan]
 [nan nan nan ... nan nan nan]]","[0.0, 0.0, 0.0, 0.0]","[[nan nan nan ... nan nan nan]
 [nan nan nan ... nan nan nan]
 [nan nan nan ... nan nan nan]
 ...
 [nan nan nan ... nan nan nan]
 [nan nan nan ... nan nan nan]
 [nan nan nan ... nan nan nan]]","[0.0, 0.0, 0.0, 0.0]",,,,,,,,,,,,,2
81,51.595404,4.006011,"[[-4.00032807 -3.63810045 -3.27587284 ...         nan         nan
          nan]
 [-3.09395185 -2.79738282 -2.5008138  ...         nan         nan
          nan]
 [-2.18757563 -1.9566652  -1.72575476 ...         nan         nan
          nan]
 ...
 [-0.63817945 -0.7037054  -0.76923135 ... -0.59294567         nan
          nan]
 [-0.8185404  -0.85140286 -0.88426532 ...         nan         nan
          nan]
 [-0.99981689 -0.99985005 -0.99988321 ...         nan         nan
          nan]]","[3.956249952316284, 4.052083492279053, 51.547916412353516, 51.64374923706055]","[[        nan         nan -0.92910562 ...         nan         nan
          nan]
 [        nan -0.7134506  -0.96206969 ...         nan         nan
          nan]
 [-0.92901449 -0.96199168 -0.99496887 ... -0.92901611 -0.92901611
  -0.92901611]
 ...
 [-1.         -1.         -1.         ...         nan         nan
          nan]
 [-1.         -1.         -1.         ...         nan         nan
          nan]
 [-1.         -1.         -1.         ...         nan         nan
          nan]]","[3.8812499046325684, 4.1270833015441895, 51.47291564941406, 51.71875]","[[         nan          nan          nan ...          nan          nan
           nan]
 [         nan          nan          nan ...          nan          nan
           nan]
 [         nan          nan          nan ...          nan          nan
           nan]
 ...
 [-27.2362725  -27.67353665 -27.81954694 ...  -3.63912175  -2.680892
           nan]
 [-28.11765289 -28.23577499 -27.50586348 ...  -3.79245045  -3.0903248
   -2.00001346]
 [-30.00002289 -29.         -29.         ...  -3.          -3.88187408
   -3.        ]]","[3.5062499046325684, 4.5020833015441895, 51.09791564941406, 52.09375]",,,,,0.11332406719319447,0.3310879263461284,0.7762211267839738,-0.9170521347962844,0.23828691619941997,3.0798475373877787,10.271851271874189,-2.597952551634435,3
82,51.626665,4.254928,"[[-0.99995423 -0.81891974 -0.63777083 ...         nan         nan
          nan]
 [-0.99996252 -0.85174697 -0.70343772 ...         nan         nan
          nan]
 [-0.99997082 -0.88457419 -0.76910461 ...         nan         nan
          nan]
 ...
 [        nan         nan         nan ...         nan         nan
          nan]
 [        nan         nan         nan ...         nan         nan
          nan]
 [        nan         nan         nan ...         nan         nan
          nan]]","[4.206250190734863, 4.302083492279053, 51.577083587646484, 51.672916412353516]","[[-14.00035858 -11.67726466  -9.35474293 ...          nan          nan
           nan]
 [-13.07019344 -10.53100568  -7.99244333 ...          nan          nan
           nan]
 [-12.14185934  -9.38700311  -6.63282542 ...          nan          nan
           nan]
 ...
 [         nan          nan          nan ...  -0.9341585   -0.96708303
   -0.99999946]
 [         nan          nan          nan ...  -0.50287115  -0.75146415
   -0.99999592]
 [         nan          nan          nan ...          nan  -0.53541998
   -0.99999237]]","[4.131249904632568, 4.3770833015441895, 51.50208282470703, 51.74791717529297]","[[         nan          nan          nan ...          nan          nan
           nan]
 [         nan          nan          nan ...          nan          nan
           nan]
 [         nan          nan          nan ...          nan          nan
           nan]
 ...
 [-24.         -24.         -24.         ...          nan  -0.76361084
   -0.9999982 ]
 [-24.88222234 -23.32587125 -24.70162481 ...  -1.          -1.13171283
   -0.88220484]
 [-24.         -23.99989235 -22.99984909 ...  -3.00024414  -3.00010765
   -3.00036621]]","[3.7562499046325684, 4.7520833015441895, 51.12708282470703, 52.12291717529297]",0.2358904324878012,0.359286403817932,1.2837452790718311,-1.2040188515276182,0.07330619916314655,0.24146363598029158,0.9904912086195241,-1.0140226589089663,0.022767180177151312,0.2774896278559562,1.1356398235111307,-1.0194946757982921,3
83,51.827026,4.033445,"[[-1.00000381 -0.81894528 -0.63788674 ...         nan         nan
          nan]
 [-1.00000312 -0.85177388 -0.70354464 ...         nan         nan
          nan]
 [-1.00000243 -0.88443668 -0.76887093 ...         nan         nan
          nan]
 ...
 [        nan         nan         nan ...         nan         nan
          nan]
 [        nan         nan         nan ...         nan         nan
          nan]
 [        nan         nan         nan ...         nan         nan
          nan]]","[3.9854166507720947, 4.081250190734863, 51.77708435058594, 51.87291717529297]","[[ -1.00001526  -0.53547071          nan ...          nan          nan
           nan]
 [ -1.00000818  -0.75110553  -0.50220288 ...          nan          nan
           nan]
 [ -1.00000108  -0.96716566  -0.93433025 ...          nan          nan
           nan]
 ...
 [-14.         -14.         -14.         ...          nan          nan
           nan]
 [-14.         -14.         -14.         ...          nan          nan
           nan]
 [-14.         -14.         -14.         ...          nan          nan
           nan]]","[3.910416603088379, 4.15625, 51.702083587646484, 51.94791793823242]","[[         nan          nan          nan ...          nan          nan
           nan]
 [         nan          nan          nan ...          nan          nan
           nan]
 [         nan          nan          nan ...          nan          nan
           nan]
 ...
 [-28.76342412 -29.         -28.         ...          nan          nan
           nan]
 [-28.1179675  -29.         -28.32633602 ...          nan          nan
           nan]
 [-27.99969482 -28.88187238 -29.         ...          nan          nan
           nan]]","[3.535416603088379, 4.53125, 51.327083587646484, 52.32291793823242]",,,,,0.2824955326756679,1.0609443345484453,3.250387143811409,-2.06491145838975,0.1331392882774005,1.956782354525832,7.302269212908147,-2.927140202080718,3
84,51.336209,3.819812,"[[         nan          nan          nan ...          nan          nan
           nan]
 [         nan          nan          nan ...          nan          nan
           nan]
 [         nan          nan          nan ...          nan          nan
           nan]
 ...
 [-10.46427509 -10.59548173 -10.72668838 ...          nan          nan
           nan]
 [-11.73320567 -11.79875372 -11.86430178 ...          nan          nan
           nan]
 [-13.00213625 -13.00202571 -13.00191517 ...          nan          nan
           nan]]","[3.772916555404663, 3.8687500953674316, 51.28958511352539, 51.38541793823242]","[[        nan         nan         nan ...         nan         nan
          nan]
 [        nan         nan         nan ...         nan         nan
          nan]
 [        nan         nan         nan ...         nan         nan
          nan]
 ...
 [        nan         nan         nan ...         nan         nan
  -0.85748017]
 [        nan         nan         nan ...         nan         nan
          nan]
 [        nan         nan         nan ...         nan         nan
          nan]]","[3.6979167461395264, 3.9437499046325684, 51.21458435058594, 51.46041488647461]","[[         nan          nan          nan ...          nan          nan
           nan]
 [         nan          nan          nan ...          nan          nan
           nan]
 [         nan          nan          nan ...          nan          nan
           nan]
 ...
 [-26.47167969 -26.26369594 -26.23583984 ...  -2.          -1.61150444
   -1.23582235]
 [-28.         -27.89579282 -27.11816406 ...  -1.2362442   -0.99994659
   -1.88183594]
 [-27.00042725 -27.88155921 -28.23614708 ...  -1.99967369  -0.88156302
           nan]]","[3.3229167461395264, 4.318749904632568, 50.83958435058594, 51.83541488647461]",0.0,0.0,0.0,-0.8763088220635002,1.9843900143978692,6.353227565965262,17.24925739131668,-7.956459903589472,0.4788511143577344,6.353038566259209,22.41121819149728,-10.036483508596314,7
85,51.599317,3.75183,"[[         nan          nan          nan ...          nan          nan
           nan]
 [         nan          nan          nan ...          nan          nan
           nan]
 [         nan          nan          nan ...          nan          nan
           nan]
 ...
 [-14.0173576  -15.13832881 -16.25930002 ... -10.98655328 -10.6743102
  -10.36206712]
 [-16.01137961 -17.2964973  -18.58161499 ... -10.6739603  -10.42737581
  -10.18079133]
 [-17.9953308  -19.44376595 -20.89220109 ... -10.36294607 -10.18168857
  -10.00043106]]","[3.7020833492279053, 3.7979166507720947, 51.55208206176758, 51.64791488647461]","[[        nan         nan         nan ... -1.         -1.
  -1.        ]
 [        nan         nan         nan ... -1.         -1.
  -1.        ]
 [        nan         nan         nan ... -1.         -1.
  -1.        ]
 ...
 [-3.00000763 -2.53543472 -2.07086182 ... -0.93449984 -0.96725019
  -1.00000054]
 [-3.00000763 -2.53543472 -2.07086182 ... -0.50236892 -0.7511865
  -1.00000409]
 [-3.00000763 -2.53543472 -2.07086182 ...         nan -0.53554814
  -1.00000763]]","[3.6270833015441895, 3.8729166984558105, 51.47708511352539, 51.72291564941406]","[[         nan          nan          nan ...          nan          nan
           nan]
 [         nan          nan          nan ...          nan          nan
           nan]
 [         nan          nan          nan ...          nan          nan
           nan]
 ...
 [-31.         -31.         -32.76397705 ...          nan          nan
           nan]
 [-30.11834044 -30.89562773 -30.97204433 ...  -6.67376017  -2.22291866
           nan]
 [-31.99976349 -30.99978469 -30.2363463  ...  -8.76348114  -6.8813417
   -2.99948883]]","[3.2520833015441895, 4.2479166984558105, 51.10208511352539, 52.09791564941406]",3.1770547026992215,9.79008794412412,29.679279068526057,-20.052506923376512,1.7761209578024246,11.310786944565333,32.35601220928687,-19.087256131658087,0.4455864524981088,8.537753718501266,28.079693976757753,-12.452815850624713,6
86,51.442308,3.596057,"[[nan nan nan ... nan nan nan]
 [nan nan nan ... nan nan nan]
 [nan nan nan ... nan nan nan]
 ...
 [nan nan nan ... nan nan nan]
 [nan nan nan ... nan nan nan]
 [nan nan nan ... nan nan nan]]","[3.5479166507720947, 3.643749952316284, 51.39374923706055, 51.48958206176758]","[[        nan         nan         nan ...         nan         nan
          nan]
 [        nan         nan         nan ...         nan         nan
          nan]
 [        nan         nan         nan ...         nan         nan
          nan]
 ...
 [-5.0706613  -3.7425567  -2.41445209 ...         nan         nan
          nan]
 [-5.53573499 -4.63976486 -3.74379472 ...         nan         nan
          nan]
 [-5.99989319 -5.53520686 -5.07052054 ...         nan         nan
          nan]]","[3.472916603088379, 3.71875, 51.318748474121094, 51.56458282470703]","[[         nan          nan          nan ...          nan          nan
           nan]
 [         nan          nan          nan ...          nan          nan
           nan]
 [         nan          nan          nan ...          nan          nan
           nan]
 ...
 [-31.47226312 -32.3542366  -32.         ...          nan          nan
           nan]
 [-33.76307497 -32.10410136 -32.11775589 ...          nan          nan
           nan]
 [-32.         -32.         -32.9997847  ...          nan          nan
           nan]]","[3.097916603088379, 4.09375, 50.943748474121094, 51.93958282470703]",1.1743968262143707,2.450195406208597,8.041159882217453,-4.740227468506349,1.1173978247083116,4.93154025584053,16.37524059137396,-9.491674132030907,0.3162829819912819,4.294592812239422,19.554247264968907,-16.418193585319585,7
87,51.496839,4.056964,"[[        nan         nan         nan ...         nan         nan
          nan]
 [        nan         nan         nan ...         nan         nan
          nan]
 [        nan         nan         nan ...         nan         nan
          nan]
 ...
 [-1.81188391 -1.54929925 -1.28688047 ... -1.13126745 -1.06562128
  -1.00001659]
 [-0.90548418 -0.77425819 -0.6431151  ... -1.06560056 -1.03279406
  -1.00000829]
 [        nan         nan         nan ... -0.99993367 -0.99996684
  -0.99999999]]","[4.010416507720947, 4.106249809265137, 51.44791793823242, 51.54375076293945]","[[-16.9997406  -16.07076492 -15.14178924 ...          nan          nan
           nan]
 [-16.0714065  -15.78935653 -15.50730656 ...          nan          nan
           nan]
 [-15.14124136 -15.50739309 -15.87354482 ...          nan          nan
           nan]
 ...
 [-16.71556963 -16.31706452 -15.91855942 ...          nan          nan
           nan]
 [-14.85888726 -14.89166596 -14.92444466 ...          nan          nan
           nan]
 [-12.99854279 -13.46345596 -13.92836913 ...          nan          nan
           nan]]","[3.9354166984558105, 4.181250095367432, 51.37291717529297, 51.618751525878906]","[[         nan          nan          nan ...          nan          nan
           nan]
 [         nan          nan          nan ...          nan          nan
           nan]
 [         nan          nan          nan ...          nan          nan
           nan]
 ...
 [-26.2366333  -26.90982661 -26.18030892 ...  -1.08730304          nan
   -3.23663872]
 [-27.99999327 -27.11804199 -27.11804199 ...  -4.02787863  -1.13233274
   -4.1180474 ]
 [-28.         -28.         -27.23592253 ...  -3.52738946          nan
   -3.99967957]]","[3.5604166984558105, 4.556250095367432, 50.99791717529297, 51.993751525878906]",0.10234620215475043,0.14298606513054588,0.3902459619573505,-0.748559241624153,0.08211419118467432,0.3454138425908912,1.1018054820560457,-0.9830098932918684,0.5341171369291061,7.8989137495660255,26.296096704938723,-7.77134653588397,4
88,51.521445,3.440031,"[[-3.         -3.         -3.         ... -6.0007997  -6.00088812
  -6.00097655]
 [-3.         -3.         -3.         ... -5.40702614 -5.34145597
  -5.27588581]
 [-3.         -3.         -3.         ... -4.81325258 -4.68202382
  -4.55079507]
 ...
 [-5.9999927  -6.11553634 -6.23107999 ... -3.04535165 -2.79868979
  -2.55202793]
 [-5.99999062 -6.14836356 -6.2967365  ... -3.70478726 -3.4909547
  -3.27712213]
 [-5.99998856 -6.18102499 -6.36206142 ... -4.36089239 -4.17972331
  -3.99855424]]","[3.393749952316284, 3.4895832538604736, 51.47291564941406, 51.568748474121094]","[[ -9.99914552  -9.99894703  -9.99874854 ...          nan          nan
           nan]
 [-10.92931065 -11.1451794  -11.36104815 ...          nan          nan
   -1.32326808]
 [-11.85764476 -12.28915541 -12.72066606 ...  -0.65832954  -2.15123503
   -3.64414052]
 ...
 [-14.21167154 -14.17889283 -14.14611413 ...  -4.          -4.
   -4.        ]
 [-15.60694585 -15.35809992 -15.10925398 ...  -4.          -4.
   -4.        ]
 [-16.99947357 -16.53498573 -16.07049789 ...  -4.          -4.
   -4.        ]]","[3.3187499046325684, 3.5645833015441895, 51.39791488647461, 51.64374923706055]","[[         nan          nan          nan ...          nan          nan
           nan]
 [         nan          nan          nan ...          nan          nan
           nan]
 [         nan          nan          nan ...          nan          nan
           nan]
 ...
 [-36.70829105 -33.44440108 -34.18031321 ... -21.49832691 -20.23608398
  -20.23608398]
 [-37.1184338  -35.01367493 -35.64535904 ... -32.60829818 -23.68758349
  -21.59203921]
 [-38.00006866 -34.11812084 -34.00013985 ... -25.23629885 -26.99945068
  -26.99981689]]","[2.9437499046325684, 3.9395833015441895, 51.02291488647461, 52.01874923706055]",2.5446347891458143,4.491260417648858,16.466097911586704,-8.19423732436378,1.7702641052694628,6.159848006571727,19.779424293161885,-11.931997242240246,0.6550976427903008,6.6576449072950705,23.899959364694883,-10.200583654502012,7
89,51.642157,3.910813,"[[        nan         nan         nan ... -4.26008987 -2.6301651
  -1.00024033]
 [        nan         nan         nan ... -3.61917144 -2.21905173
  -0.81893203]
 [        nan         nan         nan ... -2.97825301 -1.80793837
  -0.63762373]
 ...
 [-0.6382499  -0.58817694 -0.53810397 ...         nan         nan
          nan]
 [-0.81861567 -0.70321572 -0.58781577 ...         nan         nan
          nan]
 [-0.999897   -0.81883846 -0.63777992 ...         nan         nan
          nan]]","[3.8645832538604736, 3.960416555404663, 51.59375, 51.68958282470703]","[[         nan          nan          nan ... -12.92916107 -12.46453094
  -12.00001526]
 [         nan          nan          nan ... -12.92916107 -12.46453094
  -12.00001526]
 [         nan          nan          nan ... -12.92916107 -12.46453094
  -12.00001526]
 ...
 [ -1.92922592  -2.39374161  -2.85831451 ...          nan          nan
           nan]
 [ -1.46413803  -1.92865372  -2.39322662 ...          nan          nan
           nan]
 [ -0.99996567  -1.46448135  -1.92905426 ...          nan          nan
           nan]]","[3.789583444595337, 4.035416603088379, 51.51874923706055, 51.764583587646484]","[[         nan          nan          nan ...          nan          nan
           nan]
 [         nan          nan          nan ...          nan          nan
           nan]
 [         nan          nan          nan ...          nan          nan
           nan]
 ...
 [-29.76367819 -29.326523   -29.81950212 ...          nan          nan
           nan]
 [-29.88226633 -29.11810684 -29.180612   ...          nan          nan
           nan]
 [-30.00003433 -28.99999279 -29.76382065 ...          nan          nan
           nan]]","[3.414583444595337, 4.410416603088379, 51.14374923706055, 52.139583587646484]",,,,,,,,,0.7882201598075311,10.680064761850941,38.62897388126685,-9.340111614483732,4
90,51.33621206,3.81981192,"[[         nan          nan          nan ...          nan          nan
           nan]
 [         nan          nan          nan ...          nan          nan
           nan]
 [         nan          nan          nan ...          nan          nan
           nan]
 ...
 [-10.46427509 -10.59548173 -10.72668838 ...          nan          nan
           nan]
 [-11.73320567 -11.79875372 -11.86430178 ...          nan          nan
           nan]
 [-13.00213625 -13.00202571 -13.00191517 ...          nan          nan
           nan]]","[3.772916555404663, 3.8687500953674316, 51.28958511352539, 51.38541793823242]","[[        nan         nan         nan ...         nan         nan
          nan]
 [        nan         nan         nan ...         nan         nan
          nan]
 [        nan         nan         nan ...         nan         nan
          nan]
 ...
 [        nan         nan         nan ...         nan         nan
  -0.85748017]
 [        nan         nan         nan ...         nan         nan
          nan]
 [        nan         nan         nan ...         nan         nan
          nan]]","[3.6979167461395264, 3.9437499046325684, 51.21458435058594, 51.46041488647461]","[[         nan          nan          nan ...          nan          nan
           nan]
 [         nan          nan          nan ...          nan          nan
           nan]
 [         nan          nan          nan ...          nan          nan
           nan]
 ...
 [-26.47167969 -26.26369594 -26.23583984 ...  -2.          -1.61150444
   -1.23582235]
 [-28.         -27.89579282 -27.11816406 ...  -1.2362442   -0.99994659
   -1.88183594]
 [-27.00042725 -27.88155921 -28.23614708 ...  -1.99967369  -0.88156302
           nan]]","[3.3229167461395264, 4.318749904632568, 50.83958435058594, 51.83541488647461]",0.0,0.0,0.0,-0.8763088220635002,1.984390045297832,6.353227565965262,17.24925739131668,-7.956459903589472,0.4788511302050533,6.353038566259209,22.41121819149728,-10.036483508596314,7
91,51.76762642,3.61712418,"[[ -6.00004578  -5.63784027  -5.27563477 ...  -2.6378212   -2.81892395
   -3.0000267 ]
 [ -6.00004578  -5.63784027  -5.27563477 ...  -2.45654678  -2.63764954
   -2.81875229]
 [ -6.00004578  -5.63784027  -5.27563477 ...  -2.27527237  -2.45637512
   -2.63747787]
 ...
 [-26.00000828 -25.93449339 -25.86897849 ... -16.40750938 -16.34199449
  -16.2764796 ]
 [-26.00000415 -25.96715275 -25.93430135 ... -16.70290499 -16.67005359
  -16.63720219]
 [-26.         -25.9999779  -25.99995579 ... -16.99980007 -16.99977796
  -16.99975586]]","[3.5687499046325684, 3.664583444595337, 51.71875, 51.81458282470703]","[[ -9.0001831   -9.00001299  -8.99984285 ... -14.93055953 -14.46595879
  -14.00130082]
 [ -8.5351165   -8.96702763  -9.39899196 ... -11.24282757 -10.99426745
  -10.74567671]
 [ -8.07096538  -8.9341072   -9.79735534 ...  -7.56235493  -7.52941015
   -7.49646131]
 ...
 [-26.92917957 -26.53044003 -26.13165138 ... -15.14151001 -14.67699432
  -14.21242142]
 [-26.46411297 -26.49745467 -26.53080048 ... -16.53677368 -16.072258
  -15.60768509]
 [-25.99996186 -26.46453425 -26.92916386 ... -17.92929077 -17.46477509
  -17.00020218]]","[3.4937500953674316, 3.7395832538604736, 51.64374923706055, 51.889583587646484]","[[         nan          nan          nan ...          nan          nan
           nan]
 [         nan          nan          nan ...          nan          nan
           nan]
 [         nan          nan          nan ...          nan          nan
           nan]
 ...
 [-36.76366106 -36.70784613 -36.36091003 ... -20.1805096  -20.
  -20.        ]
 [-33.47103073 -37.99962616 -36.29835174 ... -20.08992846 -20.
  -20.        ]
 [-35.99998474 -36.23605983 -36.52749718 ... -21.00001442 -20.
  -20.        ]]","[3.1187500953674316, 4.114583492279053, 51.26874923706055, 52.264583587646484]",0.048586721435555466,0.11513286901472086,0.41809575073056315,-9.057217599956468,0.09927608335483475,0.5481279543601378,2.1259155273420447,-9.018650319759791,0.15843604064000866,4.163481753414979,17.0,-10.494017624054218,3
92,51.64286987,3.4810545,"[[ -6.99997711  -6.81887436  -6.63777161 ... -11.36219025 -11.18108749
  -10.99998474]
 [ -7.18125153  -7.00014877  -6.81904602 ... -12.68107391 -12.56562975
  -12.45018559]
 [ -7.36252594  -7.18142319  -7.00032043 ... -13.99995757 -13.950172
  -13.90038643]
 ...
 [ -8.00002484  -8.19656952  -8.3931142  ...  -4.04532328  -4.16091114
   -4.276499  ]
 [ -8.00001246  -8.09856666  -8.19712087 ...  -4.34071682  -4.48896817
   -4.63721952]
 [ -8.00000001  -8.00006633  -8.00013265 ...  -4.63760983  -4.81869047
   -4.99977112]]","[3.4312500953674316, 3.527083396911621, 51.59375, 51.68958282470703]","[[ -3.          -3.          -3.         ...          nan          nan
           nan]
 [ -3.          -3.          -3.         ...          nan          nan
           nan]
 [ -3.          -3.          -3.         ...          nan          nan
           nan]
 ...
 [-20.35395894 -18.52855944 -16.70315994 ...  -9.86333675  -9.43165597
   -8.99997519]
 [-22.67940372 -21.07007145 -19.46073918 ...  -9.4312147   -9.21560116
   -8.99998761]
 [-25.00027084 -23.60658048 -22.21289012 ...  -8.99994329  -8.99997165
   -9.        ]]","[3.356250047683716, 3.602083444595337, 51.51874923706055, 51.764583587646484]","[[         nan          nan          nan ...          nan          nan
           nan]
 [         nan          nan          nan ...          nan          nan
           nan]
 [         nan          nan          nan ...          nan          nan
           nan]
 ...
 [-35.         -35.20841255 -35.23632812 ... -21.05582935 -21.23632812
  -21.76368596]
 [-36.         -35.8961705  -35.         ... -22.         -21.
  -21.88228674]
 [-34.99993896 -34.99999279 -35.         ... -20.99993896 -21.
  -22.00008774]]","[2.981250047683716, 3.977083444595337, 51.14374923706055, 52.139583587646484]",0.35775937619075593,1.0119837577973003,3.5252205859749175,-7.676359508342237,0.2366691826039447,1.9657253966469648,5.957370266085914,-7.5888631058949985,0.09975405502782103,1.7558896978139462,5.208781877066455,-7.703335133225213,3
93,51.39842692,4.02620594,"[[        nan         nan         nan ...         nan         nan
          nan]
 [        nan         nan         nan ...         nan         nan
          nan]
 [        nan         nan         nan ...         nan         nan
          nan]
 ...
 [-5.36227036 -5.54337311 -5.72447586 ...         nan         nan
          nan]
 [-5.18099594 -5.36209869 -5.54320145 ...         nan         nan
          nan]
 [-4.99972153 -5.18082428 -5.36192703 ...         nan         nan
          nan]]","[3.977083444595337, 4.072916507720947, 51.35208511352539, 51.44791793823242]","[[        nan         nan         nan ...         nan         nan
          nan]
 [        nan         nan         nan ...         nan         nan
          nan]
 [        nan         nan         nan ...         nan         nan
          nan]
 ...
 [        nan         nan         nan ... -4.63881089 -4.60572435
  -4.57262966]
 [        nan         nan         nan ... -2.28504635 -2.03634447
  -1.78758132]
 [        nan         nan         nan ...         nan         nan
          nan]]","[3.902083396911621, 4.147916793823242, 51.27708435058594, 51.52291488647461]","[[         nan          nan          nan ...          nan          nan
           nan]
 [         nan          nan          nan ...          nan          nan
           nan]
 [         nan          nan          nan ...          nan          nan
           nan]
 ...
 [-23.23582458 -22.90973871 -22.18049051 ...          nan          nan
           nan]
 [-26.11816226 -25.22232501 -23.44461302 ...          nan          nan
           nan]
 [-26.99999999 -26.99957275 -25.99957275 ...          nan          nan
           nan]]","[3.527083396911621, 4.522916793823242, 50.90208435058594, 51.89791488647461]",1.1601831437771675,1.691441087347588,6.474981171544782,-2.967260782760398,1.0228508744416602,4.119494138740248,12.810187909757257,-5.882895049228219,0.4107752323147827,4.638004301626694,15.235929734998706,-7.568573724151504,7
94,51.37786806,4.16499237,"[[nan nan nan ... nan nan nan]
 [nan nan nan ... nan nan nan]
 [nan nan nan ... nan nan nan]
 ...
 [nan nan nan ... nan nan nan]
 [nan nan nan ... nan nan nan]
 [nan nan nan ... nan nan nan]]","[4.118750095367432, 4.214583396911621, 51.33124923706055, 51.42708206176758]","[[        nan         nan         nan ...         nan         nan
          nan]
 [        nan         nan         nan ...         nan         nan
          nan]
 [        nan         nan         nan ...         nan         nan
          nan]
 ...
 [-0.92942487         nan         nan ...         nan         nan
          nan]
 [        nan         nan         nan ...         nan         nan
          nan]
 [        nan         nan         nan ...         nan         nan
          nan]]","[4.043749809265137, 4.289583206176758, 51.256248474121094, 51.50208282470703]","[[         nan          nan          nan ...          nan          nan
           nan]
 [         nan          nan          nan ...          nan          nan
           nan]
 [         nan          nan          nan ...          nan          nan
           nan]
 ...
 [-14.9999973  -14.76385498 -14.76385498 ...          nan          nan
           nan]
 [-16.23693848 -15.35506058 -14.35466766 ...          nan          nan
           nan]
 [-19.99974442 -18.99977028 -17.23595428 ...  -1.76367019  -1.
   -1.00012207]]","[3.668750047683716, 4.664583206176758, 50.881248474121094, 51.87708282470703]",1.6347246902982457,3.4701127747135927,12.690934458756807,-6.700319935098343,1.0303616009760668,4.598978406062546,13.99615071015566,-9.269044137614648,0.41265962450439997,4.213166445336814,13.376783740721907,-7.145664023672593,7
95,51.37929817,3.37627452,"[[         nan          nan          nan ...          nan          nan
           nan]
 [         nan          nan          nan ...          nan          nan
           nan]
 [         nan          nan          nan ...          nan          nan
           nan]
 ...
 [ -6.63806152  -6.63806152  -6.63806152 ... -10.78308708 -10.84863514
  -10.91418319]
 [ -6.81933594  -6.81933594  -6.81933594 ... -11.39256961 -11.42528836
  -11.45800712]
 [ -6.99969482  -6.99969482  -6.99969482 ... -11.99897394 -11.9990292
  -11.99908447]]","[3.3270833492279053, 3.4229166507720947, 51.33124923706055, 51.42708206176758]","[[nan nan nan ... nan nan nan]
 [nan nan nan ... nan nan nan]
 [nan nan nan ... nan nan nan]
 ...
 [-6. -6. -6. ... nan nan nan]
 [-6. -6. -6. ... nan nan nan]
 [-6. -6. -6. ... nan nan nan]]","[3.2520833015441895, 3.4979166984558105, 51.256248474121094, 51.50208282470703]","[[         nan          nan          nan ...          nan          nan
           nan]
 [         nan          nan          nan ...          nan          nan
           nan]
 [         nan          nan          nan ...          nan          nan
           nan]
 ...
 [-34.52771981 -34.37519687 -33.52770996 ...  -7.81956409  -6.90980098
   -5.9999982 ]
 [-34.00000763 -32.11808395 -32.81975152 ...  -8.88225174  -8.10447992
   -7.11846251]
 [-32.00024414 -32.8818228  -32.76384017 ... -10.76366043  -9.88179398
   -8.99987793]]","[2.8770833015441895, 3.8729166984558105, 50.881248474121094, 51.87708282470703]",0.6024130376105807,1.8375357594613009,6.038631771689074,-4.575645315635719,0.3301739767945759,1.9756829942151954,6.221445918087032,-4.972285108761637,0.22063063575187922,4.112740411972332,13.760351055291952,-9.53527403331883,3
96,51.52144786,3.44003089,"[[-3.         -3.         -3.         ... -6.0007997  -6.00088812
  -6.00097655]
 [-3.         -3.         -3.         ... -5.40702614 -5.34145597
  -5.27588581]
 [-3.         -3.         -3.         ... -4.81325258 -4.68202382
  -4.55079507]
 ...
 [-5.9999927  -6.11553634 -6.23107999 ... -3.04535165 -2.79868979
  -2.55202793]
 [-5.99999062 -6.14836356 -6.2967365  ... -3.70478726 -3.4909547
  -3.27712213]
 [-5.99998856 -6.18102499 -6.36206142 ... -4.36089239 -4.17972331
  -3.99855424]]","[3.393749952316284, 3.4895832538604736, 51.47291564941406, 51.568748474121094]","[[ -9.99914552  -9.99894703  -9.99874854 ...          nan          nan
           nan]
 [-10.92931065 -11.1451794  -11.36104815 ...          nan          nan
   -1.32326808]
 [-11.85764476 -12.28915541 -12.72066606 ...  -0.65832954  -2.15123503
   -3.64414052]
 ...
 [-14.21167154 -14.17889283 -14.14611413 ...  -4.          -4.
   -4.        ]
 [-15.60694585 -15.35809992 -15.10925398 ...  -4.          -4.
   -4.        ]
 [-16.99947357 -16.53498573 -16.07049789 ...  -4.          -4.
   -4.        ]]","[3.3187499046325684, 3.5645833015441895, 51.39791488647461, 51.64374923706055]","[[         nan          nan          nan ...          nan          nan
           nan]
 [         nan          nan          nan ...          nan          nan
           nan]
 [         nan          nan          nan ...          nan          nan
           nan]
 ...
 [-36.70829105 -33.44440108 -34.18031321 ... -21.49832691 -20.23608398
  -20.23608398]
 [-37.1184338  -35.01367493 -35.64535904 ... -32.60829818 -23.68758349
  -21.59203921]
 [-38.00006866 -34.11812084 -34.00013985 ... -25.23629885 -26.99945068
  -26.99981689]]","[2.9437499046325684, 3.9395833015441895, 51.02291488647461, 52.01874923706055]",2.544634871252682,4.491260417648858,16.466097911586704,-8.19423732436378,1.7702641834604878,6.159848006571727,19.779424293161885,-11.931997242240246,0.6550976743150253,6.6576449072950705,23.899959364694883,-10.200583654502012,7
97,51.59540662,4.00601046,"[[-4.00032807 -3.63810045 -3.27587284 ...         nan         nan
          nan]
 [-3.09395185 -2.79738282 -2.5008138  ...         nan         nan
          nan]
 [-2.18757563 -1.9566652  -1.72575476 ...         nan         nan
          nan]
 ...
 [-0.63817945 -0.7037054  -0.76923135 ... -0.59294567         nan
          nan]
 [-0.8185404  -0.85140286 -0.88426532 ...         nan         nan
          nan]
 [-0.99981689 -0.99985005 -0.99988321 ...         nan         nan
          nan]]","[3.956249952316284, 4.052083492279053, 51.547916412353516, 51.64374923706055]","[[        nan         nan -0.92910562 ...         nan         nan
          nan]
 [        nan -0.7134506  -0.96206969 ...         nan         nan
          nan]
 [-0.92901449 -0.96199168 -0.99496887 ... -0.92901611 -0.92901611
  -0.92901611]
 ...
 [-1.         -1.         -1.         ...         nan         nan
          nan]
 [-1.         -1.         -1.         ...         nan         nan
          nan]
 [-1.         -1.         -1.         ...         nan         nan
          nan]]","[3.8812499046325684, 4.1270833015441895, 51.47291564941406, 51.71875]","[[         nan          nan          nan ...          nan          nan
           nan]
 [         nan          nan          nan ...          nan          nan
           nan]
 [         nan          nan          nan ...          nan          nan
           nan]
 ...
 [-27.2362725  -27.67353665 -27.81954694 ...  -3.63912175  -2.680892
           nan]
 [-28.11765289 -28.23577499 -27.50586348 ...  -3.79245045  -3.0903248
   -2.00001346]
 [-30.00002289 -29.         -29.         ...  -3.          -3.88187408
   -3.        ]]","[3.5062499046325684, 4.5020833015441895, 51.09791564941406, 52.09375]",,,,,0.11332406954016026,0.3310879263461284,0.7762211267839738,-0.9170521347962844,0.2382869279431239,3.0798475373877787,10.271851271874189,-2.597952551634435,3
98,45.335567,-0.795167,"[[nan nan nan ... nan nan nan]
 [nan nan nan ... nan nan nan]
 [nan nan nan ... nan nan nan]
 ...
 [nan nan nan ... nan nan nan]
 [nan nan nan ... nan nan nan]
 [nan nan nan ... nan nan nan]]","[0.0, 0.0, 0.0, 0.0]","[[nan nan nan ... nan nan nan]
 [nan nan nan ... nan nan nan]
 [nan nan nan ... nan nan nan]
 ...
 [nan nan nan ... nan nan nan]
 [nan nan nan ... nan nan nan]
 [nan nan nan ... nan nan nan]]","[0.0, 0.0, 0.0, 0.0]","[[nan nan nan ... nan nan nan]
 [nan nan nan ... nan nan nan]
 [nan nan nan ... nan nan nan]
 ...
 [nan nan nan ... nan nan nan]
 [nan nan nan ... nan nan nan]
 [nan nan nan ... nan nan nan]]","[0.0, 0.0, 0.0, 0.0]",,,,,,,,,,,,,2
99,51.50615366,4.07513028,"[[-1.00053405 -0.81935591 -0.63806325 ...         nan         nan
          nan]
 [        nan         nan         nan ...         nan         nan
          nan]
 [        nan         nan         nan ...         nan         nan
          nan]
 ...
 [        nan         nan         nan ... -1.40695699 -1.52247518
  -1.63806639]
 [        nan         nan         nan ... -1.5225742  -1.67091131
  -1.81934219]
 [        nan         nan         nan ... -1.63760748 -1.81859776
  -1.99970245]]","[4.027083396911621, 4.1229166984558105, 51.45624923706055, 51.55208206176758]","[[-15.99996184 -11.35253146  -6.70510108 ...          nan          nan
           nan]
 [-15.99997958 -13.51322153 -11.02646348 ...          nan          nan
           nan]
 [-15.99999729 -15.66965828 -15.33931927 ...          nan          nan
           nan]
 ...
 [         nan          nan          nan ...          nan          nan
           nan]
 [         nan          nan          nan ...          nan          nan
           nan]
 [         nan          nan          nan ...          nan          nan
           nan]]","[3.9520833492279053, 4.197916507720947, 51.381248474121094, 51.62708282470703]","[[         nan          nan          nan ...          nan          nan
           nan]
 [         nan          nan          nan ...          nan          nan
           nan]
 [         nan          nan          nan ...          nan          nan
           nan]
 ...
 [-27.23614412 -27.         -26.23614502 ...  -4.23614502  -4.23614502
   -4.23614502]
 [-26.88153121 -27.         -27.2082229  ...  -3.84701911  -4.79141671
   -4.88150165]
 [-26.         -26.88188469 -26.00012207 ...  -1.94500901  -4.99989235
   -4.99987793]]","[3.5770833492279053, 4.572916507720947, 51.006248474121094, 52.00208282470703]",0.13921030235488158,0.1455234725824223,0.3902628561462895,-0.7362703076544777,0.20236460177809362,0.7091488753689832,2.5774372005859467,-1.4835686946774223,0.4583723923442281,7.372641125087128,24.518131945314988,-7.896240544248733,4
100,51.95823879,4.16144308,"[[-1.00146481 -1.001288   -1.00111109 ...         nan         nan
          nan]
 [        nan         nan         nan ...         nan         nan
          nan]
 [        nan         nan         nan ...         nan         nan
          nan]
 ...
 [-5.91396332 -5.73291779 -5.55175781 ...         nan         nan
          nan]
 [-6.45778656 -6.27674103 -6.09558105 ...         nan         nan
          nan]
 [-6.99886322 -6.81781769 -6.63665771 ...         nan         nan
          nan]]","[4.114583492279053, 4.210416793823242, 51.91041564941406, 52.006248474121094]","[[ -4.00039672  -4.46522535  -4.9299395  ...  -2.85908584  -1.92923005
   -0.99960329]
 [ -3.53532302  -3.78405781  -4.03273134 ...  -2.02774904  -1.74617479
   -1.46466989]
 [ -3.07116482  -3.10423115  -3.13728933 ...  -1.19804873  -1.56347987
   -1.92882101]
 ...
 [-21.         -21.         -21.         ...          nan          nan
           nan]
 [-21.         -21.         -21.         ...          nan          nan
           nan]
 [-21.         -21.         -21.         ...          nan          nan
           nan]]","[4.039583206176758, 4.285416603088379, 51.83541488647461, 52.08124923706055]","[[         nan          nan  -1.58567285 ...          nan          nan
           nan]
 [         nan          nan          nan ...          nan          nan
           nan]
 [         nan          nan          nan ...          nan          nan
           nan]
 ...
 [-27.23608398 -27.90977629 -27.23608398 ...          nan          nan
           nan]
 [-28.         -28.         -28.0279728  ...          nan          nan
           nan]
 [-28.         -28.88173168 -28.23624039 ...          nan          nan
           nan]]","[3.664583444595337, 4.660416603088379, 51.46041488647461, 52.45624923706055]",2.5015128011244774,4.684731662611773,14.323923820643586,-7.6668048339005885,1.163021788692731,4.460261072429132,14.474377352758765,-7.589979433465739,0.2863606102904124,3.6677417727027755,9.994054019451315,-8.54076921340693,6
101,51.34208224,4.24763328,"[[        nan         nan         nan ... -0.81260448         nan
          nan]
 [        nan         nan         nan ... -2.14719226 -1.20851956
          nan]
 [        nan         nan         nan ... -3.47503971 -2.50369319
  -1.53296029]
 ...
 [-1.91249847 -2.09365845 -2.27470398 ...         nan         nan
          nan]
 [-2.45632172 -2.63748169 -2.81852722 ...         nan         nan
          nan]
 [-3.00014496 -3.18130493 -3.36235046 ...         nan         nan
          nan]]","[4.197916507720947, 4.293749809265137, 51.29375076293945, 51.389583587646484]","[[nan nan nan ... nan nan nan]
 [nan nan nan ... nan nan nan]
 [nan nan nan ... nan nan nan]
 ...
 [nan nan nan ... nan nan nan]
 [nan nan nan ... nan nan nan]
 [nan nan nan ... nan nan nan]]","[4.1229166984558105, 4.368750095367432, 51.21875, 51.46458435058594]","[[         nan          nan          nan ...          nan          nan
           nan]
 [         nan          nan          nan ...          nan          nan
           nan]
 [         nan          nan          nan ...          nan          nan
           nan]
 ...
 [-10.23651123 -10.02793811  -9.23651123 ...          nan          nan
           nan]
 [-11.99999327 -11.0139294  -10.32626921 ...  -0.70160414          nan
           nan]
 [-13.00024414 -12.11837006 -12.00024414 ...  -1.00018648  -0.99997115
   -2.00002289]]","[3.7479166984558105, 4.743750095367432, 50.84375, 51.83958435058594]",1.3671889010775937,2.1794310527517613,8.062497064476915,-3.468556257908283,1.2730406279204016,4.810907388904049,15.338862419126276,-7.741029365043296,0.6144020835538808,5.706085212273845,17.52659771589404,-11.738310142009922,7
102,51.72154375,3.67591773,"[[-12.00025177 -11.81913796 -11.63802416 ...          nan          nan
           nan]
 [-11.27515273 -11.12686822 -10.97858371 ...          nan          nan
           nan]
 [-10.55005369 -10.43459848 -10.31914326 ...          nan          nan
           nan]
 ...
 [ -8.          -8.          -8.         ...  -2.63818359  -2.63818359
   -2.63818359]
 [ -8.          -8.          -8.         ...  -2.81854248  -2.81854248
   -2.81854248]
 [ -8.          -8.          -8.         ...  -2.99981689  -2.99981689
   -2.99981689]]","[3.6270833015441895, 3.722916603088379, 51.672916412353516, 51.76874923706055]","[[-17.99879838 -17.53399863 -17.06919888 ...          nan          nan
           nan]
 [-20.32422009 -20.29155481 -20.25888953 ...  -1.98544976          nan
           nan]
 [-22.6450642  -23.04368273 -23.44230125 ...  -5.0373356   -1.98318839
           nan]
 ...
 [-18.0707016  -18.99984741 -19.92899323 ...  -9.07073975  -9.07073975
   -9.07073975]
 [-18.53578949 -19.4649353  -20.39408112 ...  -9.53582764  -9.53582764
   -9.53582764]
 [-18.99996185 -19.92910767 -20.85825348 ... -10.         -10.
  -10.        ]]","[3.5520832538604736, 3.7979166507720947, 51.59791564941406, 51.84375]","[[         nan          nan          nan ...          nan          nan
           nan]
 [         nan          nan          nan ...          nan          nan
           nan]
 [         nan          nan          nan ...          nan          nan
           nan]
 ...
 [-32.         -32.67353957 -31.18041582 ... -19.         -19.
  -19.7637737 ]
 [-32.88232422 -32.10419843 -31.         ... -19.11767578 -19.10378151
  -19.88237134]
 [-32.00001907 -31.         -31.76377106 ... -20.         -20.
  -18.99994659]]","[3.1770832538604736, 4.172916889190674, 51.22291564941406, 52.21875]",0.6806136332686612,1.5657338521542055,5.601855928078932,-4.468483835227934,0.46177486737714013,2.135507790152224,6.648112049329904,-3.9388024145449307,0.16997205938034163,2.0452188671402607,6.845097008173246,-3.303915117483988,3
103,51.58282787,3.47102233,"[[-27.00051499 -25.7327515  -24.46498802 ...          nan          nan
           nan]
 [-26.63796547 -25.40303128 -24.16809709 ...          nan          nan
           nan]
 [-26.27541595 -25.07331105 -23.87120616 ...          nan          nan
           nan]
 ...
 [-10.         -10.         -10.         ...  -6.36221695  -6.1811142
   -6.00001144]
 [-10.         -10.         -10.         ...  -6.36221695  -6.1811142
   -6.00001144]
 [-10.         -10.         -10.         ...  -6.36221695  -6.1811142
   -6.00001144]]","[3.4229166507720947, 3.518749952316284, 51.53541564941406, 51.631248474121094]","[[ -3.          -3.          -3.         ...          nan          nan
           nan]
 [ -3.          -3.          -3.         ...          nan          nan
           nan]
 [ -3.          -3.          -3.         ...          nan          nan
           nan]
 ...
 [-17.21167208 -17.14611467 -17.08055726 ...  -4.          -4.
   -4.        ]
 [-18.60694994 -18.10925807 -17.61156619 ...  -4.          -4.
   -4.        ]
 [-19.9994812  -19.07050551 -18.14152983 ...  -4.          -4.
   -4.        ]]","[3.347916603088379, 3.59375, 51.46041488647461, 51.70624923706055]","[[         nan          nan          nan ...          nan          nan
           nan]
 [         nan          nan          nan ...          nan          nan
           nan]
 [         nan          nan          nan ...          nan          nan
           nan]
 ...
 [-36.         -35.79179555 -34.36077117 ... -21.         -21.
  -21.        ]
 [-35.88160525 -35.         -35.58290045 ... -21.         -21.
  -21.        ]
 [-35.         -35.         -35.76349517 ... -21.         -21.
  -21.        ]]","[2.972916603088379, 3.96875, 51.08541488647461, 52.08124923706055]",0.23142063420370795,0.702479568760662,2.1671840921033825,-7.846949612831707,0.1882023353178545,1.2126410191622927,5.237512130522792,-7.762689202233696,0.14602735726773933,2.2777480916959862,13.195358274048672,-7.096251772179436,3
104,48.38290024,-4.49503994,"[[nan nan nan ... nan nan nan]
 [nan nan nan ... nan nan nan]
 [nan nan nan ... nan nan nan]
 ...
 [nan nan nan ... nan nan nan]
 [nan nan nan ... nan nan nan]
 [nan nan nan ... nan nan nan]]","[-4.543749809265137, -4.447916507720947, 48.33541488647461, 48.431251525878906]","[[-9.98609918 -7.19959456 -4.41377628 ...         nan         nan
          nan]
 [        nan         nan         nan ...         nan         nan
          nan]
 [        nan         nan         nan ...         nan         nan
          nan]
 ...
 [        nan         nan         nan ...         nan         nan
          nan]
 [        nan         nan         nan ...         nan         nan
          nan]
 [        nan         nan         nan ...         nan         nan
          nan]]","[-4.618750095367432, -4.3729166984558105, 48.26041793823242, 48.506248474121094]","[[ -65.99823757  -61.23654593  -65.05319994 ...           nan
            nan           nan]
 [ -62.64519673  -61.01410597  -59.31958768 ...           nan
            nan           nan]
 [ -61.4719642   -59.70788574  -59.87528133 ...           nan
            nan           nan]
 ...
 [-101.76416908  -96.99374838  -99.7083851  ...  -82.12443325
   -80.29829478  -80.00000583]
 [-102.76361035  -99.13212549 -100.1182251  ...  -81.58334467
   -81.77771362  -80.99999327]
 [-100.99997712 -100.23594666 -100.00036621 ...  -81.76382706
   -81.00032295  -81.        ]]","[-4.993750095367432, -3.9979166984558105, 47.88541793823242, 48.881248474121094]",0.31465203569225736,0.6185339997369507,2.797581156720701,-1.3540110578192035,0.5910165020846027,2.6027950521151944,7.9363305903933625,-4.291048125617936,0.4546065670682259,6.393899869831074,21.99232347311292,-11.864945594016774,2
105,51.048199,2.3664999,"[[        nan         nan         nan ...         nan         nan
          nan]
 [        nan         nan         nan ...         nan         nan
          nan]
 [        nan         nan         nan ...         nan         nan
          nan]
 ...
 [-4.44751609 -4.39748734 -4.34745859 ... -7.53807243 -7.58810118
  -7.63812994]
 [-3.7260888  -3.61073306 -3.49537733 ... -7.58778699 -7.70314272
  -7.81849845]
 [-3.00099944 -2.81998512 -2.63897079 ... -7.6377539  -7.81876823
  -7.99978255]]","[2.3187499046325684, 2.414583444595337, 51.00208282470703, 51.09791564941406]","[[         nan          nan          nan ...          nan          nan
           nan]
 [         nan          nan          nan ...          nan          nan
           nan]
 [         nan          nan          nan ...          nan          nan
           nan]
 ...
 [-19.71728516 -19.71728516 -19.71728516 ...  -8.26395427 -10.9197229
  -13.57581869]
 [-17.85693359 -17.85693359 -17.85693359 ...  -7.20189382  -8.99349998
  -10.78532683]
 [-16.00024414 -16.00024414 -16.00024414 ...  -6.14192405  -7.07106883
   -8.00032806]]","[2.2437500953674316, 2.4895832538604736, 50.92708206176758, 51.172916412353516]","[[         nan          nan          nan ...          nan          nan
           nan]
 [         nan          nan          nan ...          nan          nan
           nan]
 [         nan          nan          nan ...          nan          nan
           nan]
 ...
 [-27.47240472 -32.75662546 -37.63853061 ... -25.47241211 -24.44451276
  -23.23622513]
 [-32.35561439 -28.80535814 -34.14482425 ... -27.81975707 -26.01441594
  -25.23706055]
 [-37.99983978 -30.47230614 -30.52772309 ... -28.99995338 -27.
  -27.        ]]","[1.868749976158142, 2.8645832538604736, 50.55208206176758, 51.547916412353516]",,,,,,,,,0.28902163421904054,3.7241033604298566,11.850357055668018,-9.108953171062957,3
106,51.116699,1.3166699,"[[-19. -19. -19. ... -25. -25. -25.]
 [-19. -19. -19. ... -25. -25. -25.]
 [-19. -19. -19. ... -25. -25. -25.]
 ...
 [ nan  nan  nan ...  nan  nan  nan]
 [ nan  nan  nan ...  nan  nan  nan]
 [ nan  nan  nan ...  nan  nan  nan]]","[1.2687499523162842, 1.3645833730697632, 51.068748474121094, 51.16458511352539]","[[-24.         -24.         -24.         ... -41.14106982 -42.07049866
  -42.99998474]
 [-24.         -24.         -24.         ... -40.27852169 -41.63920777
  -42.99997765]
 [-24.         -24.         -24.         ... -39.41597355 -41.20791688
  -42.99997057]
 ...
 [         nan          nan          nan ... -10.79368835 -10.82640833
  -10.85913032]
 [         nan          nan          nan ...  -9.43138786  -9.68016177
   -9.92895099]
 [         nan          nan          nan ...  -8.07176907  -8.53617159
   -9.00060272]]","[1.193750023841858, 1.4395833015441895, 50.993751525878906, 51.23958206176758]","[[-38.99998856 -38.76317031 -38.76285593 ...          nan          nan
           nan]
 [-38.11822947 -37.99988842 -36.02792695 ...          nan          nan
           nan]
 [-42.2922829  -38.88221264 -37.5968895  ...          nan          nan
           nan]
 ...
 [ -0.99999865          nan          nan ... -41.47192383 -41.
  -41.        ]
 [         nan          nan          nan ... -46.23657227 -44.00037766
  -41.11829466]
 [         nan  -0.88127613  -1.99938965 ... -48.         -47.76319504
  -43.99940491]]","[0.8187500238418579, 1.8145833015441895, 50.618751525878906, 51.61458206176758]",0.6003965188699082,0.9675067128997139,3.2991684491286115,-1.81243008144608,0.6987220757327037,2.63138409182892,8.111037059191192,-3.972322588136248,0.48274538567220876,7.497815445670989,23.54910737589784,-14.83319375111669,4
107,51.216702,-3.1333301,"[[        nan         nan         nan ...         nan         nan
          nan]
 [        nan         nan         nan ...         nan         nan
          nan]
 [        nan         nan         nan ...         nan         nan
          nan]
 ...
 [-9.0000083  -8.93436076 -8.86871322 ... -3.23089341 -3.11543819
  -2.99998298]
 [-9.00000415 -8.96718591 -8.93436766 ... -3.29654716 -3.14826265
  -2.99997814]
 [-9.         -9.00001105 -9.00002211 ... -3.36220091 -3.1810871
  -2.9999733 ]]","[-3.1812500953674316, -3.085416555404663, 51.16875076293945, 51.264583587646484]","[[         nan          nan          nan ...          nan          nan
           nan]
 [         nan          nan          nan ...          nan          nan
           nan]
 [         nan          nan          nan ...          nan          nan
           nan]
 ...
 [-13.42588368 -13.02731425 -12.62869573 ...  -1.          -1.
   -1.        ]
 [-16.21093911 -16.24360037 -16.27626565 ...  -1.          -1.
   -1.        ]
 [-19.00148774 -19.46623024 -19.93102999 ...  -1.          -1.
   -1.        ]]","[-3.2562499046325684, -3.0104167461395264, 51.09375, 51.33958435058594]","[[nan nan nan ... nan nan nan]
 [nan nan nan ... nan nan nan]
 [nan nan nan ... nan nan nan]
 ...
 [nan nan nan ... nan nan nan]
 [nan nan nan ... nan nan nan]
 [nan nan nan ... nan nan nan]]","[-3.6312499046325684, -2.6354167461395264, 50.71875, 51.71458435058594]",0.11321906382316957,0.2792603881243098,1.0806425765620395,-2.746525127308162,0.10533977749752389,0.6435969662342917,2.0,-2.4227796754255166,0.07622894811409527,1.1442983589712497,4.172851562497429,-2.7290294958476435,3
108,51.216702,-4.1166701,"[[         nan          nan          nan ...          nan          nan
           nan]
 [         nan          nan          nan ...          nan          nan
           nan]
 [         nan          nan          nan ...          nan          nan
           nan]
 ...
 [-36.55002937 -36.43461064 -36.31911894 ... -32.68164078 -32.79705952
  -32.91255121]
 [-37.2751215  -37.12688384 -36.97855248 ... -33.15980958 -33.30804724
  -33.4563786 ]
 [-38.00021362 -37.81915704 -37.63798601 ... -33.63797838 -33.81903496
  -34.000206  ]]","[-4.164583206176758, -4.068749904632568, 51.16875076293945, 51.264583587646484]","[[ -3.00007629  -2.07081604  -1.14178467 ...          nan          nan
           nan]
 [ -3.00005859  -2.2864668   -1.57305077 ...          nan          nan
           nan]
 [ -3.00004085  -2.5025429   -2.00516749 ...          nan          nan
           nan]
 ...
 [-41.78708378 -41.3554349  -40.92389235 ... -32.85300028 -32.82002309
  -32.78704996]
 [-40.39454898 -40.17856857 -39.96264136 ... -31.89175107 -31.64313197
  -31.3945435 ]
 [-38.99926757 -38.999381   -38.99949441 ... -30.92860589 -30.46391957
  -29.99929047]]","[-4.239583492279053, -3.9937500953674316, 51.09375, 51.33958435058594]","[[        nan         nan         nan ...         nan         nan
          nan]
 [        nan         nan         nan ...         nan         nan
          nan]
 [        nan         nan         nan ...         nan         nan
          nan]
 ...
 [-5.76348877 -5.76348877 -5.76348877 ...         nan         nan
          nan]
 [-4.88208008 -4.88208008 -4.88208008 ...         nan         nan
          nan]
 [-4.         -4.         -4.         ...         nan         nan
          nan]]","[-4.614583492279053, -3.6187500953674316, 50.71875, 51.71458435058594]",1.155690035728565,3.6157866298981447,10.955599794171725,-19.536972660159083,1.0068277904787968,7.256913522838741,25.879140440822127,-19.84400890547048,0.18182857456379625,5.433252818788127,25.760307395833873,-24.876769263427317,6
109,51.549599,-2.9860001,"[[-1.         -1.         -1.         ... -5.27559368 -5.6378655
  -6.00013733]
 [-1.         -1.         -1.         ... -5.29129089 -5.55507483
  -5.81885877]
 [-1.         -1.         -1.         ... -5.3069881  -5.47228415
  -5.63758021]
 ...
 [        nan         nan         nan ...         nan         nan
          nan]
 [        nan         nan         nan ...         nan         nan
          nan]
 [        nan         nan         nan ...         nan         nan
          nan]]","[-3.035416603088379, -2.9395833015441895, 51.50208282470703, 51.59791564941406]","[[-3.99938965 -3.9996732  -3.99995676 ...         nan         nan
          nan]
 [-4.92956188 -4.49771097 -4.06586006 ...         nan         nan
          nan]
 [-5.85790307 -4.99476835 -4.13163363 ...         nan         nan
          nan]
 ...
 [        nan         nan         nan ...         nan         nan
          nan]
 [        nan         nan         nan ...         nan         nan
          nan]
 [        nan         nan         nan ...         nan         nan
          nan]]","[-3.1104166507720947, -2.8645832538604736, 51.42708206176758, 51.672916412353516]","[[nan nan nan ... nan nan nan]
 [nan nan nan ... nan nan nan]
 [nan nan nan ... nan nan nan]
 ...
 [nan nan nan ... nan nan nan]
 [nan nan nan ... nan nan nan]
 [nan nan nan ... nan nan nan]]","[-3.4854166507720947, -2.4895832538604736, 51.05208206176758, 52.047916412353516]",0.7054654558999983,1.7301622423327387,4.615366641443167,-3.1609892012091563,0.4173324869153129,1.5310247786052749,4.85404743999775,-3.5760832136591576,0.0199165661315309,0.749543180561329,3.579035317971809,-1.1516701805474645,3
110,51.569698,-3.9737,"[[-25.00042725 -25.00042725 -25.00042725 ... -19.36261368 -19.18151093
  -19.00040817]
 [-24.81915283 -24.81915283 -24.81915283 ... -19.18133926 -19.00023651
  -18.81913376]
 [-24.63787842 -24.63787842 -24.63787842 ... -19.00006485 -18.8189621
  -18.63785934]
 ...
 [         nan          nan          nan ...          nan          nan
           nan]
 [         nan          nan          nan ...          nan          nan
           nan]
 [         nan          nan          nan ...          nan          nan
           nan]]","[-4.022916793823242, -3.9270832538604736, 51.52291488647461, 51.618751525878906]","[[-31.         -31.         -31.         ... -23.92848331 -23.46376863
  -22.99911118]
 [-31.         -31.         -31.         ... -22.96723586 -22.28687928
  -21.60660649]
 [-31.         -31.         -31.         ... -22.00409247 -21.10766865
  -20.21135524]
 ...
 [         nan          nan          nan ...          nan          nan
           nan]
 [         nan          nan          nan ...          nan          nan
           nan]
 [         nan          nan          nan ...          nan          nan
           nan]]","[-4.097916603088379, -3.852083444595337, 51.44791793823242, 51.693748474121094]","[[-37.0005951  -36.88225898 -36.00037727 ...          nan          nan
           nan]
 [-39.88171387 -39.77739949 -38.1179657  ...          nan          nan
           nan]
 [-41.76402283 -40.76403809 -39.94454348 ...          nan          nan
           nan]
 ...
 [         nan          nan          nan ...          nan          nan
           nan]
 [         nan          nan          nan ...          nan          nan
           nan]
 [         nan          nan          nan ...          nan          nan
           nan]]","[-4.472916603088379, -3.477083444595337, 51.07291793823242, 52.068748474121094]",0.30253286619072606,0.701910202198008,2.426569589414218,-2.1817490869279115,0.20850802702910878,1.291233110262652,3.8346422943287504,-2.351018184024094,0.37534313953748394,9.688940383389559,30.951499938983897,-10.621358822080804,4
111,51.450001,0.75,"[[         nan          nan          nan ...          nan          nan
           nan]
 [         nan          nan          nan ...          nan          nan
           nan]
 [         nan          nan          nan ...          nan          nan
           nan]
 ...
 [ -8.27514787  -8.34078435  -8.40642083 ... -13.86872565 -13.93436213
  -13.99999862]
 [ -8.637696    -8.67050319  -8.70331038 ... -13.93438493 -13.96719212
  -13.99999931]
 [ -9.00024414  -9.00022203  -9.00019993 ... -14.00004422 -14.00002211
  -14.        ]]","[0.7020833492279053, 0.7979166507720947, 51.40208435058594, 51.49791717529297]","[[nan nan nan ... nan nan nan]
 [nan nan nan ... nan nan nan]
 [nan nan nan ... nan nan nan]
 ...
 [nan nan nan ... nan nan nan]
 [nan nan nan ... nan nan nan]
 [nan nan nan ... nan nan nan]]","[0.6270833611488342, 0.8729166388511658, 51.327083587646484, 51.57291793823242]","[[         nan          nan          nan ... -25.2362175  -27.23608864
  -27.99993134]
 [         nan          nan          nan ... -24.35474777 -25.
  -24.3555859 ]
 [         nan          nan          nan ... -23.8195785  -24.20830715
  -24.        ]
 ...
 [         nan          nan          nan ...          nan          nan
           nan]
 [         nan          nan          nan ...          nan          nan
           nan]
 [         nan          nan          nan ...  -1.76462594  -3.35593566
   -5.00304414]]","[0.25208333134651184, 1.2479166984558105, 50.952083587646484, 51.94791793823242]",1.9687807526693697,5.312699563029917,19.570786655264587,-10.263493021403692,1.3096757311674458,5.517863873712375,19.463092878771132,-11.877030316866785,0.4227821205348106,4.928188883354661,19.496578118415023,-7.191217571496408,6
112,51.381985,1.1155597,"[[        nan         nan         nan ...         nan         nan
          nan]
 [        nan         nan         nan ...         nan         nan
          nan]
 [        nan         nan         nan ...         nan         nan
          nan]
 ...
 [-3.99999793 -3.93440566 -3.86881339 ... -4.         -4.
  -4.        ]
 [-3.99999896 -3.96723599 -3.93447302 ... -4.         -4.
  -4.        ]
 [-4.         -4.00006632 -4.00013265 ... -4.         -4.
  -4.        ]]","[1.068750023841858, 1.1645833253860474, 51.33541488647461, 51.431251525878906]","[[        nan         nan         nan ...         nan         nan
          nan]
 [        nan         nan         nan ...         nan         nan
          nan]
 [        nan         nan         nan ...         nan         nan
          nan]
 ...
 [-6.85740593 -8.15176775 -9.44612957 ... -4.99957466 -5.46414757
  -5.92872047]
 [-5.92906917 -6.57650528 -7.22394139 ... -4.5354023  -4.9999752
  -5.46454811]
 [-5.00073242 -5.00124281 -5.00175321 ... -4.07122993 -4.53580284
  -5.00037575]]","[0.9937499761581421, 1.2395833730697632, 51.26041793823242, 51.506248474121094]","[[         nan          nan          nan ...  -2.00231405          nan
   -1.00000953]
 [         nan          nan          nan ... -13.2692148   -6.97802536
   -3.64514047]
 [         nan          nan          nan ... -17.87541423 -14.70829705
  -13.11229344]
 ...
 [         nan          nan          nan ... -20.23590088 -21.11811447
  -22.        ]
 [         nan          nan          nan ... -21.02792706 -22.
  -22.        ]
 [         nan          nan          nan ... -21.00008651 -22.
  -22.        ]]","[0.6187499761581421, 1.6145833730697632, 50.88541793823242, 51.881248474121094]",0.039620878361063865,0.11246581141919629,0.31530761718642253,-0.9358084542414029,0.044504601298048896,0.20743347770245305,0.8585205078141903,-1.0586693442201704,0.05798745931414088,1.0626335208945699,3.6451416015608125,-1.8114202732645406,3
113,51.507099,-2.7114,"[[nan nan nan ... nan nan nan]
 [nan nan nan ... nan nan nan]
 [nan nan nan ... nan nan nan]
 ...
 [-1. -1. -1. ... nan nan nan]
 [-1. -1. -1. ... nan nan nan]
 [-1. -1. -1. ... nan nan nan]]","[-2.7604167461395264, -2.664583444595337, 51.46041488647461, 51.556251525878906]","[[nan nan nan ... nan nan nan]
 [nan nan nan ... nan nan nan]
 [nan nan nan ... nan nan nan]
 ...
 [nan nan nan ... -1. -1. -1.]
 [nan nan nan ... -1. -1. -1.]
 [nan nan nan ... -1. -1. -1.]]","[-2.835416555404663, -2.589583396911621, 51.38541793823242, 51.631248474121094]","[[nan nan nan ... nan nan nan]
 [nan nan nan ... nan nan nan]
 [nan nan nan ... nan nan nan]
 ...
 [nan nan nan ... nan nan nan]
 [nan nan nan ... nan nan nan]
 [nan nan nan ... nan nan nan]]","[-3.210416555404663, -2.214583396911621, 51.01041793823242, 52.006248474121094]",0.5550261407178322,0.4563828061860563,1.221161358986396,-1.0406883233258324,0.3847276386298084,1.4140928403921411,5.227453251384823,-2.700444270403846,0.2211863226677931,2.1663227714722297,6.795593261719474,-4.30559140080738,3
114,51.966702,1.35,"[[-1.00019264 -1.18126223 -1.36233182 ... -7.6376133  -7.81871605
  -7.9998188 ]
 [-1.18146533 -1.32970562 -1.47794592 ... -7.45633888 -7.63744164
  -7.81854439]
 [-1.36182249 -1.4773993  -1.5929761  ... -7.27598    -7.45708275
  -7.6381855 ]
 ...
 [        nan         nan         nan ...         nan         nan
          nan]
 [        nan         nan         nan ...         nan         nan
          nan]
 [        nan         nan         nan ...         nan         nan
          nan]]","[1.3020833730697632, 1.3979166746139526, 51.91875076293945, 52.014583587646484]","[[         nan          nan          nan ... -12.         -12.
  -12.        ]
 [         nan          nan          nan ... -12.39838286 -11.96709905
  -11.53581524]
 [         nan          nan          nan ... -12.79755148 -11.93413321
  -11.07071493]
 ...
 [         nan          nan          nan ...          nan          nan
   -0.5031395 ]
 [         nan          nan          nan ...          nan          nan
           nan]
 [         nan          nan          nan ...          nan          nan
           nan]]","[1.2270833253860474, 1.4729167222976685, 51.84375, 52.08958435058594]","[[ -7.99999809  -9.          -7.23622608 ... -22.47244644 -27.59059143
  -36.00005341]
 [-19.05859207 -19.94091797 -19.82324219 ... -22.0555955  -25.60404859
  -34.23541832]
 [-11.18133264 -13.07059429 -16.18133545 ... -26.56876054 -22.70874023
  -30.47259074]
 ...
 [         nan          nan          nan ... -24.23593521 -26.6110611
  -25.47302246]
 [         nan          nan          nan ... -23.14615872 -25.35415649
  -26.99999843]
 [         nan          nan          nan ... -22.23616555 -25.23599243
  -28.0002575 ]]","[0.8520833253860474, 1.8479167222976685, 51.46875, 52.46458435058594]",,,,,,,,,0.0975949398634368,1.0665295828604078,3.3406933535575147,-1.984399854939101,3
115,51.948002,1.2920001,"[[        nan         nan         nan ... -5.36237457 -5.18131603
  -5.00025749]
 [        nan         nan         nan ... -5.47798797 -5.32975873
  -5.18152948]
 [        nan         nan         nan ... -5.59301747 -5.47745171
  -5.36188596]
 ...
 [-1.27514806 -1.22531827 -1.17548849 ...         nan         nan
          nan]
 [-1.63769896 -1.52221058 -1.40672221 ...         nan         nan
          nan]
 [-2.00024986 -1.8191029  -1.63795593 ...         nan         nan
          nan]]","[1.243749976158142, 1.3395832777023315, 51.90208435058594, 51.99791717529297]","[[         nan          nan          nan ... -10.92909101 -10.46454646
  -10.00000191]
 [         nan          nan          nan ... -10.49780632 -10.24890367
  -10.00000102]
 [         nan          nan          nan ... -10.06567096 -10.03283555
  -10.00000013]
 ...
 [         nan          nan          nan ...          nan          nan
           nan]
 [         nan          nan          nan ...          nan          nan
           nan]
 [         nan          nan          nan ...          nan          nan
           nan]]","[1.1687500476837158, 1.4145833253860474, 51.827083587646484, 52.07291793823242]","[[ -2.00012207  -2.00012207  -2.00006104 ... -43.23608589 -41.99994617
  -42.99993706]
 [ -5.76294198  -4.88146973  -3.88146973 ... -41.23620796 -41.79136427
  -41.11853027]
 [-10.99999849 -11.11097133 -10.81899071 ... -40.65282823 -42.97210335
  -42.00000146]
 ...
 [         nan          nan          nan ...  -4.23584366  -8.4161661
  -19.29027176]
 [         nan          nan          nan ...  -3.56252884  -9.10429119
  -13.99999383]
 [         nan          nan          nan ...  -5.23651314  -7.99996396
  -10.99907875]]","[0.793749988079071, 1.7895833253860474, 51.452083587646484, 52.44791793823242]",0.9046477460742081,1.5766397277003092,4.983860045664801,-2.961697969750862,0.5911367639282642,3.0472680930245986,10.9771792050506,-4.474672261273782,0.36765155231730173,4.0230749442674005,12.407430827843994,-5.02312450167832,3
116,51.223793,1.4092588,"[[         nan          nan          nan ... -22.         -22.
  -22.        ]
 [         nan          nan          nan ... -22.         -22.
  -22.        ]
 [         nan          nan          nan ... -22.         -22.
  -22.        ]
 ...
 [         nan          nan          nan ...  -9.46183216  -9.59297248
   -9.72411281]
 [         nan          nan          nan ...  -9.23060466  -9.2960864
   -9.36156813]
 [         nan          nan          nan ...  -9.00054498  -9.00069973
   -9.00085448]]","[1.3604166507720947, 1.4562499523162842, 51.17708206176758, 51.27291488647461]","[[-17.99489975 -18.92398834 -19.85313416 ... -50.92957306 -50.46500015
  -50.00042725]
 [-12.42483139 -13.35391998 -14.2830658  ... -51.39374542 -50.92917252
  -50.46459961]
 [ -6.85476303  -7.78385162  -8.71299744 ... -51.85791779 -51.39334488
  -50.92877197]
 ...
 [         nan          nan          nan ... -10.         -10.
  -10.        ]
 [         nan          nan          nan ... -10.         -10.
  -10.        ]
 [         nan          nan          nan ... -10.         -10.
  -10.        ]]","[1.2854167222976685, 1.53125, 51.10208511352539, 51.34791564941406]","[[-31.99957275 -31.11800497 -30.23622513 ...          nan          nan
           nan]
 [-30.11816418 -30.10420819 -30.02791332 ...          nan          nan
           nan]
 [-30.76416089 -30.         -29.9442887  ...          nan          nan
           nan]
 ...
 [         nan          nan          nan ... -44.99981308 -42.20796055
  -36.4720459 ]
 [         nan          nan          nan ... -43.60999117 -44.40850639
  -40.88165283]
 [         nan          nan          nan ... -39.99974239 -39.88213921
  -39.00024414]]","[0.9104166626930237, 1.90625, 50.72708511352539, 51.72291564941406]",0.40386330233816775,0.7435235968414875,2.4164496655590235,-2.5245291784810213,0.3597044752206285,1.395239535986049,5.01779525750867,-3.4150122130513885,0.2505912002243674,3.7584640885778606,14.771470250097552,-8.24854023215563,3
117,51.5,-2.7284,"[[nan nan nan ... nan nan nan]
 [nan nan nan ... nan nan nan]
 [nan nan nan ... nan nan nan]
 ...
 [-1. -1. -1. ... nan nan nan]
 [-1. -1. -1. ... nan nan nan]
 [-1. -1. -1. ... nan nan nan]]","[-2.777083396911621, -2.6812500953674316, 51.452083587646484, 51.547916412353516]","[[nan nan nan ... nan nan nan]
 [nan nan nan ... nan nan nan]
 [nan nan nan ... nan nan nan]
 ...
 [nan nan nan ... -1. -1. -1.]
 [nan nan nan ... -1. -1. -1.]
 [nan nan nan ... -1. -1. -1.]]","[-2.852083444595337, -2.606250047683716, 51.37708282470703, 51.62291717529297]","[[nan nan nan ... nan nan nan]
 [nan nan nan ... nan nan nan]
 [nan nan nan ... nan nan nan]
 ...
 [nan nan nan ... nan nan nan]
 [nan nan nan ... nan nan nan]
 [nan nan nan ... nan nan nan]]","[-3.227083444595337, -2.231250047683716, 51.00208282470703, 51.99791717529297]",0.286467011256503,0.5771557905325458,2.637693019127846,-3.2063492585981126,0.37740110442127145,2.1191530184208323,6.910851258789444,-3.9525502564047,0.17247868731861968,2.1601254693510175,6.913696289063331,-3.9896588473116847,3
118,51.570122,-2.7000217,"[[-1. -1. -1. ... nan nan nan]
 [-1. -1. -1. ... nan nan nan]
 [-1. -1. -1. ... nan nan nan]
 ...
 [nan nan nan ... nan nan nan]
 [nan nan nan ... nan nan nan]
 [nan nan nan ... nan nan nan]]","[-2.7479166984558105, -2.652083396911621, 51.52291488647461, 51.618751525878906]","[[nan nan nan ... nan nan nan]
 [nan nan nan ... nan nan nan]
 [nan nan nan ... nan nan nan]
 ...
 [nan nan nan ... nan nan nan]
 [nan nan nan ... nan nan nan]
 [nan nan nan ... nan nan nan]]","[-2.8229167461395264, -2.5770833492279053, 51.44791793823242, 51.693748474121094]","[[nan nan nan ... nan nan nan]
 [nan nan nan ... nan nan nan]
 [nan nan nan ... nan nan nan]
 ...
 [nan nan nan ... nan nan nan]
 [nan nan nan ... nan nan nan]
 [nan nan nan ... nan nan nan]]","[-3.1979167461395264, -2.2020833492279053, 51.07291793823242, 52.068748474121094]",0.0007992058691214347,0.0025364766705613167,0.017939334734636825,-1.0003661088721354,0.026423103542027735,0.20231369126605428,1.0,-1.0814593864639608,0.03641856739440632,0.8323525780023854,3.315392435995279,-1.5442960169338495,3
119,51.522301,3.4402001,"[[-3.         -3.         -3.         ... -6.0007997  -6.00088812
  -6.00097655]
 [-3.         -3.         -3.         ... -5.40702614 -5.34145597
  -5.27588581]
 [-3.         -3.         -3.         ... -4.81325258 -4.68202382
  -4.55079507]
 ...
 [-5.9999927  -6.11553634 -6.23107999 ... -3.04535165 -2.79868979
  -2.55202793]
 [-5.99999062 -6.14836356 -6.2967365  ... -3.70478726 -3.4909547
  -3.27712213]
 [-5.99998856 -6.18102499 -6.36206142 ... -4.36089239 -4.17972331
  -3.99855424]]","[3.393749952316284, 3.4895832538604736, 51.47291564941406, 51.568748474121094]","[[ -9.99914552  -9.99894703  -9.99874854 ...          nan          nan
           nan]
 [-10.92931065 -11.1451794  -11.36104815 ...          nan          nan
   -1.32326808]
 [-11.85764476 -12.28915541 -12.72066606 ...  -0.65832954  -2.15123503
   -3.64414052]
 ...
 [-14.21167154 -14.17889283 -14.14611413 ...  -4.          -4.
   -4.        ]
 [-15.60694585 -15.35809992 -15.10925398 ...  -4.          -4.
   -4.        ]
 [-16.99947357 -16.53498573 -16.07049789 ...  -4.          -4.
   -4.        ]]","[3.3187499046325684, 3.5645833015441895, 51.39791488647461, 51.64374923706055]","[[         nan          nan          nan ...          nan          nan
           nan]
 [         nan          nan          nan ...          nan          nan
           nan]
 [         nan          nan          nan ...          nan          nan
           nan]
 ...
 [-36.70829105 -33.44440108 -34.18031321 ... -21.49832691 -20.23608398
  -20.23608398]
 [-37.1184338  -35.01367493 -35.64535904 ... -32.60829818 -23.68758349
  -21.59203921]
 [-38.00006866 -34.11812084 -34.00013985 ... -25.23629885 -26.99945068
  -26.99981689]]","[2.9437499046325684, 3.9395833015441895, 51.02291488647461, 52.01874923706055]",2.5231048951976245,3.436829598620078,12.650080746506672,-6.055928062632716,1.7702875085232537,6.159848006571727,19.779424293161885,-11.931997242240246,0.6551070784062379,6.6576449072950705,23.899959364694883,-10.200583654502012,7
120,45.040483,-0.603517,"[[nan nan nan ... nan nan nan]
 [nan nan nan ... nan nan nan]
 [nan nan nan ... nan nan nan]
 ...
 [nan nan nan ... nan nan nan]
 [nan nan nan ... nan nan nan]
 [nan nan nan ... nan nan nan]]","[0.0, 0.0, 0.0, 0.0]","[[nan nan nan ... nan nan nan]
 [nan nan nan ... nan nan nan]
 [nan nan nan ... nan nan nan]
 ...
 [nan nan nan ... nan nan nan]
 [nan nan nan ... nan nan nan]
 [nan nan nan ... nan nan nan]]","[0.0, 0.0, 0.0, 0.0]","[[nan nan nan ... nan nan nan]
 [nan nan nan ... nan nan nan]
 [nan nan nan ... nan nan nan]
 ...
 [nan nan nan ... nan nan nan]
 [nan nan nan ... nan nan nan]
 [nan nan nan ... nan nan nan]]","[0.0, 0.0, 0.0, 0.0]",,,,,,,,,,,,,2
121,52.3385,-6.4589,"[[nan nan nan ... nan nan nan]
 [nan nan nan ... nan nan nan]
 [nan nan nan ... nan nan nan]
 ...
 [nan nan nan ... nan nan nan]
 [nan nan nan ... nan nan nan]
 [nan nan nan ... nan nan nan]]","[-6.506249904632568, -6.410416603088379, 52.28958511352539, 52.38541793823242]","[[nan nan nan ... nan nan nan]
 [nan nan nan ... nan nan nan]
 [nan nan nan ... nan nan nan]
 ...
 [nan nan nan ... nan nan nan]
 [nan nan nan ... nan nan nan]
 [nan nan nan ... nan nan nan]]","[-6.581250190734863, -6.335416793823242, 52.21458435058594, 52.46041488647461]","[[ -71.          -71.          -70.99975586 ... -108.23623657
  -110.         -109.00027465]
 [ -71.          -71.          -70.         ... -107.35458374
  -108.3408202  -109.11834717]
 [ -70.          -70.          -69.23602295 ... -106.81952068
  -107.17366997 -107.23600684]
 ...
 [          nan           nan           nan ...  -29.
   -28.88189697  -29.52827367]
 [          nan           nan           nan ...  -28.67351404
   -29.11816406  -28.11819458]
 [          nan           nan           nan ...  -26.00085449
   -29.23653238  -30.99914552]]","[-6.956250190734863, -5.960416793823242, 51.83958435058594, 52.83541488647461]",,,,,0.02533897917268397,0.07367461358549843,0.14734922717099685,-1.4367615561938232,0.12338963061935013,1.699871422557488,5.237334165698799,-3.501499496164354,0
122,52.14767,-6.99188,"[[-23.00045775 -22.81932382 -22.63807539 ... -20.63870552 -20.81979525
  -21.00099946]
 [-22.63791998 -22.5224239  -22.4068548  ... -19.97926231 -20.12753312
  -20.27589765]
 [-22.27538222 -22.22552398 -22.17563422 ... -19.31981909 -19.43527098
  -19.55079585]
 ...
 [         nan          nan          nan ...  -2.63781738  -2.81886292
   -3.00002289]
 [         nan          nan          nan ...  -2.63781738  -2.81886292
   -3.00002289]
 [         nan          nan          nan ...  -2.63781738  -2.81886292
   -3.00002289]]","[-7.039583206176758, -6.943749904632568, 52.09791564941406, 52.193748474121094]","[[-50.99999998 -51.0001985  -51.00039696 ... -53.         -53.
  -53.        ]
 [-51.00001773 -50.78412239 -50.56828023 ... -53.         -53.
  -53.        ]
 [-51.00003543 -50.56847163 -50.13701413 ... -53.         -53.
  -53.        ]
 ...
 [         nan          nan          nan ...          nan          nan
           nan]
 [         nan          nan          nan ...          nan          nan
           nan]
 [         nan          nan          nan ...          nan          nan
           nan]]","[-7.114583492279053, -6.868750095367432, 52.02291488647461, 52.26874923706055]","[[-74.99953457 -76.00042725 -76.00032633 ... -73.00042725 -73.00042725
  -73.00042725]
 [-76.00000451 -75.10411433 -75.2361908  ... -72.         -72.
  -72.        ]
 [-76.         -76.         -75.         ... -72.         -72.
  -72.        ]
 ...
 [         nan          nan          nan ...          nan          nan
           nan]
 [         nan          nan          nan ...          nan          nan
           nan]
 [         nan          nan          nan ...          nan          nan
           nan]]","[-7.489583492279053, -6.493750095367432, 51.64791488647461, 52.64374923706055]",3.7710659900607824,3.0125625849241477,8.584676497635044,-4.812794972747645,1.218013732974627,4.643693136927358,13.660518174490988,-7.955324698081559,0.25397345692421974,3.7570609397575945,12.100266175376769,-14.844569552059756,0
123,52.792,-6.1451998,"[[         nan          nan          nan ... -19.27551857 -19.63747703
  -19.9996643 ]
 [         nan          nan          nan ... -19.22580814 -19.52246027
  -19.8192999 ]
 [         nan          nan          nan ... -19.17584538 -19.40685966
  -19.63801996]
 ...
 [         nan          nan          nan ...  -5.90048508  -6.31243439
   -6.72464409]
 [         nan          nan          nan ...  -5.40662461  -5.88421176
   -6.3621008 ]
 [         nan          nan          nan ...  -4.91276413  -5.45598913
   -5.9995575 ]]","[-6.193749904632568, -6.097916603088379, 52.743751525878906, 52.83958435058594]","[[         nan          nan          nan ... -41.14126816 -42.07044334
  -42.99938965]
 [         nan          nan          nan ... -40.18004904 -40.89355576
  -41.60688673]
 [         nan          nan          nan ... -39.21693403 -39.7143469
  -40.21163725]
 ...
 [         nan          nan          nan ...  -8.80161995  -8.90081893
   -8.99999348]
 [         nan          nan          nan ...  -7.50772603  -8.2539304
   -8.99995099]
 [         nan          nan          nan ...  -6.21128005  -7.60576596
   -8.99990841]]","[-6.268750190734863, -6.022916793823242, 52.66875076293945, 52.91458511352539]","[[         nan          nan          nan ... -92.00018311 -94.23579659
  -96.99960326]
 [         nan          nan          nan ... -92.79173578 -91.22252686
  -93.23677866]
 [         nan          nan          nan ... -92.         -91.76391602
  -92.23606957]
 ...
 [         nan          nan          nan ... -44.65255238 -47.08353857
  -51.52832577]
 [         nan          nan          nan ... -44.3543396  -46.
  -49.64563349]
 [         nan          nan          nan ... -43.52679682 -44.88217284
  -43.99871827]]","[-6.643750190734863, -5.647916793823242, 52.29375076293945, 53.28958511352539]",,,,,0.679657980057631,1.55222334686945,4.572324443613974,-2.5831681721561424,0.3343354348314498,4.29919270551672,13.21862708032061,-9.075098966738386,0
124,52.338501,-6.4589,"[[nan nan nan ... nan nan nan]
 [nan nan nan ... nan nan nan]
 [nan nan nan ... nan nan nan]
 ...
 [nan nan nan ... nan nan nan]
 [nan nan nan ... nan nan nan]
 [nan nan nan ... nan nan nan]]","[-6.506249904632568, -6.410416603088379, 52.28958511352539, 52.38541793823242]","[[nan nan nan ... nan nan nan]
 [nan nan nan ... nan nan nan]
 [nan nan nan ... nan nan nan]
 ...
 [nan nan nan ... nan nan nan]
 [nan nan nan ... nan nan nan]
 [nan nan nan ... nan nan nan]]","[-6.581250190734863, -6.335416793823242, 52.21458435058594, 52.46041488647461]","[[ -71.          -71.          -70.99975586 ... -108.23623657
  -110.         -109.00027465]
 [ -71.          -71.          -70.         ... -107.35458374
  -108.3408202  -109.11834717]
 [ -70.          -70.          -69.23602295 ... -106.81952068
  -107.17366997 -107.23600684]
 ...
 [          nan           nan           nan ...  -29.
   -28.88189697  -29.52827367]
 [          nan           nan           nan ...  -28.67351404
   -29.11816406  -28.11819458]
 [          nan           nan           nan ...  -26.00085449
   -29.23653238  -30.99914552]]","[-6.956250190734863, -5.960416793823242, 51.83958435058594, 52.83541488647461]",,,,,0.025338979402034396,0.07367461358549843,0.14734922717099685,-1.4367615561938232,0.12338963232780593,1.699871422557488,5.237334165698799,-3.501499496164354,0
125,52.2696,-9.8620996,"[[         nan          nan          nan ...          nan          nan
           nan]
 [         nan          nan          nan ...          nan          nan
           nan]
 [         nan          nan          nan ...          nan          nan
           nan]
 ...
 [-12.91400278 -12.92957243 -12.94514208 ...          nan          nan
           nan]
 [-13.45781772 -13.3749306  -13.29204349 ...          nan          nan
           nan]
 [-13.99888613 -13.8180395  -13.63719287 ...          nan          nan
           nan]]","[-9.910416603088379, -9.814583778381348, 52.22291564941406, 52.318748474121094]","[[         nan          nan          nan ...          nan          nan
           nan]
 [         nan          nan          nan ...          nan          nan
           nan]
 [         nan          nan          nan ...          nan          nan
           nan]
 ...
 [-29.28238814 -30.51175891 -31.74173559 ...          nan          nan
           nan]
 [-31.14259776 -31.29203156 -31.44153901 ...          nan          nan
           nan]
 [-32.99914556 -32.07076825 -31.14193337 ...          nan          nan
           nan]]","[-9.985416412353516, -9.739583015441895, 52.14791488647461, 52.39374923706055]","[[ -53.00030515  -50.11844931  -47.99914551 ...           nan
            nan           nan]
 [ -51.99988514  -49.90978641  -40.87540216 ...           nan
            nan           nan]
 [ -50.23568552  -44.03959092           nan ...           nan
            nan           nan]
 ...
 [ -98.23608398  -98.90980252  -99.4164035  ...           nan
            nan           nan]
 [ -99.1184082  -100.00033569 -101.09043947 ...           nan
            nan           nan]
 [-100.00006102 -100.99997838 -101.99995675 ...           nan
            nan           nan]]","[-10.360416412353516, -9.364583015441895, 51.77291488647461, 52.76874923706055]",0.8814848759447527,1.5932467411306457,5.538908718171481,-3.392877625973857,0.3460701947699623,1.213222670925039,4.521179415264689,-2.5902039304420352,0.09103388814843462,1.1502264770476387,4.440551757812624,-2.5582750963510477,0
126,52.013222,-4.98375,"[[         nan          nan          nan ...          nan          nan
           nan]
 [         nan          nan          nan ...          nan          nan
           nan]
 [         nan          nan          nan ...          nan          nan
           nan]
 ...
 [-45.63757324 -45.45652771 -45.27536774 ... -33.07582314 -33.1755142
  -33.27514229]
 [-45.81884766 -45.63780212 -45.45664215 ... -33.17573208 -33.40678181
  -33.63768558]
 [-46.00012207 -45.81907654 -45.63791656 ... -33.27564101 -33.63804941
  -34.00022888]]","[-5.03125, -4.9354166984558105, 51.96458435058594, 52.06041717529297]","[[         nan          nan          nan ...          nan          nan
           nan]
 [         nan          nan          nan ...          nan          nan
           nan]
 [         nan          nan          nan ...          nan          nan
           nan]
 ...
 [-50.14217814 -51.03820804 -51.93423793 ... -37.92895508 -37.92895508
  -37.92895508]
 [-51.07050162 -51.75091617 -52.43133072 ... -37.46478271 -37.46478271
  -37.46478271]
 [-52.00065611 -52.46503004 -52.92940397 ... -36.99969482 -36.99969482
  -36.99969482]]","[-5.106249809265137, -4.860416889190674, 51.889583587646484, 52.13541793823242]","[[-63.99983216 -62.11808777 -60.23632897 ... -27.05525292 -26.11808014
  -25.99999237]
 [-62.00000543 -62.79137591 -60.65350442 ... -28.7703227  -26.8954658
  -26.76295211]
 [-61.23617109 -59.12521366 -59.24987613 ... -28.0557951  -28.18042357
  -27.00004079]
 ...
 [-82.76350846 -84.31821949 -84.41508865 ... -24.00035858 -23.
  -23.        ]
 [-82.88205942 -83.09022355 -83.70153696 ... -23.85389856 -23.11808014
  -24.        ]
 [-80.99969482 -81.88160706 -84.23652649 ... -23.999839   -22.99996396
  -23.99994658]]","[-5.481249809265137, -4.485416889190674, 51.514583587646484, 52.51041793823242]",3.831960922353838,3.28790920002637,11.130826705784996,-6.572666211180913,1.2865656493463453,5.056805357351047,17.09953276772126,-8.584368011827495,0.43683143819918796,10.808838584720775,35.93481143379261,-21.584839125422267,0
127,52.473083,1.75025,"[[         nan          nan          nan ... -19.99988946 -19.99994473
  -20.        ]
 [         nan          nan          nan ... -20.06554874 -20.03277472
  -20.00000069]
 [         nan          nan          nan ... -20.13120803 -20.0656047
  -20.00000138]
 ...
 [         nan          nan          nan ...  -1.53801354  -1.58797597
   -1.6379384 ]
 [         nan          nan          nan ...  -1.58796939  -1.70359041
   -1.81921143]
 [         nan          nan          nan ...  -1.63767294  -1.81862094
   -1.99956894]]","[1.7020833492279053, 1.7979166507720947, 52.42708206176758, 52.52291488647461]","[[         nan          nan          nan ... -28.07125879 -28.53563321
  -29.00000763]
 [         nan          nan          nan ... -28.50253905 -28.75127157
  -29.00000408]
 [         nan          nan          nan ... -28.93381932 -28.96690993
  -29.00000054]
 ...
 [         nan          nan          nan ... -26.15134832 -26.68142192
  -27.21149552]
 [         nan          nan          nan ... -26.68235015 -27.64455822
  -28.60676629]
 [         nan          nan          nan ... -27.21230671 -28.60579859
  -29.99929046]]","[1.6270833015441895, 1.8729166984558105, 52.35208511352539, 52.59791564941406]","[[         nan          nan          nan ... -48.7635571  -48.23611746
  -50.        ]
 [         nan          nan          nan ... -49.58327921 -48.01395328
  -46.4726437 ]
 [ -2.29248047  -1.61857723  -1.180508   ... -49.6946935  -47.27037709
  -48.52832794]
 ...
 [-10.76398288 -10.         -10.76397705 ... -41.94424725 -41.79184757
  -43.00000763]
 [-11.11834717 -11.11834717 -11.11834717 ... -39.9096085  -41.34054017
  -43.        ]
 [-13.99951172 -13.11783959 -12.99975586 ... -39.47237733 -42.99978469
  -43.        ]]","[1.2520833015441895, 2.2479166984558105, 51.97708511352539, 52.97291564941406]",,,,,0.3445746746224301,0.8668770776983448,2.5678137405771,-2.4592533629036275,0.2724396214288099,3.2627187430288416,12.236647562327908,-5.309001669371768,3
128,52.934194,1.301639,"[[         nan          nan          nan ...          nan          nan
           nan]
 [         nan          nan          nan ...          nan          nan
           nan]
 [         nan          nan          nan ...          nan          nan
           nan]
 ...
 [-15.36236572 -15.36236572 -15.36236572 ... -18.         -18.
  -18.        ]
 [-15.18109131 -15.18109131 -15.18109131 ... -18.         -18.
  -18.        ]
 [-14.99981689 -14.99981689 -14.99981689 ... -18.         -18.
  -18.        ]]","[1.2520833015441895, 1.3479167222976685, 52.88541793823242, 52.98125076293945]","[[         nan          nan          nan ...          nan          nan
           nan]
 [         nan          nan          nan ...          nan          nan
           nan]
 [         nan          nan          nan ...          nan          nan
           nan]
 ...
 [-19.         -19.         -19.         ... -24.2130909  -24.67763519
  -25.1422081 ]
 [-19.         -19.         -19.         ... -25.14143562 -25.60597992
  -26.07055283]
 [-19.         -19.         -19.         ... -26.0716114  -26.5361557
  -27.00072861]]","[1.1770833730697632, 1.4229166507720947, 52.81041717529297, 53.056251525878906]","[[         nan          nan          nan ...  -7.94512513 -17.35396598
  -20.00012207]
 [         nan          nan          nan ...  -8.38269044 -14.5905056
  -20.11846497]
 [         nan          nan          nan ...  -8.76385498 -10.61833737
  -19.23612303]
 ...
 [-12.76336783 -12.06221233 -12.         ... -23.18073231 -23.09015446
  -23.9999991 ]
 [-12.00000477 -11.10410009 -12.09015875 ... -24.35427666 -23.98599998
  -23.11804154]
 [-13.00037098 -12.00004325 -13.76415157 ... -27.00064591 -23.76343155
  -22.99962997]]","[0.8020833134651184, 1.7979166507720947, 52.43541717529297, 53.431251525878906]",0.4205528401938909,0.8119322040508008,2.2443641964438017,-2.3247848312069666,0.416240905351101,1.5575443938636053,5.66740945284649,-3.896842785499294,0.15542215517436436,3.326862326018464,10.914779240612546,-8.023659428486532,3
129,52.719333,-4.045028,"[[-3.99987793 -3.63777582 -3.27544481 ...         nan         nan
          nan]
 [-4.36242676 -4.03314357 -3.70365223 ...         nan         nan
          nan]
 [-4.72497559 -4.42851132 -4.13185965 ...         nan         nan
          nan]
 ...
 [        nan         nan         nan ...         nan         nan
          nan]
 [        nan         nan         nan ...         nan         nan
          nan]
 [        nan         nan         nan ...         nan         nan
          nan]]","[-4.09375, -3.9979166984558105, 52.672916412353516, 52.76874923706055]","[[-2.99911501 -3.9283732  -4.85763139 ...         nan         nan
          nan]
 [-4.859424   -5.35660094 -5.85377789 ...         nan         nan
          nan]
 [-6.71607095 -6.78201721 -6.84796347 ...         nan         nan
          nan]
 ...
 [-8.07069397 -7.60617828 -7.1416626  ...         nan         nan
          nan]
 [-8.53578186 -8.07126617 -7.60675049 ...         nan         nan
          nan]
 [-8.99995422 -8.53543854 -8.07092285 ...         nan         nan
          nan]]","[-4.168749809265137, -3.9229166507720947, 52.59791564941406, 52.84375]","[[-23.99980165 -25.00021531 -23.47225616 ...          nan          nan
           nan]
 [-24.99995962 -24.0139249  -24.0278552  ...          nan          nan
           nan]
 [-25.76347794 -24.85364745 -24.         ...          nan          nan
           nan]
 ...
 [ -3.99998918  -3.09018752  -2.81954423 ...          nan          nan
           nan]
 [ -2.99999461  -2.88232422  -2.         ...          nan          nan
           nan]
 [ -2.          -2.          -1.         ...          nan          nan
           nan]]","[-4.543749809265137, -3.5479166507720947, 52.22291564941406, 53.21875]",0.021139207762982035,0.06485887149234319,0.39681002497401496,-0.9835639260710985,0.0029956520577653816,0.03161287849010668,0.15501743182353311,-0.9932601116598463,0.06459088370484425,0.7675000288666576,2.1829942967598215,-1.4887445815146072,3
130,52.964357,4.74499,"[[-25.0003814  -23.18909127 -21.37894535 ...          nan          nan
           nan]
 [-25.00035388 -23.319759   -21.64022576 ...          nan          nan
           nan]
 [-25.00032622 -23.45109001 -21.90283246 ...          nan          nan
           nan]
 ...
 [ -4.63774253  -4.70336658  -4.76894917 ...          nan          nan
           nan]
 [ -4.81902386  -4.85180824  -4.88457191 ...          nan          nan
           nan]
 [ -5.00030519  -5.0002499   -5.00019465 ...          nan          nan
           nan]]","[4.697916507720947, 4.793749809265137, 52.91458511352539, 53.01041793823242]","[[-11.         -11.         -11.         ...          nan          nan
   -1.00004577]
 [-11.         -11.         -11.         ...          nan  -0.50232806
   -1.00002452]
 [-11.         -11.         -11.         ...  -0.86900183  -0.93449446
   -1.00000323]
 ...
 [-18.         -18.         -18.         ...          nan          nan
           nan]
 [-18.         -18.         -18.         ...          nan          nan
           nan]
 [-18.         -18.         -18.         ...          nan          nan
           nan]]","[4.6229166984558105, 4.868750095367432, 52.83958435058594, 53.08541488647461]","[[-19.         -19.         -19.         ...  -3.          -3.
   -3.        ]
 [-19.         -19.         -19.88165283 ...  -3.          -3.
   -3.        ]
 [-19.         -19.         -20.         ...  -3.          -3.11815643
   -4.        ]
 ...
 [-26.         -26.         -26.         ... -16.23583984 -15.23583984
  -15.23583984]
 [-25.00000673 -25.88183594 -26.         ... -17.90989599 -17.22236628
  -17.11816406]
 [-25.         -25.         -25.00042725 ... -19.76349812 -18.99994952
  -17.99997712]]","[4.2479166984558105, 5.243750095367432, 52.46458435058594, 53.46041488647461]",1.9258551367899672,5.549133555567715,18.758738299393556,-13.50794248235968,1.7386762365792228,9.97525226774217,35.67026176494433,-17.101579789309998,0.8188636115643249,10.419184004251827,38.92815736960534,-17.919256770752263,7
131,52.931535,5.045596,"[[-1. -1. -1. ... -2. -2. -2.]
 [-1. -1. -1. ... -2. -2. -2.]
 [-1. -1. -1. ... -2. -2. -2.]
 ...
 [nan nan nan ... -1. -1. -1.]
 [nan nan nan ... -1. -1. -1.]
 [nan nan nan ... -1. -1. -1.]]","[4.9979166984558105, 5.09375, 52.88541793823242, 52.98125076293945]","[[ -2.          -2.          -2.         ...  -4.          -4.
   -4.        ]
 [ -2.          -2.          -2.         ...  -4.          -4.
   -4.        ]
 [ -2.          -2.          -2.         ...  -4.          -4.
   -4.        ]
 ...
 [-11.00004201 -11.3654682  -11.73089439 ...  -1.92889404  -1.92889404
   -1.92889404]
 [-10.99996764 -10.7185478  -10.43712796 ...  -1.46472168  -1.46472168
   -1.46472168]
 [-10.99989313 -10.07035143  -9.14080972 ...  -0.99963379  -0.99963379
   -0.99963379]]","[4.922916889190674, 5.168749809265137, 52.81041717529297, 53.056251525878906]","[[ -3.99989319          nan          nan ...  -3.76380752  -3.99998558
   -3.99987793]
 [ -3.11840951          nan          nan ...  -4.          -4.76344299
   -3.88153076]
 [ -2.236079            nan          nan ...  -4.58341615  -4.20825918
   -0.94471994]
 ...
 [-27.76332593 -27.         -27.00041962 ...          nan          nan
           nan]
 [-27.         -26.11808014 -26.79166945 ...          nan          nan
   -0.99995422]
 [-27.         -27.8825658  -26.23593398 ...          nan          nan
           nan]]","[4.547916889190674, 5.543749809265137, 52.43541717529297, 53.431251525878906]",0.23243199813115525,0.22473969198721722,0.7912606000842134,-0.8982367546071337,0.5053633056787891,1.6417777364951611,5.680087190114394,-2.47176768734037,0.07562642515352928,1.02677695463688,3.1426443969844176,-2.032058544900627,1
132,52.462323,4.554823,"[[-12.         -12.         -12.         ...          nan          nan
           nan]
 [-12.         -12.         -12.         ...          nan          nan
           nan]
 [-12.         -12.         -12.         ...          nan          nan
           nan]
 ...
 [-14.0000146  -13.88447867 -13.76901574 ...          nan          nan
           nan]
 [-14.00001875 -13.85164316 -13.7033613  ...          nan          nan
           nan]
 [-14.0000229  -13.81880764 -13.63770685 ...          nan          nan
           nan]]","[4.506249904632568, 4.602083206176758, 52.41458511352539, 52.51041793823242]","[[-16.99975586 -16.99975586 -16.99975586 ...  -2.92846178  -2.46451313
   -2.00045018]
 [-16.5355835  -16.5355835  -16.5355835  ...  -1.700476    -2.31460407
   -2.92888344]
 [-16.07049561 -16.07049561 -16.07049561 ...          nan  -2.16439933
   -3.85914793]
 ...
 [-19.         -19.         -19.         ...          nan          nan
           nan]
 [-19.         -19.         -19.         ...          nan          nan
           nan]
 [-19.         -19.         -19.         ...          nan          nan
           nan]]","[4.431250095367432, 4.677083492279053, 52.33958435058594, 52.58541488647461]","[[         nan          nan          nan ...          nan          nan
           nan]
 [         nan          nan          nan ...          nan          nan
           nan]
 [ -1.04362426  -7.44706726 -17.41666219 ...          nan          nan
           nan]
 ...
 [-26.         -25.11811066 -25.         ...  -1.66554528  -1.43810567
   -1.7641983 ]
 [-25.         -25.         -25.         ...          nan          nan
           nan]
 [-25.         -25.         -25.         ...          nan          nan
           nan]]","[4.056250095367432, 5.052083492279053, 51.96458435058594, 52.96041488647461]",0.8881208262614468,2.5996053241985306,9.484871957452087,-4.57104185702913,0.6581015467914215,2.7740516760557425,10.019709908407945,-4.865568476260339,0.31866578964796094,3.994080316272163,15.938582264809838,-6.406859612155399,1
133,52.467249,4.60506,"[[         nan          nan          nan ...          nan          nan
           nan]
 [         nan          nan          nan ...          nan          nan
           nan]
 [         nan          nan          nan ...          nan          nan
           nan]
 ...
 [-10.63748932 -10.45644379 -10.27528381 ...          nan          nan
           nan]
 [-10.81876373 -10.6377182  -10.45655823 ...          nan          nan
           nan]
 [-11.00003815 -10.81899261 -10.63783264 ...          nan          nan
           nan]]","[4.556250095367432, 4.652083396911621, 52.41875076293945, 52.514583587646484]","[[ -7.00004578  -6.53541565  -6.07089996 ...  -4.          -4.
   -4.        ]
 [ -7.46423939  -6.7839408   -6.10380977 ...  -4.          -4.
   -4.        ]
 [ -7.92934857  -7.03295613  -6.13678448 ...  -4.          -4.
   -4.        ]
 ...
 [-16.07098389 -16.07098389 -16.07098389 ...          nan          nan
           nan]
 [-16.53515625 -16.53515625 -16.53515625 ...          nan          nan
           nan]
 [-17.00024414 -17.00024414 -17.00024414 ...          nan          nan
           nan]]","[4.481249809265137, 4.727083206176758, 52.34375, 52.58958435058594]","[[         nan          nan          nan ...          nan          nan
           nan]
 [-13.64693227 -15.1519913           nan ...          nan          nan
           nan]
 [         nan          nan          nan ...          nan          nan
           nan]
 ...
 [-25.23652206 -25.         -25.         ...  -2.0558726   -3.97206731
   -3.23652731]
 [-25.         -25.         -25.         ...  -0.62513872  -3.59795381
   -4.99997308]
 [-24.99995421 -25.1180937  -25.         ...          nan          nan
   -0.99899291]]","[4.106249809265137, 5.102083206176758, 51.96875, 52.96458435058594]",,,,,0.581908808446982,1.0704794806425926,2.781938070420243,-1.8297593289183722,0.19391403250573755,1.4398149046987299,2.8796298093974597,-4.4072682261455025,3
134,52.934137,4.792286,"[[         nan          nan          nan ...          nan          nan
           nan]
 [         nan          nan          nan ...          nan          nan
           nan]
 [         nan          nan          nan ...          nan          nan
           nan]
 ...
 [-17.34843245 -17.69475497 -18.04129639 ...  -7.76905508  -7.88449592
   -8.00000973]
 [-15.17315193 -15.61793121 -16.06299164 ...  -7.70339926  -7.85165902
   -8.0000125 ]
 [-12.99787141 -13.54110746 -14.08468689 ...  -7.63774343  -7.81882212
   -8.00001526]]","[4.743750095367432, 4.839583396911621, 52.88541793823242, 52.98125076293945]","[[ -5.00021363  -4.07089666  -3.14180858 ...  -0.99965973  -0.99982988
   -0.99999999]
 [ -5.46440724  -4.3194218   -3.17471839 ...          nan          nan
   -0.99995749]
 [ -5.92951642  -4.56843714  -3.2076931  ...          nan          nan
   -0.99991491]
 ...
 [-10.07110921 -10.03807124 -10.00504141 ... -11.27938784 -11.24634987
  -11.21332004]
 [-10.53530282 -10.28659639 -10.03795121 ... -13.10320291 -12.85449647
  -12.6058513 ]
 [-11.000412   -10.53561172 -10.07092593 ... -14.93061524 -14.46581496
  -14.00112916]]","[4.668749809265137, 4.914583206176758, 52.81041717529297, 53.056251525878906]","[[-18.99987793 -19.88170539 -19.23604752 ...  -2.9999356   -3.
   -3.00012207]
 [-18.         -18.         -19.55484535 ...  -2.9375043   -2.32669214
   -3.99999638]
 [-18.76385498 -18.76385498 -17.47234344 ...  -3.          -3.
   -2.76386219]
 ...
 [-26.         -26.         -26.         ...  -4.2366333   -3.90984408
   -3.2366333 ]
 [-26.         -26.         -26.         ...  -6.79164926  -6.11804199
   -6.11804199]
 [-26.         -26.         -26.         ...  -8.00036621  -8.00036621
   -7.00003053]]","[4.293749809265137, 5.289583206176758, 52.43541717529297, 53.431251525878906]",,,,,,,,,0.07342858458034464,1.3255596188454928,3.478119899512247,-1.5965856352801588,1
135,47.266862,-2.20155,"[[-2. -2. -2. ... nan nan nan]
 [-2. -2. -2. ... nan nan nan]
 [-2. -2. -2. ... nan nan nan]
 ...
 [nan nan nan ... nan nan nan]
 [nan nan nan ... nan nan nan]
 [nan nan nan ... nan nan nan]]","[-2.2479166984558105, -2.152083396911621, 47.21875, 47.31458282470703]","[[-20.00020218 -19.53554421 -19.07088624 ...          nan          nan
           nan]
 [-19.53510542 -19.28651468 -19.03792394 ...          nan          nan
           nan]
 [-19.0709242  -19.03797537 -19.00502653 ...          nan          nan
           nan]
 ...
 [         nan          nan          nan ...          nan          nan
           nan]
 [         nan          nan          nan ...          nan          nan
           nan]
 [         nan          nan          nan ...          nan          nan
           nan]]","[-2.3229167461395264, -2.0770833492279053, 47.14374923706055, 47.389583587646484]","[[-34.000103   -35.         -35.         ...          nan          nan
           nan]
 [-32.99997026 -34.55908203 -34.89584241 ...          nan          nan
           nan]
 [-32.11803974 -33.79168964 -34.76377106 ...          nan          nan
           nan]
 ...
 [         nan          nan          nan ...          nan          nan
           nan]
 [         nan          nan          nan ...          nan          nan
           nan]
 [         nan          nan          nan ...          nan          nan
           nan]]","[-2.6979167461395264, -1.7020833492279053, 47.00208282470703, 47.764583587646484]",1.900602013804967,3.6839768880301396,12.578364099778096,-7.315698392681601,0.80809999844805,3.5983731602726814,12.952136796873269,-9.53885976875299,0.29200019713492426,3.2898477469069767,12.64463177183511,-5.472397485964884,2
136,52.772657,4.649702,"[[-14.00027467 -13.81907046 -13.63798073 ...          nan          nan
           nan]
 [-13.81899472 -13.67063019 -13.52235938 ...          nan          nan
           nan]
 [-13.63771477 -13.52218991 -13.40673802 ...          nan          nan
           nan]
 ...
 [-13.00006104 -12.63774109 -12.27565002 ...          nan          nan
           nan]
 [-13.00006104 -12.63774109 -12.27565002 ...          nan          nan
           nan]
 [-13.00006104 -12.63774109 -12.27565002 ...          nan          nan
           nan]]","[4.602083206176758, 4.697916507720947, 52.72291564941406, 52.818748474121094]","[[-18. -18. -18. ...  nan  nan  nan]
 [-18. -18. -18. ...  nan  nan  nan]
 [-18. -18. -18. ...  nan  nan  nan]
 ...
 [-20. -20. -20. ...  nan  nan  nan]
 [-20. -20. -20. ...  nan  nan  nan]
 [-20. -20. -20. ...  nan  nan  nan]]","[4.527083396911621, 4.772916793823242, 52.64791488647461, 52.89374923706055]","[[-18.99957276 -19.         -18.99957275 ...          nan          nan
           nan]
 [-19.11810123 -19.77772881 -19.11810303 ...          nan          nan
           nan]
 [-20.         -20.         -19.05570318 ...          nan          nan
           nan]
 ...
 [-27.         -27.         -27.         ...          nan          nan
           nan]
 [-27.         -27.         -27.         ...          nan          nan
           nan]
 [-27.         -27.         -27.         ...          nan          nan
           nan]]","[4.152083396911621, 5.147916793823242, 52.27291488647461, 53.26874923706055]",0.4888422283972892,0.9693079183459478,3.851434323938245,-3.2914407168880437,0.5005928053764231,2.3725661990388853,8.36972557940071,-4.037151274334775,0.19091875486835225,2.8141161324654718,10.155178465876432,-7.074765158286662,3
137,52.099033,4.263563,"[[         nan          nan          nan ...          nan          nan
           nan]
 [         nan          nan          nan ...          nan          nan
           nan]
 [         nan          nan          nan ...          nan          nan
           nan]
 ...
 [-16.         -16.         -16.         ...  -5.63807678  -5.45703125
   -5.27587128]
 [-16.         -16.         -16.         ...  -6.00062561  -5.81958008
   -5.6384201 ]
 [-16.         -16.         -16.         ...  -6.36134338  -6.18029785
   -5.99913788]]","[4.214583396911621, 4.3104166984558105, 52.05208206176758, 52.14791488647461]","[[         nan          nan          nan ...  -0.9971303   -0.99792435
   -0.9987182 ]
 [         nan          nan          nan ...          nan          nan
           nan]
 [         nan          nan          nan ...          nan          nan
           nan]
 ...
 [-19.07049561 -19.07049561 -19.07049561 ...  -7.93385575  -7.03734987
   -6.14106482]
 [-19.5355835  -19.5355835  -19.5355835  ...  -8.43187932  -7.75146729
   -7.07122286]
 [-19.99975586 -19.99975586 -19.99975586 ...  -8.92892253  -8.46417897
   -7.99954988]]","[4.139583110809326, 4.385416507720947, 51.97708511352539, 52.22291564941406]","[[-27.99827958 -21.47359878 -18.76678467 ...          nan          nan
           nan]
 [-14.29981142 -17.61880635 -20.26448333 ...          nan          nan
           nan]
 [-11.82079697  -9.26504039  -7.12479246 ...          nan          nan
           nan]
 ...
 [-27.99999619 -27.         -26.41647895 ...          nan          nan
   -2.23601395]
 [-28.11834672 -27.22249658 -27.         ...  -0.90960986          nan
   -2.11821467]
 [-28.99999619 -28.         -27.         ...  -1.47215607          nan
           nan]]","[3.7645833492279053, 4.760416507720947, 51.60208511352539, 52.59791564941406]",1.11997312282122,0.9523057486976022,3.124174349937285,-1.8462707673354322,0.4106643744799262,1.1463535511118055,4.281353822411875,-3.0708235974882143,0.24177652961848425,3.147361012594772,10.979041198268188,-6.684638632896789,3
138,52.09903557,4.2635626,"[[         nan          nan          nan ...          nan          nan
           nan]
 [         nan          nan          nan ...          nan          nan
           nan]
 [         nan          nan          nan ...          nan          nan
           nan]
 ...
 [-16.         -16.         -16.         ...  -5.63807678  -5.45703125
   -5.27587128]
 [-16.         -16.         -16.         ...  -6.00062561  -5.81958008
   -5.6384201 ]
 [-16.         -16.         -16.         ...  -6.36134338  -6.18029785
   -5.99913788]]","[4.214583396911621, 4.3104166984558105, 52.05208206176758, 52.14791488647461]","[[         nan          nan          nan ...  -0.9971303   -0.99792435
   -0.9987182 ]
 [         nan          nan          nan ...          nan          nan
           nan]
 [         nan          nan          nan ...          nan          nan
           nan]
 ...
 [-19.07049561 -19.07049561 -19.07049561 ...  -7.93385575  -7.03734987
   -6.14106482]
 [-19.5355835  -19.5355835  -19.5355835  ...  -8.43187932  -7.75146729
   -7.07122286]
 [-19.99975586 -19.99975586 -19.99975586 ...  -8.92892253  -8.46417897
   -7.99954988]]","[4.139583110809326, 4.385416507720947, 51.97708511352539, 52.22291564941406]","[[-27.99827958 -21.47359878 -18.76678467 ...          nan          nan
           nan]
 [-14.29981142 -17.61880635 -20.26448333 ...          nan          nan
           nan]
 [-11.82079697  -9.26504039  -7.12479246 ...          nan          nan
           nan]
 ...
 [-27.99999619 -27.         -26.41647895 ...          nan          nan
   -2.23601395]
 [-28.11834672 -27.22249658 -27.         ...  -0.90960986          nan
   -2.11821467]
 [-28.99999619 -28.         -27.         ...  -1.47215607          nan
           nan]]","[3.7645833492279053, 4.760416507720947, 51.60208511352539, 52.59791564941406]",1.1199731793615402,0.9523057486976022,3.124174349937285,-1.8462707673354322,0.4106643891967828,1.1463535511118055,4.281353822411875,-3.0708235974882143,0.24177653876447577,3.147361012594772,10.979041198268188,-6.684638632896789,3
139,52.46394337,4.51759573,"[[-15.         -15.         -15.         ...          nan          nan
           nan]
 [-15.         -15.         -15.         ...          nan          nan
           nan]
 [-15.         -15.         -15.         ...          nan          nan
           nan]
 ...
 [-15.63775635 -15.45671082 -15.27555084 ...  -8.36221313  -8.18105316
   -8.00000763]
 [-15.81903076 -15.63798523 -15.45682526 ...  -8.36221313  -8.18105316
   -8.00000763]
 [-16.00030518 -15.81925964 -15.63809967 ...  -8.36221313  -8.18105316
   -8.00000763]]","[4.46875, 4.5645833015441895, 52.41458511352539, 52.51041793823242]","[[-15. -15. -15. ...  nan  nan  nan]
 [-15. -15. -15. ...  nan  nan  nan]
 [-15. -15. -15. ...  nan  nan  nan]
 ...
 [-16. -16. -16. ...  nan  nan  nan]
 [-16. -16. -16. ...  nan  nan  nan]
 [-16. -16. -16. ...  nan  nan  nan]]","[4.393750190734863, 4.639583110809326, 52.33958435058594, 52.58541488647461]","[[         nan          nan          nan ...          nan          nan
           nan]
 [         nan          nan          nan ...          nan          nan
           nan]
 [         nan          nan  -4.29384545 ...          nan          nan
           nan]
 ...
 [-26.         -26.         -25.18051092 ...          nan          nan
           nan]
 [-26.         -25.89578967 -25.         ...  -0.88183594  -0.89578877
   -1.11815775]
 [-26.999527   -25.11808777 -25.         ...  -1.23568552  -2.99876871
   -1.00053399]]","[4.018750190734863, 5.014583110809326, 51.96458435058594, 52.96041488647461]",0.5809520557299426,1.1492082726604989,4.614377340757045,-15.412417610103686,0.4225678794830232,2.5027797684927875,8.282199049828503,-16.136005824845356,0.23390160476943153,3.7379912550660754,19.819670313512226,-12.526616221900463,3
140,52.77265954,4.64970234,"[[-14.00027467 -13.81907046 -13.63798073 ...          nan          nan
           nan]
 [-13.81899472 -13.67063019 -13.52235938 ...          nan          nan
           nan]
 [-13.63771477 -13.52218991 -13.40673802 ...          nan          nan
           nan]
 ...
 [-13.00006104 -12.63774109 -12.27565002 ...          nan          nan
           nan]
 [-13.00006104 -12.63774109 -12.27565002 ...          nan          nan
           nan]
 [-13.00006104 -12.63774109 -12.27565002 ...          nan          nan
           nan]]","[4.602083206176758, 4.697916507720947, 52.72291564941406, 52.818748474121094]","[[-18. -18. -18. ...  nan  nan  nan]
 [-18. -18. -18. ...  nan  nan  nan]
 [-18. -18. -18. ...  nan  nan  nan]
 ...
 [-20. -20. -20. ...  nan  nan  nan]
 [-20. -20. -20. ...  nan  nan  nan]
 [-20. -20. -20. ...  nan  nan  nan]]","[4.527083396911621, 4.772916793823242, 52.64791488647461, 52.89374923706055]","[[-18.99957276 -19.         -18.99957275 ...          nan          nan
           nan]
 [-19.11810123 -19.77772881 -19.11810303 ...          nan          nan
           nan]
 [-20.         -20.         -19.05570318 ...          nan          nan
           nan]
 ...
 [-27.         -27.         -27.         ...          nan          nan
           nan]
 [-27.         -27.         -27.         ...          nan          nan
           nan]
 [-27.         -27.         -27.         ...          nan          nan
           nan]]","[4.152083396911621, 5.147916793823242, 52.27291488647461, 53.26874923706055]",0.4888422518088826,0.9693079183459478,3.851434323938245,-3.2914407168880437,0.5005928296092458,2.3725661990388853,8.36972557940071,-4.037151274334775,0.1909187622877657,2.8141161324654718,10.155178465876432,-7.074765158286662,3
141,48.3829,-4.4951,"[[nan nan nan ... nan nan nan]
 [nan nan nan ... nan nan nan]
 [nan nan nan ... nan nan nan]
 ...
 [nan nan nan ... nan nan nan]
 [nan nan nan ... nan nan nan]
 [nan nan nan ... nan nan nan]]","[-4.543749809265137, -4.447916507720947, 48.33541488647461, 48.431251525878906]","[[-9.98609918 -7.19959456 -4.41377628 ...         nan         nan
          nan]
 [        nan         nan         nan ...         nan         nan
          nan]
 [        nan         nan         nan ...         nan         nan
          nan]
 ...
 [        nan         nan         nan ...         nan         nan
          nan]
 [        nan         nan         nan ...         nan         nan
          nan]
 [        nan         nan         nan ...         nan         nan
          nan]]","[-4.618750095367432, -4.3729166984558105, 48.26041793823242, 48.506248474121094]","[[ -65.99823757  -61.23654593  -65.05319994 ...           nan
            nan           nan]
 [ -62.64519673  -61.01410597  -59.31958768 ...           nan
            nan           nan]
 [ -61.4719642   -59.70788574  -59.87528133 ...           nan
            nan           nan]
 ...
 [-101.76416908  -96.99374838  -99.7083851  ...  -82.12443325
   -80.29829478  -80.00000583]
 [-102.76361035  -99.13212549 -100.1182251  ...  -81.58334467
   -81.77771362  -80.99999327]
 [-100.99997712 -100.23594666 -100.00036621 ...  -81.76382706
   -81.00032295  -81.        ]]","[-4.993750095367432, -3.9979166984558105, 47.88541793823242, 48.881248474121094]",0.19725042949732244,0.34451545255174487,1.6515929941115797,-1.173144262008199,0.5910165006610578,2.6027950521151944,7.9363305903933625,-4.291048125617936,0.4546065660371747,6.393899869831074,21.99232347311292,-11.864945594016774,2
142,52.9333,1.3,"[[         nan          nan          nan ...          nan          nan
           nan]
 [         nan          nan          nan ...          nan          nan
           nan]
 [         nan          nan          nan ...          nan          nan
           nan]
 ...
 [-15.36236572 -15.36236572 -15.36236572 ... -18.         -18.
  -18.        ]
 [-15.18109131 -15.18109131 -15.18109131 ... -18.         -18.
  -18.        ]
 [-14.99981689 -14.99981689 -14.99981689 ... -18.         -18.
  -18.        ]]","[1.2520833015441895, 1.3479167222976685, 52.88541793823242, 52.98125076293945]","[[         nan          nan          nan ...          nan          nan
           nan]
 [         nan          nan          nan ...          nan          nan
           nan]
 [         nan          nan          nan ...          nan          nan
           nan]
 ...
 [-19.         -19.         -19.         ... -24.2130909  -24.67763519
  -25.1422081 ]
 [-19.         -19.         -19.         ... -25.14143562 -25.60597992
  -26.07055283]
 [-19.         -19.         -19.         ... -26.0716114  -26.5361557
  -27.00072861]]","[1.1770833730697632, 1.4229166507720947, 52.81041717529297, 53.056251525878906]","[[         nan          nan          nan ...  -7.94512513 -17.35396598
  -20.00012207]
 [         nan          nan          nan ...  -8.38269044 -14.5905056
  -20.11846497]
 [         nan          nan          nan ...  -8.76385498 -10.61833737
  -19.23612303]
 ...
 [-12.76336783 -12.06221233 -12.         ... -23.18073231 -23.09015446
  -23.9999991 ]
 [-12.00000477 -11.10410009 -12.09015875 ... -24.35427666 -23.98599998
  -23.11804154]
 [-13.00037098 -12.00004325 -13.76415157 ... -27.00064591 -23.76343155
  -22.99962997]]","[0.8020833134651184, 1.7979166507720947, 52.43541717529297, 53.431251525878906]",0.15117815619650682,0.17035652599124357,0.5466580167399955,-0.9967652700215196,0.3186131959408565,0.9752778211947774,3.179637908934346,-3.18755375648067,0.19262969250082868,3.02689797281769,10.025874901215126,-6.887544432392201,3
143,52.016701,-4.9833298,"[[         nan          nan          nan ...          nan          nan
           nan]
 [         nan          nan          nan ...          nan          nan
           nan]
 [         nan          nan          nan ...          nan          nan
           nan]
 ...
 [-45.36175537 -45.29626118 -45.23072558 ... -30.54671176 -30.67778295
  -30.80877134]
 [-45.18139648 -45.14855546 -45.11569368 ... -29.77557404 -29.84129761
  -29.90697965]
 [-45.00012207 -45.00009997 -45.00007786 ... -29.00052192 -29.00056615
  -29.00061035]]","[-5.03125, -4.9354166984558105, 51.96875, 52.06458282470703]","[[         nan          nan          nan ...          nan          nan
           nan]
 [         nan          nan          nan ...          nan          nan
           nan]
 [         nan          nan          nan ...          nan          nan
           nan]
 ...
 [-52.07084332 -52.50247093 -52.93409854 ... -37.07582163 -37.10870971
  -37.14159778]
 [-52.53590992 -52.75149691 -52.9670839  ... -37.57389134 -37.82282003
  -38.07174872]
 [-53.00006103 -53.00003268 -53.00000433 ... -38.07098059 -38.53552462
  -39.00006866]]","[-5.106249809265137, -4.860416889190674, 51.89374923706055, 52.139583587646484]","[[-62.00004578 -62.11794791 -62.0002797  ... -28.81894168 -26.11791865
  -24.99974062]
 [-62.         -62.10394119 -61.61158326 ... -28.29839281 -28.55595554
  -27.        ]
 [-60.99991927 -58.81939356 -58.69489222 ... -27.2364502  -27.2364502
  -27.00001263]
 ...
 [-82.2363739  -82.35441589 -82.81971124 ... -24.52745819 -23.02790566
  -23.23632812]
 [-81.88226318 -82.76417542 -83.35395813 ... -24.46545791 -23.10417776
  -23.99999371]
 [-79.99993896 -80.8818512  -82.23609924 ... -23.7637719  -23.
  -23.99994659]]","[-5.481249809265137, -4.485416889190674, 51.51874923706055, 52.514583587646484]",2.739669006988593,4.958501098611521,17.787820151082002,-11.737251265754276,1.5131405123529627,6.876493919499443,23.967631814129412,-15.181411426768996,0.34316711535967953,9.490614372095484,31.84241407271184,-22.823211136529157,6
144,52.466702,1.75,"[[         nan          nan          nan ... -20.         -20.
  -20.        ]
 [         nan          nan          nan ... -20.         -20.
  -20.        ]
 [         nan          nan          nan ... -20.         -20.
  -20.        ]
 ...
 [         nan          nan          nan ...  -2.68030709  -2.20264637
   -1.72498565]
 [         nan          nan          nan ...  -2.38341754  -1.87292753
   -1.36243751]
 [         nan          nan          nan ...  -2.086528    -1.54320869
   -0.99988937]]","[1.7020833492279053, 1.7979166507720947, 52.41875076293945, 52.514583587646484]","[[         nan          nan          nan ... -28.         -28.
  -28.        ]
 [         nan          nan          nan ... -28.0328921  -28.248534
  -28.4641759 ]
 [         nan          nan          nan ... -28.06584907 -28.49755821
  -28.92926734]
 ...
 [         nan          nan          nan ... -27.92913818 -27.46456528
  -26.99999237]
 [         nan          nan          nan ... -27.92913818 -27.46456528
  -26.99999237]
 [         nan          nan          nan ... -27.92913818 -27.46456528
  -26.99999237]]","[1.6270833015441895, 1.8729166984558105, 52.34375, 52.58958435058594]","[[         nan          nan          nan ... -48.         -48.
  -49.00000763]
 [         nan          nan          nan ... -48.6739038  -48.22227229
  -49.76464754]
 [         nan          nan          nan ... -49.40286916 -48.02789935
  -46.94505851]
 ...
 [ -5.70952787  -6.68159874  -7.47302246 ... -42.36099255 -42.76348877
  -42.76348877]
 [-10.88208681 -10.         -10.88208008 ... -41.97214525 -41.89600453
  -43.00000763]
 [-11.00024414 -11.00024414 -11.00024414 ... -39.99956939 -41.23619674
  -43.        ]]","[1.2520833015441895, 2.2479166984558105, 51.96875, 52.96458435058594]",0.37343995125297,0.7982284648927039,3.2353775639808755,-2.6412763542746553,0.3093680464082326,0.9237493906910249,3.1483859717873286,-2.4152720532223557,0.17733284885680456,2.343936472162611,9.650655655186592,-3.819021270318303,3
145,52.716702,-4.03333,"[[nan nan nan ... nan nan nan]
 [nan nan nan ... nan nan nan]
 [nan nan nan ... nan nan nan]
 ...
 [nan nan nan ... nan nan nan]
 [nan nan nan ... nan nan nan]
 [nan nan nan ... nan nan nan]]","[-4.081250190734863, -3.9854166507720947, 52.66875076293945, 52.764583587646484]","[[-7.         -7.92903137 -8.85829163 ...         nan         nan
          nan]
 [-6.53582764 -6.81801298 -7.10026784 ...         nan         nan
          nan]
 [-6.07073975 -5.70480323 -5.33877655 ...         nan         nan
          nan]
 ...
 [-6.92901611 -6.49747356 -6.06582468 ...         nan         nan
          nan]
 [-6.46484375 -6.24891654 -6.03293613 ...         nan         nan
          nan]
 [-5.99975586 -5.99986927 -5.9999827  ...         nan         nan
          nan]]","[-4.15625, -3.910416603088379, 52.59375, 52.83958435058594]","[[-22.         -22.76373291 -21.23626709 ...          nan          nan
           nan]
 [-25.         -23.98609854 -23.11859131 ...          nan          nan
           nan]
 [-24.         -24.         -22.29208923 ...          nan          nan
           nan]
 ...
 [ -3.          -2.11813354  -1.23626709 ...          nan          nan
           nan]
 [ -2.88208008  -2.          -1.74876244 ...          nan          nan
           nan]
 [ -2.          -1.11791825  -2.52671999 ...          nan          nan
           nan]]","[-4.53125, -3.535416603088379, 52.21875, 53.21458435058594]",0.11436765472543647,0.12308361801862694,0.3710914123799741,-0.9247577879578951,0.01670655160445312,0.06830704026592715,0.2242307178674191,-0.9679250110473053,0.0041711876027900885,0.10667728315810378,0.2463606325909966,-0.9384098418522508,3
146,52.931274,5.0479212,"[[-0.99999237 -1.18115234 -1.36219788 ... -2.         -2.
  -2.        ]
 [-0.99999237 -1.18115234 -1.36219788 ... -2.         -2.
  -2.        ]
 [-0.99999237 -1.18115234 -1.36219788 ... -2.         -2.
  -2.        ]
 ...
 [        nan         nan         nan ... -1.         -1.
  -1.        ]
 [        nan         nan         nan ... -1.         -1.
  -1.        ]
 [        nan         nan         nan ... -1.         -1.
  -1.        ]]","[5.0020833015441895, 5.097916603088379, 52.88541793823242, 52.98125076293945]","[[ -2.          -2.          -2.         ...  -3.99999134  -3.99993464
   -3.99987792]
 [ -2.          -2.          -2.         ...  -3.967078    -3.75140595
   -3.53568077]
 [ -2.          -2.          -2.         ...  -3.93409974  -3.50238707
   -3.07056804]
 ...
 [-11.78664398 -11.3221283  -10.85749817 ...  -1.92889404  -1.92889404
   -1.92889404]
 [-10.39412689  -9.92961121  -9.46498108 ...  -1.46472168  -1.46472168
   -1.46472168]
 [ -8.99886322  -8.53434753  -8.06971741 ...  -0.99963379  -0.99963379
   -0.99963379]]","[4.927083492279053, 5.172916889190674, 52.81041717529297, 53.056251525878906]","[[ -1.99992371          nan          nan ...  -3.23629929  -3.99987793
   -4.00000001]
 [ -1.99992371          nan          nan ...  -4.2082229   -3.88153076
   -3.11842849]
 [ -0.99996185          nan          nan ...  -4.05577888  -3.6392389
   -3.00010977]
 ...
 [-27.         -26.32678339 -27.63893703 ...          nan          nan
           nan]
 [-26.99996185 -26.10410178 -26.90984294 ...          nan          nan
           nan]
 [-27.00003817 -27.11818189 -25.99991349 ...          nan          nan
           nan]]","[4.552083492279053, 5.547916889190674, 52.43541717529297, 53.431251525878906]",0.1525404594482607,0.2915641750852077,1.1959649631709413,-0.9457408728269021,0.27735284995177917,0.8397653657544902,2.901228968063985,-1.7653373248485082,0.06138060848093048,1.048100463209536,3.986704492935907,-2.153687412912876,3
147,52.932617,5.0459771,"[[-1. -1. -1. ... -2. -2. -2.]
 [-1. -1. -1. ... -2. -2. -2.]
 [-1. -1. -1. ... -2. -2. -2.]
 ...
 [nan nan nan ... -1. -1. -1.]
 [nan nan nan ... -1. -1. -1.]
 [nan nan nan ... -1. -1. -1.]]","[4.9979166984558105, 5.09375, 52.88541793823242, 52.98125076293945]","[[ -2.          -2.          -2.         ...  -4.          -4.
   -4.        ]
 [ -2.          -2.          -2.         ...  -4.          -4.
   -4.        ]
 [ -2.          -2.          -2.         ...  -4.          -4.
   -4.        ]
 ...
 [-11.00004201 -11.3654682  -11.73089439 ...  -1.92889404  -1.92889404
   -1.92889404]
 [-10.99996764 -10.7185478  -10.43712796 ...  -1.46472168  -1.46472168
   -1.46472168]
 [-10.99989313 -10.07035143  -9.14080972 ...  -0.99963379  -0.99963379
   -0.99963379]]","[4.922916889190674, 5.168749809265137, 52.81041717529297, 53.056251525878906]","[[ -3.99989319          nan          nan ...  -3.76380752  -3.99998558
   -3.99987793]
 [ -3.11840951          nan          nan ...  -4.          -4.76344299
   -3.88153076]
 [ -2.236079            nan          nan ...  -4.58341615  -4.20825918
   -0.94471994]
 ...
 [-27.76332593 -27.         -27.00041962 ...          nan          nan
           nan]
 [-27.         -26.11808014 -26.79166945 ...          nan          nan
   -0.99995422]
 [-27.         -27.8825658  -26.23593398 ...          nan          nan
           nan]]","[4.547916889190674, 5.543749809265137, 52.43541717529297, 53.431251525878906]",0.24807119084582027,0.48626311795395105,2.16949093154706,-1.213511511933746,0.46100892253022224,1.548628083948881,5.680087190114394,-2.3936285379821833,0.07791329380052726,0.9744494542335683,3.1426443969844176,-2.071590044607208,1
148,47.27,-2.2,"[[-2.00024414 -2.00019993 -2.00015571 ...         nan         nan
          nan]
 [-1.81896835 -1.85175343 -1.88453851 ...         nan         nan
          nan]
 [-1.63769255 -1.70330692 -1.7689213  ...         nan         nan
          nan]
 ...
 [        nan         nan         nan ...         nan         nan
          nan]
 [        nan         nan         nan ...         nan         nan
          nan]
 [        nan         nan         nan ...         nan         nan
          nan]]","[-2.2479166984558105, -2.152083396911621, 47.22291564941406, 47.318748474121094]","[[-19.00042725 -19.00042725 -19.00042725 ...          nan          nan
           nan]
 [-18.53533936 -18.53533936 -18.53533936 ...          nan          nan
           nan]
 [-18.07116699 -18.07116699 -18.07116699 ...          nan          nan
           nan]
 ...
 [         nan          nan          nan ...          nan          nan
           nan]
 [         nan          nan          nan ...          nan          nan
           nan]
 [         nan          nan          nan ...          nan          nan
           nan]]","[-2.3229167461395264, -2.0770833492279053, 47.14791488647461, 47.39374923706055]","[[-34.000103   -35.         -35.         ...          nan          nan
           nan]
 [-32.99997042 -34.55084229 -34.89389595 ...          nan          nan
           nan]
 [-32.10247607 -33.78801357 -34.76377106 ...          nan          nan
           nan]
 ...
 [         nan          nan          nan ...          nan          nan
           nan]
 [         nan          nan          nan ...          nan          nan
           nan]
 [         nan          nan          nan ...          nan          nan
           nan]]","[-2.6979167461395264, -1.7020833492279053, 47.00208282470703, 47.76874923706055]",1.937652529700991,3.604652142528317,12.134777833638728,-6.986338677034327,0.8790946260005703,3.796002328153398,12.984833567370737,-9.29086281699428,0.2669320131884326,2.975884110881355,11.936328880464345,-5.369232753518426,2
149,52.464966,4.5179009,"[[-14.99981689 -14.99985004 -14.99988322 ...          nan          nan
           nan]
 [-14.81854248 -14.85139455 -14.88426739 ...          nan          nan
           nan]
 [-14.63818359 -14.70368884 -14.76923549 ...          nan          nan
           nan]
 ...
 [-16.         -15.81895447 -15.63779449 ...  -8.99972534  -8.81856537
   -8.63751984]
 [-16.         -15.81895447 -15.63779449 ...  -9.18099976  -8.99983978
   -8.81879425]
 [-16.         -15.81895447 -15.63779449 ...  -9.36227417  -9.1811142
   -9.00006866]]","[4.46875, 4.5645833015441895, 52.41875076293945, 52.514583587646484]","[[-15.         -15.         -15.         ...          nan          nan
           nan]
 [-15.46415112 -15.24853577 -15.03292043 ...          nan          nan
           nan]
 [-15.92921772 -15.49756175 -15.06590579 ...          nan          nan
           nan]
 ...
 [-16.07098064 -16.03800751 -16.00503438 ...          nan          nan
           nan]
 [-16.53513175 -16.28654328 -16.03795481 ...          nan          nan
           nan]
 [-17.00019835 -16.53556926 -16.07094017 ...          nan          nan
           nan]]","[4.393750190734863, 4.639583110809326, 52.34375, 52.58958435058594]","[[         nan          nan          nan ...          nan          nan
           nan]
 [         nan          nan          nan ...          nan          nan
           nan]
 [ -3.87362034          nan          nan ...          nan          nan
           nan]
 ...
 [-26.         -26.         -25.         ...          nan          nan
           nan]
 [-26.11791452 -25.11808777 -25.         ...          nan          nan
   -1.88204557]
 [-25.99975587 -25.11808777 -25.         ...  -2.52788791  -0.88140275
           nan]]","[4.018750190734863, 5.014583110809326, 51.96875, 52.96458435058594]",0.5984789212435883,1.2593771495577586,4.755383073344104,-16.094507640222343,0.43984936634174304,2.225401079634125,8.202818885439985,-16.767598205146697,0.24140771401955308,3.832324410387111,17.913070678710326,-12.374915125825655,3
150,48.359299,-4.7809,"[[-21.99907686 -22.18016659 -22.36137079 ... -21.99972221 -21.99967801
  -21.99963378]
 [-20.54890091 -20.79562848 -21.04251202 ... -21.58719955 -21.5215175
  -21.45579394]
 [-19.10604908 -19.418083   -19.73031416 ... -21.17676034 -21.04577195
  -20.91470077]
 ...
 [-19.00003404 -19.11544173 -19.23092237 ...          nan          nan
           nan]
 [-19.00004372 -19.14827033 -19.29659064 ...          nan          nan
           nan]
 [-19.00005341 -19.18109894 -19.36225891 ...          nan          nan
           nan]]","[-4.827083110809326, -4.731249809265137, 48.31041717529297, 48.40625]","[[-66.99995422 -66.5353241  -66.07080841 ... -28.92943801 -28.46472281
  -28.00012207]
 [-67.46412659 -66.99949646 -66.53498077 ... -26.70724186 -26.88953205
  -27.07177734]
 [-67.92921448 -67.46458435 -67.00006866 ... -24.48066268 -25.31123441
  -26.14160156]
 ...
 [-68.00001526 -67.53538513 -67.07086945 ...          nan          nan
           nan]
 [-68.00001526 -67.53538513 -67.07086945 ...          nan          nan
           nan]
 [-68.00001526 -67.53538513 -67.07086945 ...          nan          nan
           nan]]","[-4.902083396911621, -4.65625, 48.235416412353516, 48.48125076293945]","[[-114.00015259 -110.23641968  -99.12646903 ...           nan
            nan           nan]
 [-112.00004398 -107.35403442  -87.47526748 ...           nan
            nan           nan]
 [-106.47272173 -101.50819567  -89.23746194 ...           nan
            nan           nan]
 ...
 [-104.47289596 -104.0902125  -103.2364502  ...  -88.2364502
   -88.7635498   -88.        ]
 [-103.99998294 -105.79184208 -104.20833342 ...  -89.
   -89.          -88.        ]
 [-105.00019837 -103.99979526 -103.76378885 ...  -89.76387275
   -89.          -89.00018311]]","[-5.277083396911621, -4.28125, 47.860416412353516, 48.85625076293945]",0.3673087065574101,0.8980809960425963,3.659258801446342,-1.6910261431965938,0.406617808754433,1.857693502419944,6.2150534056483,-2.672958192395139,0.26997046851799394,5.27654450562706,20.718753080884365,-11.32442085180134,2
151,47.644299,-3.4459901,"[[-46.00055695 -45.45724869 -44.91394043 ... -11.99991158 -11.99995579
  -12.00000001]
 [-45.63800812 -45.09469986 -44.5513916  ... -12.06556533 -12.03278025
  -11.99999517]
 [-45.27545929 -44.73215103 -44.18884277 ... -12.13121908 -12.0656047
  -11.99999033]
 ...
 [-32.7240448  -32.36183929 -31.99963379 ...  -7.79971801  -8.26189259
   -8.72406717]
 [-32.36149597 -31.99929047 -31.63708496 ...  -7.17455418  -7.76804594
   -8.3615377 ]
 [-32.0007782  -31.63857269 -31.27636719 ...  -6.55254775  -7.27669347
   -8.00083919]]","[-3.4937500953674316, -3.397916555404663, 47.59791564941406, 47.693748474121094]","[[-73.00123595 -72.07200612 -71.14266182 ... -30.8577578  -29.92852796
  -28.99918366]
 [-71.60598293 -70.89279371 -70.17951664 ... -31.35581685 -30.64262764
  -29.92935057]
 [-70.21347646 -69.71590259 -69.21826743 ... -31.85289548 -31.35532161
  -30.85768645]
 ...
 [ -4.80047329  -3.50525023  -2.20986762 ...          nan          nan
           nan]
 [         nan          nan          nan ...          nan          nan
           nan]
 [         nan          nan          nan ...          nan          nan
           nan]]","[-3.5687499046325684, -3.3229167461395264, 47.52291488647461, 47.76874923706055]","[[-114.00002289 -115.00037678 -115.00075356 ...  -49.
   -48.          -46.99959184]
 [-113.11810573 -113.13205225 -112.35434723 ...  -49.67355056
   -47.22226782  -48.        ]
 [-112.99998251 -112.02784799 -111.05570138 ...  -49.58367545
   -47.97215111  -46.76424026]
 ...
 [          nan           nan           nan ...           nan
            nan           nan]
 [          nan           nan           nan ...           nan
            nan           nan]
 [          nan           nan           nan ...           nan
            nan           nan]]","[-3.9437499046325684, -2.9479167461395264, 47.14791488647461, 48.14374923706055]",4.507031375122087,5.948715619800038,19.149062706927452,-10.342231324845432,1.0603670756996633,5.833424575016966,18.885106164138744,-14.660503196319407,0.48293654534939306,8.129970210084164,24.84788420381966,-17.497522120371727,6
152,54.842556,-5.120028,"[[-93.99876406 -93.45572692 -92.91234651 ... -21.36235046 -21.18130493
  -21.00014496]
 [-92.91114247 -92.4665621  -92.02170069 ... -21.54362488 -21.36257935
  -21.18141937]
 [-91.82901392 -91.48239306 -91.13555309 ... -21.72398376 -21.54293823
  -21.36177826]
 ...
 [ -9.44975548  -8.67578141  -7.9013181  ...          nan          nan
           nan]
 [ -8.72464122  -7.88502931  -7.04488666 ...          nan          nan
           nan]
 [ -7.99952697  -7.09427721  -6.18845523 ...          nan          nan
           nan]]","[-5.168749809265137, -5.072916507720947, 54.79375076293945, 54.889583587646484]","[[-220.99924469 -236.33203888 -251.66105652 ...  -24.
   -24.          -24.        ]
 [-236.78119003 -250.38863651 -263.9927314  ...  -23.56871265
   -23.78438111  -23.99999646]
 [-252.59426348 -264.47295919 -276.34872911 ...  -23.13657464
   -23.56833695  -23.99999291]
 ...
 [ -42.28393717  -42.25095592  -42.21798279 ...           nan
            nan           nan]
 [ -44.14063725  -43.89198753  -43.64339906 ...           nan
            nan           nan]
 [ -46.00099946  -45.53625589  -45.0716268  ...           nan
            nan           nan]]","[-5.243750095367432, -4.9979166984558105, 54.71875, 54.96458435058594]","[[         nan          nan          nan ... -28.8187027  -22.76374817
  -17.00003052]
 [         nan          nan          nan ... -29.73593852 -26.86887379
  -25.64698792]
 [         nan          nan          nan ... -29.94417966 -29.97209073
  -27.52748288]
 ...
 [         nan          nan          nan ...          nan          nan
           nan]
 [         nan          nan          nan ...          nan          nan
           nan]
 [         nan          nan          nan ...          nan          nan
           nan]]","[-5.618750095367432, -4.6229166984558105, 54.34375, 55.33958435058594]",0.0,0.0,0.0,-1.9503219854251648,1.5931962906793833,4.582763862004173,13.409431569723191,-11.003942855930976,0.4443147740587133,6.542315254466167,26.257198100877815,-16.895800731232836,7
153,54.66475,-5.669472,"[[         nan          nan          nan ...          nan          nan
           nan]
 [         nan          nan          nan ...          nan          nan
           nan]
 [         nan          nan          nan ...          nan          nan
           nan]
 ...
 [-11.36230469 -11.36230469 -11.36230469 ... -16.68210432 -16.79762919
  -16.91308107]
 [-11.18103027 -11.18103027 -11.18103027 ... -17.16026759 -17.30863212
  -17.45690293]
 [-10.99975586 -10.99975586 -10.99975586 ... -17.63843086 -17.81963506
  -18.00072479]]","[-5.71875, -5.6229166984558105, 54.618751525878906, 54.71458435058594]","[[         nan          nan          nan ...          nan          nan
           nan]
 [         nan          nan          nan ...          nan          nan
           nan]
 [         nan          nan          nan ...          nan          nan
           nan]
 ...
 [         nan          nan          nan ... -77.43154524 -78.39363479
  -79.35572435]
 [         nan          nan          nan ... -79.32115158 -80.49885648
  -81.67656138]
 [         nan          nan          nan ... -81.21448495 -82.60823047
  -84.00197599]]","[-5.793749809265137, -5.547916889190674, 54.54375076293945, 54.78958511352539]","[[          nan           nan           nan ... -111.18098192
  -114.88212459 -116.0000763 ]
 [          nan           nan           nan ... -109.1537015
  -115.63890061 -119.64476907]
 [          nan           nan           nan ... -106.76440732
  -115.52815051 -113.65299289]
 ...
 [          nan           nan           nan ...  -52.18008463
   -51.55590171  -46.764394  ]
 [          nan           nan           nan ...  -52.67358084
   -49.98607727  -46.23635366]
 [          nan           nan           nan ...  -51.23588736
   -50.76383972  -46.99967959]]","[-6.168749809265137, -5.172916889190674, 54.16875076293945, 55.16458511352539]",0.6327385733755492,1.0181332625335844,3.2584112640167184,-2.495034683976292,0.6311557160352612,2.5352126811331197,8.700209936084605,-5.736091649601973,0.13951091080823838,2.4140160817802516,9.198437658133424,-8.978943238193825,0
154,47.140381,-2.24635,"[[-18.         -18.         -18.         ... -11.         -11.
  -11.        ]
 [-18.18127441 -18.18127441 -18.18127441 ...  -9.91235352  -9.91235352
   -9.91235352]
 [-18.36254883 -18.36254883 -18.36254883 ...  -8.82470703  -8.82470703
   -8.82470703]
 ...
 [ -7.          -7.          -7.         ...  -2.36175537  -2.36175537
   -2.36175537]
 [ -7.          -7.          -7.         ...  -2.18139648  -2.18139648
   -2.18139648]
 [ -7.          -7.          -7.         ...  -2.00012207  -2.00012207
   -2.00012207]]","[-2.293750047683716, -2.1979167461395264, 47.09375, 47.18958282470703]","[[-4.999794   -5.46445197 -5.92910995 ... -4.14115677 -5.07038765
  -5.99961853]
 [-5.46489254 -5.71348328 -5.96207402 ... -5.50347057 -6.21663421
  -6.92979786]
 [-5.92907553 -5.96202436 -5.9949732  ... -6.86310264 -7.36062438
  -7.85814613]
 ...
 [-2.92919922 -2.92919922 -2.92919922 ...         nan         nan
          nan]
 [-2.46411133 -2.46411133 -2.46411133 ...         nan         nan
          nan]
 [-1.99993896 -1.99993896 -1.99993896 ...         nan         nan
          nan]]","[-2.3687500953674316, -2.1229166984558105, 47.01874923706055, 47.264583587646484]","[[-40.00026703 -39.88213051 -37.47240112 ...          nan          nan
           nan]
 [-38.         -38.         -37.79528809 ...          nan          nan
           nan]
 [-38.40955527 -37.63882115 -36.5904541  ...          nan          nan
           nan]
 ...
 [         nan          nan          nan ...          nan          nan
           nan]
 [         nan          nan          nan ...          nan          nan
           nan]
 [         nan          nan          nan ...          nan          nan
           nan]]","[-2.7437500953674316, -1.7479166984558105, 47.00208282470703, 47.639583587646484]",0.4468791676511681,0.9179287252630312,3.6133716466925776,-3.6229283152344087,0.32337380332417964,1.2354975837856712,4.431789300412161,-3.6520439158768183,0.24822286703089683,3.5288707568060733,12.169203304226873,-6.650973014469051,2
155,54.6364,-8.3949,"[[-13.00283811 -13.18415678 -13.36524652 ... -27.99960017 -27.99955592
  -27.99951172]
 [-15.17811448 -15.39229357 -15.60620222 ... -27.70272791 -27.66982324
  -27.63696012]
 [-17.34240461 -17.58927815 -17.83583997 ... -27.40735501 -27.34175589
  -27.2762396 ]
 ...
 [         nan          nan          nan ...          nan          nan
           nan]
 [         nan          nan          nan ...          nan          nan
           nan]
 [         nan          nan          nan ...          nan          nan
           nan]]","[-8.443750381469727, -8.347916603088379, 54.58958435058594, 54.68541717529297]","[[-53.00010681 -52.53547668 -52.07084656 ...  -9.92906189  -9.46466064
   -9.00003052]
 [-53.46427917 -52.99964905 -52.53501892 ...  -9.92906189  -9.46466064
   -9.00003052]
 [-53.92936707 -53.46473694 -53.00010681 ...  -9.92906189  -9.46466064
   -9.00003052]
 ...
 [         nan          nan          nan ...          nan          nan
           nan]
 [         nan          nan          nan ...          nan          nan
           nan]
 [         nan          nan          nan ...          nan          nan
           nan]]","[-8.518750190734863, -8.272916793823242, 54.514583587646484, 54.76041793823242]","[[         nan          nan          nan ...          nan          nan
           nan]
 [         nan          nan          nan ...          nan          nan
           nan]
 [         nan          nan          nan ...          nan          nan
           nan]
 ...
 [-84.7634169  -85.         -85.         ...          nan          nan
           nan]
 [-84.88201364 -85.         -85.76368713 ...          nan          nan
           nan]
 [-82.99964905 -83.99969482 -85.76368713 ...          nan          nan
           nan]]","[-8.893750190734863, -7.897916793823242, 54.139583587646484, 55.13541793823242]",,,,,,,,,0.6015263191106909,7.909805900223572,25.367397919313166,-15.02833649660832,0
156,54.9905,-8.4955,"[[-23.00036623 -23.00043253 -23.00049883 ...  -6.00243085  -6.00249715
   -6.00256345]
 [-22.81908352 -22.78633089 -22.75357827 ...  -4.79916162  -4.766409
   -4.73365638]
 [-22.6378008  -22.57222926 -22.50665771 ...  -3.5958924   -3.53032086
   -3.46474931]
 ...
 [-54.99995422 -54.81890869 -54.63786316 ... -11.66609124 -11.23843968
  -10.81078813]
 [-54.99995422 -54.81890869 -54.63786316 ... -10.6940675  -10.29923486
   -9.90440223]
 [-54.99995422 -54.81890869 -54.63786316 ...  -9.72204375  -9.36003004
   -8.99801632]]","[-8.543749809265137, -8.447916984558105, 54.943748474121094, 55.03958511352539]","[[-46.99990845 -46.5355072  -46.07087708 ...          nan          nan
           nan]
 [-46.99990845 -46.5355072  -46.07087708 ...          nan          nan
           nan]
 [-46.99990845 -46.5355072  -46.07087708 ...          nan          nan
           nan]
 ...
 [-63.85888844 -62.62923422 -61.39897395 ...  -6.21546978  -5.31893555
   -4.42240132]
 [-62.92892556 -62.77920832 -62.62941728 ...  -8.57385911  -7.89341873
   -7.21297834]
 [-62.00079332 -62.92888719 -63.85743847 ... -10.92760594 -10.46283402
   -9.9980621 ]]","[-8.618749618530273, -8.372916221618652, 54.868751525878906, 55.11458206176758]","[[-71.00036618 -71.88195801 -73.76354474 ...          nan          nan
           nan]
 [-72.00006991 -72.86781938 -73.         ...          nan          nan
           nan]
 [-72.         -72.         -72.81953848 ...          nan          nan
           nan]
 ...
 [-94.         -94.         -93.94427157 ... -73.76422119 -73.82635713
  -73.528082  ]
 [-94.88163314 -94.77763461 -94.         ... -71.35443115 -72.11828613
  -72.99999327]
 [-94.99969482 -94.99969482 -94.         ... -72.99976689 -73.11797546
  -73.99969482]]","[-8.993749618530273, -7.9979166984558105, 54.493751525878906, 55.48958206176758]",,,,,1.1747553561321264,2.355747562060148,7.267573028807314,-4.268339344714141,0.2777478493154915,3.3289516429024872,11.389812000106307,-9.587088419660905,0
157,54.2536,-9.8928,"[[         nan          nan          nan ...          nan          nan
           nan]
 [         nan          nan          nan ...          nan          nan
           nan]
 [         nan          nan          nan ...          nan          nan
           nan]
 ...
 [-42.63806152 -42.63806152 -42.63806152 ...          nan          nan
           nan]
 [-42.81933594 -42.81933594 -42.81933594 ...          nan          nan
           nan]
 [-42.99969482 -42.99969482 -42.99969482 ...          nan          nan
           nan]]","[-9.939583778381348, -9.84375, 54.20624923706055, 54.30208206176758]","[[-10.         -10.         -10.         ...          nan          nan
           nan]
 [-10.         -10.         -10.         ...          nan          nan
           nan]
 [-10.         -10.         -10.         ...          nan          nan
           nan]
 ...
 [-92.00005672 -91.5682377  -91.13641867 ... -45.70208388 -47.06249268
  -48.42357196]
 [-92.00002834 -91.78430316 -91.56857798 ... -48.92471375 -50.06913516
  -51.21412059]
 [-92.00000001 -91.99994329 -91.99988657 ... -52.14099987 -53.06985905
  -53.99917602]]","[-10.014583587646484, -9.768750190734863, 54.131248474121094, 54.37708282470703]","[[ -84.00152597  -82.11787165  -80.99982691 ...           nan
            nan           nan]
 [ -79.99970923  -84.76391602  -83.91009879 ...           nan
            nan           nan]
 [ -72.18307658  -78.52993657  -81.1831665  ...           nan
            nan           nan]
 ...
 [-165.18087599 -160.0630188  -154.07041299 ...  -99.18043883
   -98.          -98.23613421]
 [-172.47412109 -164.16931667 -159.97453082 ...  -99.97201504
   -98.01398977  -98.99995965]
 [-179.99975586 -171.59059226 -165.70874023 ...  -99.76377869
   -98.99989234  -99.99983216]]","[-10.389583587646484, -9.393750190734863, 53.756248474121094, 54.75208282470703]",1.2055817468607302,1.4557688442055092,4.848163798457155,-2.8999811437742657,0.6631641938207121,2.153063182026539,7.504229945121875,-4.460081398498837,0.6303658183018013,8.91235527028852,25.392480881883138,-10.045706902461497,0
158,54.3099,-8.582,"[[-2.00033544 -0.73191243         nan ...         nan         nan
          nan]
 [-1.81982794 -0.84565499         nan ...         nan         nan
          nan]
 [-1.63840416 -0.95997493         nan ...         nan         nan
          nan]
 ...
 [        nan         nan         nan ...         nan         nan
          nan]
 [        nan         nan         nan ...         nan         nan
          nan]
 [        nan         nan         nan ...         nan         nan
          nan]]","[-8.631250381469727, -8.535416603088379, 54.26041793823242, 54.35625076293945]","[[         nan          nan          nan ...          nan          nan
           nan]
 [         nan          nan          nan ...          nan          nan
           nan]
 [         nan          nan          nan ...          nan          nan
           nan]
 ...
 [-41.71570699 -40.38789255 -39.06007811 ...          nan          nan
           nan]
 [-39.85897504 -38.96249753 -38.06602002 ...          nan          nan
           nan]
 [-37.9985809  -37.53429108 -37.07000126 ...          nan          nan
           nan]]","[-8.706250190734863, -8.460416793823242, 54.18541717529297, 54.431251525878906]","[[         nan          nan          nan ...          nan          nan
           nan]
 [         nan          nan          nan ...          nan          nan
           nan]
 [         nan          nan          nan ...          nan          nan
           nan]
 ...
 [-78.7633667  -78.2988823  -77.81928619 ...          nan          nan
           nan]
 [-78.11804199 -78.01395012 -78.         ...          nan          nan
           nan]
 [-79.00004579 -77.99995672 -78.         ...          nan          nan
           nan]]","[-9.081250190734863, -8.085416793823242, 53.81041717529297, 54.806251525878906]",0.38105185152574844,0.9527378762232004,3.542644225070884,-4.7532949722465,0.5199819612299119,1.4988975855738647,6.439416030436579,-3.911609312371798,0.20185950193987814,2.721201052083439,11.485722236332922,-3.428275852409987,0
159,54.8424,-5.1188998,"[[-93.99876406 -93.45572692 -92.91234651 ... -21.36235046 -21.18130493
  -21.00014496]
 [-92.91114247 -92.4665621  -92.02170069 ... -21.54362488 -21.36257935
  -21.18141937]
 [-91.82901392 -91.48239306 -91.13555309 ... -21.72398376 -21.54293823
  -21.36177826]
 ...
 [ -9.44975548  -8.67578141  -7.9013181  ...          nan          nan
           nan]
 [ -8.72464122  -7.88502931  -7.04488666 ...          nan          nan
           nan]
 [ -7.99952697  -7.09427721  -6.18845523 ...          nan          nan
           nan]]","[-5.168749809265137, -5.072916507720947, 54.79375076293945, 54.889583587646484]","[[-220.99924469 -236.33203888 -251.66105652 ...  -24.
   -24.          -24.        ]
 [-236.78119003 -250.38863651 -263.9927314  ...  -23.56871265
   -23.78438111  -23.99999646]
 [-252.59426348 -264.47295919 -276.34872911 ...  -23.13657464
   -23.56833695  -23.99999291]
 ...
 [ -42.28393717  -42.25095592  -42.21798279 ...           nan
            nan           nan]
 [ -44.14063725  -43.89198753  -43.64339906 ...           nan
            nan           nan]
 [ -46.00099946  -45.53625589  -45.0716268  ...           nan
            nan           nan]]","[-5.243750095367432, -4.9979166984558105, 54.71875, 54.96458435058594]","[[         nan          nan          nan ... -28.8187027  -22.76374817
  -17.00003052]
 [         nan          nan          nan ... -29.73593852 -26.86887379
  -25.64698792]
 [         nan          nan          nan ... -29.94417966 -29.97209073
  -27.52748288]
 ...
 [         nan          nan          nan ...          nan          nan
           nan]
 [         nan          nan          nan ...          nan          nan
           nan]
 [         nan          nan          nan ...          nan          nan
           nan]]","[-5.618750095367432, -4.6229166984558105, 54.34375, 55.33958435058594]",2.2229132712997886,1.6842118938911836,4.125459690120455,-3.6310232486699703,1.5931927171986517,4.582763862004173,13.409431569723191,-11.003942855930976,0.4443136547253697,6.542315254466167,26.257198100877815,-16.895800731232836,0
160,54.665001,-5.6691999,"[[         nan          nan          nan ...          nan          nan
           nan]
 [         nan          nan          nan ...          nan          nan
           nan]
 [         nan          nan          nan ...          nan          nan
           nan]
 ...
 [-11.36230469 -11.36230469 -11.36230469 ... -16.68210432 -16.79762919
  -16.91308107]
 [-11.18103027 -11.18103027 -11.18103027 ... -17.16026759 -17.30863212
  -17.45690293]
 [-10.99975586 -10.99975586 -10.99975586 ... -17.63843086 -17.81963506
  -18.00072479]]","[-5.71875, -5.6229166984558105, 54.618751525878906, 54.71458435058594]","[[         nan          nan          nan ...          nan          nan
           nan]
 [         nan          nan          nan ...          nan          nan
           nan]
 [         nan          nan          nan ...          nan          nan
           nan]
 ...
 [         nan          nan          nan ... -77.43154524 -78.39363479
  -79.35572435]
 [         nan          nan          nan ... -79.32115158 -80.49885648
  -81.67656138]
 [         nan          nan          nan ... -81.21448495 -82.60823047
  -84.00197599]]","[-5.793749809265137, -5.547916889190674, 54.54375076293945, 54.78958511352539]","[[          nan           nan           nan ... -111.18098192
  -114.88212459 -116.0000763 ]
 [          nan           nan           nan ... -109.1537015
  -115.63890061 -119.64476907]
 [          nan           nan           nan ... -106.76440732
  -115.52815051 -113.65299289]
 ...
 [          nan           nan           nan ...  -52.18008463
   -51.55590171  -46.764394  ]
 [          nan           nan           nan ...  -52.67358084
   -49.98607727  -46.23635366]
 [          nan           nan           nan ...  -51.23588736
   -50.76383972  -46.99967959]]","[-6.168749809265137, -5.172916889190674, 54.16875076293945, 55.16458511352539]",0.6918594955103313,1.034792173221452,3.2584112640167184,-2.410202173799194,0.6311573379482125,2.5352126811331197,8.700209936084605,-5.736091649601973,0.13951132992618054,2.4140160817802516,9.198437658133424,-8.978943238193825,0
161,54.636398,-8.3949003,"[[-13.00283811 -13.18415678 -13.36524652 ... -27.99960017 -27.99955592
  -27.99951172]
 [-15.17811448 -15.39229357 -15.60620222 ... -27.70272791 -27.66982324
  -27.63696012]
 [-17.34240461 -17.58927815 -17.83583997 ... -27.40735501 -27.34175589
  -27.2762396 ]
 ...
 [         nan          nan          nan ...          nan          nan
           nan]
 [         nan          nan          nan ...          nan          nan
           nan]
 [         nan          nan          nan ...          nan          nan
           nan]]","[-8.443750381469727, -8.347916603088379, 54.58958435058594, 54.68541717529297]","[[-53.00010681 -52.53547668 -52.07084656 ...  -9.92906189  -9.46466064
   -9.00003052]
 [-53.46427917 -52.99964905 -52.53501892 ...  -9.92906189  -9.46466064
   -9.00003052]
 [-53.92936707 -53.46473694 -53.00010681 ...  -9.92906189  -9.46466064
   -9.00003052]
 ...
 [         nan          nan          nan ...          nan          nan
           nan]
 [         nan          nan          nan ...          nan          nan
           nan]
 [         nan          nan          nan ...          nan          nan
           nan]]","[-8.518750190734863, -8.272916793823242, 54.514583587646484, 54.76041793823242]","[[         nan          nan          nan ...          nan          nan
           nan]
 [         nan          nan          nan ...          nan          nan
           nan]
 [         nan          nan          nan ...          nan          nan
           nan]
 ...
 [-84.7634169  -85.         -85.         ...          nan          nan
           nan]
 [-84.88201364 -85.         -85.76368713 ...          nan          nan
           nan]
 [-82.99964905 -83.99969482 -85.76368713 ...          nan          nan
           nan]]","[-8.893750190734863, -7.897916793823242, 54.139583587646484, 55.13541793823242]",,,,,,,,,0.6015263047870921,7.909805900223572,25.367397919313166,-15.02833649660832,0
162,54.989601,-8.4956198,"[[-23.00036623 -23.00043253 -23.00049883 ...  -6.00243085  -6.00249715
   -6.00256345]
 [-22.81908352 -22.78633089 -22.75357827 ...  -4.79916162  -4.766409
   -4.73365638]
 [-22.6378008  -22.57222926 -22.50665771 ...  -3.5958924   -3.53032086
   -3.46474931]
 ...
 [-54.99995422 -54.81890869 -54.63786316 ... -11.66609124 -11.23843968
  -10.81078813]
 [-54.99995422 -54.81890869 -54.63786316 ... -10.6940675  -10.29923486
   -9.90440223]
 [-54.99995422 -54.81890869 -54.63786316 ...  -9.72204375  -9.36003004
   -8.99801632]]","[-8.543749809265137, -8.447916984558105, 54.943748474121094, 55.03958511352539]","[[-46.99990845 -46.5355072  -46.07087708 ...          nan          nan
           nan]
 [-46.99990845 -46.5355072  -46.07087708 ...          nan          nan
           nan]
 [-46.99990845 -46.5355072  -46.07087708 ...          nan          nan
           nan]
 ...
 [-63.85888844 -62.62923422 -61.39897395 ...  -6.21546978  -5.31893555
   -4.42240132]
 [-62.92892556 -62.77920832 -62.62941728 ...  -8.57385911  -7.89341873
   -7.21297834]
 [-62.00079332 -62.92888719 -63.85743847 ... -10.92760594 -10.46283402
   -9.9980621 ]]","[-8.618749618530273, -8.372916221618652, 54.868751525878906, 55.11458206176758]","[[-71.00036618 -71.88195801 -73.76354474 ...          nan          nan
           nan]
 [-72.00006991 -72.86781938 -73.         ...          nan          nan
           nan]
 [-72.         -72.         -72.81953848 ...          nan          nan
           nan]
 ...
 [-94.         -94.         -93.94427157 ... -73.76422119 -73.82635713
  -73.528082  ]
 [-94.88163314 -94.77763461 -94.         ... -71.35443115 -72.11828613
  -72.99999327]
 [-94.99969482 -94.99969482 -94.         ... -72.99976689 -73.11797546
  -73.99969482]]","[-8.993749618530273, -7.9979166984558105, 54.493751525878906, 55.48958206176758]",,,,,1.209151676424239,2.2202367629863606,5.982992246747382,-3.5213230606347836,0.2777442174346237,3.3289516429024872,11.389812000106307,-9.587088419660905,0
163,54.252998,-9.8900003,"[[         nan          nan          nan ...          nan          nan
           nan]
 [         nan          nan          nan ...          nan          nan
           nan]
 [         nan          nan          nan ...          nan          nan
           nan]
 ...
 [-42.63806152 -42.63806152 -42.63806152 ...          nan          nan
           nan]
 [-42.81933594 -42.81933594 -42.81933594 ...          nan          nan
           nan]
 [-42.99969482 -42.99969482 -42.99969482 ...          nan          nan
           nan]]","[-9.939583778381348, -9.84375, 54.20624923706055, 54.30208206176758]","[[-10.         -10.         -10.         ...          nan          nan
           nan]
 [-10.         -10.         -10.         ...          nan          nan
           nan]
 [-10.         -10.         -10.         ...          nan          nan
           nan]
 ...
 [-92.00005672 -91.5682377  -91.13641867 ... -45.70208388 -47.06249268
  -48.42357196]
 [-92.00002834 -91.78430316 -91.56857798 ... -48.92471375 -50.06913516
  -51.21412059]
 [-92.00000001 -91.99994329 -91.99988657 ... -52.14099987 -53.06985905
  -53.99917602]]","[-10.014583587646484, -9.768750190734863, 54.131248474121094, 54.37708282470703]","[[ -84.00152597  -82.11787165  -80.99982691 ...           nan
            nan           nan]
 [ -79.99970923  -84.76391602  -83.91009879 ...           nan
            nan           nan]
 [ -72.18307658  -78.52993657  -81.1831665  ...           nan
            nan           nan]
 ...
 [-165.18087599 -160.0630188  -154.07041299 ...  -99.18043883
   -98.          -98.23613421]
 [-172.47412109 -164.16931667 -159.97453082 ...  -99.97201504
   -98.01398977  -98.99995965]
 [-179.99975586 -171.59059226 -165.70874023 ...  -99.76377869
   -98.99989234  -99.99983216]]","[-10.389583587646484, -9.393750190734863, 53.756248474121094, 54.75208282470703]",1.0871359623116803,1.3807577076514828,5.078772245885002,-4.286305852074314,0.6116522435053202,2.1282785855026516,7.504229945121875,-4.460191030170626,0.5634784418734818,8.806269690658397,25.392480881883138,-9.8479433310074,0
164,48.718399,-3.9658999,"[[         nan          nan          nan ...          nan          nan
           nan]
 [         nan          nan          nan ...          nan          nan
           nan]
 [         nan          nan          nan ...          nan          nan
           nan]
 ...
 [-13.55037995 -14.67289761 -15.79612483 ... -52.22032513 -52.92889628
  -53.63746743]
 [-14.27563251 -15.92325293 -17.57191484 ... -52.20461755 -53.01167658
  -53.81873562]
 [-15.00088506 -17.17360825 -19.34770484 ... -52.18890996 -53.09445689
  -54.00000381]]","[-4.014583110809326, -3.918750047683716, 48.66875076293945, 48.764583587646484]","[[         nan          nan          nan ...          nan          nan
           nan]
 [         nan          nan          nan ...          nan          nan
           nan]
 [         nan          nan          nan ...          nan          nan
           nan]
 ...
 [-83.00001526 -82.53538513 -82.07086945 ... -70.         -70.
  -70.        ]
 [-83.00001526 -82.53538513 -82.07086945 ... -70.         -70.
  -70.        ]
 [-83.00001526 -82.53538513 -82.07086945 ... -70.         -70.
  -70.        ]]","[-4.089583396911621, -3.84375, 48.59375, 48.83958435058594]","[[-13.         -13.         -13.         ...          nan          nan
           nan]
 [-10.23535156 -10.33912409  -9.53442911 ...          nan          nan
           nan]
 [ -2.41760614  -1.97298303  -1.16739611 ...          nan          nan
           nan]
 ...
 [-90.         -90.8818512  -90.41682278 ... -74.41685481 -74.
  -73.23651123]
 [-91.         -91.         -90.88208008 ... -75.         -74.10398962
  -74.88208008]
 [-91.         -91.         -91.00024414 ... -75.         -73.9997847
  -72.99975586]]","[-4.464583396911621, -3.46875, 48.21875, 49.21458435058594]",0.3391426812166143,0.6178113525329761,1.8899002075267068,-1.4552361405072969,0.5531147489439883,2.1292643893821084,7.5908504976136175,-2.9503348954494912,0.5302067721421061,10.23211603224078,34.85188368894098,-10.67050995477044,4
165,54.3046,-8.5689001,"[[nan nan nan ... nan nan nan]
 [nan nan nan ... nan nan nan]
 [nan nan nan ... nan nan nan]
 ...
 [nan nan nan ... nan nan nan]
 [nan nan nan ... nan nan nan]
 [nan nan nan ... nan nan nan]]","[-8.618749618530273, -8.522916793823242, 54.256248474121094, 54.35208511352539]","[[         nan          nan          nan ...          nan          nan
           nan]
 [         nan          nan          nan ...          nan          nan
           nan]
 [         nan          nan          nan ...          nan          nan
           nan]
 ...
 [-39.64792515 -39.150569   -38.65321285 ...          nan          nan
           nan]
 [-37.32252828 -36.60907828 -35.89562828 ...          nan          nan
           nan]
 [-35.00170896 -34.0725905  -33.14347204 ...          nan          nan
           nan]]","[-8.693750381469727, -8.447916984558105, 54.181251525878906, 54.42708206176758]","[[         nan          nan          nan ...          nan          nan
           nan]
 [         nan          nan          nan ...          nan          nan
           nan]
 [         nan          nan          nan ...          nan          nan
           nan]
 ...
 [-77.23596191 -77.02784261 -76.23612976 ...          nan          nan
           nan]
 [-78.00008072 -77.79163228 -77.         ...          nan          nan
           nan]
 [-78.         -77.11799622 -77.         ...          nan          nan
           nan]]","[-9.068750381469727, -8.072916984558105, 53.806251525878906, 54.80208206176758]",,,,,0.6325968709239823,1.6944378920935335,4.641730980920176,-3.056614390264821,0.22169513869090282,2.5714870725306938,10.47196916863734,-4.364155991099587,0
166,54.031833,-2.92025,"[[-1.99987793 -1.81879728 -1.63771664 ... -1.         -1.
  -1.        ]
 [-2.36242676 -2.11568752 -1.86894829 ... -1.         -1.
  -1.        ]
 [-2.72497559 -2.41257776 -2.10017993 ... -1.         -1.
  -1.        ]
 ...
 [-2.         -2.         -2.         ... -1.         -1.
  -1.        ]
 [-2.         -2.         -2.         ... -1.         -1.
  -1.        ]
 [-2.         -2.         -2.         ... -1.         -1.
  -1.        ]]","[-2.96875, -2.8729166984558105, 53.985416412353516, 54.08124923706055]","[[nan nan nan ... nan nan nan]
 [nan nan nan ... nan nan nan]
 [nan nan nan ... nan nan nan]
 ...
 [-1. -1. -1. ... nan nan nan]
 [-1. -1. -1. ... nan nan nan]
 [-1. -1. -1. ... nan nan nan]]","[-3.043750047683716, -2.7979166507720947, 53.91041564941406, 54.15625]","[[-27.00099945 -23.23626203 -23.00043061 ...          nan          nan
           nan]
 [-21.23584119 -21.22191494 -21.23622131 ...          nan          nan
           nan]
 [-21.00000874 -21.11842346 -21.23622131 ...          nan          nan
           nan]
 ...
 [         nan          nan          nan ...          nan          nan
           nan]
 [         nan          nan          nan ...          nan          nan
           nan]
 [         nan          nan          nan ...          nan          nan
           nan]]","[-3.418750047683716, -2.4229166507720947, 53.53541564941406, 54.53125]",,,,,0.6670899794020299,1.7567489907790426,5.203474514186447,-3.445884487051845,0.12139133389504843,1.4540385129038222,5.677551269528228,-2.566650906870023,3
167,54.49,-0.614694,"[[         nan          nan          nan ...          nan          nan
           nan]
 [         nan          nan          nan ...          nan          nan
           nan]
 [         nan          nan          nan ...          nan          nan
           nan]
 ...
 [-31.18939521 -31.4860195  -31.78264379 ... -46.32028766 -46.7980147
  -47.27574174]
 [-32.09576763 -32.42522122 -32.7546748  ... -46.61717686 -47.12773319
  -47.63828953]
 [-33.00214005 -33.36442293 -33.72670581 ... -46.91406606 -47.45745169
  -48.00083732]]","[-0.6645833253860474, -0.5687500238418579, 54.443748474121094, 54.53958511352539]","[[         nan          nan          nan ...          nan          nan
           nan]
 [         nan          nan          nan ...          nan          nan
           nan]
 [         nan          nan          nan ...          nan          nan
           nan]
 ...
 [-43.14086914 -43.14086914 -43.14086914 ... -52.14130163 -52.60586739
  -53.07043314]
 [-44.07104492 -44.07104492 -44.07104492 ... -52.60638952 -53.07095528
  -53.53552103]
 [-44.99938965 -44.99938965 -44.99938965 ... -53.07056189 -53.53512764
  -53.99969339]]","[-0.7395833134651184, -0.4937500059604645, 54.368751525878906, 54.61458206176758]","[[         nan          nan          nan ...  -9.          -8.88156639
   -8.        ]
 [         nan          nan          nan ...  -8.1182251   -8.
   -8.        ]
 [         nan          nan          nan ...  -7.81950514  -7.
   -7.23590096]
 ...
 [-63.23594284 -66.11784744 -69.81926189 ... -68.23596191 -68.2080923
  -68.        ]
 [-66.11827547 -69.00034332 -72.76413345 ... -69.6454947  -67.88171387
  -68.76342805]
 [-68.99937057 -72.76316071 -76.76309815 ... -68.99992791 -68.99938965
  -69.99908483]]","[-1.1145833730697632, -0.11874999850988388, 53.993751525878906, 54.98958206176758]",0.3949031449810568,0.7077086359612395,2.543731522745606,-2.7509272065282713,0.6268554936452653,2.589736324733729,8.189110800622712,-4.342115703016406,0.8822453971113285,12.203385761189335,38.47784177680118,-17.272025752466853,4
168,54.650722,-3.567167,"[[-10.99955369 -10.81852831 -10.63750293 ...          nan          nan
           nan]
 [-10.81919824 -10.67083636 -10.52247447 ...          nan          nan
           nan]
 [-10.63792729 -10.52239469 -10.4068621  ...          nan          nan
           nan]
 ...
 [-16.         -16.         -16.         ...          nan          nan
           nan]
 [-16.         -16.         -16.         ...          nan          nan
           nan]
 [-16.         -16.         -16.         ...          nan          nan
           nan]]","[-3.6145832538604736, -3.518749952316284, 54.60208511352539, 54.69791793823242]","[[-20. -20. -20. ...  nan  nan  nan]
 [-20. -20. -20. ...  nan  nan  nan]
 [-20. -20. -20. ...  nan  nan  nan]
 ...
 [ -1.  -1.  -1. ...  -1.  -1.  -1.]
 [ -1.  -1.  -1. ...  -1.  -1.  -1.]
 [ -1.  -1.  -1. ...  -1.  -1.  -1.]]","[-3.6895833015441895, -3.4437499046325684, 54.52708435058594, 54.77291488647461]","[[-25.00024414 -25.00024414 -25.00018646 ...          nan          nan
   -0.99853518]
 [-26.         -26.         -25.97203936 ...          nan          nan
           nan]
 [-22.1801228  -24.32603956 -25.         ...          nan          nan
           nan]
 ...
 [         nan          nan          nan ...          nan          nan
           nan]
 [         nan          nan          nan ...          nan          nan
           nan]
 [         nan          nan          nan ...          nan          nan
           nan]]","[-4.0645833015441895, -3.0687499046325684, 54.15208435058594, 55.14791488647461]",,,,,0.0,0.0,0.0,-1.126342773437615,0.3099814241637779,3.355363751653381,11.007470222192113,-5.175590919579995,0
169,54.085222,-4.768056,"[[-42.00048828 -42.00053248 -42.00057671 ... -26.36184795 -26.18037837
  -25.99902344]
 [-41.63793807 -41.60516335 -41.57236791 ... -26.62733547 -26.67574357
  -26.72412109]
 [-41.27538786 -41.20979422 -41.14415911 ... -26.89282299 -27.17110877
  -27.44921875]
 ...
 [-32.         -32.         -32.         ...          nan          nan
           nan]
 [-32.         -32.         -32.         ...          nan          nan
           nan]
 [-32.         -32.         -32.         ...          nan          nan
           nan]]","[-4.8145833015441895, -4.71875, 54.03541564941406, 54.131248474121094]","[[-64.00037382 -63.53565967 -63.07094552 ... -43.92791662 -43.46419478
  -43.00047294]
 [-63.53531077 -63.28663724 -63.03796371 ... -45.19123885 -43.86335453
  -42.53547021]
 [-63.07116319 -63.03810501 -63.00504682 ... -46.45207423 -44.26172854
  -42.07138284]
 ...
 [-67.99994659 -67.53543091 -67.07091522 ...          nan          nan
           nan]
 [-67.99994659 -67.53543091 -67.07091522 ...          nan          nan
           nan]
 [-67.99994659 -67.53543091 -67.07091522 ...          nan          nan
           nan]]","[-4.889583110809326, -4.643750190734863, 53.96041488647461, 54.20624923706055]","[[ -66.9994659   -64.1171752   -62.7639108  ...  -49.00085449
   -50.00085449  -49.00047304]
 [ -69.76369975  -67.01392273  -64.23622131 ...  -46.32642589
   -47.01396178  -46.23620605]
 [ -70.99998741  -69.00038147  -67.41673319 ...  -44.81947467
   -43.58964539  -45.23574383]
 ...
 [-127.76391602 -128.22942157 -129.19333663 ...  -46.2627274
   -48.84755191  -50.1803875 ]
 [-120.76322154 -125.41901844 -131.73702212 ...  -46.17141133
   -53.15547604  -56.35514932]
 [-121.99971772 -129.64620079 -135.05514526 ...  -54.18170923
   -55.64653398  -52.00132751]]","[-5.264583110809326, -4.268750190734863, 53.58541488647461, 54.58124923706055]",,,,,0.0,0.0,0.0,-1.0,0.6247747709133704,9.997212259300854,31.0,-22.407236529261237,4
170,54.48862,-0.61462,"[[         nan          nan          nan ...          nan          nan
           nan]
 [         nan          nan          nan ...          nan          nan
           nan]
 [         nan          nan          nan ...          nan          nan
           nan]
 ...
 [-27.27624633 -27.39181209 -27.50737784 ... -45.04477618 -45.34144468
  -45.63811319]
 [-27.63696445 -27.78519369 -27.93342294 ... -45.15980705 -45.48913904
  -45.81847104]
 [-27.99951363 -28.18057216 -28.3616307  ... -45.27542184 -45.63758313
  -45.99974442]]","[-0.6645833253860474, -0.5687500238418579, 54.43958282470703, 54.53541564941406]","[[         nan          nan          nan ...          nan          nan
           nan]
 [         nan          nan          nan ...          nan          nan
           nan]
 [         nan          nan          nan ...          nan          nan
           nan]
 ...
 [-43.         -43.         -43.         ... -51.20740404 -52.10370064
  -52.99999724]
 [-43.         -43.         -43.         ... -51.63953252 -52.31976521
  -52.99999791]
 [-43.         -43.         -43.         ... -52.07081035 -52.53540446
  -52.99999857]]","[-0.7395833134651184, -0.4937500059604645, 54.36458206176758, 54.610416412353516]","[[         nan          nan          nan ...  -9.76401392  -9.00003604
   -9.00030518]
 [         nan          nan          nan ...  -9.          -8.10404615
   -8.        ]
 [         nan          nan          nan ...  -8.          -7.23657227
   -8.00000027]
 ...
 [-61.47240032 -64.93766135 -67.9999733  ... -66.65283488 -67.23620605
  -68.00000027]
 [-64.2370426  -67.10494593 -70.97284199 ... -69.09053115 -68.77735876
  -68.11853032]
 [-66.99991989 -70.76364899 -74.52743912 ... -68.76384187 -67.00006104
  -67.00012207]]","[-1.1145833730697632, -0.11874999850988388, 53.98958206176758, 54.985416412353516]",0.42123741102345347,0.7705785246195646,2.3540509562269074,-2.006391574844459,0.501823191116781,1.822208141945406,5.84411095774898,-3.020639760394825,0.7579265236043821,13.338365492039255,40.09457489941568,-18.308109035413445,4
171,54.82326593,9.65412763,"[[nan nan nan ... nan nan nan]
 [nan nan nan ... nan nan nan]
 [nan nan nan ... nan nan nan]
 ...
 [nan nan nan ... nan nan nan]
 [nan nan nan ... nan nan nan]
 [nan nan nan ... nan nan nan]]","[9.606249809265137, 9.702083587646484, 54.77708435058594, 54.87291717529297]","[[nan nan nan ... nan nan nan]
 [nan nan nan ... nan nan nan]
 [nan nan nan ... nan nan nan]
 ...
 [nan nan nan ... nan nan nan]
 [nan nan nan ... nan nan nan]
 [nan nan nan ... nan nan nan]]","[9.53125, 9.777083396911621, 54.702083587646484, 54.94791793823242]","[[         nan          nan          nan ...          nan          nan
  -13.99981692]
 [         nan  -0.74933378  -0.76293945 ...          nan          nan
           nan]
 [ -1.          -1.          -1.         ...          nan          nan
           nan]
 ...
 [         nan          nan          nan ...          nan          nan
           nan]
 [         nan          nan          nan ...          nan          nan
           nan]
 [         nan          nan          nan ...          nan          nan
           nan]]","[9.15625, 10.152083396911621, 54.327083587646484, 55.32291793823242]",1.0280865407888633,2.296802689309862,8.428545333433926,-4.898412923952128,0.9422535440206216,4.4719278798590665,14.877077819740569,-8.91784122727083,0.29910373009813573,4.018389898163533,16.87386982047439,-14.23895227890487,1
172,54.79504891,9.433011,"[[         nan          nan          nan ...          nan          nan
           nan]
 [         nan          nan          nan ...          nan          nan
           nan]
 [         nan          nan          nan ...          nan          nan
           nan]
 ...
 [         nan          nan          nan ... -11.13335222 -11.97294204
  -12.81253185]
 [         nan          nan          nan ... -10.16133401 -11.03374275
  -11.90615149]
 [         nan          nan          nan ...  -9.1893158  -10.09454346
  -10.99977112]]","[9.385416984558105, 9.481249809265137, 54.74791717529297, 54.84375]","[[nan nan nan ... nan nan nan]
 [nan nan nan ... nan nan nan]
 [nan nan nan ... nan nan nan]
 ...
 [nan nan nan ... nan nan nan]
 [nan nan nan ... nan nan nan]
 [nan nan nan ... nan nan nan]]","[9.310416221618652, 9.556249618530273, 54.672916412353516, 54.91875076293945]","[[nan nan nan ... nan nan nan]
 [nan nan nan ... nan nan nan]
 [nan nan nan ... nan nan nan]
 ...
 [nan nan nan ... nan nan nan]
 [nan nan nan ... nan nan nan]
 [nan nan nan ... nan nan nan]]","[8.935416221618652, 9.931249618530273, 54.297916412353516, 55.29375076293945]",1.439756107788921,1.7118976929005107,6.190116506086359,-3.612823392067651,0.8350315047935297,2.2323261356641915,6.907657872839883,-3.9244572255612553,0.3879459273327698,3.680923713212171,10.805145371738059,-5.800124635289531,1
173,46.148701,-1.2259001,"[[nan nan nan ... nan nan nan]
 [nan nan nan ... nan nan nan]
 [nan nan nan ... nan nan nan]
 ...
 [nan nan nan ... nan nan nan]
 [nan nan nan ... nan nan nan]
 [nan nan nan ... nan nan nan]]","[0.0, 0.0, 0.0, 0.0]","[[nan nan nan ... nan nan nan]
 [nan nan nan ... nan nan nan]
 [nan nan nan ... nan nan nan]
 ...
 [nan nan nan ... nan nan nan]
 [nan nan nan ... nan nan nan]
 [nan nan nan ... nan nan nan]]","[0.0, 0.0, 0.0, 0.0]","[[nan nan nan ... nan nan nan]
 [nan nan nan ... nan nan nan]
 [nan nan nan ... nan nan nan]
 ...
 [nan nan nan ... nan nan nan]
 [nan nan nan ... nan nan nan]
 [nan nan nan ... nan nan nan]]","[0.0, 0.0, 0.0, 0.0]",,,,,,,,,,,,,2
174,54.75978757,8.29700482,"[[ -0.99957275  -0.99957275  -0.99957275 ...          nan          nan
           nan]
 [ -1.18084717  -1.18084717  -1.18084717 ...          nan          nan
           nan]
 [ -1.36212158  -1.36212158  -1.36212158 ...          nan          nan
           nan]
 ...
 [ -9.63788551  -9.52226554  -9.40679155 ...          nan          nan
           nan]
 [ -9.81917929  -9.6706989   -9.52240599 ...          nan          nan
           nan]
 [-10.00047306  -9.81913226  -9.63802043 ...          nan          nan
           nan]]","[8.247916221618652, 8.34375, 54.71041488647461, 54.806251525878906]","[[-10.         -10.         -10.         ...  -3.63726027  -7.81602114
  -11.99684151]
 [-10.         -10.         -10.         ...  -2.04722062  -4.93260814
   -7.81941773]
 [-10.         -10.         -10.         ...          nan  -2.04350794
   -3.63375446]
 ...
 [-13.         -13.         -13.         ...          nan          nan
           nan]
 [-13.         -13.         -13.         ...          nan          nan
           nan]
 [-13.         -13.         -13.         ...          nan          nan
           nan]]","[8.172916412353516, 8.418749809265137, 54.63541793823242, 54.881248474121094]","[[-22.00035858 -23.00030518 -23.00053826 ...  -0.76469421          nan
           nan]
 [-23.00005341 -23.22239903 -23.20863146 ...          nan  -4.30444971
   -1.64522774]
 [-22.         -22.67382036 -22.76403809 ...          nan          nan
           nan]
 ...
 [-22.         -22.         -22.         ...          nan          nan
           nan]
 [-22.         -22.         -22.         ...          nan          nan
           nan]
 [-22.         -22.         -22.         ...          nan          nan
           nan]]","[7.797916889190674, 8.793749809265137, 54.26041793823242, 55.256248474121094]",0.8523629003809262,1.2315077049411425,4.471701315592165,-2.5653044062425936,0.5270184689324519,1.8405265449697652,6.332224749049737,-4.413732523545681,0.31582787525247186,4.3512783008260385,17.606866776943313,-5.189374616670655,1
175,54.73219748,8.6880067,"[[       nan        nan        nan ...        nan        nan        nan]
 [       nan        nan        nan ...        nan        nan        nan]
 [       nan        nan        nan ...        nan        nan        nan]
 ...
 [       nan        nan        nan ...        nan        nan        nan]
 [       nan        nan        nan ...        nan        nan        nan]
 [       nan        nan        nan ... -0.7243042        nan        nan]]","[8.639583587646484, 8.735416412353516, 54.68541717529297, 54.78125]","[[-4.00024414 -4.00024414 -4.00024414 ...         nan         nan
          nan]
 [-2.14355469 -2.14355469 -2.14355469 ...         nan         nan
          nan]
 [        nan         nan         nan ...         nan         nan
          nan]
 ...
 [        nan         nan         nan ... -0.93416391 -0.50248667
          nan]
 [        nan         nan         nan ... -0.967056   -0.75104723
  -0.53514487]
 [        nan         nan         nan ... -1.00001298 -1.00009805
  -1.00018309]]","[8.564583778381348, 8.810416221618652, 54.610416412353516, 54.85625076293945]","[[-13.         -13.         -13.         ...          nan          nan
           nan]
 [-13.88216895 -13.         -13.         ...          nan          nan
           nan]
 [-14.76359031 -14.         -14.18034896 ...          nan          nan
           nan]
 ...
 [-11.2364502  -11.2364502  -11.05584014 ...          nan          nan
           nan]
 [-12.         -12.         -12.         ...          nan          nan
           nan]
 [-13.00007627 -12.         -12.         ...          nan          nan
           nan]]","[8.189583778381348, 9.185416221618652, 54.235416412353516, 55.23125076293945]",,,,,,,,,0.9813140168706715,8.35160393947473,20.531414707171614,-6.8732503654833454,1
176,54.63344017,8.38492638,"[[-4.00088502 -4.18200791 -4.36313079 ... -3.63622616 -3.8174264
  -3.99862663]
 [-3.63833066 -3.78663462 -3.93493858 ... -4.31135829 -4.42692068
  -4.54248307]
 [-3.2757763  -3.39126134 -3.50674638 ... -4.98649041 -5.03641496
  -5.0863395 ]
 ...
 [        nan         nan         nan ...         nan         nan
          nan]
 [        nan         nan         nan ...         nan         nan
          nan]
 [        nan         nan         nan ...         nan         nan
          nan]]","[8.335416793823242, 8.431249618530273, 54.58541488647461, 54.681251525878906]","[[-4.00030515 -4.00016343 -4.00002163 ...         nan         nan
          nan]
 [-4.4644421  -4.24873815 -4.0329279  ...         nan         nan
          nan]
 [-4.92949451 -4.49780317 -4.06589906 ...         nan         nan
          nan]
 ...
 [-5.07121277 -4.60681152 -4.1421814  ...         nan         nan
          nan]
 [-5.53538513 -5.07098389 -4.60635376 ...         nan         nan
          nan]
 [-5.9995575  -5.53515625 -5.07052612 ...         nan         nan
          nan]]","[8.260416984558105, 8.506250381469727, 54.51041793823242, 54.756248474121094]","[[-53.99938965 -53.99938965 -54.76388128 ...          nan          nan
           nan]
 [-52.         -52.         -52.3548584  ...          nan          nan
           nan]
 [-39.59563034 -36.28195325 -41.63778409 ...          nan          nan
           nan]
 ...
 [-18.         -17.79194893 -17.76409912 ...          nan          nan
           nan]
 [-18.00003364 -17.1182251  -17.1182251  ...          nan          nan
           nan]
 [-18.         -18.         -18.         ...          nan          nan
           nan]]","[7.885416507720947, 8.881250381469727, 54.13541793823242, 55.131248474121094]",,,,,,,,,0.7774424313361474,7.54296243988781,20.056557854640314,-9.512856444189858,1
177,54.50258302,8.70305048,"[[        nan         nan         nan ...         nan         nan
          nan]
 [        nan         nan         nan ...         nan         nan
          nan]
 [        nan         nan         nan ...         nan         nan
          nan]
 ...
 [        nan         nan         nan ... -3.53466797 -2.81048584
  -2.08538818]
 [        nan         nan         nan ... -2.99084473 -2.2666626
  -1.54156494]
 [        nan         nan         nan ... -2.44976807 -1.72558594
  -1.00048828]]","[8.65625, 8.752083778381348, 54.45624923706055, 54.55208206176758]","[[-5.99995417 -5.53481359 -5.06990214 ...         nan         nan
          nan]
 [-6.00001804 -6.183159   -6.36620973 ...         nan         nan
          nan]
 [-6.00008179 -6.83022813 -7.65996554 ...         nan         nan
          nan]
 ...
 [        nan         nan         nan ...         nan         nan
          nan]
 [        nan         nan         nan ...         nan         nan
          nan]
 [        nan         nan         nan ...         nan         nan
          nan]]","[8.581250190734863, 8.827083587646484, 54.381248474121094, 54.62708282470703]","[[-22.00036621 -22.00036621 -22.00036621 ...          nan          nan
           nan]
 [-19.23608398 -19.23608398 -19.23608398 ...          nan          nan
           nan]
 [-16.2366333  -15.56341087 -15.4732666  ...          nan          nan
           nan]
 ...
 [-12.         -12.         -12.         ...          nan          nan
           nan]
 [-12.11846924 -12.01398977 -12.         ...          nan          nan
           nan]
 [-13.         -12.99989234 -12.99987793 ...          nan          nan
           nan]]","[8.206250190734863, 9.202083587646484, 54.006248474121094, 55.00208282470703]",0.9271582504481827,1.4248770429977733,4.986229213890521,-2.649983264866497,0.6830593679551431,2.54917932838548,8.187710892417135,-4.663822075538063,0.5709935202589951,5.654529252515249,17.582598252246296,-8.577740694649302,1
178,54.47470223,9.83599307,"[[nan nan nan ... nan nan nan]
 [nan nan nan ... nan nan nan]
 [nan nan nan ... nan nan nan]
 ...
 [nan nan nan ... nan nan nan]
 [nan nan nan ... nan nan nan]
 [nan nan nan ... nan nan nan]]","[9.789583206176758, 9.885416984558105, 54.42708206176758, 54.52291488647461]","[[nan nan nan ... nan nan nan]
 [nan nan nan ... nan nan nan]
 [nan nan nan ... nan nan nan]
 ...
 [nan nan nan ... nan nan nan]
 [nan nan nan ... nan nan nan]
 [nan nan nan ... nan nan nan]]","[9.714583396911621, 9.960416793823242, 54.35208511352539, 54.59791564941406]","[[ -2.          -1.99962322  -1.76342186 ...          nan          nan
           nan]
 [ -1.11816406  -1.01395734          nan ...          nan          nan
           nan]
 [         nan          nan          nan ...          nan          nan
           nan]
 ...
 [         nan          nan          nan ... -23.8885948  -24.97871691
  -22.87573413]
 [         nan          nan          nan ... -24.43702277 -20.11853027
  -17.11828252]
 [         nan          nan          nan ... -22.2914667  -18.88256836
  -16.00042724]]","[9.339583396911621, 10.335416793823242, 53.97708511352539, 54.97291564941406]",,,,,0.39813934936852546,0.788043299151809,2.037502387542645,-2.928814868204258,0.4036644893683364,4.644796411604602,15.305488267918605,-8.087890416172064,1
179,54.47394247,9.02585594,"[[-0.99996947 -1.18107026 -1.36239999 ... -1.         -1.
  -1.        ]
 [-0.99997501 -1.14825687 -1.29672619 ... -1.         -1.
  -1.        ]
 [-0.99998054 -1.11544347 -1.23105238 ... -1.         -1.
  -1.        ]
 ...
 [        nan         nan         nan ...         nan         nan
          nan]
 [        nan         nan         nan ...         nan         nan
          nan]
 [        nan         nan         nan ...         nan         nan
          nan]]","[8.977083206176758, 9.072916984558105, 54.42708206176758, 54.52291488647461]","[[nan nan nan ... -1. -1. -1.]
 [nan nan nan ... -1. -1. -1.]
 [nan nan nan ... -1. -1. -1.]
 ...
 [nan nan nan ... nan nan nan]
 [nan nan nan ... nan nan nan]
 [nan nan nan ... nan nan nan]]","[8.902083396911621, 9.147916793823242, 54.35208511352539, 54.59791564941406]","[[-6.99957275 -6.99994953 -7.         ...         nan         nan
          nan]
 [-6.88183594 -7.76371765 -7.88183594 ...         nan         nan
          nan]
 [-6.47167969 -6.47167969 -6.23583984 ...         nan         nan
          nan]
 ...
 [        nan         nan -0.58348607 ...         nan         nan
          nan]
 [        nan         nan -0.7917079  ...         nan         nan
          nan]
 [-2.99948121         nan -2.52712341 ...         nan         nan
          nan]]","[8.527083396911621, 9.522916793823242, 53.97708511352539, 54.97291564941406]",0.0,0.0,0.0,-0.6295928955120229,0.1143399713060524,0.31141603933252865,1.0506219416824392,-1.153581240383786,0.027563430845324203,0.3236318810089246,1.1846912018929292,-0.913994011402677,1
180,54.26591826,8.84211831,"[[nan nan nan ... nan nan nan]
 [nan nan nan ... nan nan nan]
 [nan nan nan ... nan nan nan]
 ...
 [nan nan nan ... nan nan nan]
 [nan nan nan ... nan nan nan]
 [nan nan nan ... nan nan nan]]","[8.793749809265137, 8.889583587646484, 54.21875, 54.31458282470703]","[[-4.         -4.46497043 -4.92971181 ...         nan         nan
          nan]
 [-4.         -3.60059505 -3.20138685 ...         nan         nan
          nan]
 [-4.         -2.73792119 -1.4764641  ...         nan         nan
          nan]
 ...
 [        nan         nan         nan ...         nan         nan
          nan]
 [        nan         nan         nan ...         nan         nan
          nan]
 [        nan         nan         nan ...         nan         nan
          nan]]","[8.71875, 8.964583396911621, 54.14374923706055, 54.389583587646484]","[[         nan          nan          nan ...          nan          nan
           nan]
 [         nan          nan          nan ...          nan          nan
           nan]
 [         nan          nan          nan ...          nan          nan
           nan]
 ...
 [ -4.70898437  -1.24387658          nan ...          nan          nan
           nan]
 [-10.23547363  -6.49916133  -1.56803725 ...          nan          nan
           nan]
 [ -7.99975586  -9.88189865  -9.2364502  ...          nan          nan
           nan]]","[8.34375, 9.339583396911621, 53.76874923706055, 54.764583587646484]",0.7944287918558264,1.6239111128857004,5.792741482115132,-2.7865886352106126,0.42424955540589543,1.3466703247936156,4.059136934585645,-2.3691435354555677,0.0,0.0,0.0,-2.043219834583317,1
181,54.26586489,8.84958039,"[[nan nan nan ... nan nan nan]
 [nan nan nan ... nan nan nan]
 [nan nan nan ... nan nan nan]
 ...
 [nan nan nan ... nan nan nan]
 [nan nan nan ... nan nan nan]
 [nan nan nan ... nan nan nan]]","[8.802083015441895, 8.897916793823242, 54.21875, 54.31458282470703]","[[-3.00057984 -2.53586464 -2.07114943 ...         nan         nan
          nan]
 [-1.60530197 -1.35668062 -1.10805926 ...         nan         nan
          nan]
 [        nan         nan         nan ...         nan         nan
          nan]
 ...
 [        nan         nan         nan ...         nan         nan
          nan]
 [        nan         nan         nan ...         nan         nan
          nan]
 [        nan         nan         nan ...         nan         nan
          nan]]","[8.727083206176758, 8.972916603088379, 54.14374923706055, 54.389583587646484]","[[         nan          nan          nan ...          nan          nan
           nan]
 [         nan          nan          nan ...          nan          nan
           nan]
 [         nan          nan          nan ...          nan          nan
           nan]
 ...
 [ -0.94534135          nan          nan ...          nan          nan
           nan]
 [ -6.35327148  -1.13734037          nan ...          nan          nan
           nan]
 [-10.00006103  -9.11834717  -7.23658836 ...          nan          nan
           nan]]","[8.352083206176758, 9.347916603088379, 53.76874923706055, 54.764583587646484]",,,,,0.34051703982818027,0.6006437691957689,1.4966677483374597,-1.820998021403669,0.0,0.0,0.0,-2.307192787546793,1
182,54.18052298,7.89080439,"[[-41.99853516 -42.36069252 -42.72307881 ... -43.36234578 -43.18111947
  -43.00000763]
 [-42.72363281 -43.05297126 -43.38251788 ... -43.29668581 -43.14829916
  -43.00000625]
 [-43.44873047 -43.74524999 -44.04195694 ... -43.23102583 -43.11547885
  -43.00000487]
 ...
 [-16.44848633 -15.87106114 -15.29327095 ... -12.9135437  -13.09470367
  -13.27574921]
 [-15.72338867 -14.98186887 -14.23988034 ... -13.27609253 -13.4572525
  -13.63829803]
 [-14.99829102 -14.0926766  -13.18648973 ... -13.63864136 -13.81980133
  -14.00084686]]","[7.84375, 7.9395833015441895, 54.131248474121094, 54.22708511352539]","[[-36. -36. -36. ... -26. -26. -26.]
 [-36. -36. -36. ... -26. -26. -26.]
 [-36. -36. -36. ... -26. -26. -26.]
 ...
 [-23. -23. -23. ... -18. -18. -18.]
 [-23. -23. -23. ... -18. -18. -18.]
 [-23. -23. -23. ... -18. -18. -18.]]","[7.768750190734863, 8.014583587646484, 54.056251525878906, 54.30208206176758]","[[         nan          nan          nan ...  -6.28944421  -1.88148249
   -1.        ]
 [         nan          nan          nan ...  -1.79161179  -1.
   -1.        ]
 [         nan          nan          nan ...          nan          nan
   -6.34902031]
 ...
 [-24.         -24.         -24.         ...          nan          nan
           nan]
 [-24.         -24.         -24.         ...          nan          nan
           nan]
 [-24.         -24.         -24.         ...          nan          nan
           nan]]","[7.393750190734863, 8.389583587646484, 53.681251525878906, 54.67708206176758]",0.6748464718506161,0.7641810091950194,2.653998322775334,-1.4570464332931232,0.4709715942185054,1.5099835594658158,5.240055928008901,-3.038482679795211,0.4408248283660576,6.3315776988010315,26.45056902989362,-8.63810621978381,1
183,45.568432,-1.06148,"[[nan nan nan ... nan nan nan]
 [nan nan nan ... nan nan nan]
 [nan nan nan ... nan nan nan]
 ...
 [nan nan nan ... nan nan nan]
 [nan nan nan ... nan nan nan]
 [nan nan nan ... nan nan nan]]","[0.0, 0.0, 0.0, 0.0]","[[nan nan nan ... nan nan nan]
 [nan nan nan ... nan nan nan]
 [nan nan nan ... nan nan nan]
 ...
 [nan nan nan ... nan nan nan]
 [nan nan nan ... nan nan nan]
 [nan nan nan ... nan nan nan]]","[0.0, 0.0, 0.0, 0.0]","[[nan nan nan ... nan nan nan]
 [nan nan nan ... nan nan nan]
 [nan nan nan ... nan nan nan]
 ...
 [nan nan nan ... nan nan nan]
 [nan nan nan ... nan nan nan]
 [nan nan nan ... nan nan nan]]","[0.0, 0.0, 0.0, 0.0]",,,,,,,,,,,,,2
184,54.1233805,8.86015778,"[[nan nan nan ... nan nan nan]
 [nan nan nan ... nan nan nan]
 [nan nan nan ... nan nan nan]
 ...
 [nan nan nan ... nan nan nan]
 [nan nan nan ... nan nan nan]
 [nan nan nan ... nan nan nan]]","[8.810416221618652, 8.90625, 54.077083587646484, 54.172916412353516]","[[        nan         nan         nan ...         nan         nan
          nan]
 [        nan         nan         nan ...         nan         nan
          nan]
 [        nan         nan         nan ...         nan         nan
          nan]
 ...
 [        nan         nan         nan ...         nan         nan
          nan]
 [-0.74521088 -0.96124801 -1.17728513 ...         nan         nan
          nan]
 [-4.0008545  -4.00079778 -4.00074106 ...         nan         nan
          nan]]","[8.735416412353516, 8.981249809265137, 54.00208282470703, 54.24791717529297]","[[-1.99993896 -0.99998557         nan ...         nan         nan
          nan]
 [-1.23554905 -2.67405585 -2.15281129 ...         nan         nan
          nan]
 [        nan         nan         nan ...         nan -0.70156603
          nan]
 ...
 [        nan -0.76361084         nan ...         nan         nan
          nan]
 [        nan         nan         nan ...         nan         nan
          nan]
 [        nan         nan         nan ...         nan         nan
          nan]]","[8.360416412353516, 9.356249809265137, 53.62708282470703, 54.62291717529297]",1.2710360377884282,1.414714010491733,4.639545852321604,-2.542762849944101,1.1688062083803614,4.238772419142219,12.943081738415149,-6.35838107863331,0.23556072290166027,2.9808442138605926,7.974710263312341,-3.6620160908834767,7
185,54.31632455,8.95122149,"[[nan nan nan ... nan nan nan]
 [nan nan nan ... nan nan nan]
 [nan nan nan ... nan nan nan]
 ...
 [nan nan nan ... nan nan nan]
 [nan nan nan ... nan nan nan]
 [nan nan nan ... nan nan nan]]","[8.902083396911621, 8.997916221618652, 54.26874923706055, 54.36458206176758]","[[        nan         nan         nan ...         nan         nan
          nan]
 [        nan         nan         nan ...         nan         nan
          nan]
 [        nan         nan         nan ...         nan         nan
          nan]
 ...
 [-3.64674145 -2.35192252 -1.05646544 ... -1.         -1.
  -1.        ]
 [-1.32138715 -0.67453041         nan ... -1.         -1.
  -1.        ]
 [        nan         nan         nan ... -1.         -1.
  -1.        ]]","[8.827083587646484, 9.072916984558105, 54.193748474121094, 54.43958282470703]","[[        nan         nan         nan ... -0.76433818         nan
  -1.00059515]
 [        nan         nan         nan ...         nan -0.65982775
  -0.88196701]
 [        nan -0.5267334  -1.92947643 ...         nan         nan
  -1.        ]
 ...
 [-6.47210355 -1.4936287  -3.81921387 ... -6.63919397         nan
          nan]
 [-2.64487577 -8.79799973 -1.2936953  ...         nan -8.01374483
  -8.35535854]
 [        nan -2.64645724 -8.52702174 ... -6.47164747 -8.99978472
  -9.00024416]]","[8.452083587646484, 9.447916984558105, 53.818748474121094, 54.81458282470703]",,,,,,,,,0.0,0.0,0.0,-0.7953491210953829,1
186,46.497501,-1.7938,"[[nan nan nan ... nan nan nan]
 [nan nan nan ... nan nan nan]
 [nan nan nan ... nan nan nan]
 ...
 [nan nan nan ... nan nan nan]
 [nan nan nan ... nan nan nan]
 [nan nan nan ... nan nan nan]]","[0.0, 0.0, 0.0, 0.0]","[[nan nan nan ... nan nan nan]
 [nan nan nan ... nan nan nan]
 [nan nan nan ... nan nan nan]
 ...
 [nan nan nan ... nan nan nan]
 [nan nan nan ... nan nan nan]
 [nan nan nan ... nan nan nan]]","[0.0, 0.0, 0.0, 0.0]","[[nan nan nan ... nan nan nan]
 [nan nan nan ... nan nan nan]
 [nan nan nan ... nan nan nan]
 ...
 [nan nan nan ... nan nan nan]
 [nan nan nan ... nan nan nan]
 [nan nan nan ... nan nan nan]]","[0.0, 0.0, 0.0, 0.0]",,,,,,,,,,,,,2
187,54.033298,-2.9166701,"[[-1. -1. -1. ... nan nan nan]
 [-1. -1. -1. ... nan nan nan]
 [-1. -1. -1. ... nan nan nan]
 ...
 [-2. -2. -2. ... -1. -1. -1.]
 [-2. -2. -2. ... -1. -1. -1.]
 [-2. -2. -2. ... -1. -1. -1.]]","[-2.964583396911621, -2.8687500953674316, 53.985416412353516, 54.08124923706055]","[[nan nan nan ... nan nan nan]
 [nan nan nan ... nan nan nan]
 [nan nan nan ... nan nan nan]
 ...
 [-1. -1. -1. ... nan nan nan]
 [-1. -1. -1. ... nan nan nan]
 [-1. -1. -1. ... nan nan nan]]","[-3.039583444595337, -2.793750047683716, 53.91041564941406, 54.15625]","[[-25.00078585 -23.00021531 -23.00048828 ...          nan          nan
           nan]
 [-21.11791677 -21.90975037 -21.         ...          nan          nan
           nan]
 [-20.23648453 -21.90982966 -20.23623657 ...          nan          nan
           nan]
 ...
 [         nan          nan          nan ...          nan          nan
           nan]
 [         nan          nan          nan ...          nan          nan
           nan]
 [         nan          nan          nan ...          nan          nan
           nan]]","[-3.414583444595337, -2.418750047683716, 53.53541564941406, 54.53125]",,,,,0.7510882314050785,1.5888509398560853,4.478916945869883,-2.471530008794564,0.12798081836479713,1.561852029524077,5.136006255402574,-2.5358109864692184,3
188,54.483299,-0.61667001,"[[         nan          nan          nan ...          nan          nan
           nan]
 [         nan          nan          nan ...          nan          nan
           nan]
 [         nan          nan          nan ...          nan          nan
           nan]
 ...
 [-25.27490234 -25.27490234 -25.27490234 ... -44.90042728 -44.95021286
  -44.99999843]
 [-25.63745117 -25.63745117 -25.63745117 ... -44.76910803 -44.88455219
  -44.99999635]
 [-26.         -26.         -26.         ... -44.63778877 -44.81889153
  -44.99999428]]","[-0.6645833253860474, -0.5687500238418579, 54.43541717529297, 54.53125]","[[         nan          nan          nan ...          nan          nan
           nan]
 [         nan          nan          nan ...          nan          nan
           nan]
 [         nan          nan          nan ...          nan          nan
           nan]
 ...
 [-43.92907715 -43.92907715 -43.92907715 ... -52.07081127 -52.99994278
  -53.92907429]
 [-43.46490479 -43.46490479 -43.46490479 ... -51.60663891 -52.53577042
  -53.46490192]
 [-42.99981689 -42.99981689 -42.99981689 ... -51.14155102 -52.07068253
  -52.99981403]]","[-0.7395833134651184, -0.4937500059604645, 54.360416412353516, 54.60625076293945]","[[         nan          nan          nan ... -10.00001442  -9.88194317
   -9.        ]
 [         nan          nan          nan ...  -9.08992512  -8.89579532
   -8.11773682]
 [         nan          nan          nan ...  -8.23632812  -8.
   -8.        ]
 ...
 [-60.99999775 -62.53537973 -66.94437666 ... -66.63903877 -67.
  -67.23645028]
 [-63.11783981 -65.99974442 -69.67326063 ... -68.11785889 -68.1039385
  -68.        ]
 [-66.00035668 -68.76411564 -72.52788415 ... -69.76392068 -67.99983852
  -69.00018346]]","[-1.1145833730697632, -0.11874999850988388, 53.985416412353516, 54.98125076293945]",,,,,,,,,0.5523652604852298,6.236222502155801,23.85493041052025,-8.749036973235565,0
189,54.650002,-3.5666699,"[[-10.99955369 -10.81852831 -10.63750293 ...          nan          nan
           nan]
 [-10.81919824 -10.67083636 -10.52247447 ...          nan          nan
           nan]
 [-10.63792729 -10.52239469 -10.4068621  ...          nan          nan
           nan]
 ...
 [-16.         -16.         -16.         ...          nan          nan
           nan]
 [-16.         -16.         -16.         ...          nan          nan
           nan]
 [-16.         -16.         -16.         ...          nan          nan
           nan]]","[-3.6145832538604736, -3.518749952316284, 54.60208511352539, 54.69791793823242]","[[-20. -20. -20. ...  nan  nan  nan]
 [-20. -20. -20. ...  nan  nan  nan]
 [-20. -20. -20. ...  nan  nan  nan]
 ...
 [ -1.  -1.  -1. ...  -1.  -1.  -1.]
 [ -1.  -1.  -1. ...  -1.  -1.  -1.]
 [ -1.  -1.  -1. ...  -1.  -1.  -1.]]","[-3.6895833015441895, -3.4437499046325684, 54.52708435058594, 54.77291488647461]","[[-25.00024414 -25.00024414 -25.00018646 ...          nan          nan
   -0.99853518]
 [-26.         -26.         -25.97203936 ...          nan          nan
           nan]
 [-22.1801228  -24.32603956 -25.         ...          nan          nan
           nan]
 ...
 [         nan          nan          nan ...          nan          nan
           nan]
 [         nan          nan          nan ...          nan          nan
           nan]
 [         nan          nan          nan ...          nan          nan
           nan]]","[-4.0645833015441895, -3.0687499046325684, 54.15208435058594, 55.14791488647461]",,,,,0.0,0.0,0.0,-1.126342773437615,0.30997656014654734,3.355363751653381,11.007470222192113,-5.175590919579995,0
190,54.0854,-4.7680998,"[[-42.00048828 -42.00053248 -42.00057671 ... -26.36184795 -26.18037837
  -25.99902344]
 [-41.63793807 -41.60516335 -41.57236791 ... -26.62733547 -26.67574357
  -26.72412109]
 [-41.27538786 -41.20979422 -41.14415911 ... -26.89282299 -27.17110877
  -27.44921875]
 ...
 [-32.         -32.         -32.         ...          nan          nan
           nan]
 [-32.         -32.         -32.         ...          nan          nan
           nan]
 [-32.         -32.         -32.         ...          nan          nan
           nan]]","[-4.8145833015441895, -4.71875, 54.03541564941406, 54.131248474121094]","[[-64.00037382 -63.53565967 -63.07094552 ... -43.92791662 -43.46419478
  -43.00047294]
 [-63.53531077 -63.28663724 -63.03796371 ... -45.19123885 -43.86335453
  -42.53547021]
 [-63.07116319 -63.03810501 -63.00504682 ... -46.45207423 -44.26172854
  -42.07138284]
 ...
 [-67.99994659 -67.53543091 -67.07091522 ...          nan          nan
           nan]
 [-67.99994659 -67.53543091 -67.07091522 ...          nan          nan
           nan]
 [-67.99994659 -67.53543091 -67.07091522 ...          nan          nan
           nan]]","[-4.889583110809326, -4.643750190734863, 53.96041488647461, 54.20624923706055]","[[ -66.9994659   -64.1171752   -62.7639108  ...  -49.00085449
   -50.00085449  -49.00047304]
 [ -69.76369975  -67.01392273  -64.23622131 ...  -46.32642589
   -47.01396178  -46.23620605]
 [ -70.99998741  -69.00038147  -67.41673319 ...  -44.81947467
   -43.58964539  -45.23574383]
 ...
 [-127.76391602 -128.22942157 -129.19333663 ...  -46.2627274
   -48.84755191  -50.1803875 ]
 [-120.76322154 -125.41901844 -131.73702212 ...  -46.17141133
   -53.15547604  -56.35514932]
 [-121.99971772 -129.64620079 -135.05514526 ...  -54.18170923
   -55.64653398  -52.00132751]]","[-5.264583110809326, -4.268750190734863, 53.58541488647461, 54.58124923706055]",,,,,0.0,0.0,0.0,-1.0,0.6247766820072584,9.997212259300854,31.0,-22.407236529261237,4
191,54.282497,-0.3902857,"[[         nan          nan          nan ...          nan          nan
           nan]
 [         nan          nan          nan ...          nan          nan
           nan]
 [         nan          nan          nan ...          nan          nan
           nan]
 ...
 [         nan          nan          nan ... -37.14492619 -37.39155489
  -37.63818359]
 [         nan          nan          nan ... -37.39061206 -37.60457727
  -37.81854248]
 [         nan          nan          nan ... -37.63754507 -37.81868098
  -37.99981689]]","[-0.43958333134651184, -0.34375, 54.235416412353516, 54.33124923706055]","[[         nan          nan          nan ...          nan          nan
           nan]
 [         nan          nan          nan ...          nan          nan
           nan]
 [         nan          nan          nan ...          nan          nan
           nan]
 ...
 [         nan          nan          nan ... -52.00501302 -52.03787628
  -52.07073954]
 [         nan          nan          nan ... -52.03797176 -52.28689893
  -52.5358261 ]
 [         nan          nan          nan ... -52.07086563 -52.53543139
  -52.99999714]]","[-0.5145833492279053, -0.26875001192092896, 54.16041564941406, 54.40625]","[[         nan          nan          nan ... -14.         -14.
  -14.        ]
 [         nan          nan          nan ... -14.         -14.88208008
  -15.76416079]
 [         nan          nan          nan ... -15.23651123 -15.20857665
  -15.76348932]
 ...
 [-54.23626418 -55.         -55.         ... -72.77754284 -72.61039333
  -66.99999836]
 [-55.11767242 -56.         -56.         ... -70.90402552 -67.95830358
  -64.76464638]
 [-55.99999619 -57.         -56.         ... -68.23622131 -65.64566696
  -63.        ]]","[-0.8895833492279053, 0.10625000298023224, 53.78541564941406, 54.78125]",0.6822471719535383,1.2327361937883166,4.492339968098362,-4.089112127573802,0.27283687042710203,1.0027385876349386,4.146175550772734,-4.729795891827246,0.36563526810514874,4.984805211126245,16.677552610924682,-10.614225066577863,0
192,54.916698,9.7833004,"[[         nan          nan          nan ... -25.         -25.
  -25.        ]
 [         nan          nan          nan ... -25.         -25.
  -25.        ]
 [         nan          nan          nan ... -25.         -25.
  -25.        ]
 ...
 [         nan          nan          nan ...  -5.14407596  -4.8472037
   -4.55070628]
 [         nan          nan          nan ...  -5.93484465  -5.60511198
   -5.27579564]
 [         nan          nan          nan ...  -6.72561335  -6.36302026
   -6.000885  ]]","[9.735416412353516, 9.831250190734863, 54.868751525878906, 54.96458435058594]","[[         nan          nan          nan ...  -1.92904437  -1.46472816
   -1.00018311]
 [         nan          nan          nan ...  -1.96198604  -1.71323206
   -1.46435547]
 [         nan          nan          nan ...  -1.99499269  -1.9622261
   -1.92944336]
 ...
 [-11.28832894 -11.32309679 -11.35786465 ... -20.66542082 -25.50943419
  -30.35583496]
 [ -6.64669738  -3.8777752   -1.10885302 ... -26.43612813 -29.55564372
  -32.67669678]
 [ -1.99591073          nan          nan ... -32.21821751 -33.60983394
  -35.00213623]]","[9.660416603088379, 9.90625, 54.79375076293945, 55.03958511352539]","[[-0.99981689 -1.         -1.         ... -0.76414238 -0.88204956
          nan]
 [-0.88158999 -1.         -1.         ... -4.97147472 -4.31835072
  -0.8815918 ]
 [        nan         nan         nan ... -4.47235107 -5.20819455
  -4.76391602]
 ...
 [        nan         nan         nan ...         nan         nan
          nan]
 [        nan         nan         nan ...         nan         nan
          nan]
 [        nan         nan         nan ...         nan         nan
          nan]]","[9.285416603088379, 10.28125, 54.41875076293945, 55.41458511352539]",2.0336418460087415,1.9442223439765112,6.847861642026927,-3.4142068872599287,0.6594998167622651,2.517461408193207,7.636058447912926,-4.3649145527556135,0.2788380456819944,3.366290410030175,10.63332414630139,-4.979277958819228,1
193,47.140383,-2.24635,"[[-18.         -18.         -18.         ... -11.         -11.
  -11.        ]
 [-18.18127441 -18.18127441 -18.18127441 ...  -9.91235352  -9.91235352
   -9.91235352]
 [-18.36254883 -18.36254883 -18.36254883 ...  -8.82470703  -8.82470703
   -8.82470703]
 ...
 [ -7.          -7.          -7.         ...  -2.36175537  -2.36175537
   -2.36175537]
 [ -7.          -7.          -7.         ...  -2.18139648  -2.18139648
   -2.18139648]
 [ -7.          -7.          -7.         ...  -2.00012207  -2.00012207
   -2.00012207]]","[-2.293750047683716, -2.1979167461395264, 47.09375, 47.18958282470703]","[[-4.999794   -5.46445197 -5.92910995 ... -4.14115677 -5.07038765
  -5.99961853]
 [-5.46489254 -5.71348328 -5.96207402 ... -5.50347057 -6.21663421
  -6.92979786]
 [-5.92907553 -5.96202436 -5.9949732  ... -6.86310264 -7.36062438
  -7.85814613]
 ...
 [-2.92919922 -2.92919922 -2.92919922 ...         nan         nan
          nan]
 [-2.46411133 -2.46411133 -2.46411133 ...         nan         nan
          nan]
 [-1.99993896 -1.99993896 -1.99993896 ...         nan         nan
          nan]]","[-2.3687500953674316, -2.1229166984558105, 47.01874923706055, 47.264583587646484]","[[-40.00026703 -39.88213051 -37.47240112 ...          nan          nan
           nan]
 [-38.         -38.         -37.79528809 ...          nan          nan
           nan]
 [-38.40955527 -37.63882115 -36.5904541  ...          nan          nan
           nan]
 ...
 [         nan          nan          nan ...          nan          nan
           nan]
 [         nan          nan          nan ...          nan          nan
           nan]
 [         nan          nan          nan ...          nan          nan
           nan]]","[-2.7437500953674316, -1.7479166984558105, 47.00208282470703, 47.639583587646484]",0.4468791696474366,0.9179287252630312,3.6133716466925776,-3.6229283152344087,0.32337381302207,1.2354975837856712,4.431789300412161,-3.6520439158768183,0.24822287118409628,3.5288707568060733,12.169203304226873,-6.650973014469051,2
194,47.277222,-1.8898,"[[nan nan nan ... nan nan nan]
 [nan nan nan ... nan nan nan]
 [nan nan nan ... nan nan nan]
 ...
 [nan nan nan ... nan nan nan]
 [nan nan nan ... nan nan nan]
 [nan nan nan ... nan nan nan]]","[-1.9395833015441895, -1.84375, 47.23125076293945, 47.327083587646484]","[[nan nan nan ... nan nan nan]
 [nan nan nan ... nan nan nan]
 [nan nan nan ... nan nan nan]
 ...
 [nan nan nan ... nan nan nan]
 [nan nan nan ... nan nan nan]
 [nan nan nan ... nan nan nan]]","[-2.0145833492279053, -1.7687499523162842, 47.15625, 47.40208435058594]","[[-6.99987793 -6.11790764 -4.9998491  ...         nan         nan
          nan]
 [-8.46471991 -8.10980198 -6.59116174 ...         nan         nan
          nan]
 [-8.0704343  -7.19689288 -6.29001065 ...         nan         nan
          nan]
 ...
 [        nan         nan         nan ...         nan         nan
          nan]
 [        nan         nan         nan ...         nan         nan
          nan]
 [        nan         nan         nan ...         nan         nan
          nan]]","[-2.3895833492279053, -1.3937499523162842, 47.00208282470703, 47.77708435058594]",0.42731615906550124,0.4520173467810617,1.2939778436056537,-1.1643090082896437,0.3928355468694462,0.9979439406994693,3.1690954917490535,-1.9085921834282138,0.003056813227673841,0.04759697913667693,0.09519395827335386,-0.9927481319108612,2
195,54.1222,8.8591995,"[[nan nan nan ... nan nan nan]
 [nan nan nan ... nan nan nan]
 [nan nan nan ... nan nan nan]
 ...
 [nan nan nan ... nan nan nan]
 [nan nan nan ... nan nan nan]
 [nan nan nan ... nan nan nan]]","[8.810416221618652, 8.90625, 54.07291793823242, 54.16875076293945]","[[nan nan nan ... nan nan nan]
 [nan nan nan ... nan nan nan]
 [nan nan nan ... nan nan nan]
 ...
 [nan nan nan ... nan nan nan]
 [nan nan nan ... nan nan nan]
 [nan nan nan ... nan nan nan]]","[8.735416412353516, 8.981249809265137, 53.99791717529297, 54.243751525878906]","[[-2.00006104         nan         nan ...         nan         nan
          nan]
 [-2.8815918  -1.10419216 -1.37439811 ...         nan         nan
          nan]
 [        nan -0.680524   -0.52809775 ...         nan -0.88191223
          nan]
 ...
 [-3.81686565 -2.6169592  -3.51194656 ...         nan         nan
          nan]
 [-0.88205507         nan         nan ...         nan         nan
          nan]
 [        nan         nan -2.05589271 ...         nan         nan
          nan]]","[8.360416412353516, 9.356249809265137, 53.62291717529297, 54.618751525878906]",1.5409201048079055,2.547126118420246,9.243600150570884,-4.364369407629505,0.9745485344080143,3.356625763950984,11.381587464350645,-7.355087119621177,0.2543219653863271,2.557413993967887,8.605272814613318,-4.304184651377634,1
196,54.730999,8.6870003,"[[nan nan nan ... nan nan nan]
 [nan nan nan ... nan nan nan]
 [nan nan nan ... nan nan nan]
 ...
 [nan nan nan ... nan nan nan]
 [nan nan nan ... nan nan nan]
 [nan nan nan ... nan nan nan]]","[8.639583587646484, 8.735416412353516, 54.681251525878906, 54.77708435058594]","[[-1.00044252 -0.53612631         nan ...         nan         nan
          nan]
 [-2.39300919 -2.14425521 -1.89537862 ...         nan         nan
          nan]
 [-3.78832254 -3.75555595 -3.72277321 ...         nan         nan
          nan]
 ...
 [        nan         nan         nan ... -0.99495698 -0.96189065
  -0.92884061]
 [        nan         nan         nan ... -0.96206488 -0.71333009
          nan]
 [        nan         nan         nan ... -0.92910791         nan
          nan]]","[8.564583778381348, 8.810416221618652, 54.60625076293945, 54.85208511352539]","[[-13.         -13.         -13.         ...          nan  -0.88105774
   -0.99897766]
 [-13.         -13.         -13.         ...          nan          nan
           nan]
 [-13.99997478 -13.76391602 -13.76391602 ...          nan          nan
           nan]
 ...
 [-11.         -11.         -10.4162575  ...          nan          nan
           nan]
 [-12.         -12.         -11.32637206 ...          nan          nan
           nan]
 [-12.         -12.         -12.         ...          nan          nan
           nan]]","[8.189583778381348, 9.185416221618652, 54.23125076293945, 55.22708511352539]",,,,,,,,,0.09724296144549971,0.7930810282643632,2.067084625357929,-1.457939908279213,1
197,54.474998,9.8369999,"[[nan nan nan ... nan nan nan]
 [nan nan nan ... nan nan nan]
 [nan nan nan ... nan nan nan]
 ...
 [nan nan nan ... nan nan nan]
 [nan nan nan ... nan nan nan]
 [nan nan nan ... nan nan nan]]","[9.789583206176758, 9.885416984558105, 54.42708206176758, 54.52291488647461]","[[nan nan nan ... nan nan nan]
 [nan nan nan ... nan nan nan]
 [nan nan nan ... nan nan nan]
 ...
 [nan nan nan ... nan nan nan]
 [nan nan nan ... nan nan nan]
 [nan nan nan ... nan nan nan]]","[9.714583396911621, 9.960416793823242, 54.35208511352539, 54.59791564941406]","[[ -2.          -1.99962322  -1.76342186 ...          nan          nan
           nan]
 [ -1.11816406  -1.01395734          nan ...          nan          nan
           nan]
 [         nan          nan          nan ...          nan          nan
           nan]
 ...
 [         nan          nan          nan ... -23.8885948  -24.97871691
  -22.87573413]
 [         nan          nan          nan ... -24.43702277 -20.11853027
  -17.11828252]
 [         nan          nan          nan ... -22.2914667  -18.88256836
  -16.00042724]]","[9.339583396911621, 10.335416793823242, 53.97708511352539, 54.97291564941406]",,,,,0.39814131073366,0.788043299151809,2.037502387542645,-2.928814868204258,0.4036669341331289,4.644796411604602,15.305488267918605,-8.087890416172064,1
198,54.265999,8.842,"[[nan nan nan ... nan nan nan]
 [nan nan nan ... nan nan nan]
 [nan nan nan ... nan nan nan]
 ...
 [nan nan nan ... nan nan nan]
 [nan nan nan ... nan nan nan]
 [nan nan nan ... nan nan nan]]","[8.793749809265137, 8.889583587646484, 54.21875, 54.31458282470703]","[[-4.         -4.46497043 -4.92971181 ...         nan         nan
          nan]
 [-4.         -3.60059505 -3.20138685 ...         nan         nan
          nan]
 [-4.         -2.73792119 -1.4764641  ...         nan         nan
          nan]
 ...
 [        nan         nan         nan ...         nan         nan
          nan]
 [        nan         nan         nan ...         nan         nan
          nan]
 [        nan         nan         nan ...         nan         nan
          nan]]","[8.71875, 8.964583396911621, 54.14374923706055, 54.389583587646484]","[[         nan          nan          nan ...          nan          nan
           nan]
 [         nan          nan          nan ...          nan          nan
           nan]
 [         nan          nan          nan ...          nan          nan
           nan]
 ...
 [ -4.70898437  -1.24387658          nan ...          nan          nan
           nan]
 [-10.23547363  -6.49916133  -1.56803725 ...          nan          nan
           nan]
 [ -7.99975586  -9.88189865  -9.2364502  ...          nan          nan
           nan]]","[8.34375, 9.339583396911621, 53.76874923706055, 54.764583587646484]",0.7944295475722185,1.6239111128857004,5.792741482115132,-2.7865886352106126,0.4242501484731754,1.3466703247936156,4.059136934585645,-2.3691435354555677,0.0,0.0,0.0,-2.043219834583317,1
199,54.796001,9.434,"[[         nan          nan          nan ...          nan          nan
           nan]
 [         nan          nan          nan ...          nan          nan
           nan]
 [         nan          nan          nan ...          nan          nan
           nan]
 ...
 [         nan          nan          nan ... -11.13335222 -11.97294204
  -12.81253185]
 [         nan          nan          nan ... -10.16133401 -11.03374275
  -11.90615149]
 [         nan          nan          nan ...  -9.1893158  -10.09454346
  -10.99977112]]","[9.385416984558105, 9.481249809265137, 54.74791717529297, 54.84375]","[[nan nan nan ... nan nan nan]
 [nan nan nan ... nan nan nan]
 [nan nan nan ... nan nan nan]
 ...
 [nan nan nan ... nan nan nan]
 [nan nan nan ... nan nan nan]
 [nan nan nan ... nan nan nan]]","[9.310416221618652, 9.556249618530273, 54.672916412353516, 54.91875076293945]","[[nan nan nan ... nan nan nan]
 [nan nan nan ... nan nan nan]
 [nan nan nan ... nan nan nan]
 ...
 [nan nan nan ... nan nan nan]
 [nan nan nan ... nan nan nan]
 [nan nan nan ... nan nan nan]]","[8.935416221618652, 9.931249618530273, 54.297916412353516, 55.29375076293945]",1.0664252957830354,1.8946266246736287,6.4628113005107295,-5.113285944627515,0.8001769418532948,2.1539110458104136,6.907657872839883,-3.7403756639791017,0.26725408038308224,4.1903411502243895,13.24247821426296,-7.642016606136065,1
200,54.178902,7.8899999,"[[-41.99853516 -42.36069252 -42.72307881 ... -43.36234578 -43.18111947
  -43.00000763]
 [-42.72363281 -43.05297126 -43.38251788 ... -43.29668581 -43.14829916
  -43.00000625]
 [-43.44873047 -43.74524999 -44.04195694 ... -43.23102583 -43.11547885
  -43.00000487]
 ...
 [-16.44848633 -15.87106114 -15.29327095 ... -12.9135437  -13.09470367
  -13.27574921]
 [-15.72338867 -14.98186887 -14.23988034 ... -13.27609253 -13.4572525
  -13.63829803]
 [-14.99829102 -14.0926766  -13.18648973 ... -13.63864136 -13.81980133
  -14.00084686]]","[7.84375, 7.9395833015441895, 54.131248474121094, 54.22708511352539]","[[-36. -36. -36. ... -26. -26. -26.]
 [-36. -36. -36. ... -26. -26. -26.]
 [-36. -36. -36. ... -26. -26. -26.]
 ...
 [-23. -23. -23. ... -18. -18. -18.]
 [-23. -23. -23. ... -18. -18. -18.]
 [-23. -23. -23. ... -18. -18. -18.]]","[7.768750190734863, 8.014583587646484, 54.056251525878906, 54.30208206176758]","[[         nan          nan          nan ...  -6.28944421  -1.88148249
   -1.        ]
 [         nan          nan          nan ...  -1.79161179  -1.
   -1.        ]
 [         nan          nan          nan ...          nan          nan
   -6.34902031]
 ...
 [-24.         -24.         -24.         ...          nan          nan
           nan]
 [-24.         -24.         -24.         ...          nan          nan
           nan]
 [-24.         -24.         -24.         ...          nan          nan
           nan]]","[7.393750190734863, 8.389583587646484, 53.681251525878906, 54.67708206176758]",0.41632548638427597,0.2798868471948036,0.6989652430589701,-0.8629879897900491,0.46216771817761926,1.3530475973053635,5.668560083930873,-3.0474504363913404,0.6907263771843829,13.216566481049558,47.84942217916483,-13.63223314421016,4
201,54.757999,8.2959995,"[[ -0.99957275  -0.99957275  -0.99957275 ...          nan          nan
           nan]
 [ -1.18084717  -1.18084717  -1.18084717 ...          nan          nan
           nan]
 [ -1.36212158  -1.36212158  -1.36212158 ...          nan          nan
           nan]
 ...
 [ -9.63788551  -9.52226554  -9.40679155 ...          nan          nan
           nan]
 [ -9.81917929  -9.6706989   -9.52240599 ...          nan          nan
           nan]
 [-10.00047306  -9.81913226  -9.63802043 ...          nan          nan
           nan]]","[8.247916221618652, 8.34375, 54.71041488647461, 54.806251525878906]","[[-10.         -10.         -10.         ...  -3.63726027  -7.81602114
  -11.99684151]
 [-10.         -10.         -10.         ...  -2.04722062  -4.93260814
   -7.81941773]
 [-10.         -10.         -10.         ...          nan  -2.04350794
   -3.63375446]
 ...
 [-13.         -13.         -13.         ...          nan          nan
           nan]
 [-13.         -13.         -13.         ...          nan          nan
           nan]
 [-13.         -13.         -13.         ...          nan          nan
           nan]]","[8.172916412353516, 8.418749809265137, 54.63541793823242, 54.881248474121094]","[[-22.00035858 -23.00030518 -23.00053826 ...  -0.76469421          nan
           nan]
 [-23.00005341 -23.22239903 -23.20863146 ...          nan  -4.30444971
   -1.64522774]
 [-22.         -22.67382036 -22.76403809 ...          nan          nan
           nan]
 ...
 [-22.         -22.         -22.         ...          nan          nan
           nan]
 [-22.         -22.         -22.         ...          nan          nan
           nan]
 [-22.         -22.         -22.         ...          nan          nan
           nan]]","[7.797916889190674, 8.793749809265137, 54.26041793823242, 55.256248474121094]",0.9282313158521397,1.348774083589119,4.857235244468033,-2.761233914035273,0.4902233890623303,1.8633068025139037,6.290689470241139,-4.872583539192471,0.3604331827535194,4.719508721262544,17.606866776943313,-5.568802993695787,1
202,54.472,9.0249996,"[[-1.         -0.99998895 -0.99997789 ... -1.         -1.
  -1.        ]
 [-0.99999447 -1.03280234 -1.06565169 ... -1.         -1.
  -1.        ]
 [-0.99998894 -1.06561573 -1.1313255  ... -1.         -1.
  -1.        ]
 ...
 [        nan         nan         nan ...         nan         nan
          nan]
 [        nan         nan         nan ...         nan         nan
          nan]
 [        nan         nan         nan ...         nan         nan
          nan]]","[8.977083206176758, 9.072916984558105, 54.422916412353516, 54.51874923706055]","[[nan nan nan ... -1. -1. -1.]
 [nan nan nan ... -1. -1. -1.]
 [nan nan nan ... -1. -1. -1.]
 ...
 [nan nan nan ... nan nan nan]
 [nan nan nan ... nan nan nan]
 [nan nan nan ... nan nan nan]]","[8.902083396911621, 9.147916793823242, 54.34791564941406, 54.59375]","[[-11.0009613  -10.00073242 -10.00073242 ...          nan          nan
           nan]
 [ -6.11791992  -6.89581021  -7.         ...          nan          nan
           nan]
 [ -7.76348877  -7.9720637   -7.23651123 ...          nan          nan
           nan]
 ...
 [         nan          nan          nan ...          nan          nan
           nan]
 [         nan  -0.80590492          nan ...          nan          nan
           nan]
 [ -1.                  nan  -1.         ...          nan          nan
           nan]]","[8.527083396911621, 9.522916793823242, 53.97291564941406, 54.96875]",,,,,0.193074675945822,0.3664265509331463,0.931702909985371,-1.0406915801580192,0.01742273956304141,0.18085177982572134,0.6040536593638207,-0.8472327796943272,1
203,54.82333,9.6549997,"[[nan nan nan ... nan nan nan]
 [nan nan nan ... nan nan nan]
 [nan nan nan ... nan nan nan]
 ...
 [nan nan nan ... nan nan nan]
 [nan nan nan ... nan nan nan]
 [nan nan nan ... nan nan nan]]","[9.606249809265137, 9.702083587646484, 54.77708435058594, 54.87291717529297]","[[nan nan nan ... nan nan nan]
 [nan nan nan ... nan nan nan]
 [nan nan nan ... nan nan nan]
 ...
 [nan nan nan ... nan nan nan]
 [nan nan nan ... nan nan nan]
 [nan nan nan ... nan nan nan]]","[9.53125, 9.777083396911621, 54.702083587646484, 54.94791793823242]","[[         nan          nan          nan ...          nan          nan
  -13.99981692]
 [         nan  -0.74933378  -0.76293945 ...          nan          nan
           nan]
 [ -1.          -1.          -1.         ...          nan          nan
           nan]
 ...
 [         nan          nan          nan ...          nan          nan
           nan]
 [         nan          nan          nan ...          nan          nan
           nan]
 [         nan          nan          nan ...          nan          nan
           nan]]","[9.15625, 10.152083396911621, 54.327083587646484, 55.32291793823242]",1.0774619380628507,2.59025472232178,9.218289144327642,-5.445473994019492,0.8781333891745281,4.607795148431408,15.223246350844358,-9.671644920196437,0.267556811350876,4.140854514666902,16.87386982047439,-14.351065934340278,1
204,54.966702,8.6660004,"[[nan nan nan ... nan nan nan]
 [nan nan nan ... nan nan nan]
 [nan nan nan ... nan nan nan]
 ...
 [nan nan nan ... nan nan nan]
 [nan nan nan ... nan nan nan]
 [nan nan nan ... nan nan nan]]","[8.618749618530273, 8.714583396911621, 54.91875076293945, 55.014583587646484]","[[        nan         nan         nan ... -2.         -2.
  -2.        ]
 [        nan         nan         nan ... -1.86828996 -1.00604106
          nan]
 [        nan         nan         nan ... -1.73632013         nan
          nan]
 ...
 [        nan         nan         nan ...         nan         nan
          nan]
 [        nan         nan         nan ...         nan         nan
          nan]
 [        nan         nan         nan ...         nan         nan
          nan]]","[8.543749809265137, 8.789583206176758, 54.84375, 55.08958435058594]","[[-15.         -14.11817932 -14.         ...          nan          nan
           nan]
 [-14.11767578 -14.01390684 -14.         ...          nan          nan
           nan]
 [-14.         -14.         -13.23631287 ...          nan          nan
           nan]
 ...
 [ -9.76352372  -9.          -8.         ...          nan          nan
           nan]
 [ -9.          -8.11817932  -8.         ...          nan          nan
           nan]
 [ -7.99975586  -7.99997115  -8.         ...          nan          nan
           nan]]","[8.168749809265137, 9.164583206176758, 54.46875, 55.46458435058594]",,,,,,,,,0.0,0.0,0.0,-1.0689992588023076,1
205,47.205379,-1.76513,"[[nan nan nan ... nan nan nan]
 [nan nan nan ... nan nan nan]
 [nan nan nan ... nan nan nan]
 ...
 [nan nan nan ... nan nan nan]
 [nan nan nan ... nan nan nan]
 [nan nan nan ... nan nan nan]]","[-1.8145833015441895, -1.71875, 47.15625, 47.25208282470703]","[[nan nan nan ... nan nan nan]
 [nan nan nan ... nan nan nan]
 [nan nan nan ... nan nan nan]
 ...
 [nan nan nan ... nan nan nan]
 [nan nan nan ... nan nan nan]
 [nan nan nan ... nan nan nan]]","[-1.8895833492279053, -1.6437499523162842, 47.08124923706055, 47.327083587646484]","[[nan nan nan ... nan nan nan]
 [nan nan nan ... nan nan nan]
 [nan nan nan ... nan nan nan]
 ...
 [nan nan nan ... nan nan nan]
 [nan nan nan ... nan nan nan]
 [nan nan nan ... nan nan nan]]","[-2.2645833492279053, -1.2687499523162842, 47.00208282470703, 47.702083587646484]",,,,,,,,,,,,,2
206,54.488632,-0.61463588,"[[         nan          nan          nan ...          nan          nan
           nan]
 [         nan          nan          nan ...          nan          nan
           nan]
 [         nan          nan          nan ...          nan          nan
           nan]
 ...
 [-27.27624633 -27.39181209 -27.50737784 ... -45.04477618 -45.34144468
  -45.63811319]
 [-27.63696445 -27.78519369 -27.93342294 ... -45.15980705 -45.48913904
  -45.81847104]
 [-27.99951363 -28.18057216 -28.3616307  ... -45.27542184 -45.63758313
  -45.99974442]]","[-0.6645833253860474, -0.5687500238418579, 54.43958282470703, 54.53541564941406]","[[         nan          nan          nan ...          nan          nan
           nan]
 [         nan          nan          nan ...          nan          nan
           nan]
 [         nan          nan          nan ...          nan          nan
           nan]
 ...
 [-43.         -43.         -43.         ... -51.20740404 -52.10370064
  -52.99999724]
 [-43.         -43.         -43.         ... -51.63953252 -52.31976521
  -52.99999791]
 [-43.         -43.         -43.         ... -52.07081035 -52.53540446
  -52.99999857]]","[-0.7395833134651184, -0.4937500059604645, 54.36458206176758, 54.610416412353516]","[[         nan          nan          nan ...  -9.76401392  -9.00003604
   -9.00030518]
 [         nan          nan          nan ...  -9.          -8.10404615
   -8.        ]
 [         nan          nan          nan ...  -8.          -7.23657227
   -8.00000027]
 ...
 [-61.47240032 -64.93766135 -67.9999733  ... -66.65283488 -67.23620605
  -68.00000027]
 [-64.2370426  -67.10494593 -70.97284199 ... -69.09053115 -68.77735876
  -68.11853032]
 [-66.99991989 -70.76364899 -74.52743912 ... -68.76384187 -67.00006104
  -67.00012207]]","[-1.1145833730697632, -0.11874999850988388, 53.98958206176758, 54.985416412353516]",0.42123744531564916,0.7705785246195646,2.3540509562269074,-2.006391574844459,0.501823264616308,1.822208141945406,5.84411095774898,-3.020639760394825,0.7579266198127549,13.338365492039255,40.09457489941568,-18.308109035413445,4
207,54.632,8.3839998,"[[-4.00088502 -4.18200791 -4.36313079 ... -3.63622616 -3.8174264
  -3.99862663]
 [-3.63833066 -3.78663462 -3.93493858 ... -4.31135829 -4.42692068
  -4.54248307]
 [-3.2757763  -3.39126134 -3.50674638 ... -4.98649041 -5.03641496
  -5.0863395 ]
 ...
 [        nan         nan         nan ...         nan         nan
          nan]
 [        nan         nan         nan ...         nan         nan
          nan]
 [        nan         nan         nan ...         nan         nan
          nan]]","[8.335416793823242, 8.431249618530273, 54.58541488647461, 54.681251525878906]","[[-4.00030515 -4.00016343 -4.00002163 ...         nan         nan
          nan]
 [-4.4644421  -4.24873815 -4.0329279  ...         nan         nan
          nan]
 [-4.92949451 -4.49780317 -4.06589906 ...         nan         nan
          nan]
 ...
 [-5.07121277 -4.60681152 -4.1421814  ...         nan         nan
          nan]
 [-5.53538513 -5.07098389 -4.60635376 ...         nan         nan
          nan]
 [-5.9995575  -5.53515625 -5.07052612 ...         nan         nan
          nan]]","[8.260416984558105, 8.506250381469727, 54.51041793823242, 54.756248474121094]","[[-53.99938965 -53.99938965 -54.76388128 ...          nan          nan
           nan]
 [-52.         -52.         -52.3548584  ...          nan          nan
           nan]
 [-39.59563034 -36.28195325 -41.63778409 ...          nan          nan
           nan]
 ...
 [-18.         -17.79194893 -17.76409912 ...          nan          nan
           nan]
 [-18.00003364 -17.1182251  -17.1182251  ...          nan          nan
           nan]
 [-18.         -18.         -18.         ...          nan          nan
           nan]]","[7.885416507720947, 8.881250381469727, 54.13541793823242, 55.131248474121094]",,,,,,,,,0.6859389630765136,8.267117591144531,22.2885727323633,-9.265740411711025,1
208,55.206778,-6.656833,"[[         nan          nan          nan ...          nan          nan
           nan]
 [         nan          nan          nan ...          nan          nan
           nan]
 [         nan          nan          nan ...          nan          nan
           nan]
 ...
 [-42.8280195  -42.76243968 -42.69690128 ... -61.0108021  -60.8763806
  -60.74204402]
 [-43.91565769 -43.88291753 -43.85019806 ... -63.23328627 -62.80330776
  -62.37360088]
 [-44.99780275 -44.99773641 -44.99767011 ... -65.44454578 -64.72050297
  -63.99691755]]","[-6.706250190734863, -6.610416889190674, 55.16041564941406, 55.256248474121094]","[[         nan          nan          nan ...          nan          nan
           nan]
 [         nan          nan          nan ...          nan          nan
           nan]
 [         nan          nan          nan ...          nan          nan
           nan]
 ...
 [-67.07055664 -67.03778197 -67.00499923 ... -95.25262759 -93.59121285
  -91.92938878]
 [-67.53564453 -67.28682924 -67.03795266 ... -92.19477548 -91.82960446
  -91.46434347]
 [-67.99981689 -67.53538626 -67.07084121 ... -89.14294277 -90.07146381
  -91.00021361]]","[-6.78125, -6.535416603088379, 55.08541488647461, 55.33124923706055]","[[         nan          nan          nan ...          nan          nan
           nan]
 [         nan          nan          nan ...          nan          nan
           nan]
 [         nan          nan          nan ...          nan          nan
           nan]
 ...
 [-54.         -53.         -51.4165722  ...          nan          nan
           nan]
 [-53.8815918  -53.         -52.1184082  ...          nan          nan
           nan]
 [-53.         -52.00018311 -52.00018311 ...          nan          nan
           nan]]","[-7.15625, -6.160416603088379, 54.71041488647461, 55.70624923706055]",2.5978020033745755,2.1581241830259086,6.437914730048598,-4.312507782511274,2.0826599096630525,5.938456046505689,23.992226584820656,-9.326099359345932,0.7951882202303041,11.520051801784422,33.87197875977005,-24.941044711406107,0
209,45.853409,-1.17782,"[[nan nan nan ... nan nan nan]
 [nan nan nan ... nan nan nan]
 [nan nan nan ... nan nan nan]
 ...
 [nan nan nan ... nan nan nan]
 [nan nan nan ... nan nan nan]
 [nan nan nan ... nan nan nan]]","[0.0, 0.0, 0.0, 0.0]","[[nan nan nan ... nan nan nan]
 [nan nan nan ... nan nan nan]
 [nan nan nan ... nan nan nan]
 ...
 [nan nan nan ... nan nan nan]
 [nan nan nan ... nan nan nan]
 [nan nan nan ... nan nan nan]]","[0.0, 0.0, 0.0, 0.0]","[[nan nan nan ... nan nan nan]
 [nan nan nan ... nan nan nan]
 [nan nan nan ... nan nan nan]
 ...
 [nan nan nan ... nan nan nan]
 [nan nan nan ... nan nan nan]
 [nan nan nan ... nan nan nan]]","[0.0, 0.0, 0.0, 0.0]",,,,,,,,,,,,,2
210,55.627583,-6.189917,"[[-30.00014495 -30.1813381  -30.36241678 ... -31.2760972  -31.63848349
  -32.00064085]
 [-29.81887745 -29.96723093 -30.11549069 ... -30.68233332 -30.97904027
  -31.27555979]
 [-29.63760995 -29.75312376 -29.8685646  ... -30.08856944 -30.31959706
  -30.55047873]
 ...
 [         nan          nan          nan ...          nan          nan
           nan]
 [         nan          nan          nan ...          nan          nan
           nan]
 [         nan          nan          nan ...          nan          nan
           nan]]","[-6.239583492279053, -6.143750190734863, 55.58124923706055, 55.67708206176758]","[[-87.99823763 -92.17989947 -96.36259152 ... -82.21195072 -83.605838
  -85.00006868]
 [-90.32365579 -93.2090739  -96.09520289 ... -83.07619836 -84.0380044
  -85.00004739]
 [-92.64449636 -94.23622241 -95.82834061 ... -83.93874473 -84.46932008
  -85.00002614]
 ...
 [         nan          nan          nan ...          nan          nan
           nan]
 [         nan          nan          nan ...          nan          nan
           nan]
 [ -1.99938965  -1.99933294  -1.99927623 ...          nan          nan
           nan]]","[-6.3145833015441895, -6.068749904632568, 55.506248474121094, 55.75208282470703]","[[          nan           nan           nan ... -118.23662824
  -118.00073242 -118.0003662 ]
 [          nan           nan           nan ... -117.4653642
  -115.222251   -116.11804469]
 [          nan           nan           nan ... -118.47130417
  -117.67317001 -118.52676834]
 ...
 [ -51.29150529  -35.90305023  -33.05559086 ...           nan
            nan           nan]
 [ -49.47386932  -47.69647782  -47.41138667 ...           nan
            nan           nan]
 [ -55.99963379  -55.11774528  -54.47203064 ...           nan
            nan           nan]]","[-6.6895833015441895, -5.693749904632568, 55.131248474121094, 56.12708282470703]",1.2373235939262446,2.010746988166774,6.748314499858142,-4.248511740439298,0.9136404858375403,3.049955670306566,9.83502230608313,-6.2501832095569805,0.37969813505419026,6.120255719545414,24.60862109345549,-14.144521698939238,0
211,55.3717,-7.3344,"[[-16.0002594  -15.63816833 -15.27584839 ...          nan          nan
           nan]
 [-16.18061829 -15.81852722 -15.45620728 ...          nan          nan
           nan]
 [-16.3618927  -15.99980164 -15.63748169 ...          nan          nan
           nan]
 ...
 [-46.63761139 -46.45656586 -46.27540588 ... -43.17419434 -43.17419434
  -43.17419434]
 [-46.8188858  -46.63784027 -46.4566803  ... -42.08654785 -42.08654785
  -42.08654785]
 [-47.00016022 -46.81911469 -46.63795471 ... -40.99890137 -40.99890137
  -40.99890137]]","[-7.381249904632568, -7.285416603088379, 55.32291793823242, 55.41875076293945]","[[         nan          nan          nan ...          nan          nan
           nan]
 [         nan          nan          nan ...          nan          nan
           nan]
 [         nan          nan          nan ...          nan          nan
           nan]
 ...
 [-58.00000325 -57.96696529 -57.93393545 ... -46.84828069 -45.8529445
  -44.85785346]
 [-58.0000245  -57.75131807 -57.50267289 ... -46.78253191 -45.35585879
  -43.92953707]
 [-58.00004579 -57.53524551 -57.07055972 ... -46.71665345 -44.85779264
  -42.99938967]]","[-7.456250190734863, -7.210416793823242, 55.24791717529297, 55.493751525878906]","[[          nan           nan           nan ...           nan
            nan           nan]
 [          nan           nan           nan ...           nan
            nan           nan]
 [          nan           nan           nan ...           nan
            nan           nan]
 ...
 [-144.         -143.11806488 -142.41693931 ...  -51.7633667
   -52.2366333   -54.52666351]
 [-144.         -143.89589462 -143.         ...  -50.90984384
   -52.10416191  -53.64585071]
 [-142.99963379 -142.99995676 -141.99963379 ...  -49.99991349
   -49.99926758  -49.99963378]]","[-7.831250190734863, -6.835416793823242, 54.87291717529297, 55.868751525878906]",2.2442278873531842,3.528041351820576,11.332147562862732,-7.243531146120422,1.0711695205103187,4.169664717532282,14.339791724435955,-11.889288477318935,0.4839755788799056,8.982848533776693,33.44961279022368,-28.330390994635135,0
212,55.200001,-6.6666999,"[[         nan          nan          nan ...          nan          nan
           nan]
 [         nan          nan          nan ...          nan          nan
           nan]
 [         nan          nan          nan ...          nan          nan
           nan]
 ...
 [-34.27513542 -34.40644987 -34.53768136 ... -49.36242676 -49.36242676
  -49.36242676]
 [-34.63768978 -34.70332489 -34.76891854 ... -49.18115234 -49.18115234
  -49.18115234]
 [-35.00024414 -35.00019992 -35.00015572 ... -48.99987793 -48.99987793
  -48.99987793]]","[-6.714583396911621, -6.618750095367432, 55.15208435058594, 55.24791717529297]","[[         nan          nan          nan ...          nan          nan
           nan]
 [         nan          nan          nan ...          nan          nan
           nan]
 [         nan          nan          nan ...          nan          nan
           nan]
 ...
 [-66.07104275 -66.03804127 -66.00503166 ... -90.41072341 -91.70526602
  -93.00012757]
 [-66.53520095 -66.28658413 -66.03790605 ... -91.70451109 -92.35220767
  -93.00006383]
 [-67.00027465 -66.5356172  -66.07084528 ... -93.00085062 -93.00042534
  -92.99999996]]","[-6.789583206176758, -6.543749809265137, 55.077083587646484, 55.32291793823242]","[[         nan          nan          nan ...          nan          nan
           nan]
 [         nan          nan          nan ...          nan          nan
           nan]
 [         nan          nan          nan ...          nan          nan
           nan]
 ...
 [-54.         -53.32673539 -53.         ...          nan          nan
           nan]
 [-54.         -54.         -53.         ...          nan          nan
           nan]
 [-54.         -54.         -53.         ...          nan          nan
           nan]]","[-7.164583206176758, -6.168749809265137, 54.702083587646484, 55.69791793823242]",1.5985060055459126,3.3747589528334023,8.827701946646854,-8.042343461912544,0.9139685053347364,5.5598729876537805,16.995196957984604,-11.287703600820254,0.6481445855493585,10.630615430723028,34.83649167047191,-26.311678008782867,0
213,55.627399,-6.1901002,"[[-30.00014495 -30.1813381  -30.36241678 ... -31.2760972  -31.63848349
  -32.00064085]
 [-29.81887745 -29.96723093 -30.11549069 ... -30.68233332 -30.97904027
  -31.27555979]
 [-29.63760995 -29.75312376 -29.8685646  ... -30.08856944 -30.31959706
  -30.55047873]
 ...
 [         nan          nan          nan ...          nan          nan
           nan]
 [         nan          nan          nan ...          nan          nan
           nan]
 [         nan          nan          nan ...          nan          nan
           nan]]","[-6.239583492279053, -6.143750190734863, 55.58124923706055, 55.67708206176758]","[[-87.99823763 -92.17989947 -96.36259152 ... -82.21195072 -83.605838
  -85.00006868]
 [-90.32365579 -93.2090739  -96.09520289 ... -83.07619836 -84.0380044
  -85.00004739]
 [-92.64449636 -94.23622241 -95.82834061 ... -83.93874473 -84.46932008
  -85.00002614]
 ...
 [         nan          nan          nan ...          nan          nan
           nan]
 [         nan          nan          nan ...          nan          nan
           nan]
 [ -1.99938965  -1.99933294  -1.99927623 ...          nan          nan
           nan]]","[-6.3145833015441895, -6.068749904632568, 55.506248474121094, 55.75208282470703]","[[          nan           nan           nan ... -118.23662824
  -118.00073242 -118.0003662 ]
 [          nan           nan           nan ... -117.4653642
  -115.222251   -116.11804469]
 [          nan           nan           nan ... -118.47130417
  -117.67317001 -118.52676834]
 ...
 [ -51.29150529  -35.90305023  -33.05559086 ...           nan
            nan           nan]
 [ -49.47386932  -47.69647782  -47.41138667 ...           nan
            nan           nan]
 [ -55.99963379  -55.11774528  -54.47203064 ...           nan
            nan           nan]]","[-6.6895833015441895, -5.693749904632568, 55.131248474121094, 56.12708282470703]",1.2373203110703135,2.010746988166774,6.748314499858142,-4.248511740439298,0.9136377594942743,3.049955670306566,9.83502230608313,-6.2501832095569805,0.3796972240579386,6.120255719545414,24.60862109345549,-14.144521698939238,0
214,55.3717,-7.3343201,"[[-16.0002594  -15.63816833 -15.27584839 ...          nan          nan
           nan]
 [-16.18061829 -15.81852722 -15.45620728 ...          nan          nan
           nan]
 [-16.3618927  -15.99980164 -15.63748169 ...          nan          nan
           nan]
 ...
 [-46.63761139 -46.45656586 -46.27540588 ... -43.17419434 -43.17419434
  -43.17419434]
 [-46.8188858  -46.63784027 -46.4566803  ... -42.08654785 -42.08654785
  -42.08654785]
 [-47.00016022 -46.81911469 -46.63795471 ... -40.99890137 -40.99890137
  -40.99890137]]","[-7.381249904632568, -7.285416603088379, 55.32291793823242, 55.41875076293945]","[[         nan          nan          nan ...          nan          nan
           nan]
 [         nan          nan          nan ...          nan          nan
           nan]
 [         nan          nan          nan ...          nan          nan
           nan]
 ...
 [-58.00000325 -57.96696529 -57.93393545 ... -46.84828069 -45.8529445
  -44.85785346]
 [-58.0000245  -57.75131807 -57.50267289 ... -46.78253191 -45.35585879
  -43.92953707]
 [-58.00004579 -57.53524551 -57.07055972 ... -46.71665345 -44.85779264
  -42.99938967]]","[-7.456250190734863, -7.210416793823242, 55.24791717529297, 55.493751525878906]","[[          nan           nan           nan ...           nan
            nan           nan]
 [          nan           nan           nan ...           nan
            nan           nan]
 [          nan           nan           nan ...           nan
            nan           nan]
 ...
 [-144.         -143.11806488 -142.41693931 ...  -51.7633667
   -52.2366333   -54.52666351]
 [-144.         -143.89589462 -143.         ...  -50.90984384
   -52.10416191  -53.64585071]
 [-142.99963379 -142.99995676 -141.99963379 ...  -49.99991349
   -49.99926758  -49.99963378]]","[-7.831250190734863, -6.835416793823242, 54.87291717529297, 55.868751525878906]",2.2442278873531842,3.528041351820576,11.332147562862732,-7.243531146120422,1.0711695205103187,4.169664717532282,14.339791724435955,-11.889288477318935,0.4839755788799056,8.982848533776693,33.44961279022368,-28.330390994635135,0
215,55.749806,-4.906333,"[[-81.99742127 -81.09158824 -80.18632742 ...          nan          nan
           nan]
 [-73.65882312 -72.65447108 -71.6507535  ...          nan          nan
           nan]
 [-65.32022497 -64.21735392 -63.11517957 ...          nan          nan
           nan]
 ...
 [-35.9009785  -35.50683614 -35.11294277 ...          nan          nan
           nan]
 [-34.4507334  -34.25362905 -34.05664921 ...          nan          nan
           nan]
 [-33.0004883  -33.00042196 -33.00035565 ...          nan          nan
           nan]]","[-4.956250190734863, -4.860416889190674, 55.702083587646484, 55.797916412353516]","[[-117.99841309 -121.25007959 -124.5025472  ...   -4.14214836
    -5.07146325   -6.00100709]
 [-124.04455566 -127.08018155 -130.11655531 ...   -2.58208208
    -2.43119387   -2.28026848]
 [-130.07879639 -132.89880693 -135.71951222 ...   -1.0250868
            nan           nan]
 ...
 [          nan           nan           nan ...           nan
            nan           nan]
 [          nan           nan           nan ...           nan
            nan           nan]
 [          nan           nan           nan ...           nan
            nan           nan]]","[-5.03125, -4.785416603088379, 55.62708282470703, 55.87291717529297]","[[-47.00012207 -47.00012207 -46.         ...          nan          nan
           nan]
 [-45.11779785 -45.11779785 -45.11779785 ...          nan          nan
           nan]
 [-43.23638916 -44.20846367 -44.81958389 ...          nan          nan
           nan]
 ...
 [         nan          nan          nan ...          nan          nan
           nan]
 [         nan          nan          nan ...          nan          nan
           nan]
 [         nan          nan          nan ...          nan          nan
           nan]]","[-5.40625, -4.410416603088379, 55.25208282470703, 56.24791717529297]",6.9363595420331565,10.115263540237057,32.042571449186,-18.15987309538143,2.427379422315483,9.71961679874031,34.2127191535939,-26.83622759102164,1.0508590533373914,14.71323284202917,53.60773904808904,-30.832175992495017,6
216,55.989833,-3.181694,"[[         nan          nan          nan ...          nan          nan
           nan]
 [         nan          nan          nan ...          nan          nan
           nan]
 [         nan          nan          nan ...          nan          nan
           nan]
 ...
 [-23.36211428 -23.47763582 -23.59315736 ... -12.68613344 -12.12718429
  -11.56823514]
 [-23.18083779 -23.32918863 -23.47753946 ... -15.20826351 -14.74780224
  -14.28734098]
 [-22.9995613  -23.18074143 -23.36192156 ... -17.73039357 -17.36842019
  -17.00644681]]","[-3.231250047683716, -3.1354167461395264, 55.943748474121094, 56.03958511352539]","[[ nan  nan  nan ...  nan  nan  nan]
 [ nan  nan  nan ...  nan  nan  nan]
 [ nan  nan  nan ...  nan  nan  nan]
 ...
 [ nan  nan  nan ... -22. -22. -22.]
 [ nan  nan  nan ... -22. -22. -22.]
 [ nan  nan  nan ... -22. -22. -22.]]","[-3.3062500953674316, -3.0604166984558105, 55.868751525878906, 56.11458206176758]","[[        nan         nan         nan ...         nan         nan
          nan]
 [        nan         nan         nan ...         nan         nan
          nan]
 [        nan         nan         nan ...         nan         nan
          nan]
 ...
 [        nan         nan         nan ... -6.76403809 -6.882164
  -7.00000583]
 [        nan         nan         nan ... -5.02793945 -6.11812592
  -7.11828523]
 [        nan         nan         nan ... -4.47263757 -6.11812592
  -7.99999237]]","[-3.6812500953674316, -2.6854166984558105, 55.493751525878906, 56.48958206176758]",0.8007370019056679,1.1132043451239644,4.608392618143563,-2.808046392898597,0.3975554850502046,1.5139964628023328,6.476867649719532,-4.903521463923086,0.13817902390258438,2.2587122823819494,8.476409913964577,-5.9248071847880865,0
217,55.01826759,8.44140467,"[[         nan          nan          nan ...          nan          nan
           nan]
 [         nan          nan          nan ...          nan          nan
           nan]
 [         nan          nan          nan ...          nan          nan
           nan]
 ...
 [-14.57362756 -14.40801908 -14.24241059 ...  -6.03129259  -5.83481001
   -5.63832743]
 [-17.27898609 -17.0154181  -16.7518501  ...  -6.01569117  -5.9171681
   -5.81864503]
 [-19.99807741 -19.63605265 -19.27402788 ...  -6.00001056  -5.99994426
   -5.99987796]]","[8.393750190734863, 8.489583015441895, 54.96875, 55.06458282470703]","[[nan nan nan ... nan nan nan]
 [nan nan nan ... nan nan nan]
 [nan nan nan ... nan nan nan]
 ...
 [-7. -7. -7. ... nan nan nan]
 [-7. -7. -7. ... nan nan nan]
 [-7. -7. -7. ... nan nan nan]]","[8.318750381469727, 8.564583778381348, 54.89374923706055, 55.139583587646484]","[[-17.         -17.         -16.23621878 ...          nan          nan
           nan]
 [-17.         -17.         -16.         ...          nan  -0.88214111
   -0.88214111]
 [-17.00001748 -16.02793811 -15.2364502  ...  -1.58324132  -1.
   -1.        ]
 ...
 [-15.9453125  -16.15371694 -17.54266703 ...          nan          nan
           nan]
 [-20.11771662 -21.77801811 -22.88226318 ...          nan          nan
           nan]
 [-19.99993896 -19.99993896 -19.99987793 ...          nan          nan
           nan]]","[7.943749904632568, 8.939583778381348, 54.51874923706055, 55.514583587646484]",2.571172453415781,4.123004184420101,15.26084997598447,-7.322402325110447,1.4634471073384747,4.581833281008676,15.09719756057897,-9.147226845046877,0.39933946055801267,4.001450165695728,12.116236180073717,-6.39767601577964,1
218,47.193451,-1.63367,"[[nan nan nan ... nan nan nan]
 [nan nan nan ... nan nan nan]
 [nan nan nan ... nan nan nan]
 ...
 [nan nan nan ... nan nan nan]
 [nan nan nan ... nan nan nan]
 [nan nan nan ... nan nan nan]]","[-1.681249976158142, -1.5854166746139526, 47.14374923706055, 47.23958206176758]","[[nan nan nan ... nan nan nan]
 [nan nan nan ... nan nan nan]
 [nan nan nan ... nan nan nan]
 ...
 [nan nan nan ... nan nan nan]
 [nan nan nan ... nan nan nan]
 [nan nan nan ... nan nan nan]]","[-1.756250023841858, -1.5104166269302368, 47.068748474121094, 47.31458282470703]","[[-1.         -1.         -1.         ...         nan         nan
          nan]
 [-1.29901123 -1.29901123 -1.29901123 ...         nan         nan
          nan]
 [-3.19627537 -2.59814453 -3.65312542 ...         nan         nan
          nan]
 ...
 [        nan         nan         nan ...         nan         nan
          nan]
 [        nan         nan         nan ...         nan         nan
          nan]
 [        nan         nan         nan ...         nan         nan
          nan]]","[-2.1312499046325684, -1.1354166269302368, 47.00208282470703, 47.68958282470703]",,,,,,,,,,,,,2
219,55.4667,8.4333,"[[nan nan nan ... nan nan nan]
 [nan nan nan ... nan nan nan]
 [nan nan nan ... nan nan nan]
 ...
 [nan nan nan ... nan nan nan]
 [nan nan nan ... nan nan nan]
 [nan nan nan ... nan nan nan]]","[8.385416984558105, 8.481249809265137, 55.41875076293945, 55.514583587646484]","[[-10.00010681  -9.53547668  -9.07084656 ...  -1.          -1.
   -1.        ]
 [-10.00010681  -9.53547668  -9.07084656 ...  -1.          -1.
   -1.        ]
 [-10.00010681  -9.53547668  -9.07084656 ...  -1.          -1.
   -1.        ]
 ...
 [         nan          nan          nan ...          nan          nan
           nan]
 [         nan          nan          nan ...          nan          nan
           nan]
 [         nan          nan          nan ...          nan          nan
           nan]]","[8.310416221618652, 8.556249618530273, 55.34375, 55.58958435058594]","[[-15.99999237 -15.         -15.         ...          nan          nan
           nan]
 [-14.99999327 -14.11767578 -14.02780202 ...          nan          nan
           nan]
 [-14.         -14.         -14.         ...          nan          nan
           nan]
 ...
 [-20.         -20.         -19.23625946 ...          nan          nan
           nan]
 [-20.         -20.         -19.32631969 ...          nan          nan
           nan]
 [-20.         -20.         -20.         ...          nan          nan
           nan]]","[7.9354166984558105, 8.931249618530273, 54.96875, 55.96458435058594]",0.5311428391044708,0.7153000725378567,2.418377984313452,-1.5343361137967193,0.5142620725516823,1.3634162265751508,5.321255497640863,-2.5972074044458346,0.2139954620158108,2.3927584172437046,6.519507240508127,-4.001403277366234,1
220,55.989799,-3.1803999,"[[         nan          nan          nan ...          nan          nan
           nan]
 [         nan          nan          nan ...          nan          nan
           nan]
 [         nan          nan          nan ...          nan          nan
           nan]
 ...
 [-23.9999733  -24.18107605 -24.3621788  ... -11.04052876 -10.89070779
  -10.74088683]
 [-23.9999733  -24.18107605 -24.3621788  ... -13.06592514 -12.7191284
  -12.37233166]
 [-23.9999733  -24.18107605 -24.3621788  ... -15.09132151 -14.547549
  -14.00377649]]","[-3.227083444595337, -3.1312499046325684, 55.943748474121094, 56.03958511352539]","[[ nan  nan  nan ...  nan  nan  nan]
 [ nan  nan  nan ...  nan  nan  nan]
 [ nan  nan  nan ...  nan  nan  nan]
 ...
 [ nan  nan  nan ... -22. -22. -22.]
 [ nan  nan  nan ... -22. -22. -22.]
 [ nan  nan  nan ... -22. -22. -22.]]","[-3.3020832538604736, -3.0562500953674316, 55.868751525878906, 56.11458206176758]","[[        nan         nan         nan ...         nan         nan
          nan]
 [        nan         nan         nan ...         nan         nan
          nan]
 [        nan         nan         nan ...         nan         nan
          nan]
 ...
 [        nan         nan         nan ... -6.76403809 -7.67379705
  -6.2359794 ]
 [        nan         nan         nan ... -5.32658592 -7.01397085
  -7.99997982]
 [        nan         nan         nan ... -6.         -7.11811066
  -8.        ]]","[-3.6770832538604736, -2.6812500953674316, 55.493751525878906, 56.48958206176758]",0.8000870062312219,0.9959046037289161,3.9229226885343373,-2.40472240017093,0.4929209866805445,1.7846501910631678,7.384267047964755,-4.461215176704055,0.12274236633345831,2.091466185051145,8.26714554893594,-5.892575310007289,0
221,55.749699,-4.9046998,"[[-76.9967423  -76.0917025  -75.1860906  ...          nan          nan
           nan]
 [-68.11446059 -67.76734247 -67.42000493 ...          nan          nan
           nan]
 [-59.23217888 -59.44298245 -59.65391927 ...          nan          nan
           nan]
 ...
 [-33.72520036 -33.65955147 -33.59386107 ...          nan          nan
           nan]
 [-33.36266121 -33.32983124 -33.29698052 ...          nan          nan
           nan]
 [-33.00012207 -33.00011102 -33.00009996 ...          nan          nan
           nan]]","[-4.952083110809326, -4.856249809265137, 55.702083587646484, 55.797916412353516]","[[-124.99844361 -127.78616765 -130.57320506 ...   -5.93013102
    -5.46555762   -5.00109863]
 [-130.5794912  -133.58330909 -136.58638712 ...   -2.17647448
    -1.49580722   -0.81530762]
 [-136.14955247 -139.36903883 -142.5877322  ...           nan
            nan           nan]
 ...
 [          nan           nan           nan ...           nan
            nan           nan]
 [          nan           nan           nan ...           nan
            nan           nan]
 [          nan           nan           nan ...           nan
            nan           nan]]","[-5.027083396911621, -4.78125, 55.62708282470703, 55.87291717529297]","[[-47.00012207 -46.11816323 -46.76392533 ...          nan          nan
           nan]
 [-45.11779785 -45.11779785 -45.11779785 ...          nan          nan
           nan]
 [-43.99999639 -44.23638916 -45.         ...          nan          nan
           nan]
 ...
 [         nan          nan          nan ...          nan          nan
           nan]
 [         nan          nan          nan ...          nan          nan
           nan]
 [         nan          nan          nan ...          nan          nan
           nan]]","[-5.402083396911621, -4.40625, 55.25208282470703, 56.24791717529297]",6.043114704911981,9.440212402803697,29.63596930820153,-23.183557868530965,2.2568426143157416,8.674983307361568,34.415202702376135,-27.57134362284116,1.1431024720624274,14.12722891348298,51.67476317287059,-30.767257750721605,6
222,55.0,-1.4333301,"[[         nan          nan          nan ...          nan          nan
           nan]
 [         nan          nan          nan ...          nan          nan
           nan]
 [         nan          nan          nan ...          nan          nan
           nan]
 ...
 [         nan          nan          nan ... -28.05727043 -28.84735109
  -29.63743174]
 [         nan          nan          nan ... -28.30420171 -29.06145307
  -29.81870443]
 [         nan          nan          nan ... -28.55113298 -29.27555505
  -29.99997711]]","[-1.4812500476837158, -1.3854166269302368, 54.952083587646484, 55.047916412353516]","[[         nan          nan          nan ... -15.00010477 -14.99999135
  -14.99987793]
 [         nan          nan          nan ... -14.60094324 -15.03293768
  -15.46495873]
 [         nan          nan          nan ... -14.20256747 -15.06581915
  -15.92912401]
 ...
 [         nan          nan          nan ... -48.14173698 -48.60628128
  -49.07085419]
 [         nan          nan          nan ... -48.60590935 -49.07045364
  -49.53502655]
 [         nan          nan          nan ... -49.07099724 -49.53554153
  -50.00011444]]","[-1.556249976158142, -1.3104166984558105, 54.87708282470703, 55.12291717529297]","[[          nan           nan           nan ...           nan
            nan           nan]
 [          nan           nan           nan ...           nan
            nan           nan]
 [          nan           nan           nan ...           nan
            nan           nan]
 ...
 [          nan           nan           nan ... -102.11185068
  -103.94399345 -103.99999138]
 [          nan           nan           nan ... -101.88220215
  -101.23590946 -101.99999921]
 [          nan           nan           nan ...  -99.76363255
  -101.11798954  -96.99935627]]","[-1.931249976158142, -0.9354166388511658, 54.50208282470703, 55.49791717529297]",1.1372198425313085,2.1728894588013756,7.250976562506594,-5.614302520684654,0.7037413146540515,2.080185677552943,6.670688012392032,-4.879442129465329,0.2841004811886757,2.823657740448215,9.449394779049797,-5.841693438073873,0
223,55.5667,9.75,"[[-29.00177011 -29.36412638 -29.72648264 ...          nan          nan
           nan]
 [-27.37021187 -27.47001676 -27.56982164 ...          nan          nan
           nan]
 [-25.73865363 -25.57590713 -25.41316064 ...          nan          nan
           nan]
 ...
 [         nan          nan          nan ...          nan          nan
           nan]
 [         nan          nan          nan ...          nan          nan
           nan]
 [         nan          nan          nan ...          nan          nan
           nan]]","[9.702083587646484, 9.797916412353516, 55.51874923706055, 55.61458206176758]","[[nan nan nan ... nan nan nan]
 [nan nan nan ... nan nan nan]
 [nan nan nan ... nan nan nan]
 ...
 [nan nan nan ... nan nan nan]
 [nan nan nan ... nan nan nan]
 [nan nan nan ... nan nan nan]]","[9.627083778381348, 9.872916221618652, 55.443748474121094, 55.68958282470703]","[[        nan         nan         nan ... -6.58400454         nan
  -0.99769588]
 [        nan         nan         nan ... -2.1807251  -7.98605263
  -8.76391602]
 [        nan         nan         nan ... -3.34745403 -5.47268677
  -7.00002528]
 ...
 [        nan         nan         nan ...         nan         nan
          nan]
 [        nan         nan         nan ...         nan         nan
          nan]
 [        nan         nan         nan ...         nan         nan
          nan]]","[9.252083778381348, 10.247916221618652, 55.068748474121094, 56.06458282470703]",,,,,,,,,0.927575432828715,9.141661521431965,31.082791954270277,-16.974036309491545,1
224,55.0,9.9833002,"[[         nan          nan          nan ...  -5.82781982  -6.91409302
   -8.00036621]
 [         nan          nan          nan ...  -6.91546631  -8.0017395
   -9.0880127 ]
 [         nan          nan          nan ...  -8.00311279  -9.08938599
  -10.17565918]
 ...
 [ -8.08772278  -8.26899719  -8.45004272 ... -34.13129779 -34.0656489
  -34.        ]
 [ -7.54389954  -7.72517395  -7.90621948 ... -34.06565995 -34.03282997
  -34.        ]
 [ -7.00007629  -7.18135071  -7.36239624 ... -34.0000221  -34.00001105
  -34.        ]]","[9.935416221618652, 10.03125, 54.952083587646484, 55.047916412353516]","[[-10.99884032  -8.67580312  -6.35276592 ... -30.         -30.
  -30.        ]
 [-16.57995178 -13.82472689 -11.069502   ... -30.         -30.
  -30.        ]
 [-22.1500768  -18.96351498 -15.77695316 ... -30.         -30.
  -30.        ]
 ...
 [-20.00006104 -19.53543091 -19.07080078 ...  -2.99497428  -2.96206596
   -2.92914143]
 [-20.00006104 -19.53543091 -19.07080078 ...  -2.96205385  -2.71358331
   -2.46499031]
 [-20.00006104 -19.53543091 -19.07080078 ...  -2.92906849  -2.46461056
   -1.99992371]]","[9.860416412353516, 10.106249809265137, 54.87708282470703, 55.12291717529297]","[[         nan          nan          nan ... -16.00012207 -16.00012207
  -16.00000001]
 [         nan          nan          nan ... -15.         -15.
  -15.11779246]
 [         nan          nan          nan ... -15.         -15.
  -15.        ]
 ...
 [         nan          nan          nan ...  -0.943992    -2.37479015
   -1.00001082]
 [         nan          nan          nan ...          nan          nan
           nan]
 [         nan          nan          nan ...          nan          nan
           nan]]","[9.485416412353516, 10.481249809265137, 54.50208282470703, 55.49791717529297]",1.240123903320248,3.0445368113088422,12.22653843650608,-8.647299987333046,1.3109150780367964,7.4097268084372,26.259576493879898,-10.63214109918375,0.8591998255170286,12.556021623871272,37.21211252362039,-23.54153927081038,7
225,55.266701,9.8832998,"[[-14.00003052 -14.18107605 -14.36212158 ...  -3.36218262  -3.18113708
   -3.00009155]
 [-14.1812994  -14.32952601 -14.47775262 ...          nan          nan
           nan]
 [-14.36256828 -14.47797597 -14.59338365 ...          nan          nan
           nan]
 ...
 [ -4.00014155  -4.83987502  -5.67960848 ...          nan          nan
           nan]
 [ -4.00014705  -4.87253369  -5.74492033 ...          nan          nan
           nan]
 [ -4.00015258  -4.90535815  -5.81056371 ...          nan          nan
           nan]]","[9.835416793823242, 9.931249618530273, 55.21875, 55.31458282470703]","[[-23.9997406  -23.53533936 -23.07070923 ...  -1.00145187  -1.0013668
   -1.00128172]
 [-24.46482849 -24.00042725 -23.53579712 ...          nan          nan
           nan]
 [-24.92900085 -24.46459961 -23.99996948 ...          nan          nan
           nan]
 ...
 [-17.92919922 -17.92919922 -17.92919922 ...          nan          nan
           nan]
 [-17.46411133 -17.46411133 -17.46411133 ...          nan          nan
           nan]
 [-16.99993896 -16.99993896 -16.99993896 ...          nan          nan
           nan]]","[9.760416984558105, 10.006250381469727, 55.14374923706055, 55.389583587646484]","[[         nan          nan          nan ... -16.23544058 -17.88182068
  -16.99981689]
 [         nan          nan          nan ... -21.76428223 -19.66005558
  -18.        ]
 [         nan          nan          nan ... -21.76419067 -19.7635498
  -20.76364136]
 ...
 [         nan          nan          nan ... -10.         -10.
  -11.23644131]
 [         nan          nan          nan ...  -7.91006435  -8.22209993
  -10.00001078]
 [         nan          nan          nan ...  -8.00004662  -9.00005383
  -11.00024415]]","[9.385416984558105, 10.381250381469727, 54.76874923706055, 55.764583587646484]",0.2469644265510847,0.2502023402732284,0.8211082080367709,-0.7983472241408502,0.3836626725963541,1.0722718560499132,4.703038991420811,-2.04355419067458,0.3507651743645774,5.682351400730914,20.496558507894903,-7.152695610723431,1
226,55.466702,8.4333,"[[nan nan nan ... nan nan nan]
 [nan nan nan ... nan nan nan]
 [nan nan nan ... nan nan nan]
 ...
 [nan nan nan ... nan nan nan]
 [nan nan nan ... nan nan nan]
 [nan nan nan ... nan nan nan]]","[8.385416984558105, 8.481249809265137, 55.41875076293945, 55.514583587646484]","[[-10.00010681  -9.53547668  -9.07084656 ...  -1.          -1.
   -1.        ]
 [-10.00010681  -9.53547668  -9.07084656 ...  -1.          -1.
   -1.        ]
 [-10.00010681  -9.53547668  -9.07084656 ...  -1.          -1.
   -1.        ]
 ...
 [         nan          nan          nan ...          nan          nan
           nan]
 [         nan          nan          nan ...          nan          nan
           nan]
 [         nan          nan          nan ...          nan          nan
           nan]]","[8.310416221618652, 8.556249618530273, 55.34375, 55.58958435058594]","[[-15.99999237 -15.         -15.         ...          nan          nan
           nan]
 [-14.99999327 -14.11767578 -14.02780202 ...          nan          nan
           nan]
 [-14.         -14.         -14.         ...          nan          nan
           nan]
 ...
 [-20.         -20.         -19.23625946 ...          nan          nan
           nan]
 [-20.         -20.         -19.32631969 ...          nan          nan
           nan]
 [-20.         -20.         -20.         ...          nan          nan
           nan]]","[7.9354166984558105, 8.931249618530273, 54.96875, 55.96458435058594]",0.5311428593039672,0.7153000725378567,2.418377984313452,-1.5343361137967193,0.5142620901002519,1.3634162265751508,5.321255497640863,-2.5972074044458346,0.21399547076062714,2.3927584172437046,6.519507240508127,-4.001403277366234,1
227,55.016998,8.441,"[[         nan          nan          nan ...          nan          nan
           nan]
 [         nan          nan          nan ...          nan          nan
           nan]
 [         nan          nan          nan ...          nan          nan
           nan]
 ...
 [-14.57362756 -14.40801908 -14.24241059 ...  -6.03129259  -5.83481001
   -5.63832743]
 [-17.27898609 -17.0154181  -16.7518501  ...  -6.01569117  -5.9171681
   -5.81864503]
 [-19.99807741 -19.63605265 -19.27402788 ...  -6.00001056  -5.99994426
   -5.99987796]]","[8.393750190734863, 8.489583015441895, 54.96875, 55.06458282470703]","[[nan nan nan ... nan nan nan]
 [nan nan nan ... nan nan nan]
 [nan nan nan ... nan nan nan]
 ...
 [-7. -7. -7. ... nan nan nan]
 [-7. -7. -7. ... nan nan nan]
 [-7. -7. -7. ... nan nan nan]]","[8.318750381469727, 8.564583778381348, 54.89374923706055, 55.139583587646484]","[[-17.         -17.         -16.23621878 ...          nan          nan
           nan]
 [-17.         -17.         -16.         ...          nan  -0.88214111
   -0.88214111]
 [-17.00001748 -16.02793811 -15.2364502  ...  -1.58324132  -1.
   -1.        ]
 ...
 [-15.9453125  -16.15371694 -17.54266703 ...          nan          nan
           nan]
 [-20.11771662 -21.77801811 -22.88226318 ...          nan          nan
           nan]
 [-19.99993896 -19.99993896 -19.99987793 ...          nan          nan
           nan]]","[7.943749904632568, 8.939583778381348, 54.51874923706055, 55.514583587646484]",2.5708716562450626,4.441140493571822,16.792885925613003,-9.108139901966988,1.4634136281496646,4.581833281008676,15.09719756057897,-9.147226845046877,0.39933089669978694,4.001450165695728,12.116236180073717,-6.39767601577964,1
228,48.641102,-2.0276,"[[         nan          nan          nan ...          nan          nan
           nan]
 [         nan          nan          nan ...          nan          nan
           nan]
 [         nan          nan          nan ...          nan          nan
           nan]
 ...
 [-16.         -16.         -16.         ...  -6.81504637  -6.68401658
   -6.5529868 ]
 [-16.         -16.         -16.         ...  -7.40582382  -7.34012102
   -7.27441821]
 [-16.         -16.         -16.         ...  -7.99960015  -7.99955594
   -7.99951172]]","[-2.0770833492279053, -1.9812500476837158, 48.59375, 48.68958282470703]","[[         nan          nan          nan ...          nan          nan
           nan]
 [         nan          nan          nan ...          nan          nan
           nan]
 [         nan          nan          nan ...          nan          nan
           nan]
 ...
 [-25.21240342 -25.1795113  -25.14661917 ... -20.         -20.
  -20.        ]
 [-26.60767419 -26.35871483 -26.10975548 ... -20.         -20.
  -20.        ]
 [-28.00019837 -27.5355971  -27.07099584 ... -20.         -20.
  -20.        ]]","[-2.152083396911621, -1.90625, 48.51874923706055, 48.764583587646484]","[[         nan          nan          nan ...          nan          nan
           nan]
 [         nan          nan          nan ...          nan          nan
           nan]
 [         nan          nan          nan ...          nan          nan
           nan]
 ...
 [-48.         -47.32651135 -47.         ...          nan          nan
           nan]
 [-49.00001526 -48.         -48.         ...          nan          nan
           nan]
 [-49.00001526 -48.         -48.         ...          nan          nan
           nan]]","[-2.527083396911621, -1.53125, 48.14374923706055, 49.139583587646484]",0.80704501330128,0.8712141773292724,2.9073232943223597,-2.2231385210781776,0.4560609342948445,1.6647772125786635,6.0469431476751465,-4.761322045985455,0.16095787691086186,2.10645375189929,7.13448720564321,-3.609253744623027,2
229,55.130798,8.6858997,"[[        nan         nan         nan ...         nan         nan
          nan]
 [        nan         nan         nan ...         nan         nan
          nan]
 [        nan         nan         nan ...         nan         nan
          nan]
 ...
 [-0.63806152 -0.63806152 -0.63806152 ...         nan         nan
          nan]
 [-0.81933594 -0.81933594 -0.81933594 ...         nan         nan
          nan]
 [-0.99969482 -0.99969482 -0.99969482 ...         nan         nan
          nan]]","[8.639583587646484, 8.735416412353516, 55.08124923706055, 55.17708206176758]","[[-1.00036617 -1.0001961  -1.00002595 ...         nan         nan
          nan]
 [-0.53532796 -0.75114528 -0.96706898 ...         nan         nan
          nan]
 [        nan -0.50258472 -0.93417688 ...         nan         nan
          nan]
 ...
 [        nan         nan         nan ...         nan         nan
          nan]
 [        nan         nan         nan ...         nan         nan
          nan]
 [        nan         nan         nan ...         nan         nan
          nan]]","[8.564583778381348, 8.810416221618652, 55.006248474121094, 55.25208282470703]","[[-7.99989319 -6.11802673 -6.         ...         nan         nan
          nan]
 [-6.23588297 -3.47215271 -2.68045142 ...         nan         nan
          nan]
 [-3.7633667  -3.97207094 -3.94364359 ...         nan         nan
          nan]
 ...
 [        nan         nan         nan ...         nan         nan
          nan]
 [        nan         nan         nan ...         nan         nan
          nan]
 [        nan         nan         nan ...         nan         nan
          nan]]","[8.189583778381348, 9.185416221618652, 54.631248474121094, 55.62708282470703]",,,,,,,,,,,,,1
230,55.1833,8.6833,"[[nan nan nan ... nan nan nan]
 [nan nan nan ... nan nan nan]
 [nan nan nan ... nan nan nan]
 ...
 [nan nan nan ... nan nan nan]
 [nan nan nan ... nan nan nan]
 [nan nan nan ... nan nan nan]]","[8.635416984558105, 8.731249809265137, 55.13541793823242, 55.23125076293945]","[[-1.00083923 -0.53620911         nan ...         nan         nan
          nan]
 [-3.78587341 -3.32124329 -2.85661316 ...         nan         nan
          nan]
 [-6.57640076 -6.11177063 -5.6471405  ...         nan         nan
          nan]
 ...
 [        nan         nan         nan ...         nan         nan
          nan]
 [        nan         nan         nan ...         nan         nan
          nan]
 [        nan         nan         nan ...         nan         nan
          nan]]","[8.560416221618652, 8.806249618530273, 55.06041717529297, 55.306251525878906]","[[-6.0001221  -5.1178894  -3.00002883 ...         nan         nan
          nan]
 [-7.00030778 -3.23648071 -3.90950668 ...         nan         nan
          nan]
 [-8.76428223 -3.88186646 -3.         ...         nan         nan
          nan]
 ...
 [        nan         nan         nan ...         nan         nan
          nan]
 [        nan         nan         nan ...         nan         nan
          nan]
 [        nan         nan         nan ...         nan         nan
          nan]]","[8.185416221618652, 9.181249618530273, 54.68541717529297, 55.681251525878906]",,,,,,,,,0.0,0.0,0.0,-0.6771850585920922,1
231,55.087002,8.5654001,"[[-1. -1. -1. ... nan nan nan]
 [-1. -1. -1. ... nan nan nan]
 [-1. -1. -1. ... nan nan nan]
 ...
 [nan nan nan ... nan nan nan]
 [nan nan nan ... nan nan nan]
 [nan nan nan ... nan nan nan]]","[8.518750190734863, 8.614583015441895, 55.03958511352539, 55.13541793823242]","[[-2.00000004 -2.0002268  -2.00045367 ...         nan         nan
          nan]
 [-2.00008504 -2.43143624 -2.86300004 ...         nan         nan
          nan]
 [-2.0001702  -2.86349619 -3.72724768 ...         nan         nan
          nan]
 ...
 [-2.00009155 -2.4644928  -2.92912292 ...         nan         nan
          nan]
 [-2.00009155 -2.4644928  -2.92912292 ...         nan         nan
          nan]
 [-2.00009155 -2.4644928  -2.92912292 ...         nan         nan
          nan]]","[8.443750381469727, 8.689583778381348, 54.96458435058594, 55.21041488647461]","[[-14.         -14.         -13.         ...          nan          nan
           nan]
 [-14.         -13.22241922 -13.         ...          nan          nan
           nan]
 [-13.         -13.         -12.58354436 ...          nan          nan
           nan]
 ...
 [ -2.23574829          nan          nan ...          nan          nan
           nan]
 [ -3.11807251  -1.23620605          nan ...          nan          nan
           nan]
 [ -3.99999996  -3.11761475  -1.23574829 ...          nan          nan
           nan]]","[8.068750381469727, 9.064583778381348, 54.58958435058594, 55.58541488647461]",,,,,0.5090545513289895,1.2533814501541654,3.6107533984006044,-2.1898514431828406,0.24079602174566309,3.2438640974892605,10.537790220229414,-3.8175617996591296,1
232,55.283298,8.5832996,"[[-2.00013733 -1.81908075 -1.63779527 ...         nan         nan
          nan]
 [-1.63758574 -1.48934808 -1.34092301 ...         nan         nan
          nan]
 [-1.27503414 -1.1596154  -1.04405075 ...         nan         nan
          nan]
 ...
 [-2.53265642 -3.22589815 -3.92001629 ...         nan         nan
          nan]
 [-1.2701277  -2.15928845 -3.0495733  ...         nan         nan
          nan]
 [        nan -1.08726449 -2.17471182 ...         nan         nan
          nan]]","[8.535416603088379, 8.631250381469727, 55.235416412353516, 55.33124923706055]","[[-1.00000001 -1.00011344 -1.00022682 ...         nan         nan
          nan]
 [-0.99998581 -0.7840054  -0.56813139 ...         nan         nan
          nan]
 [-0.99997165 -0.56832277         nan ...         nan         nan
          nan]
 ...
 [        nan         nan         nan ...         nan         nan
          nan]
 [        nan         nan         nan ...         nan         nan
          nan]
 [        nan         nan         nan ...         nan         nan
          nan]]","[8.460416793823242, 8.706250190734863, 55.16041564941406, 55.40625]","[[-13.         -13.         -12.         ...          nan          nan
           nan]
 [-13.         -13.         -12.20837957 ...          nan          nan
           nan]
 [-13.         -13.         -12.23623657 ...          nan          nan
           nan]
 ...
 [-12.76373291 -12.09019917 -11.76373291 ...          nan          nan
           nan]
 [-11.88232422 -11.10420516 -10.91012354 ...          nan          nan
           nan]
 [-11.         -10.11810303 -10.         ...          nan          nan
           nan]]","[8.085416793823242, 9.081250190734863, 54.78541564941406, 55.78125]",,,,,,,,,,,,,1
233,55.333302,8.6833,"[[nan nan nan ... nan nan nan]
 [nan nan nan ... nan nan nan]
 [nan nan nan ... nan nan nan]
 ...
 [nan nan nan ... nan nan nan]
 [nan nan nan ... nan nan nan]
 [nan nan nan ... nan nan nan]]","[8.635416984558105, 8.731249809265137, 55.28541564941406, 55.381248474121094]","[[nan nan nan ... nan nan nan]
 [nan nan nan ... nan nan nan]
 [nan nan nan ... nan nan nan]
 ...
 [nan nan nan ... nan nan nan]
 [nan nan nan ... nan nan nan]
 [nan nan nan ... nan nan nan]]","[8.560416221618652, 8.806249618530273, 55.21041488647461, 55.45624923706055]","[[-11.         -11.         -11.         ...          nan          nan
           nan]
 [-11.         -11.         -11.         ...          nan          nan
           nan]
 [-12.00002518 -11.76422119 -11.18046703 ...          nan          nan
           nan]
 ...
 [         nan          nan          nan ...          nan          nan
           nan]
 [ -0.64534038          nan          nan ...          nan          nan
           nan]
 [         nan          nan          nan ...          nan          nan
           nan]]","[8.185416221618652, 9.181249618530273, 54.83541488647461, 55.83124923706055]",,,,,,,,,,,,,1
234,56.623111,-6.064222,"[[         nan          nan          nan ...          nan          nan
           nan]
 [         nan          nan          nan ...          nan          nan
           nan]
 [         nan          nan          nan ...          nan          nan
           nan]
 ...
 [-62.62604054 -62.82311172 -63.0200584  ... -54.73044647 -55.97981977
  -57.2299828 ]
 [-60.81332544 -60.91187761 -61.01036753 ... -47.64211236 -48.62893427
  -49.61637996]
 [-59.00061034 -59.00064351 -59.00067666 ... -40.55377825 -41.27804878
  -42.00277713]]","[-6.110416889190674, -6.014583110809326, 56.577083587646484, 56.672916412353516]","[[-19.0011139  -18.07157005 -17.14225516 ...          nan          nan
           nan]
 [-14.81530514 -14.96623053 -15.11711874 ...          nan          nan
           nan]
 [-10.63773616 -11.86700387 -13.0959688  ...          nan          nan
           nan]
 ...
 [-11.79547125  -4.35770258          nan ...          nan          nan
           nan]
 [ -3.9044915           nan          nan ...          nan          nan
           nan]
 [         nan          nan          nan ...          nan          nan
           nan]]","[-6.1854166984558105, -5.9395833015441895, 56.50208282470703, 56.74791717529297]","[[-50.99988556 -49.1180191  -47.99997116 ... -35.8190369  -25.63884996
   -8.99854276]
 [-54.64662081 -51.88254547 -50.00067902 ... -14.92341053  -8.56697317
           nan]
 [-60.52723874 -56.52711487 -53.7634964  ...  -9.60998218 -21.97320388
  -30.32518697]
 ...
 [-70.63610659 -66.41519207 -67.77540833 ...          nan -64.66962252
  -65.29082711]
 [-61.35340118 -60.35339355 -67.31177708 ... -72.96534994 -80.61024932
  -70.35335091]
 [-62.99991608 -57.11742317 -66.05477905 ... -84.00101211 -84.40946616
  -65.99903869]]","[-6.5604166984558105, -5.5645833015441895, 56.12708282470703, 57.12291717529297]",3.586802240735524,6.379141263479064,23.36646063764235,-17.56804074509037,3.7088660362452375,13.12162991763362,47.765935084896796,-26.340203463151123,1.3349984207044552,18.89589142900464,72.7209212584348,-41.185485550190776,5
235,56.6231,-6.0630999,"[[         nan          nan          nan ...          nan          nan
           nan]
 [         nan          nan          nan ...          nan          nan
           nan]
 [         nan          nan          nan ...          nan          nan
           nan]
 ...
 [-62.62604054 -62.82311172 -63.0200584  ... -54.73044647 -55.97981977
  -57.2299828 ]
 [-60.81332544 -60.91187761 -61.01036753 ... -47.64211236 -48.62893427
  -49.61637996]
 [-59.00061034 -59.00064351 -59.00067666 ... -40.55377825 -41.27804878
  -42.00277713]]","[-6.110416889190674, -6.014583110809326, 56.577083587646484, 56.672916412353516]","[[-19.0011139  -18.07157005 -17.14225516 ...          nan          nan
           nan]
 [-14.81530514 -14.96623053 -15.11711874 ...          nan          nan
           nan]
 [-10.63773616 -11.86700387 -13.0959688  ...          nan          nan
           nan]
 ...
 [-11.79547125  -4.35770258          nan ...          nan          nan
           nan]
 [ -3.9044915           nan          nan ...          nan          nan
           nan]
 [         nan          nan          nan ...          nan          nan
           nan]]","[-6.1854166984558105, -5.9395833015441895, 56.50208282470703, 56.74791717529297]","[[-50.99988556 -49.1180191  -47.99997116 ... -35.8190369  -25.63884996
   -8.99854276]
 [-54.64662081 -51.88254547 -50.00067902 ... -14.92341053  -8.56697317
           nan]
 [-60.52723874 -56.52711487 -53.7634964  ...  -9.60998218 -21.97320388
  -30.32518697]
 ...
 [-70.63610659 -66.41519207 -67.77540833 ...          nan -64.66962252
  -65.29082711]
 [-61.35340118 -60.35339355 -67.31177708 ... -72.96534994 -80.61024932
  -70.35335091]
 [-62.99991608 -57.11742317 -66.05477905 ... -84.00101211 -84.40946616
  -65.99903869]]","[-6.5604166984558105, -5.5645833015441895, 56.12708282470703, 57.12291717529297]",4.093849075474068,6.826360951755507,32.877497090992165,-21.0196813075562,3.7088651030375117,13.12162991763362,47.765935084896796,-26.340203463151123,1.3349981914286235,18.89589142900464,72.7209212584348,-41.185485550190776,5
236,56.633301,9.8000002,"[[nan nan nan ... nan nan nan]
 [nan nan nan ... nan nan nan]
 [nan nan nan ... nan nan nan]
 ...
 [nan nan nan ... nan nan nan]
 [nan nan nan ... nan nan nan]
 [nan nan nan ... nan nan nan]]","[9.752083778381348, 9.847916603088379, 56.58541488647461, 56.681251525878906]","[[nan nan nan ... nan nan nan]
 [nan nan nan ... nan nan nan]
 [nan nan nan ... nan nan nan]
 ...
 [nan nan nan ... nan nan nan]
 [nan nan nan ... nan nan nan]
 [nan nan nan ... nan nan nan]]","[9.677083015441895, 9.922916412353516, 56.51041793823242, 56.756248474121094]","[[ nan  nan  nan ... -14. -14. -14.]
 [ nan  nan  nan ... -14. -14. -14.]
 [ nan  nan  nan ... -14. -14. -14.]
 ...
 [ nan  nan  nan ...  nan  nan  nan]
 [ nan  nan  nan ...  nan  nan  nan]
 [ nan  nan  nan ...  nan  nan  nan]]","[9.302083015441895, 10.297916412353516, 56.13541793823242, 57.131248474121094]",,,,,,,,,,,,,1
237,47.305672,-2.0883,"[[        nan         nan         nan ...         nan         nan
          nan]
 [        nan         nan         nan ...         nan         nan
          nan]
 [        nan         nan         nan ...         nan         nan
          nan]
 ...
 [        nan         nan         nan ... -0.68246452 -0.97908881
  -1.2757131 ]
 [        nan         nan         nan ... -0.97934992 -1.3088035
  -1.63825709]
 [        nan         nan         nan ... -1.27623531 -1.63851819
  -2.00080108]]","[-2.1354167461395264, -2.039583444595337, 47.256248474121094, 47.35208511352539]","[[-2.99966049 -3.46417618 -3.92874908 ...         nan         nan
          nan]
 [-2.53548813 -3.00000381 -3.46457672 ...         nan         nan
          nan]
 [-2.07131577 -2.53583145 -3.00040436 ...         nan         nan
          nan]
 ...
 [        nan         nan         nan ...         nan         nan
          nan]
 [-0.53550816         nan         nan ...         nan         nan
          nan]
 [-0.99966813 -0.5352942          nan ...         nan         nan
          nan]]","[-2.210416555404663, -1.9645832777023315, 47.181251525878906, 47.42708206176758]","[[-32.00002671 -33.00012207 -33.         ...          nan          nan
           nan]
 [-30.97720016 -32.45101213 -33.39059703 ...          nan          nan
           nan]
 [-27.99999936 -29.71887541 -33.64443588 ...          nan          nan
           nan]
 ...
 [         nan          nan          nan ...          nan          nan
           nan]
 [         nan          nan          nan ...          nan          nan
           nan]
 [         nan          nan          nan ...          nan          nan
           nan]]","[-2.585416555404663, -1.5895832777023315, 47.00208282470703, 47.80208206176758]",1.3254462126742603,2.3357296260891673,7.7659838032060655,-4.878717048806987,0.519442633621292,3.9911873166728586,11.69502372851049,-7.371949033357667,0.22328928681323895,3.167931121606037,12.056078715696998,-7.105050312011327,2
238,56.524601,8.1152,"[[ -7.99990845  -7.81886292  -7.63781738 ...          nan          nan
           nan]
 [ -7.99990845  -7.81886292  -7.63781738 ...          nan          nan
           nan]
 [ -7.99990845  -7.81886292  -7.63781738 ...          nan          nan
           nan]
 ...
 [-17.63766479 -17.45661926 -17.27557373 ...          nan          nan
           nan]
 [-17.81893921 -17.63789368 -17.45684814 ...          nan          nan
           nan]
 [-18.00021362 -17.81916809 -17.63812256 ...          nan          nan
           nan]]","[8.068750381469727, 8.164583206176758, 56.47708511352539, 56.57291793823242]","[[-16.         -16.         -16.         ...          nan          nan
           nan]
 [-16.         -16.         -16.         ...          nan          nan
           nan]
 [-16.         -16.         -16.         ...          nan          nan
           nan]
 ...
 [-19.         -19.         -19.         ...          nan          nan
   -0.92870111]
 [-19.         -19.         -19.         ...          nan          nan
           nan]
 [-19.         -19.         -19.         ...          nan          nan
           nan]]","[7.993750095367432, 8.239583015441895, 56.40208435058594, 56.64791488647461]","[[-27.         -27.00021531 -28.         ...          nan          nan
           nan]
 [-27.00002018 -27.98602194 -28.         ...          nan          nan
           nan]
 [-28.         -28.         -28.         ...          nan          nan
           nan]
 ...
 [-20.         -20.         -20.         ...          nan          nan
           nan]
 [-20.         -20.         -19.88183594 ...          nan          nan
           nan]
 [-20.         -19.11848744 -19.         ...          nan          nan
           nan]]","[7.618750095367432, 8.614583015441895, 56.02708435058594, 57.02291488647461]",,,,,0.139988082692467,0.2323150634756187,0.4646301269512374,-0.893630981442733,0.17422039124842914,1.852620610676558,7.322662353515742,-3.9194494476147548,1
239,56.7075,8.2089996,"[[ -5.99931335  -5.45617676  -4.91235352 ...  -1.          -1.
   -1.        ]
 [ -6.5431366   -6.          -5.45617676 ...  -1.          -1.
   -1.        ]
 [ -7.08695984  -6.54382324  -6.         ...  -1.          -1.
   -1.        ]
 ...
 [-19.36199951 -19.36199951 -19.36199951 ...          nan          nan
           nan]
 [-19.1807251  -19.1807251  -19.1807251  ...          nan          nan
           nan]
 [-19.00036621 -19.00036621 -19.00036621 ...          nan          nan
           nan]]","[8.160416603088379, 8.256250381469727, 56.66041564941406, 56.756248474121094]","[[-13.99996948 -13.53533936 -13.07093811 ...  -3.99957275  -3.99957275
   -3.99957275]
 [-13.99996948 -13.53533936 -13.07093811 ...  -4.46466064  -4.46466064
   -4.46466064]
 [-13.99996948 -13.53533936 -13.07093811 ...  -4.92883301  -4.92883301
   -4.92883301]
 ...
 [-20.         -20.         -20.         ...          nan          nan
           nan]
 [-20.         -20.         -20.         ...          nan          nan
           nan]
 [-20.         -20.         -20.         ...          nan          nan
           nan]]","[8.085416793823242, 8.331250190734863, 56.58541488647461, 56.83124923706055]","[[-26.         -26.         -26.         ...          nan          nan
           nan]
 [-26.88187006 -26.         -26.         ...          nan          nan
           nan]
 [-27.         -26.79206738 -26.         ...          nan          nan
           nan]
 ...
 [-47.         -47.         -47.         ... -22.         -22.23608398
  -22.23608398]
 [-47.         -47.         -47.         ... -22.32673969 -22.88182068
  -21.88158638]
 [-47.         -47.         -47.         ... -24.76336419 -23.76347989
  -20.99995422]]","[7.710416793823242, 8.706250190734863, 56.21041488647461, 57.20624923706055]",0.7453622616282952,1.3522318929925512,5.122322921645743,-2.5794889767071636,0.5703867002919207,2.4404811437399347,8.130801778292875,-4.760121861979024,0.30252232122734113,3.3531948217339664,12.041412958871105,-6.284059102532865,1
240,57.89525,-5.158056,"[[         nan          nan          nan ...          nan          nan
           nan]
 [         nan          nan          nan ...          nan          nan
           nan]
 [         nan          nan          nan ...          nan          nan
           nan]
 ...
 [-31.4659537  -31.66269317 -31.85930835 ...          nan          nan
           nan]
 [-32.7348995  -32.83311996 -32.93127837 ...          nan          nan
           nan]
 [-33.99743647 -33.9976355  -33.9978344  ...          nan          nan
           nan]]","[-5.206250190734863, -5.110416889190674, 57.84791564941406, 57.943748474121094]","[[nan nan nan ... nan nan nan]
 [nan nan nan ... nan nan nan]
 [nan nan nan ... nan nan nan]
 ...
 [nan nan nan ... nan nan nan]
 [nan nan nan ... nan nan nan]
 [nan nan nan ... nan nan nan]]","[-5.28125, -5.035416603088379, 57.77291488647461, 58.01874923706055]","[[          nan           nan           nan ...           nan
            nan           nan]
 [          nan           nan           nan ...           nan
            nan           nan]
 [          nan           nan           nan ...           nan
            nan           nan]
 ...
 [-106.         -105.         -104.76391602 ...           nan
            nan           nan]
 [-105.         -103.89557978 -104.         ...           nan
            nan           nan]
 [-104.00018311 -103.11813354 -104.         ...           nan
            nan           nan]]","[-5.65625, -4.660416603088379, 57.39791488647461, 58.39374923706055]",3.1269730277023764,4.045639797701629,12.490758444146792,-6.493093692333748,2.0290644518605667,5.923337705047208,16.877874134071842,-11.714276588274224,0.35705291605729844,3.9917214521877766,13.556733759529097,-13.204886728436056,0
241,57.8955,-5.1567998,"[[         nan          nan          nan ...          nan          nan
           nan]
 [         nan          nan          nan ...          nan          nan
           nan]
 [         nan          nan          nan ...          nan          nan
           nan]
 ...
 [-31.4659537  -31.66269317 -31.85930835 ...          nan          nan
           nan]
 [-32.7348995  -32.83311996 -32.93127837 ...          nan          nan
           nan]
 [-33.99743647 -33.9976355  -33.9978344  ...          nan          nan
           nan]]","[-5.206250190734863, -5.110416889190674, 57.84791564941406, 57.943748474121094]","[[nan nan nan ... nan nan nan]
 [nan nan nan ... nan nan nan]
 [nan nan nan ... nan nan nan]
 ...
 [nan nan nan ... nan nan nan]
 [nan nan nan ... nan nan nan]
 [nan nan nan ... nan nan nan]]","[-5.28125, -5.035416603088379, 57.77291488647461, 58.01874923706055]","[[          nan           nan           nan ...           nan
            nan           nan]
 [          nan           nan           nan ...           nan
            nan           nan]
 [          nan           nan           nan ...           nan
            nan           nan]
 ...
 [-106.         -105.         -104.76391602 ...           nan
            nan           nan]
 [-105.         -103.89557978 -104.         ...           nan
            nan           nan]
 [-104.00018311 -103.11813354 -104.         ...           nan
            nan           nan]]","[-5.65625, -4.660416603088379, 57.39791488647461, 58.39374923706055]",3.689842480259652,3.8283756450327293,12.786084325000132,-6.237514482506418,2.0290730988890333,5.923337705047208,16.877874134071842,-11.714276588274224,0.3570552677123242,3.9917214521877766,13.556733759529097,-13.204886728436056,0
242,57.150002,-2.0833299,"[[         nan          nan          nan ... -37.63652802 -37.81763077
  -37.99873352]
 [         nan          nan          nan ... -37.09545135 -37.27655411
  -37.45765686]
 [         nan          nan          nan ... -36.55162811 -36.73273087
  -36.91383362]
 ...
 [         nan          nan          nan ... -13.86885229 -14.11555836
  -14.36226444]
 [         nan          nan          nan ... -13.7532337  -13.96711048
  -14.18098726]
 [         nan          nan          nan ... -13.63761511 -13.81866259
  -13.99971008]]","[-2.1312499046325684, -2.035416603088379, 57.10208511352539, 57.19791793823242]","[[         nan          nan          nan ... -60.00050558 -60.000619
  -60.00073242]
 [         nan          nan          nan ... -60.96173798 -61.1774933
  -61.39324863]
 [         nan          nan          nan ... -61.92486629 -62.35668885
  -62.78851141]
 ...
 [         nan          nan          nan ... -23.92839622 -24.39296913
  -24.85754204]
 [         nan          nan          nan ... -23.0000515  -23.4646244
  -23.92919731]
 [         nan          nan          nan ... -22.07170677 -22.53627968
  -23.00085258]]","[-2.206249952316284, -1.9604166746139526, 57.02708435058594, 57.27291488647461]","[[         nan          nan          nan ... -60.23609263 -58.7635498
  -56.00000191]
 [         nan          nan          nan ... -58.41699321 -59.73535135
  -59.52661133]
 [         nan          nan          nan ... -60.23620796 -60.6525019
  -62.99999809]
 ...
 [         nan          nan          nan ... -89.70825577 -92.47167969
  -89.9433642 ]
 [         nan          nan          nan ... -92.47253609 -94.65952438
  -95.1181617 ]
 [         nan          nan          nan ... -93.00052817 -94.11762532
  -94.0008564 ]]","[-2.581249952316284, -1.5854166746139526, 56.65208435058594, 57.64791488647461]",,,,,,,,,0.3176526586436874,2.6299524233205087,8.063218787255462,-5.51753682761666,0
243,47.5429,-2.8954,"[[-11.99965668 -12.18075943 -12.36186218 ...  -3.35738615  -3.17502328
   -2.99266042]
 [-11.81929779 -12.00040054 -12.1815033  ...  -0.99136878          nan
           nan]
 [-11.63802338 -11.81912613 -12.00022888 ...          nan          nan
           nan]
 ...
 [ -9.10158273  -9.26163936  -9.42169599 ...          nan          nan
           nan]
 [-10.55169921 -10.08799923  -9.62429925 ...          nan          nan
           nan]
 [-12.00181569 -10.9143591   -9.82690251 ...          nan          nan
           nan]]","[-2.9437499046325684, -2.847916603088379, 47.493751525878906, 47.58958435058594]","[[-10.99991993  -7.7493557   -4.49879147 ... -16.         -16.
  -16.        ]
 [-11.00001023 -11.41535837 -11.83070651 ... -16.         -16.
  -16.        ]
 [-11.00010071 -15.08859182 -19.17708292 ... -16.         -16.
  -16.        ]
 ...
 [         nan          nan          nan ...          nan          nan
           nan]
 [         nan          nan          nan ...          nan          nan
           nan]
 [         nan          nan          nan ...          nan          nan
           nan]]","[-3.018749952316284, -2.772916555404663, 47.41875076293945, 47.66458511352539]","[[-99.99981689 -98.23613606 -97.23619843 ... -12.76390328 -11.8819186
  -12.00020981]
 [-97.2368009  -98.52722549 -97.23619843 ... -14.40911865 -13.65906493
  -13.8816185 ]
 [-96.70824655 -96.23608398 -95.59684106 ... -20.1802047  -20.93088654
  -19.52783054]
 ...
 [         nan          nan          nan ...          nan          nan
           nan]
 [         nan          nan          nan ...          nan          nan
           nan]
 [         nan          nan          nan ...          nan          nan
           nan]]","[-3.393749952316284, -2.397916555404663, 47.04375076293945, 48.03958511352539]",,,,,,,,,0.38036767319671166,3.6903317260564803,14.927729937711243,-6.778050287367518,2
244,58.207722,-6.388889,"[[         nan          nan          nan ... -38.00024414 -38.00024414
  -38.00024414]
 [         nan          nan          nan ... -37.81896973 -37.81896973
  -37.81896973]
 [         nan          nan          nan ... -37.63769531 -37.63769531
  -37.63769531]
 ...
 [         nan          nan          nan ...          nan          nan
           nan]
 [         nan          nan          nan ...          nan          nan
           nan]
 [         nan          nan          nan ...          nan          nan
           nan]]","[-6.4354166984558105, -6.339583396911621, 58.16041564941406, 58.256248474121094]","[[         nan          nan          nan ... -92.07051064 -92.53522479
  -93.00005343]
 [         nan          nan          nan ... -92.50262027 -92.7512938
  -93.00002859]
 [         nan          nan          nan ... -92.93387929 -92.96693747
  -93.0000038 ]
 ...
 [         nan          nan          nan ...          nan          nan
           nan]
 [         nan          nan          nan ...          nan          nan
           nan]
 [         nan          nan          nan ...          nan          nan
           nan]]","[-6.510416507720947, -6.264583110809326, 58.08541488647461, 58.33124923706055]","[[ -94.98641955  -89.99008412 -103.23528031 ... -146.82126065
  -127.23918619 -129.00213616]
 [-135.58277689 -129.95746423 -117.51165179 ... -131.49907372
  -114.41017952 -113.41730235]
 [-127.65052113 -133.67314621 -136.98774916 ... -118.40020312
  -107.07535322 -113.29275476]
 ...
 [-110.         -110.         -109.23608398 ... -115.23608398
  -115.1458865  -113.70821116]
 [-111.1184082  -111.1184082  -110.20884496 ... -115.8815918
  -115.77750004 -114.88158547]
 [-112.         -112.88174312 -113.76340485 ... -115.
  -114.88194911 -113.99999999]]","[-6.885416507720947, -5.889583110809326, 57.71041488647461, 58.70624923706055]",0.6194559554655602,0.8565667256017188,3.01008025695374,-1.8144909237597802,0.9064569013414119,2.4993048090380494,7.594706800746302,-3.9354889838884675,0.6210781108707328,7.616025113993546,22.96144792437403,-11.301677121555278,0
245,58.456694,-5.050222,"[[nan nan nan ... nan nan nan]
 [nan nan nan ... nan nan nan]
 [nan nan nan ... nan nan nan]
 ...
 [nan nan nan ... nan nan nan]
 [nan nan nan ... nan nan nan]
 [nan nan nan ... nan nan nan]]","[-5.097916603088379, -5.0020833015441895, 58.41041564941406, 58.506248474121094]","[[-36.0207215  -30.44456445 -24.86978083 ...          nan          nan
           nan]
 [-14.16151613  -9.23364061  -4.30697885 ...          nan          nan
           nan]
 [         nan          nan          nan ...          nan          nan
           nan]
 ...
 [-49.85903563 -48.56349347 -47.26827041 ...          nan          nan
           nan]
 [-48.92878534 -48.28152471 -47.63442352 ...          nan          nan
           nan]
 [-48.00036624 -48.00011101 -47.99985585 ...          nan          nan
           nan]]","[-5.172916889190674, -4.927083492279053, 58.33541488647461, 58.58124923706055]","[[ -38.9940183   -41.64412393  -44.23291258 ...           nan
            nan           nan]
 [ -70.63758495  -65.24820519  -71.55486702 ...           nan
            nan           nan]
 [ -70.95139232  -73.78723512  -54.88683008 ...           nan
            nan           nan]
 ...
 [ -98.23608398  -98.44429294 -100.23596191 ...  -76.98579668
   -67.45730804  -60.41659821]
 [ -96.64456177 -102.61748527 -104.         ...  -93.31928462
   -89.8060724   -83.94740015]
 [ -92.00020598  -99.41002528 -103.52767439 ...  -87.76482644
   -88.11862309  -89.00036621]]","[-5.547916889190674, -4.552083492279053, 57.96041488647461, 58.95624923706055]",0.9259868622516493,0.9368111315298427,2.7428011782507236,-1.8884013611842085,0.9534324565374117,2.422139520076934,9.209168278859144,-6.295706060023288,0.8817670703795869,12.934399186675444,32.70764636247434,-15.172787570562646,0
246,58.216702,-6.3833299,"[[         nan          nan          nan ... -36.00006633 -36.00003316
  -36.00000001]
 [         nan          nan          nan ... -36.06573045 -36.03285761
  -36.00000554]
 [         nan          nan          nan ... -36.13106294 -36.06551629
  -36.00001104]
 ...
 [         nan          nan          nan ...          nan          nan
           nan]
 [         nan          nan          nan ...          nan          nan
           nan]
 [         nan          nan          nan ...          nan          nan
           nan]]","[-6.431250095367432, -6.335416793823242, 58.16875076293945, 58.264583587646484]","[[         nan          nan          nan ... -94.         -94.
  -94.        ]
 [         nan          nan          nan ... -94.46417236 -94.46417236
  -94.46417236]
 [-17.09965562 -16.79943854 -16.4991475  ... -94.92926025 -94.92926025
  -94.92926025]
 ...
 [         nan          nan          nan ...          nan          nan
           nan]
 [         nan          nan          nan ...          nan          nan
           nan]
 [         nan          nan          nan ...          nan          nan
           nan]]","[-6.506249904632568, -6.260416507720947, 58.09375, 58.33958435058594]","[[-138.99988556 -126.94488525 -119.2912674  ... -119.34666443
  -111.11805725 -113.00003815]
 [-129.23546331 -136.55578978 -138.29305267 ... -109.82987945
  -112.45368    -111.64689636]
 [-120.70890489 -128.09029655 -132.18047325 ... -113.72200663
  -118.17359924 -109.7636476 ]
 ...
 [-111.23651123 -110.35462189 -110.47302246 ... -115.76348877
  -114.97207813 -114.76348877]
 [-112.23586273 -113.23583984 -114.99959564 ... -115.
  -114.10399862 -114.        ]
 [-115.00026703 -116.88234879 -118.00030182 ... -115.76399568
  -114.88194275 -114.        ]]","[-6.881249904632568, -5.885416507720947, 57.71875, 58.71458435058594]",,,,,,,,,0.18757620498893157,2.3267486061511096,5.818393033023305,-7.368131941800762,0
247,58.457199,-5.0496001,"[[nan nan nan ... nan nan nan]
 [nan nan nan ... nan nan nan]
 [nan nan nan ... nan nan nan]
 ...
 [nan nan nan ... nan nan nan]
 [nan nan nan ... nan nan nan]
 [nan nan nan ... nan nan nan]]","[-5.097916603088379, -5.0020833015441895, 58.41041564941406, 58.506248474121094]","[[-36.0207215  -30.44456445 -24.86978083 ...          nan          nan
           nan]
 [-14.16151613  -9.23364061  -4.30697885 ...          nan          nan
           nan]
 [         nan          nan          nan ...          nan          nan
           nan]
 ...
 [-49.85903563 -48.56349347 -47.26827041 ...          nan          nan
           nan]
 [-48.92878534 -48.28152471 -47.63442352 ...          nan          nan
           nan]
 [-48.00036624 -48.00011101 -47.99985585 ...          nan          nan
           nan]]","[-5.172916889190674, -4.927083492279053, 58.33541488647461, 58.58124923706055]","[[ -38.9940183   -41.64412393  -44.23291258 ...           nan
            nan           nan]
 [ -70.63758495  -65.24820519  -71.55486702 ...           nan
            nan           nan]
 [ -70.95139232  -73.78723512  -54.88683008 ...           nan
            nan           nan]
 ...
 [ -98.23608398  -98.44429294 -100.23596191 ...  -76.98579668
   -67.45730804  -60.41659821]
 [ -96.64456177 -102.61748527 -104.         ...  -93.31928462
   -89.8060724   -83.94740015]
 [ -92.00020598  -99.41002528 -103.52767439 ...  -87.76482644
   -88.11862309  -89.00036621]]","[-5.547916889190674, -4.552083492279053, 57.96041488647461, 58.95624923706055]",,,,,0.7950875507412162,1.7059740348127834,6.367760698566832,-6.250560249712207,1.4097068312326708,11.79599563019989,32.70764636247434,-13.106188685858195,4
248,47.873798,-3.9075999,"[[-21.99986649 -21.81878584 -21.6377052  ...          nan          nan
           nan]
 [-21.63732181 -21.52189975 -21.4064777  ...          nan          nan
           nan]
 [-21.27477713 -21.22501366 -21.1752502  ...          nan          nan
           nan]
 ...
 [         nan          nan          nan ...          nan          nan
           nan]
 [         nan          nan          nan ...          nan          nan
           nan]
 [         nan          nan          nan ...          nan          nan
           nan]]","[-3.956249952316284, -3.8604166507720947, 47.827083587646484, 47.922916412353516]","[[-19.99987793 -19.53541895 -19.07084554 ... -24.07086945 -24.53544235
  -25.00001526]
 [-20.46496582 -19.78446622 -19.10379896 ... -24.07086945 -24.53544235
  -25.00001526]
 [-20.92913818 -20.03302324 -19.13668752 ... -24.07086945 -24.53544235
  -25.00001526]
 ...
 [         nan          nan          nan ...          nan          nan
           nan]
 [         nan          nan          nan ...          nan          nan
           nan]
 [         nan          nan          nan ...          nan          nan
           nan]]","[-4.03125, -3.785416603088379, 47.75208282470703, 47.99791717529297]","[[-114.         -113.11825562 -114.52765228 ...  -68.76401901
   -66.11812041  -66.00035095]
 [-113.11779785 -112.89611803 -112.32623319 ...  -67.22918039
   -64.32586542  -63.88218509]
 [-113.         -112.53506089 -112.05585098 ...  -67.47154465
   -64.72926597  -62.52719199]
 ...
 [          nan           nan           nan ...           nan
            nan           nan]
 [          nan           nan           nan ...           nan
            nan           nan]
 [          nan           nan           nan ...           nan
            nan           nan]]","[-4.40625, -3.410416603088379, 47.37708282470703, 48.37291717529297]",0.07726557649501278,0.20984498728299467,0.49357209773297706,-0.8648060158400193,0.0735708677062225,0.23122381330789324,0.6050877124140781,-1.1484632808732738,0.33256968140977594,3.749703577159589,12.238898441191903,-4.894225902219019,2
249,58.0,7.567,"[[-204.99388122 -205.1748936  -205.3560204  ... -306.72056208
  -306.35852627 -305.99626161]
 [-186.6851405  -186.76769612 -186.85030391 ... -295.51583886
  -295.31789766 -295.11983134]
 [-168.37639979 -168.36049863 -168.34458743 ... -284.31111564
  -284.27726905 -284.24340107]
 ...
 [          nan           nan           nan ...           nan
            nan           nan]
 [          nan           nan           nan ...           nan
            nan           nan]
 [          nan           nan           nan ...           nan
            nan           nan]]","[7.518750190734863, 7.614583492279053, 57.952083587646484, 58.047916412353516]","[[-479.00244142 -479.00210112 -479.0017609  ... -477.0717097
  -477.53639654 -478.00096893]
 [-469.70061974 -470.99684251 -472.29274601 ... -473.78314459
  -474.03173759 -474.28026936]
 [-460.41710873 -463.00734228 -465.59693785 ... -470.50105303
  -470.53397757 -470.56689399]
 ...
 [          nan           nan           nan ...           nan
            nan           nan]
 [          nan           nan           nan ...           nan
            nan           nan]
 [          nan           nan           nan ...           nan
            nan           nan]]","[7.443749904632568, 7.6895833015441895, 57.87708282470703, 58.12291717529297]","[[-207.99958801 -209.99952614 -209.99951172 ... -151.99954055
  -150.99964819 -150.99987794]
 [-213.64658086 -215.64624786 -215.09055671 ... -158.41046143
  -156.63270495 -155.52870178]
 [-216.76361084 -217.64545441 -215.41652174 ... -165.0546875
  -163.26293589 -162.05433655]
 ...
 [          nan           nan           nan ...           nan
            nan           nan]
 [          nan           nan           nan ...           nan
            nan           nan]
 [          nan           nan           nan ...           nan
            nan           nan]]","[7.068749904632568, 8.064583778381348, 57.50208282470703, 58.49791717529297]",1.9080449455973993,3.5840918834888185,15.15826588590158,-8.30901662544982,1.6455906204684434,4.251174878943867,20.411590859830145,-9.72328780855865,0.6851747768463362,6.592308570919187,29.994163960724137,-14.268045210282002,1
250,58.440972,-3.086389,"[[         nan          nan          nan ... -58.00024943 -58.00021627
  -58.00018311]
 [         nan          nan          nan ... -57.75331159 -57.78610772
  -57.81890386]
 [         nan          nan          nan ... -57.50637374 -57.57199917
  -57.6376246 ]
 ...
 [         nan          nan          nan ... -37.82778168 -38.18998718
  -38.55219269]
 [         nan          nan          nan ... -38.55287933 -38.91508484
  -39.27729034]
 [         nan          nan          nan ... -39.27431488 -39.63652039
  -39.99872589]]","[-3.1354167461395264, -3.039583444595337, 58.39374923706055, 58.48958206176758]","[[         nan          nan          nan ... -71.99963379 -71.99963379
  -71.99963379]
 [         nan          nan          nan ... -72.46472168 -72.46472168
  -72.46472168]
 [         nan          nan          nan ... -72.92889404 -72.92889404
  -72.92889404]
 ...
 [         nan          nan          nan ... -66.33896595 -68.0988364
  -69.85870685]
 [         nan          nan          nan ... -66.70521485 -67.8168836
  -68.92855235]
 [         nan          nan          nan ... -67.0707428  -67.53548584
  -68.00022888]]","[-3.210416555404663, -2.964583396911621, 58.318748474121094, 58.56458282470703]","[[-51.0003662  -51.88221612 -52.00008651 ... -86.         -83.40845987
  -75.99638368]
 [-48.23611069 -49.23608398 -50.2081977  ... -84.23608398 -84.23608398
  -84.23608398]
 [-47.23665368 -48.20868529 -49.76375961 ... -80.4732666  -80.4732666
  -80.4732666 ]
 ...
 [-84.00008641 -85.93774251 -77.76450815 ... -61.47243881 -65.72941583
  -66.99997669]
 [-85.11855567 -86.5916214  -81.62709167 ... -59.29141434 -65.35435486
  -68.88151731]
 [-86.99995804 -89.99990676 -86.70850586 ... -57.94477844 -63.11839126
  -65.00035095]]","[-3.585416555404663, -2.589583396911621, 57.943748474121094, 58.93958282470703]",1.4100038663622272,1.4675495033062762,3.2238589785773795,-2.4730881396724675,,,,,0.7860295167896627,8.851434477410288,29.152051100563988,-23.797662045046323,0
251,58.974339,5.730121,"[[  -6.99859618   -5.55017668   -4.10084161 ... -206.46205448
  -197.22608031 -187.98426796]
 [  -7.72369799   -6.3080974    -4.891602   ... -212.19302119
  -204.5323553  -196.86684702]
 [  -8.4487998    -7.06601813   -5.6823624  ... -217.92398789
  -211.8386303  -205.74942608]
 ...
 [ -55.1032874   -57.1603377   -59.21868828 ...   -9.76546397
    -8.06422825   -6.36191716]
 [ -46.03956255  -48.06379392  -50.08930484 ...  -10.96296187
    -8.57252878   -6.18058466]
 [ -37.02161408  -39.01319229  -41.00602939 ...  -12.15441181
    -9.07826213   -6.00016798]]","[5.681250095367432, 5.777083396911621, 58.92708206176758, 59.02291488647461]","[[          nan           nan           nan ...           nan
            nan           nan]
 [          nan           nan           nan ...           nan
            nan           nan]
 [          nan           nan           nan ...           nan
            nan           nan]
 ...
 [  -3.78852992   -3.61868923   -3.44889037 ... -130.41235828
  -137.60502208 -144.79591429]
 [  -2.39307463   -4.16807856   -5.94264529 ...  -80.40950206
   -92.14013662 -103.86788186]
 [  -1.00036631   -4.71638641   -8.43149124 ...  -30.50507665
   -46.76474896  -63.02041642]]","[5.606249809265137, 5.852083206176758, 58.85208511352539, 59.09791564941406]","[[-300.99957275 -301.88150787 -302.99947184 ...           nan
            nan           nan]
 [-299.1181237  -300.10421304 -300.20841796 ...           nan
            nan           nan]
 [-297.23582905 -297.47167969 -298.23583984 ...           nan
            nan           nan]
 ...
 [-130.82304382           nan           nan ... -213.41085815
  -247.74533369 -311.39699597]
 [ -86.58405381           nan           nan ... -299.7580581
  -351.28332476 -360.39650207]
 [          nan           nan           nan ...           nan
  -150.10457891 -321.00332675]]","[5.231249809265137, 6.227083206176758, 58.47708511352539, 59.47291564941406]",2.4927401658211084,5.147713154309767,21.413318276362514,-18.328721810772727,1.935099479926418,9.298290716907797,35.179922891812815,-17.730873933277074,2.3602479356361417,22.940672612428923,84.28528220951517,-21.86495645220041,5
252,58.006377,7.554759,"[[-20.99435404 -21.72061933 -22.44642583 ... -62.92515685 -63.47103616
  -64.01657064]
 [-23.35100856 -23.38764082 -23.42424994 ... -57.89104251 -57.41889211
  -56.94703999]
 [-25.70766307 -25.0546623  -24.40207405 ... -52.85692816 -51.36674807
  -49.87750933]
 ...
 [         nan          nan          nan ...          nan          nan
           nan]
 [         nan          nan          nan ...          nan          nan
           nan]
 [         nan          nan          nan ...          nan          nan
           nan]]","[7.506249904632568, 7.602083206176758, 57.96041488647461, 58.056251525878906]","[[-434.99549103 -436.38917985 -437.78321203 ... -463.9920438
  -463.99190204 -463.99176024]
 [-428.03291621 -429.64222037 -431.25192101 ... -451.89065609
  -451.67489898 -451.45908873]
 [-421.0566085  -422.88195328 -424.70774776 ... -439.76539977
  -439.33360204 -438.90169794]
 ...
 [          nan           nan           nan ...           nan
            nan           nan]
 [          nan           nan           nan ...           nan
            nan           nan]
 [          nan           nan           nan ...           nan
            nan           nan]]","[7.431250095367432, 7.677083492279053, 57.88541793823242, 58.131248474121094]","[[-212.00063323 -213.00057431 -214.76413307 ... -161.76502991
  -159.88316345 -158.001297  ]
 [-214.88173405 -216.64531708 -216.88171387 ... -167.73548964
  -166.52708435 -164.6452179 ]
 [-218.52809906 -219.52807617 -219.52807617 ... -172.11165549
  -170.41001892 -169.52807617]
 ...
 [          nan           nan           nan ...           nan
            nan           nan]
 [          nan           nan           nan ...           nan
            nan           nan]
 [          nan           nan           nan ...           nan
            nan           nan]]","[7.056250095367432, 8.052083015441895, 57.51041793823242, 58.506248474121094]",1.6624627902833349,3.0253508296976297,9.12597411210025,-4.796672268149064,1.0375860374563595,2.4820373639156115,9.490332431201164,-5.034018379344873,0.6629051303276227,7.48691315791005,26.90947577173146,-11.17000972003365,1
253,58.995212,9.856379,"[[-244.99917606 -245.36166957 -245.72370538 ...  -63.78525638
   -71.38789796  -78.99053955]
 [-244.63847755 -244.96827661 -245.29765925 ...  -59.69617674
   -66.5477954   -73.39941406]
 [-244.27594808 -244.57288673 -244.86945045 ...  -55.58634035
   -61.68312379  -67.77990723]
 ...
 [          nan           nan           nan ...           nan
            nan           nan]
 [          nan           nan           nan ...           nan
            nan           nan]
 [          nan           nan           nan ...           nan
            nan           nan]]","[9.810416221618652, 9.90625, 58.94791793823242, 59.04375076293945]","[[ -99.99981661  -83.73991743  -67.48001826 ... -117.07039128
  -117.53450908 -117.99885562]
 [ -91.17946514  -83.1149676   -75.05047005 ... -115.04909969
  -114.43540637 -113.82141059]
 [ -82.34171652  -82.48878511  -82.63585371 ... -113.02382133
  -111.33019103 -109.63572602]
 ...
 [          nan           nan           nan ...           nan
            nan           nan]
 [          nan           nan           nan ...           nan
            nan           nan]
 [          nan           nan           nan ...           nan
            nan           nan]]","[9.735416412353516, 9.981249809265137, 58.87291717529297, 59.118751525878906]","[[-416.99963389 -457.34534024 -468.34604049 ... -333.05408051
  -326.99971261 -314.00010681]
 [-453.56423705 -463.42626511 -469.04156554 ... -320.75114203
  -321.58475241 -313.52622848]
 [-478.74944392 -473.09635967 -474.1374222  ... -308.80616463
  -304.88827756 -311.81931814]
 ...
 [          nan           nan           nan ...  -55.91758421
            nan   -8.71504967]
 [          nan           nan           nan ...  -77.54851891
   -87.437806    -91.76384863]
 [          nan           nan           nan ...  -61.83701918
   -37.40124266  -87.99743594]]","[9.360416412353516, 10.356249809265137, 58.49791717529297, 59.493751525878906]",2.1684991853418736,2.234806282916606,7.612294580778694,-4.038166291549732,2.5273810240229566,6.300706693828362,21.067461398436638,-11.92484746676543,2.36722735366086,26.36340894719052,95.84843764067678,-29.487103316123545,5
254,58.974339,5.7301211,"[[  -6.99859618   -5.55017668   -4.10084161 ... -206.46205448
  -197.22608031 -187.98426796]
 [  -7.72369799   -6.3080974    -4.891602   ... -212.19302119
  -204.5323553  -196.86684702]
 [  -8.4487998    -7.06601813   -5.6823624  ... -217.92398789
  -211.8386303  -205.74942608]
 ...
 [ -55.1032874   -57.1603377   -59.21868828 ...   -9.76546397
    -8.06422825   -6.36191716]
 [ -46.03956255  -48.06379392  -50.08930484 ...  -10.96296187
    -8.57252878   -6.18058466]
 [ -37.02161408  -39.01319229  -41.00602939 ...  -12.15441181
    -9.07826213   -6.00016798]]","[5.681250095367432, 5.777083396911621, 58.92708206176758, 59.02291488647461]","[[          nan           nan           nan ...           nan
            nan           nan]
 [          nan           nan           nan ...           nan
            nan           nan]
 [          nan           nan           nan ...           nan
            nan           nan]
 ...
 [  -3.78852992   -3.61868923   -3.44889037 ... -130.41235828
  -137.60502208 -144.79591429]
 [  -2.39307463   -4.16807856   -5.94264529 ...  -80.40950206
   -92.14013662 -103.86788186]
 [  -1.00036631   -4.71638641   -8.43149124 ...  -30.50507665
   -46.76474896  -63.02041642]]","[5.606249809265137, 5.852083206176758, 58.85208511352539, 59.09791564941406]","[[-300.99957275 -301.88150787 -302.99947184 ...           nan
            nan           nan]
 [-299.1181237  -300.10421304 -300.20841796 ...           nan
            nan           nan]
 [-297.23582905 -297.47167969 -298.23583984 ...           nan
            nan           nan]
 ...
 [-130.82304382           nan           nan ... -213.41085815
  -247.74533369 -311.39699597]
 [ -86.58405381           nan           nan ... -299.7580581
  -351.28332476 -360.39650207]
 [          nan           nan           nan ...           nan
  -150.10457891 -321.00332675]]","[5.231249809265137, 6.227083206176758, 58.47708511352539, 59.47291564941406]",2.4927401658211084,5.147713154309767,21.413318276362514,-18.328721810772727,1.935099479926418,9.298290716907797,35.179922891812815,-17.730873933277074,2.3602479356361417,22.940672612428923,84.28528220951517,-21.86495645220041,5
255,58.006378,7.554759,"[[-20.99435404 -21.72061933 -22.44642583 ... -62.92515685 -63.47103616
  -64.01657064]
 [-23.35100856 -23.38764082 -23.42424994 ... -57.89104251 -57.41889211
  -56.94703999]
 [-25.70766307 -25.0546623  -24.40207405 ... -52.85692816 -51.36674807
  -49.87750933]
 ...
 [         nan          nan          nan ...          nan          nan
           nan]
 [         nan          nan          nan ...          nan          nan
           nan]
 [         nan          nan          nan ...          nan          nan
           nan]]","[7.506249904632568, 7.602083206176758, 57.96041488647461, 58.056251525878906]","[[-434.99549103 -436.38917985 -437.78321203 ... -463.9920438
  -463.99190204 -463.99176024]
 [-428.03291621 -429.64222037 -431.25192101 ... -451.89065609
  -451.67489898 -451.45908873]
 [-421.0566085  -422.88195328 -424.70774776 ... -439.76539977
  -439.33360204 -438.90169794]
 ...
 [          nan           nan           nan ...           nan
            nan           nan]
 [          nan           nan           nan ...           nan
            nan           nan]
 [          nan           nan           nan ...           nan
            nan           nan]]","[7.431250095367432, 7.677083492279053, 57.88541793823242, 58.131248474121094]","[[-212.00063323 -213.00057431 -214.76413307 ... -161.76502991
  -159.88316345 -158.001297  ]
 [-214.88173405 -216.64531708 -216.88171387 ... -167.73548964
  -166.52708435 -164.6452179 ]
 [-218.52809906 -219.52807617 -219.52807617 ... -172.11165549
  -170.41001892 -169.52807617]
 ...
 [          nan           nan           nan ...           nan
            nan           nan]
 [          nan           nan           nan ...           nan
            nan           nan]
 [          nan           nan           nan ...           nan
            nan           nan]]","[7.056250095367432, 8.052083015441895, 57.51041793823242, 58.506248474121094]",1.6624627951945843,3.0253508296976297,9.12597411210025,-4.796672268149064,1.037586058370352,2.4820373639156115,9.490332431201164,-5.034018379344873,0.6629051426470797,7.48691315791005,26.90947577173146,-11.17000972003365,1
256,58.995213,9.8563786,"[[-244.99917606 -245.36166957 -245.72370538 ...  -63.78525638
   -71.38789796  -78.99053955]
 [-244.63847755 -244.96827661 -245.29765925 ...  -59.69617674
   -66.5477954   -73.39941406]
 [-244.27594808 -244.57288673 -244.86945045 ...  -55.58634035
   -61.68312379  -67.77990723]
 ...
 [          nan           nan           nan ...           nan
            nan           nan]
 [          nan           nan           nan ...           nan
            nan           nan]
 [          nan           nan           nan ...           nan
            nan           nan]]","[9.810416221618652, 9.90625, 58.94791793823242, 59.04375076293945]","[[ -99.99981661  -83.73991743  -67.48001826 ... -117.07039128
  -117.53450908 -117.99885562]
 [ -91.17946514  -83.1149676   -75.05047005 ... -115.04909969
  -114.43540637 -113.82141059]
 [ -82.34171652  -82.48878511  -82.63585371 ... -113.02382133
  -111.33019103 -109.63572602]
 ...
 [          nan           nan           nan ...           nan
            nan           nan]
 [          nan           nan           nan ...           nan
            nan           nan]
 [          nan           nan           nan ...           nan
            nan           nan]]","[9.735416412353516, 9.981249809265137, 58.87291717529297, 59.118751525878906]","[[-416.99963389 -457.34534024 -468.34604049 ... -333.05408051
  -326.99971261 -314.00010681]
 [-453.56423705 -463.42626511 -469.04156554 ... -320.75114203
  -321.58475241 -313.52622848]
 [-478.74944392 -473.09635967 -474.1374222  ... -308.80616463
  -304.88827756 -311.81931814]
 ...
 [          nan           nan           nan ...  -55.91758421
            nan   -8.71504967]
 [          nan           nan           nan ...  -77.54851891
   -87.437806    -91.76384863]
 [          nan           nan           nan ...  -61.83701918
   -37.40124266  -87.99743594]]","[9.360416412353516, 10.356249809265137, 58.49791717529297, 59.493751525878906]",2.168499239094357,2.234806282916606,7.612294580778694,-4.038166291549732,2.5273810893003934,6.300706693828362,21.067461398436638,-11.92484746676543,2.367227397378516,26.36340894719052,95.84843764067678,-29.487103316123545,5
257,58.4333,-3.0833299,"[[         nan          nan          nan ... -58.63750458 -58.81860733
  -58.99971008]
 [         nan          nan          nan ... -58.45714569 -58.63824844
  -58.8193512 ]
 [         nan          nan          nan ... -58.27587128 -58.45697403
  -58.63807678]
 ...
 [         nan          nan          nan ... -33.82650757 -34.55091858
  -35.27532959]
 [         nan          nan          nan ... -34.1890564  -34.91346741
  -35.63787842]
 [         nan          nan          nan ... -34.55160522 -35.27601624
  -36.00042725]]","[-3.1312499046325684, -3.035416603088379, 58.38541793823242, 58.48125076293945]","[[-27.99183278 -28.458107   -28.92438122 ... -71.00023549 -71.00017878
  -71.00012207]
 [         nan  -3.82797514 -10.76350648 ... -71.89567926 -71.67998065
  -71.46428204]
 [         nan          nan          nan ... -72.7928892  -72.36112335
  -71.92935751]
 ...
 [         nan          nan          nan ... -67.2130928  -67.67766571
  -68.14223862]
 [         nan          nan          nan ... -68.14143753 -68.60601044
  -69.07058334]
 [         nan          nan          nan ... -69.07161331 -69.53618622
  -70.00075912]]","[-3.206249952316284, -2.960416555404663, 58.31041717529297, 58.556251525878906]","[[-52.         -52.         -52.         ... -64.5279219  -63.11865571
  -66.99983596]
 [-51.11847933 -52.         -52.         ... -83.42306733 -77.3425293
  -70.28906687]
 [-49.47229004 -50.14591686 -50.47229004 ... -84.47229004 -84.47229004
  -84.47229004]
 ...
 [-85.2366333  -83.05551415 -80.94236809 ... -63.94534302 -67.79088656
  -71.52678049]
 [-87.11802785 -80.79888786 -76.32635908 ... -64.35443115 -65.44440781
  -68.0000267 ]
 [-87.99997712 -85.11945717 -77.70885477 ... -61.94438689 -68.11851249
  -69.0003662 ]]","[-3.581249952316284, -2.585416555404663, 57.93541717529297, 58.931251525878906]",,,,,2.042352894776494,3.5701242093176977,8.640515199616102,-5.455401359904003,0.8438193692941762,10.284694723027663,38.720538255225044,-26.96314532843344,0
258,47.88092,-4.1159801,"[[         nan          nan          nan ... -11.36253298 -11.1815869
  -11.00052644]
 [         nan          nan          nan ... -11.01567306 -10.73627021
  -10.45669075]
 [         nan          nan          nan ... -10.66881315 -10.29095353
   -9.91285506]
 ...
 [         nan          nan          nan ...          nan          nan
           nan]
 [         nan          nan          nan ...          nan          nan
           nan]
 [         nan          nan          nan ...          nan          nan
           nan]]","[-4.164583206176758, -4.068749904632568, 47.83124923706055, 47.92708206176758]","[[-28.00167845 -29.86036911 -31.71860197 ...  -8.          -8.
   -8.        ]
 [-25.67625674 -27.31885356 -28.96104579 ...  -8.          -8.
   -8.        ]
 [-23.35541263 -24.78234098 -26.20891787 ...  -8.          -8.
   -8.        ]
 ...
 [         nan          nan          nan ...          nan          nan
           nan]
 [         nan          nan          nan ...          nan          nan
           nan]
 [         nan          nan          nan ...          nan          nan
           nan]]","[-4.239583492279053, -3.9937500953674316, 47.756248474121094, 48.00208282470703]","[[-113.00003815 -112.88226573 -111.23591108 ...  -84.99935409
   -83.99954728  -84.99997709]
 [-113.88196251 -113.76391602 -111.79168964 ...  -86.97211326
   -87.46542078  -87.64583905]
 [-112.99997991 -113.47957874 -112.4728241  ...  -88.65194931
   -87.49246949  -87.2366333 ]
 ...
 [          nan           nan           nan ...           nan
            nan           nan]
 [          nan           nan           nan ...           nan
            nan           nan]
 [          nan           nan           nan ...           nan
            nan           nan]]","[-4.614583492279053, -3.6187500953674316, 47.381248474121094, 48.37708282470703]",,,,,,,,,0.15954490050750497,1.8286456553230157,5.326220357325788,-3.234476149674372,2
259,48.588699,-3.8382599,"[[nan nan nan ... nan nan nan]
 [nan nan nan ... nan nan nan]
 [nan nan nan ... nan nan nan]
 ...
 [nan nan nan ... nan nan nan]
 [nan nan nan ... nan nan nan]
 [nan nan nan ... nan nan nan]]","[-3.8854167461395264, -3.789583444595337, 48.53958511352539, 48.63541793823242]","[[         nan          nan          nan ...          nan          nan
           nan]
 [         nan          nan          nan ...          nan          nan
           nan]
 [         nan          nan          nan ...          nan          nan
           nan]
 ...
 [ -1.          -1.          -1.         ...  -8.76642565 -10.99001835
  -13.21361105]
 [ -1.          -1.          -1.         ... -11.45281542 -13.0294824
  -14.60614939]
 [ -1.          -1.          -1.         ... -14.13920518 -15.06894645
  -15.99868772]]","[-3.960416555404663, -3.714583396911621, 48.46458435058594, 48.71041488647461]","[[         nan          nan          nan ...          nan          nan
           nan]
 [         nan  -2.9822219  -11.6448606  ...          nan          nan
           nan]
 [-10.23602845 -10.26404172  -9.94441557 ...          nan          nan
           nan]
 ...
 [-93.         -92.79202795 -92.76416016 ... -71.         -71.027857
  -71.0000036 ]
 [-92.99997309 -93.10420132 -93.         ... -71.88183594 -70.89579327
  -71.        ]
 [-93.         -92.11854082 -93.         ... -70.7639063  -70.11811829
  -71.        ]]","[-4.335416793823242, -3.339583396911621, 48.08958435058594, 49.08541488647461]",,,,,,,,,,,,,2
260,47.644274,-3.445852,"[[-46.00055695 -45.45724869 -44.91394043 ... -11.99991158 -11.99995579
  -12.00000001]
 [-45.63800812 -45.09469986 -44.5513916  ... -12.06556533 -12.03278025
  -11.99999517]
 [-45.27545929 -44.73215103 -44.18884277 ... -12.13121908 -12.0656047
  -11.99999033]
 ...
 [-32.7240448  -32.36183929 -31.99963379 ...  -7.79971801  -8.26189259
   -8.72406717]
 [-32.36149597 -31.99929047 -31.63708496 ...  -7.17455418  -7.76804594
   -8.3615377 ]
 [-32.0007782  -31.63857269 -31.27636719 ...  -6.55254775  -7.27669347
   -8.00083919]]","[-3.4937500953674316, -3.397916555404663, 47.59791564941406, 47.693748474121094]","[[-73.00123595 -72.07200612 -71.14266182 ... -30.8577578  -29.92852796
  -28.99918366]
 [-71.60598293 -70.89279371 -70.17951664 ... -31.35581685 -30.64262764
  -29.92935057]
 [-70.21347646 -69.71590259 -69.21826743 ... -31.85289548 -31.35532161
  -30.85768645]
 ...
 [ -4.80047329  -3.50525023  -2.20986762 ...          nan          nan
           nan]
 [         nan          nan          nan ...          nan          nan
           nan]
 [         nan          nan          nan ...          nan          nan
           nan]]","[-3.5687499046325684, -3.3229167461395264, 47.52291488647461, 47.76874923706055]","[[-114.00002289 -115.00037678 -115.00075356 ...  -49.
   -48.          -46.99959184]
 [-113.11810573 -113.13205225 -112.35434723 ...  -49.67355056
   -47.22226782  -48.        ]
 [-112.99998251 -112.02784799 -111.05570138 ...  -49.58367545
   -47.97215111  -46.76424026]
 ...
 [          nan           nan           nan ...           nan
            nan           nan]
 [          nan           nan           nan ...           nan
            nan           nan]
 [          nan           nan           nan ...           nan
            nan           nan]]","[-3.9437499046325684, -2.9479167461395264, 47.14791488647461, 48.14374923706055]",4.507029739347404,5.948715619800038,19.149062706927452,-10.342231324845432,1.060366857585169,5.833424575016966,18.885106164138744,-14.660503196319407,0.4829364702682014,8.129970210084164,24.84788420381966,-17.497522120371727,6
261,46.007359,-1.17434,"[[nan nan nan ... nan nan nan]
 [nan nan nan ... nan nan nan]
 [nan nan nan ... nan nan nan]
 ...
 [nan nan nan ... nan nan nan]
 [nan nan nan ... nan nan nan]
 [nan nan nan ... nan nan nan]]","[0.0, 0.0, 0.0, 0.0]","[[nan nan nan ... nan nan nan]
 [nan nan nan ... nan nan nan]
 [nan nan nan ... nan nan nan]
 ...
 [nan nan nan ... nan nan nan]
 [nan nan nan ... nan nan nan]
 [nan nan nan ... nan nan nan]]","[0.0, 0.0, 0.0, 0.0]","[[nan nan nan ... nan nan nan]
 [nan nan nan ... nan nan nan]
 [nan nan nan ... nan nan nan]
 ...
 [nan nan nan ... nan nan nan]
 [nan nan nan ... nan nan nan]
 [nan nan nan ... nan nan nan]]","[0.0, 0.0, 0.0, 0.0]",,,,,,,,,,,,,2
262,45.453671,-0.92304999,"[[nan nan nan ... nan nan nan]
 [nan nan nan ... nan nan nan]
 [nan nan nan ... nan nan nan]
 ...
 [nan nan nan ... nan nan nan]
 [nan nan nan ... nan nan nan]
 [nan nan nan ... nan nan nan]]","[0.0, 0.0, 0.0, 0.0]","[[nan nan nan ... nan nan nan]
 [nan nan nan ... nan nan nan]
 [nan nan nan ... nan nan nan]
 ...
 [nan nan nan ... nan nan nan]
 [nan nan nan ... nan nan nan]
 [nan nan nan ... nan nan nan]]","[0.0, 0.0, 0.0, 0.0]","[[nan nan nan ... nan nan nan]
 [nan nan nan ... nan nan nan]
 [nan nan nan ... nan nan nan]
 ...
 [nan nan nan ... nan nan nan]
 [nan nan nan ... nan nan nan]
 [nan nan nan ... nan nan nan]]","[0.0, 0.0, 0.0, 0.0]",,,,,,,,,,,,,2
263,45.335571,-0.79517001,"[[nan nan nan ... nan nan nan]
 [nan nan nan ... nan nan nan]
 [nan nan nan ... nan nan nan]
 ...
 [nan nan nan ... nan nan nan]
 [nan nan nan ... nan nan nan]
 [nan nan nan ... nan nan nan]]","[0.0, 0.0, 0.0, 0.0]","[[nan nan nan ... nan nan nan]
 [nan nan nan ... nan nan nan]
 [nan nan nan ... nan nan nan]
 ...
 [nan nan nan ... nan nan nan]
 [nan nan nan ... nan nan nan]
 [nan nan nan ... nan nan nan]]","[0.0, 0.0, 0.0, 0.0]","[[nan nan nan ... nan nan nan]
 [nan nan nan ... nan nan nan]
 [nan nan nan ... nan nan nan]
 ...
 [nan nan nan ... nan nan nan]
 [nan nan nan ... nan nan nan]
 [nan nan nan ... nan nan nan]]","[0.0, 0.0, 0.0, 0.0]",,,,,,,,,,,,,2
264,48.359098,-4.78075,"[[-21.99907686 -22.18016659 -22.36137079 ... -21.99972221 -21.99967801
  -21.99963378]
 [-20.54890091 -20.79562848 -21.04251202 ... -21.58719955 -21.5215175
  -21.45579394]
 [-19.10604908 -19.418083   -19.73031416 ... -21.17676034 -21.04577195
  -20.91470077]
 ...
 [-19.00003404 -19.11544173 -19.23092237 ...          nan          nan
           nan]
 [-19.00004372 -19.14827033 -19.29659064 ...          nan          nan
           nan]
 [-19.00005341 -19.18109894 -19.36225891 ...          nan          nan
           nan]]","[-4.827083110809326, -4.731249809265137, 48.31041717529297, 48.40625]","[[-66.99995422 -66.5353241  -66.07080841 ... -28.92943801 -28.46472281
  -28.00012207]
 [-67.46412659 -66.99949646 -66.53498077 ... -26.70724186 -26.88953205
  -27.07177734]
 [-67.92921448 -67.46458435 -67.00006866 ... -24.48066268 -25.31123441
  -26.14160156]
 ...
 [-68.00001526 -67.53538513 -67.07086945 ...          nan          nan
           nan]
 [-68.00001526 -67.53538513 -67.07086945 ...          nan          nan
           nan]
 [-68.00001526 -67.53538513 -67.07086945 ...          nan          nan
           nan]]","[-4.902083396911621, -4.65625, 48.235416412353516, 48.48125076293945]","[[-114.00015259 -110.23641968  -99.12646903 ...           nan
            nan           nan]
 [-112.00004398 -107.35403442  -87.47526748 ...           nan
            nan           nan]
 [-106.47272173 -101.50819567  -89.23746194 ...           nan
            nan           nan]
 ...
 [-104.47289596 -104.0902125  -103.2364502  ...  -88.2364502
   -88.7635498   -88.        ]
 [-103.99998294 -105.79184208 -104.20833342 ...  -89.
   -89.          -88.        ]
 [-105.00019837 -103.99979526 -103.76378885 ...  -89.76387275
   -89.          -89.00018311]]","[-5.277083396911621, -4.28125, 47.860416412353516, 48.85625076293945]",0.3673077124912353,0.8980809960425963,3.659258801446342,-1.6910261431965938,0.406616826089315,1.857693502419944,6.2150534056483,-2.672958192395139,0.2699697950609976,5.27654450562706,20.718753080884365,-11.32442085180134,2
265,45.040482,-0.60351998,"[[nan nan nan ... nan nan nan]
 [nan nan nan ... nan nan nan]
 [nan nan nan ... nan nan nan]
 ...
 [nan nan nan ... nan nan nan]
 [nan nan nan ... nan nan nan]
 [nan nan nan ... nan nan nan]]","[0.0, 0.0, 0.0, 0.0]","[[nan nan nan ... nan nan nan]
 [nan nan nan ... nan nan nan]
 [nan nan nan ... nan nan nan]
 ...
 [nan nan nan ... nan nan nan]
 [nan nan nan ... nan nan nan]
 [nan nan nan ... nan nan nan]]","[0.0, 0.0, 0.0, 0.0]","[[nan nan nan ... nan nan nan]
 [nan nan nan ... nan nan nan]
 [nan nan nan ... nan nan nan]
 ...
 [nan nan nan ... nan nan nan]
 [nan nan nan ... nan nan nan]
 [nan nan nan ... nan nan nan]]","[0.0, 0.0, 0.0, 0.0]",,,,,,,,,,,,,2
266,48.718426,-3.965679,"[[         nan          nan          nan ...          nan          nan
           nan]
 [         nan          nan          nan ...          nan          nan
           nan]
 [         nan          nan          nan ...          nan          nan
           nan]
 ...
 [-13.55037995 -14.67289761 -15.79612483 ... -52.22032513 -52.92889628
  -53.63746743]
 [-14.27563251 -15.92325293 -17.57191484 ... -52.20461755 -53.01167658
  -53.81873562]
 [-15.00088506 -17.17360825 -19.34770484 ... -52.18890996 -53.09445689
  -54.00000381]]","[-4.014583110809326, -3.918750047683716, 48.66875076293945, 48.764583587646484]","[[         nan          nan          nan ...          nan          nan
           nan]
 [         nan          nan          nan ...          nan          nan
           nan]
 [         nan          nan          nan ...          nan          nan
           nan]
 ...
 [-83.00001526 -82.53538513 -82.07086945 ... -70.         -70.
  -70.        ]
 [-83.00001526 -82.53538513 -82.07086945 ... -70.         -70.
  -70.        ]
 [-83.00001526 -82.53538513 -82.07086945 ... -70.         -70.
  -70.        ]]","[-4.089583396911621, -3.84375, 48.59375, 48.83958435058594]","[[-13.         -13.         -13.         ...          nan          nan
           nan]
 [-10.23535156 -10.33912409  -9.53442911 ...          nan          nan
           nan]
 [ -2.41760614  -1.97298303  -1.16739611 ...          nan          nan
           nan]
 ...
 [-90.         -90.8818512  -90.41682278 ... -74.41685481 -74.
  -73.23651123]
 [-91.         -91.         -90.88208008 ... -75.         -74.10398962
  -74.88208008]
 [-91.         -91.         -91.00024414 ... -75.         -73.9997847
  -72.99975586]]","[-4.464583396911621, -3.46875, 48.21875, 49.21458435058594]",0.33914285391152243,0.6178113525329761,1.8899002075267068,-1.4552361405072969,0.5531150009410184,2.1292643893821084,7.5908504976136175,-2.9503348954494912,0.5302069433641986,10.23211603224078,34.85188368894098,-10.67050995477044,4
267,49.917833,-6.317139,"[[-63.98849479 -64.71353274 -65.43811267 ... -72.63738251 -72.81854248
  -72.99958801]
 [-58.39732802 -59.31840884 -60.23890779 ... -72.45702362 -72.63818359
  -72.81922913]
 [-52.77777969 -53.89589852 -55.01331101 ... -72.27574921 -72.45690918
  -72.63795471]
 ...
 [-32.20314765 -32.09558392 -31.98808813 ...          nan          nan
           nan]
 [-35.10331699 -36.04662263 -36.98933238 ...          nan          nan
           nan]
 [-38.00348634 -39.99766135 -41.99057662 ...          nan          nan
           nan]]","[-6.364583492279053, -6.268750190734863, 49.868751525878906, 49.96458435058594]","[[-90.         -89.99991494 -89.99982987 ... -89.99981689 -89.99981689
  -89.99981689]
 [-89.99999646 -89.78429606 -89.56854252 ... -89.53564453 -89.53564453
  -89.53564453]
 [-89.99999291 -89.56825189 -89.1364045  ... -89.07055664 -89.07055664
  -89.07055664]
 ...
 [-85.92883301 -85.92883301 -85.92883301 ... -74.92912292 -74.46460724
  -73.99997711]
 [-85.46466064 -85.46466064 -85.46466064 ... -74.92912292 -74.46460724
  -73.99997711]
 [-84.99957275 -84.99957275 -84.99957275 ... -74.92912292 -74.46460724
  -73.99997711]]","[-6.4395833015441895, -6.193749904632568, 49.79375076293945, 50.03958511352539]","[[-114.         -113.99981689 -113.99981689 ... -105.
  -105.         -105.        ]
 [-113.1184073  -113.         -113.         ... -105.
  -104.1184082  -104.1184082 ]
 [-112.         -112.20819635 -112.23608398 ... -104.
  -104.02789484 -104.23608398]
 ...
 [-101.99999417 -101.02785159 -100.23625946 ...  -69.
   -68.20792003  -68.        ]
 [-102.11810303 -102.11810303 -101.11810303 ...  -69.
   -68.8957982   -67.9999973 ]
 [-103.         -103.         -102.         ...  -69.
   -69.          -69.00042726]]","[-6.8145833015441895, -5.818749904632568, 49.41875076293945, 50.41458511352539]",1.2360431136206702,1.5946436459933624,5.507792511937589,-4.11286625756773,0.7338368268912026,3.0457058059584354,9.812683008121924,-6.348309975320279,0.618146758614538,11.290188361442402,54.655120089690975,-10.937447727031651,4
268,49.9179,-6.3155999,"[[-63.98849479 -64.71353274 -65.43811267 ... -72.63738251 -72.81854248
  -72.99958801]
 [-58.39732802 -59.31840884 -60.23890779 ... -72.45702362 -72.63818359
  -72.81922913]
 [-52.77777969 -53.89589852 -55.01331101 ... -72.27574921 -72.45690918
  -72.63795471]
 ...
 [-32.20314765 -32.09558392 -31.98808813 ...          nan          nan
           nan]
 [-35.10331699 -36.04662263 -36.98933238 ...          nan          nan
           nan]
 [-38.00348634 -39.99766135 -41.99057662 ...          nan          nan
           nan]]","[-6.364583492279053, -6.268750190734863, 49.868751525878906, 49.96458435058594]","[[-90.         -89.99991494 -89.99982987 ... -89.99981689 -89.99981689
  -89.99981689]
 [-89.99999646 -89.78429606 -89.56854252 ... -89.53564453 -89.53564453
  -89.53564453]
 [-89.99999291 -89.56825189 -89.1364045  ... -89.07055664 -89.07055664
  -89.07055664]
 ...
 [-85.92883301 -85.92883301 -85.92883301 ... -74.92912292 -74.46460724
  -73.99997711]
 [-85.46466064 -85.46466064 -85.46466064 ... -74.92912292 -74.46460724
  -73.99997711]
 [-84.99957275 -84.99957275 -84.99957275 ... -74.92912292 -74.46460724
  -73.99997711]]","[-6.4395833015441895, -6.193749904632568, 49.79375076293945, 50.03958511352539]","[[-114.         -113.99981689 -113.99981689 ... -105.
  -105.         -105.        ]
 [-113.1184073  -113.         -113.         ... -105.
  -104.1184082  -104.1184082 ]
 [-112.         -112.20819635 -112.23608398 ... -104.
  -104.02789484 -104.23608398]
 ...
 [-101.99999417 -101.02785159 -100.23625946 ...  -69.
   -68.20792003  -68.        ]
 [-102.11810303 -102.11810303 -101.11810303 ...  -69.
   -68.8957982   -67.9999973 ]
 [-103.         -103.         -102.         ...  -69.
   -69.          -69.00042726]]","[-6.8145833015441895, -5.818749904632568, 49.41875076293945, 50.41458511352539]",0.8122523864235356,0.8287751630083706,3.0711418949008156,-2.461077200271182,0.7714260534343851,2.7918697970419446,8.93606864006057,-5.67289905874572,0.823582373129287,15.566343217413243,65.77767993137059,-13.002673826587493,4
269,49.183333,-2.116667,"[[-12.99941634 -12.81836886 -12.63732137 ...  -9.99950018  -9.99944491
   -9.99938964]
 [-12.63869375 -12.49030976 -12.34192577 ...  -9.70410526  -9.6713865
   -9.63866774]
 [-12.27614008 -12.16058539 -12.04503069 ...  -9.40721087  -9.34166282
   -9.27611476]
 ...
 [         nan          nan          nan ...          nan          nan
           nan]
 [         nan          nan          nan ...          nan          nan
           nan]
 [         nan          nan          nan ...          nan          nan
           nan]]","[-2.164583444595337, -2.0687499046325684, 49.13541793823242, 49.23125076293945]","[[-26.00012207 -26.00012207 -26.00012207 ... -21.21233559 -22.60605431
  -23.99977303]
 [-26.46429443 -26.46429443 -26.46429443 ... -20.28399086 -21.67770958
  -23.0714283 ]
 [-26.92938232 -26.92938232 -26.92938232 ... -19.35381508 -20.7475338
  -22.14125252]
 ...
 [-30.07112503 -30.53569794 -31.00021362 ...  -4.77970505  -9.42543411
  -14.07116318]
 [-30.53529739 -30.9998703  -31.46438599 ...  -5.24387741  -9.88960648
  -14.53533554]
 [-31.00038528 -31.46495819 -31.92947388 ...  -5.7089653  -10.35469437
  -15.00042343]]","[-2.2395832538604736, -1.993749976158142, 49.06041717529297, 49.306251525878906]","[[-17.99961472 -16.11808563 -16.76375198 ...  -1.          -1.
   -1.        ]
 [-14.11848605 -16.65929475 -17.18027177 ...  -1.67329945  -1.
   -1.        ]
 [-16.00005272 -19.43748763 -19.70806619 ...  -1.76378441  -1.
   -1.        ]
 ...
 [-65.         -65.         -65.         ... -12.12442264 -12.26215118
  -10.29009001]
 [-66.11802517 -65.13198446 -65.11804199 ... -13.23608398 -12.47216797
  -12.47216797]
 [-65.99965287 -67.00032296 -66.23633453 ... -16.00036621 -17.00036621
  -17.00036621]]","[-2.6145832538604736, -1.618749976158142, 48.68541717529297, 49.681251525878906]",0.14812378716084704,0.17321892972991343,0.41685316500977554,-0.8312738471477686,0.02327318542747565,0.07348085200593762,0.22671299986832127,-1.0406427551555681,0.22255121292436794,3.476179058941577,10.905845857461061,-5.249905507205132,3
270,49.92917,1.08449,"[[         nan          nan          nan ...          nan          nan
           nan]
 [         nan          nan          nan ...          nan          nan
           nan]
 [         nan          nan          nan ...          nan          nan
           nan]
 ...
 [-17.63787358 -17.57229237 -17.50671115 ... -10.3755577  -10.50672013
  -10.63788256]
 [-17.81915042 -17.7863985  -17.75364658 ... -10.68814722 -10.75365106
  -10.8191549 ]
 [-18.00042725 -18.00050463 -18.000582   ... -11.00073674 -11.00058199
  -11.00042724]]","[1.0354167222976685, 1.131250023841858, 49.881248474121094, 49.97708511352539]","[[         nan          nan          nan ...          nan          nan
           nan]
 [         nan          nan          nan ...          nan          nan
           nan]
 [         nan          nan          nan ...          nan          nan
           nan]
 ...
 [-24.99999809 -24.53543949 -24.07086658 ... -16.06045098 -15.995007
  -15.92956704]
 [-24.99999809 -24.53543949 -24.07086658 ... -16.45961606 -15.96203761
  -15.4644898 ]
 [-24.99999809 -24.53543949 -24.07086658 ... -16.85799537 -15.92913311
  -15.00032806]]","[0.9604166746139526, 1.2062499523162842, 49.806251525878906, 50.05208206176758]","[[         nan          nan          nan ...          nan          nan
           nan]
 [         nan          nan          nan ...          nan          nan
           nan]
 [         nan          nan          nan ...          nan          nan
           nan]
 ...
 [-39.23596191 -39.02787119 -38.47218418 ...          nan          nan
           nan]
 [-41.23657204 -41.01397164 -40.79171955 ...          nan          nan
           nan]
 [-41.00061035 -41.00003605 -40.00030518 ...          nan          nan
           nan]]","[0.5854166746139526, 1.5812499523162842, 49.431251525878906, 50.42708206176758]",,,,,0.6133566903930636,1.648183664212455,4.98021005561249,-2.8867964396001393,0.12228785033616067,2.029701617569017,9.697147873007026,-6.7658954143065815,3
271,49.481892,0.10598,"[[ -1.00024343  -1.36238261  -1.72452179 ...  -3.72453117  -3.36232567
   -3.00012016]
 [ -1.36279245  -1.62644375  -1.89009504 ...  -3.90580559  -3.54360008
   -3.18139458]
 [ -1.72351042  -1.88917124  -2.05483206 ...  -4.08616447  -3.72395897
   -3.36175346]
 ...
 [-11.6374513  -11.57179271 -11.50613412 ...          nan          nan
           nan]
 [-11.81872565 -11.78589636 -11.75306706 ...          nan          nan
           nan]
 [-12.         -12.         -12.         ...          nan          nan
           nan]]","[0.05624999850988388, 0.15208333730697632, 49.43541717529297, 49.53125]","[[ -6.00000018  -5.53543308  -5.07086621 ...          nan          nan
           nan]
 [ -6.00000018  -5.53543308  -5.07086621 ...          nan          nan
           nan]
 [ -6.00000018  -5.53543308  -5.07086621 ...          nan          nan
           nan]
 ...
 [-22.0709227  -22.46959295 -22.868263   ...          nan          nan
           nan]
 [-22.53509523 -22.50248706 -22.46987892 ...          nan          nan
           nan]
 [-23.00018328 -22.53544606 -22.07070906 ...          nan          nan
           nan]]","[-0.01875000074505806, 0.22708334028720856, 49.360416412353516, 49.60625076293945]","[[         nan          nan          nan ...          nan          nan
           nan]
 [         nan          nan          nan ...          nan          nan
           nan]
 [         nan          nan          nan ...          nan          nan
           nan]
 ...
 [-45.         -44.79147642 -44.         ... -26.18059539 -26.2364502
  -25.47290185]
 [-47.11785889 -47.11785889 -46.23571777 ... -27.09001799 -27.
  -27.        ]
 [-52.00073528 -51.00054932 -50.23662935 ... -27.76377773 -27.11813896
  -28.00018311]]","[-0.39375001192092896, 0.6020833253860474, 48.985416412353516, 49.98125076293945]",1.2802440841180092,1.6186570321092841,5.392981627334282,-2.916800233496671,1.2961031003215682,3.60402638326702,12.125365895572617,-7.435991281755064,0.13338758579452095,1.821971252066905,7.248472144742856,-3.981784869661888,7
272,46.15850067,-1.22064996,"[[nan nan nan ... nan nan nan]
 [nan nan nan ... nan nan nan]
 [nan nan nan ... nan nan nan]
 ...
 [nan nan nan ... nan nan nan]
 [nan nan nan ... nan nan nan]
 [nan nan nan ... nan nan nan]]","[0.0, 0.0, 0.0, 0.0]","[[nan nan nan ... nan nan nan]
 [nan nan nan ... nan nan nan]
 [nan nan nan ... nan nan nan]
 ...
 [nan nan nan ... nan nan nan]
 [nan nan nan ... nan nan nan]
 [nan nan nan ... nan nan nan]]","[0.0, 0.0, 0.0, 0.0]","[[nan nan nan ... nan nan nan]
 [nan nan nan ... nan nan nan]
 [nan nan nan ... nan nan nan]
 ...
 [nan nan nan ... nan nan nan]
 [nan nan nan ... nan nan nan]
 [nan nan nan ... nan nan nan]]","[0.0, 0.0, 0.0, 0.0]",,,,,,,,,,,,,2
273,49.651447,-1.635508,"[[         nan          nan          nan ...          nan          nan
           nan]
 [         nan          nan          nan ...          nan          nan
           nan]
 [         nan          nan          nan ...          nan          nan
           nan]
 ...
 [-28.63774872 -28.81885147 -28.99995422 ... -22.79507332 -22.62967778
  -22.46428224]
 [-28.81902313 -29.00012589 -29.18122864 ... -24.26096273 -23.9970793
  -23.73319588]
 [-29.00029755 -29.1814003  -29.36250305 ... -25.72685214 -25.36448083
  -25.00210952]]","[-1.6854166984558105, -1.5895832777023315, 49.60208511352539, 49.69791793823242]","[[         nan          nan          nan ...          nan          nan
           nan]
 [         nan          nan          nan ...          nan          nan
           nan]
 [         nan          nan          nan ...          nan          nan
           nan]
 ...
 [-56.14245538 -56.1093668  -56.07627619 ... -53.14245605 -53.14245605
  -53.14245605]
 [-57.07079568 -56.82207848 -56.57334596 ... -54.07080078 -54.07080078
  -54.07080078]
 [-57.99913598 -57.53479015 -57.07041573 ... -54.99914551 -54.99914551
  -54.99914551]]","[-1.7604166269302368, -1.5145833492279053, 49.52708435058594, 49.77291488647461]","[[-11.9995308  -10.1180089  -11.99958284 ...          nan          nan
           nan]
 [-10.00002133  -9.86792835  -9.36109517 ...          nan          nan
           nan]
 [ -8.23603302  -6.61801452  -4.4032893  ...          nan          nan
           nan]
 ...
 [-57.23583984 -57.23583984 -58.         ... -55.81908406 -53.41597379
  -53.        ]
 [-57.88183594 -57.88183594 -57.         ... -57.09024961 -57.
  -56.11816743]
 [-57.         -57.         -56.00042725 ... -58.76333809 -57.88152209
  -57.        ]]","[-2.1354167461395264, -1.1395833492279053, 49.15208435058594, 50.14791488647461]",,,,,1.143593893828729,3.2347473064299765,9.426252478291659,-5.564646460570662,0.22587955628016,3.5096488981590297,12.707885742177227,-11.11531950718957,2
274,49.93,1.085,"[[         nan          nan          nan ...          nan          nan
           nan]
 [         nan          nan          nan ...          nan          nan
           nan]
 [         nan          nan          nan ...          nan          nan
           nan]
 ...
 [-17.63787358 -17.57229237 -17.50671115 ... -10.3755577  -10.50672013
  -10.63788256]
 [-17.81915042 -17.7863985  -17.75364658 ... -10.68814722 -10.75365106
  -10.8191549 ]
 [-18.00042725 -18.00050463 -18.000582   ... -11.00073674 -11.00058199
  -11.00042724]]","[1.0354167222976685, 1.131250023841858, 49.881248474121094, 49.97708511352539]","[[         nan          nan          nan ...          nan          nan
           nan]
 [         nan          nan          nan ...          nan          nan
           nan]
 [         nan          nan          nan ...          nan          nan
           nan]
 ...
 [-24.99999809 -24.53543949 -24.07086658 ... -16.06045098 -15.995007
  -15.92956704]
 [-24.99999809 -24.53543949 -24.07086658 ... -16.45961606 -15.96203761
  -15.4644898 ]
 [-24.99999809 -24.53543949 -24.07086658 ... -16.85799537 -15.92913311
  -15.00032806]]","[0.9604166746139526, 1.2062499523162842, 49.806251525878906, 50.05208206176758]","[[         nan          nan          nan ...          nan          nan
           nan]
 [         nan          nan          nan ...          nan          nan
           nan]
 [         nan          nan          nan ...          nan          nan
           nan]
 ...
 [-39.23596191 -39.02787119 -38.47218418 ...          nan          nan
           nan]
 [-41.23657204 -41.01397164 -40.79171955 ...          nan          nan
           nan]
 [-41.00061035 -41.00003605 -40.00030518 ...          nan          nan
           nan]]","[0.5854166746139526, 1.5812499523162842, 49.431251525878906, 50.42708206176758]",,,,,0.61336147949647,1.648183664212455,4.98021005561249,-2.8867964396001393,0.12228908651879916,2.029701617569017,9.697147873007026,-6.7658954143065815,3
275,49.481602,0.1056,"[[ -1.00024343  -1.36238261  -1.72452179 ...  -3.72453117  -3.36232567
   -3.00012016]
 [ -1.36279245  -1.62644375  -1.89009504 ...  -3.90580559  -3.54360008
   -3.18139458]
 [ -1.72351042  -1.88917124  -2.05483206 ...  -4.08616447  -3.72395897
   -3.36175346]
 ...
 [-11.6374513  -11.57179271 -11.50613412 ...          nan          nan
           nan]
 [-11.81872565 -11.78589636 -11.75306706 ...          nan          nan
           nan]
 [-12.         -12.         -12.         ...          nan          nan
           nan]]","[0.05624999850988388, 0.15208333730697632, 49.43541717529297, 49.53125]","[[ -6.00000018  -5.53543308  -5.07086621 ...          nan          nan
           nan]
 [ -6.00000018  -5.53543308  -5.07086621 ...          nan          nan
           nan]
 [ -6.00000018  -5.53543308  -5.07086621 ...          nan          nan
           nan]
 ...
 [-22.0709227  -22.46959295 -22.868263   ...          nan          nan
           nan]
 [-22.53509523 -22.50248706 -22.46987892 ...          nan          nan
           nan]
 [-23.00018328 -22.53544606 -22.07070906 ...          nan          nan
           nan]]","[-0.01875000074505806, 0.22708334028720856, 49.360416412353516, 49.60625076293945]","[[         nan          nan          nan ...          nan          nan
           nan]
 [         nan          nan          nan ...          nan          nan
           nan]
 [         nan          nan          nan ...          nan          nan
           nan]
 ...
 [-45.         -44.79147642 -44.         ... -26.18059539 -26.2364502
  -25.47290185]
 [-47.11785889 -47.11785889 -46.23571777 ... -27.09001799 -27.
  -27.        ]
 [-52.00073528 -51.00054932 -50.23662935 ... -27.76377773 -27.11813896
  -28.00018311]]","[-0.39375001192092896, 0.6020833253860474, 48.985416412353516, 49.98125076293945]",1.4207113746392501,2.2712528259217493,7.765158561958616,-4.056437337550069,1.2960980450310937,3.60402638326702,12.125365895572617,-7.435991281755064,0.13338707952021747,1.821971252066905,7.248472144742856,-3.981784869661888,7
276,49.651299,-1.6355,"[[         nan          nan          nan ...          nan          nan
           nan]
 [         nan          nan          nan ...          nan          nan
           nan]
 [         nan          nan          nan ...          nan          nan
           nan]
 ...
 [-28.63774872 -28.81885147 -28.99995422 ... -22.79507332 -22.62967778
  -22.46428224]
 [-28.81902313 -29.00012589 -29.18122864 ... -24.26096273 -23.9970793
  -23.73319588]
 [-29.00029755 -29.1814003  -29.36250305 ... -25.72685214 -25.36448083
  -25.00210952]]","[-1.6854166984558105, -1.5895832777023315, 49.60208511352539, 49.69791793823242]","[[         nan          nan          nan ...          nan          nan
           nan]
 [         nan          nan          nan ...          nan          nan
           nan]
 [         nan          nan          nan ...          nan          nan
           nan]
 ...
 [-56.14245538 -56.1093668  -56.07627619 ... -53.14245605 -53.14245605
  -53.14245605]
 [-57.07079568 -56.82207848 -56.57334596 ... -54.07080078 -54.07080078
  -54.07080078]
 [-57.99913598 -57.53479015 -57.07041573 ... -54.99914551 -54.99914551
  -54.99914551]]","[-1.7604166269302368, -1.5145833492279053, 49.52708435058594, 49.77291488647461]","[[-11.9995308  -10.1180089  -11.99958284 ...          nan          nan
           nan]
 [-10.00002133  -9.86792835  -9.36109517 ...          nan          nan
           nan]
 [ -8.23603302  -6.61801452  -4.4032893  ...          nan          nan
           nan]
 ...
 [-57.23583984 -57.23583984 -58.         ... -55.81908406 -53.41597379
  -53.        ]
 [-57.88183594 -57.88183594 -57.         ... -57.09024961 -57.
  -56.11816743]
 [-57.         -57.         -56.00042725 ... -58.76333809 -57.88152209
  -57.        ]]","[-2.1354167461395264, -1.1395833492279053, 49.15208435058594, 50.14791488647461]",,,,,1.1435922015357627,3.2347473064299765,9.426252478291659,-5.564646460570662,0.22587934866307105,3.5096488981590297,12.707885742177227,-11.11531950718957,2
277,49.1833,-2.1166999,"[[-12.99941634 -12.81836886 -12.63732137 ...  -9.99950018  -9.99944491
   -9.99938964]
 [-12.63869375 -12.49030976 -12.34192577 ...  -9.70410526  -9.6713865
   -9.63866774]
 [-12.27614008 -12.16058539 -12.04503069 ...  -9.40721087  -9.34166282
   -9.27611476]
 ...
 [         nan          nan          nan ...          nan          nan
           nan]
 [         nan          nan          nan ...          nan          nan
           nan]
 [         nan          nan          nan ...          nan          nan
           nan]]","[-2.164583444595337, -2.0687499046325684, 49.13541793823242, 49.23125076293945]","[[-26.00012207 -26.00012207 -26.00012207 ... -21.21233559 -22.60605431
  -23.99977303]
 [-26.46429443 -26.46429443 -26.46429443 ... -20.28399086 -21.67770958
  -23.0714283 ]
 [-26.92938232 -26.92938232 -26.92938232 ... -19.35381508 -20.7475338
  -22.14125252]
 ...
 [-30.07112503 -30.53569794 -31.00021362 ...  -4.77970505  -9.42543411
  -14.07116318]
 [-30.53529739 -30.9998703  -31.46438599 ...  -5.24387741  -9.88960648
  -14.53533554]
 [-31.00038528 -31.46495819 -31.92947388 ...  -5.7089653  -10.35469437
  -15.00042343]]","[-2.2395832538604736, -1.993749976158142, 49.06041717529297, 49.306251525878906]","[[-17.99961472 -16.11808563 -16.76375198 ...  -1.          -1.
   -1.        ]
 [-14.11848605 -16.65929475 -17.18027177 ...  -1.67329945  -1.
   -1.        ]
 [-16.00005272 -19.43748763 -19.70806619 ...  -1.76378441  -1.
   -1.        ]
 ...
 [-65.         -65.         -65.         ... -12.12442264 -12.26215118
  -10.29009001]
 [-66.11802517 -65.13198446 -65.11804199 ... -13.23608398 -12.47216797
  -12.47216797]
 [-65.99965287 -67.00032296 -66.23633453 ... -16.00036621 -17.00036621
  -17.00036621]]","[-2.6145832538604736, -1.618749976158142, 48.68541717529297, 49.681251525878906]",0.14812378217405492,0.17321892972991343,0.41685316500977554,-0.8312738471477686,0.02327318108065487,0.07348085200593762,0.22671299986832127,-1.0406427551555681,0.22255113323073894,3.476179058941577,10.905845857461061,-5.249905507205132,3
278,49.48378,0.11458,"[[-2.00024414 -2.00024414 -2.00024414 ... -1.63811554 -1.8192404
  -2.00036526]
 [-2.36279297 -2.36279297 -2.36279297 ... -2.11628002 -2.33023417
  -2.54418833]
 [-2.72351074 -2.72351074 -2.72351074 ... -2.59202952 -2.83864717
  -3.08526481]
 ...
 [-6.54980673 -5.77561014 -5.00141356 ...         nan         nan
          nan]
 [-7.27490456 -6.43504938 -5.59519421 ...         nan         nan
          nan]
 [-8.00000238 -7.09448862 -6.18897486 ...         nan         nan
          nan]]","[0.06458333134651184, 0.16041666269302368, 49.43541717529297, 49.53125]","[[ -5.          -5.          -5.         ...          nan          nan
           nan]
 [ -5.          -5.          -5.         ...          nan          nan
           nan]
 [ -5.          -5.          -5.         ...          nan          nan
           nan]
 ...
 [-21.99999999 -22.03294842 -22.06589683 ...          nan          nan
           nan]
 [-21.99999996 -22.24858759 -22.4971751  ...          nan          nan
           nan]
 [-21.99999993 -22.46465209 -22.92930402 ...          nan          nan
           nan]]","[-0.010416666977107525, 0.23541666567325592, 49.360416412353516, 49.60625076293945]","[[         nan          nan          nan ...          nan          nan
           nan]
 [         nan          nan          nan ...          nan          nan
           nan]
 [         nan          nan          nan ...          nan          nan
           nan]
 ...
 [-44.76354798 -44.         -44.         ... -26.2364502  -25.53515899
  -26.        ]
 [-47.11785678 -46.23571777 -44.6798165  ... -27.         -27.
  -26.11786225]
 [-51.00054932 -50.11849754 -50.00036621 ... -27.23626361 -27.88204605
  -27.        ]]","[-0.3854166567325592, 0.6104166507720947, 48.985416412353516, 49.98125076293945]",,,,,0.28196424405973475,0.6582240908633449,1.907734593530023,-1.4940565725021644,0.16523099945238534,2.219121114842724,7.499677594420803,-3.9754394836040663,3
