station,u10__mean,u10__std,u10__min,u10__max,u10__median,u10__q05,u10__q95,u10__count,u10__missing_frac,u10__annmax_mean,u10__annmax_std,u10__annmax_min,u10__annmax_max,u10__annmean_mean,u10__annmean_std,u10__annmean_min,u10__annmean_max,v10__mean,v10__std,v10__min,v10__max,v10__median,v10__q05,v10__q95,v10__count,v10__missing_frac,v10__annmax_mean,v10__annmax_std,v10__annmax_min,v10__annmax_max,v10__annmean_mean,v10__annmean_std,v10__annmean_min,v10__annmean_max,d2m__mean,d2m__std,d2m__min,d2m__max,d2m__median,d2m__q05,d2m__q95,d2m__count,d2m__missing_frac,d2m__annmax_mean,d2m__annmax_std,d2m__annmax_min,d2m__annmax_max,d2m__annmean_mean,d2m__annmean_std,d2m__annmean_min,d2m__annmean_max,t2m__mean,t2m__std,t2m__min,t2m__max,t2m__median,t2m__q05,t2m__q95,t2m__count,t2m__missing_frac,t2m__annmax_mean,t2m__annmax_std,t2m__annmax_min,t2m__annmax_max,t2m__annmean_mean,t2m__annmean_std,t2m__annmean_min,t2m__annmean_max,msl__mean,msl__std,msl__min,msl__max,msl__median,msl__q05,msl__q95,msl__count,msl__missing_frac,msl__annmax_mean,msl__annmax_std,msl__annmax_min,msl__annmax_max,msl__annmean_mean,msl__annmean_std,msl__annmean_min,msl__annmean_max,sst__mean,sst__std,sst__min,sst__max,sst__median,sst__q05,sst__q95,sst__count,sst__missing_frac,sst__annmax_mean,sst__annmax_std,sst__annmax_min,sst__annmax_max,sst__annmean_mean,sst__annmean_std,sst__annmean_min,sst__annmean_max,sp__mean,sp__std,sp__min,sp__max,sp__median,sp__q05,sp__q95,sp__count,sp__missing_frac,sp__annmax_mean,sp__annmax_std,sp__annmax_min,sp__annmax_max,sp__annmean_mean,sp__annmean_std,sp__annmean_min,sp__annmean_max,tp__mean,tp__std,tp__min,tp__max,tp__median,tp__q05,tp__q95,tp__count,tp__missing_frac,tp__annmax_mean,tp__annmax_std,tp__annmax_min,tp__annmax_max,tp__annmean_mean,tp__annmean_std,tp__annmean_min,tp__annmean_max,mwd__mean,mwd__std,mwd__min,mwd__max,mwd__median,mwd__q05,mwd__q95,mwd__count,mwd__missing_frac,mwd__annmax_mean,mwd__annmax_std,mwd__annmax_min,mwd__annmax_max,mwd__annmean_mean,mwd__annmean_std,mwd__annmean_min,mwd__annmean_max,mwp__mean,mwp__std,mwp__min,mwp__max,mwp__median,mwp__q05,mwp__q95,mwp__count,mwp__missing_frac,mwp__annmax_mean,mwp__annmax_std,mwp__annmax_min,mwp__annmax_max,mwp__annmean_mean,mwp__annmean_std,mwp__annmean_min,mwp__annmean_max,swh__mean,swh__std,swh__min,swh__max,swh__median,swh__q05,swh__q95,swh__count,swh__missing_frac,swh__annmax_mean,swh__annmax_std,swh__annmax_min,swh__annmax_max,swh__annmean_mean,swh__annmean_std,swh__annmean_min,swh__annmean_max,sea_level__mean,sea_level__std,sea_level__min,sea_level__max,sea_level__median,sea_level__q05,sea_level__q95,sea_level__count,sea_level__missing_frac,sea_level__annmax_mean,sea_level__annmax_std,sea_level__annmax_min,sea_level__annmax_max,sea_level__annmean_mean,sea_level__annmean_std,sea_level__annmean_min,sea_level__annmean_max,tide__mean,tide__std,tide__min,tide__max,tide__median,tide__q05,tide__q95,tide__count,tide__missing_frac,tide__annmax_mean,tide__annmax_std,tide__annmax_min,tide__annmax_max,tide__annmean_mean,tide__annmean_std,tide__annmean_min,tide__annmean_max,residual__mean,residual__std,residual__min,residual__max,residual__median,residual__q05,residual__q95,residual__count,residual__missing_frac,residual__annmax_mean,residual__annmax_std,residual__annmax_min,residual__annmax_max,residual__annmean_mean,residual__annmean_std,residual__annmean_min,residual__annmean_max,residual_is_deviant__mean,residual_is_deviant__std,residual_is_deviant__min,residual_is_deviant__max,residual_is_deviant__median,residual_is_deviant__q05,residual_is_deviant__q95,residual_is_deviant__count,residual_is_deviant__missing_frac,residual_is_deviant__annmax_mean,residual_is_deviant__annmax_std,residual_is_deviant__annmax_min,residual_is_deviant__annmax_max,residual_is_deviant__annmean_mean,residual_is_deviant__annmean_std,residual_is_deviant__annmean_min,residual_is_deviant__annmean_max
1,1.435309,5.204763,-16.211533,26.093597,1.5004578,-6.847013854980469,10.088025665283194,750192,0.0,18.49585,1.8750199,14.633667,26.093597,1.4279836,0.67311877,-0.28488353,2.7142663,0.02476397,5.0576916,-21.138504,22.478455,-0.3976593,-7.518460083007812,8.77201690673828,750192,0.0,17.351213,1.4954196,13.812729,22.478455,0.02455328,0.43087268,-1.0866622,0.93566895,282.15125,4.30005,262.2034,292.80914,282.57556,274.4693939208984,288.2447509765625,750192,0.0,290.25473,0.74602973,288.60907,292.80914,282.1534,0.48663494,281.15393,283.37158,285.25388,3.4067388,268.88684,302.05457,285.27795,279.50142059326174,290.1333755493164,750192,0.0,295.0193,2.0904963,291.41077,302.05457,285.2552,0.45975253,284.0522,286.26074,101649.195,1008.56805,95393.125,104816.375,101763.875,99804.1875,103127.4375,750192,0.0,104066.125,269.75537,103484.5,104816.375,101649.45,134.31726,101262.07,101940.625,285.8856,2.222255,281.2671,291.22412,285.9099,282.75537109375,289.106201171875,750192,0.0,289.46198,0.68254447,287.8286,291.22412,285.8849,0.34119606,284.97977,286.5349,101411.51,1006.2591,95172.8,104567.3,101526.63,99569.387109375,102884.261328125,750192,0.0,103819.1,268.6959,103241.586,104567.3,101411.766,134.08437,101025.3,101702.76,0.00011351637,0.00033400676,0.0,0.0113554,4.7683716e-06,0.0,0.0006418228149414062,750168,3.1991810096609896e-05,0.0058935047,0.0017133993,0.0035586357,0.0113554,0.00011345103,1.6078984e-05,7.465547e-05,0.00014427441,,,,,,,,0,1.0,,,,,,,,,,,,,,,,0,1.0,,,,,,,,,,,,,,,,0,1.0,,,,,,,,,-1.4913175e-07,1.5965309,-3.970951,3.969049,0.017048836,-2.5309510231018066,2.5040488243103027,577480,0.23022372939194236,3.7001235,0.14655428,3.3690486,3.969049,5.615469e-05,0.046340466,-0.10147201,0.117585234,-0.006288832564025159,1.5868216873384666,-3.857059818748349,3.779969371888626,0.01033817941619965,-2.5210580278856614,2.483537556938118,750192,0.0,3.57182828851125,0.12376830810883292,3.2875793595613083,3.779969371888626,-0.005990659086973275,0.0474268813014981,-0.08778943690442582,0.07380852690068589,1.105663e-06,0.14713746,-1.4681706,1.4587858,-0.01144016,-0.21821881234645843,0.2600578308105466,577480,0.23022372939194236,0.7686597,0.17721045,0.48193184,1.4587858,0.000109103436,0.028623013,-0.0601829,0.08197982,0.0,0.0,0,0,0.0,0.0,0.0,750192,0.0,0.0,0.0,0,0,0.0,0.0,0.0,0.0
10,1.0332261,4.597254,-15.020645,23.730011,0.9199753,-6.038169097900391,8.888404083251952,750192,0.0,17.695318,1.8329372,14.150085,23.730011,1.0269675,0.56728345,-0.3614349,2.150139,0.08506171,4.6769853,-18.914139,23.10289,-0.5806656,-6.722510528564453,8.094175720214842,750192,0.0,15.327111,1.6884001,11.722275,23.10289,0.08329221,0.4194688,-1.1445751,0.890798,281.7003,4.844345,259.4296,294.14856,281.91772,273.13165893554685,288.8838165283203,750192,0.0,291.71588,0.8779604,290.03452,294.14856,281.70212,0.58065534,280.39294,283.2018,284.9958,4.5213914,266.29077,303.95996,284.94934,277.466650390625,291.76441802978513,750192,0.0,297.4667,2.0169768,293.63196,303.95996,284.9973,0.57614565,283.50958,286.5127,101649.54,978.7478,95451.31,104816.375,101742.69,99879.221875,103114.9375,750192,0.0,104070.26,260.47693,103559.125,104816.375,101649.875,128.89194,101292.29,101932.15,286.0044,3.799328,278.6775,294.18262,285.66553,280.784912109375,291.62890625,750192,0.0,291.93045,0.74717706,290.74072,294.18262,286.0032,0.4359435,285.10413,287.2526,101420.85,976.4266,95232.39,104575.06,101515.06,99653.078125,102880.144140625,750192,0.0,103831.55,259.4455,103325.664,104575.06,101421.24,128.69534,101064.43,101703.234,0.00012844574,0.00035494356,0.0,0.013268471,3.33786e-06,0.0,0.0007448196411132812,750168,3.1991810096609896e-05,0.0057744067,0.0015485011,0.003818512,0.013268471,0.00012835507,2.0539403e-05,8.7500106e-05,0.0001802285,224.71579,95.473785,0.0009625582,360.00043,264.31268,30.122328,328.90186,750192,0.0,359.9016,0.11704597,359.16153,360.00043,224.6515,9.194406,201.44576,247.77014,4.591778,1.4878529,1.883174,14.735894,4.178319,2.9674497,7.665413,750192,0.0,12.051696,0.94177425,9.752068,14.735894,4.5922413,0.17432332,4.2408404,4.968542,0.61040556,0.37338102,0.045530524,2.758045,0.51080406,0.19679491,1.360147,750192,0.0,2.3489962,0.1268349,2.0227745,2.758045,0.60989624,0.042014334,0.5071869,0.71578294,5.5239025e-07,1.1728197,-2.9578803,3.3091197,0.04211974,-1.8628802299499512,1.7751197814941406,315236,0.5797929063493079,2.6653192,0.2841515,1.1521196,3.3091197,-0.007818308,0.074805595,-0.2263908,0.14843805,-0.03285112590240026,1.1628812789221632,-2.795475987528866,2.660207876657348,0.01633825651627386,-1.868822699521715,1.728056986663177,750192,0.0,2.471039037439299,0.09912995551243817,2.2586906652662444,2.660207876657348,-0.03249822554306624,0.05386565826132137,-0.12543757176530287,0.05822486846992901,-4.007879e-08,0.18716525,-1.6114614,1.5878131,-0.011735632,-0.24490519985556602,0.29982586205005646,315236,0.5797929063493079,0.8347598,0.28155994,0.02137127,1.5878131,0.001111115,0.055865373,-0.17380379,0.15776384,0.0,0.0,0,0,0.0,0.0,0.0,750192,0.0,0.0,0.0,0,0,0.0,0.0,0.0,0.0
102,1.8074678,5.5151997,-17.559769,22.360794,2.133461,-7.619793701171875,10.497694396972655,750192,0.0,18.720236,1.5119659,15.587433,22.360794,1.7998275,0.72113276,-0.0192574,3.1125786,0.41782445,4.8856144,-18.809769,21.479187,0.18992615,-7.192976379394532,8.844081115722652,750192,0.0,17.228758,1.4299184,13.851761,21.479187,0.4186752,0.4078863,-0.4873073,1.2424651,281.66995,4.33161,263.034,292.27942,282.00635,274.06536865234375,288.10760498046875,750192,0.0,290.33603,0.75042623,288.6812,292.27942,281.67218,0.5105425,280.513,282.95093,284.87305,3.6016998,268.94016,297.18994,284.7426,278.96533203125,290.28717041015625,750192,0.0,293.1618,1.3759192,290.07843,297.18994,284.8755,0.51205343,283.51416,286.0342,101573.51,1084.34,95164.25,104964.375,101699.19,99593.625,103157.965625,750192,0.0,104124.07,275.5009,103517.875,104964.375,101573.99,140.18782,101194.664,101872.766,285.69092,2.6304162,280.46436,292.89795,285.3872,282.193359375,289.94189453125,750192,0.0,290.37354,1.0316293,288.0298,292.89795,285.69183,0.45441547,284.50012,286.66248,101393.0,1082.4497,94992.92,104775.06,101518.99,99415.8140625,102973.484375,750192,0.0,103936.266,274.55142,103334.5,104775.06,101393.49,140.00226,101014.805,101691.5,0.00010516562,0.0003128622,0.0,0.014325142,6.67572e-06,0.0,0.0005822181701660156,750168,3.1991810096609896e-05,0.005324275,0.0016149606,0.0032510757,0.014325142,0.00010510718,1.3987895e-05,8.1967e-05,0.00013278649,244.91486,61.093346,0.0027689433,360.00107,259.21948,95.13261,315.3486,750192,0.0,359.6442,0.45174858,357.17227,360.00107,244.88203,5.756702,230.26755,255.24554,7.55374,1.6460685,3.1723948,16.124146,7.36962,5.1953616,10.518654,750192,0.0,13.253144,0.7603619,11.855673,16.124146,7.553955,0.21376786,7.081661,8.103983,1.7164685,0.9694583,0.2188109,9.500863,1.4697838,0.6216022,3.6552145,750192,0.0,6.847236,0.953146,5.156321,9.500863,1.7158203,0.12498489,1.418579,1.9705049,8.497992e-08,1.3180244,-3.2274902,3.2205098,0.021509886,-2.059490203857422,2.020509958267212,541411,0.278303420990893,2.9427593,0.108944535,2.7285097,3.2205098,0.002488039,0.044645373,-0.10263229,0.12215053,0.0019795129473135233,1.3123585782803528,-3.063539859550681,2.9811247330162742,0.02239501980540246,-2.0463259358065824,2.016258059726236,750192,0.0,2.808964484984254,0.09602411316063034,2.5955362464939795,2.9811247330162742,0.0022096892097027334,0.0436816215408473,-0.07304330954831913,0.07617061985240522,4.2979648e-10,0.14219749,-0.88546586,0.99543256,-0.011621634,-0.21203719079494476,0.2503467798233032,541411,0.278303420990893,0.6571321,0.12928587,0.41802204,0.99543256,0.000521131,0.026176926,-0.05754271,0.06205257,0.0,0.0,0,0,0.0,0.0,0.0,750192,0.0,0.0,0.0,0,0,0.0,0.0,0.0,0.0
103,1.8074678,5.5151997,-17.559769,22.360794,2.133461,-7.619793701171875,10.497694396972655,750192,0.0,18.720236,1.5119659,15.587433,22.360794,1.7998275,0.72113276,-0.0192574,3.1125786,0.41782445,4.8856144,-18.809769,21.479187,0.18992615,-7.192976379394532,8.844081115722652,750192,0.0,17.228758,1.4299184,13.851761,21.479187,0.4186752,0.4078863,-0.4873073,1.2424651,281.66995,4.33161,263.034,292.27942,282.00635,274.06536865234375,288.10760498046875,750192,0.0,290.33603,0.75042623,288.6812,292.27942,281.67218,0.5105425,280.513,282.95093,284.87305,3.6016998,268.94016,297.18994,284.7426,278.96533203125,290.28717041015625,750192,0.0,293.1618,1.3759192,290.07843,297.18994,284.8755,0.51205343,283.51416,286.0342,101573.51,1084.34,95164.25,104964.375,101699.19,99593.625,103157.965625,750192,0.0,104124.07,275.5009,103517.875,104964.375,101573.99,140.18782,101194.664,101872.766,285.69092,2.6304162,280.46436,292.89795,285.3872,282.193359375,289.94189453125,750192,0.0,290.37354,1.0316293,288.0298,292.89795,285.69183,0.45441547,284.50012,286.66248,101393.0,1082.4497,94992.92,104775.06,101518.99,99415.8140625,102973.484375,750192,0.0,103936.266,274.55142,103334.5,104775.06,101393.49,140.00226,101014.805,101691.5,0.00010516562,0.0003128622,0.0,0.014325142,6.67572e-06,0.0,0.0005822181701660156,750168,3.1991810096609896e-05,0.005324275,0.0016149606,0.0032510757,0.014325142,0.00010510718,1.3987895e-05,8.1967e-05,0.00013278649,244.91486,61.093346,0.0027689433,360.00107,259.21948,95.13261,315.3486,750192,0.0,359.6442,0.45174858,357.17227,360.00107,244.88203,5.756702,230.26755,255.24554,7.55374,1.6460685,3.1723948,16.124146,7.36962,5.1953616,10.518654,750192,0.0,13.253144,0.7603619,11.855673,16.124146,7.553955,0.21376786,7.081661,8.103983,1.7164685,0.9694583,0.2188109,9.500863,1.4697838,0.6216022,3.6552145,750192,0.0,6.847236,0.953146,5.156321,9.500863,1.7158203,0.12498489,1.418579,1.9705049,8.5543776e-05,1.3806103,-4.9919834,8.854016,0.03401637,-2.096083641052246,2.065016269683838,646653,0.13801666773306032,3.2793148,1.1969528,2.752016,8.854016,0.000595966,0.16630183,-0.9416111,0.20893444,0.0005019339105016087,1.2996178490146588,-2.9972417901344435,2.897095964418514,0.021548996817075814,-2.0278310795947996,1.9942256496831385,750192,0.0,2.7684953959651373,0.07831957562555746,2.5927225929608744,2.897095964418514,0.000412294248944295,0.0037700766764463397,-0.01774214649339467,0.006334771545911752,0.037613347,0.16571327,-1.9994162,1.9853077,0.026511248,-0.19678707644343377,0.315599513053894,639894,0.14702636125151958,0.8048678,0.3022347,0.43429464,1.9853077,0.038626984,0.062232066,-0.090437636,0.21694084,0.009009693518459275,0.09449084051463776,0,1,0.0,0.0,0.0,750192,0.0,0.12790697674418605,0.33398620038011795,0,1,0.008963932656380654,0.03993475554705602,0.0,0.24166666666666667
104,1.8074678,5.5151997,-17.559769,22.360794,2.133461,-7.619793701171875,10.497694396972655,750192,0.0,18.720236,1.5119659,15.587433,22.360794,1.7998275,0.72113276,-0.0192574,3.1125786,0.41782445,4.8856144,-18.809769,21.479187,0.18992615,-7.192976379394532,8.844081115722652,750192,0.0,17.228758,1.4299184,13.851761,21.479187,0.4186752,0.4078863,-0.4873073,1.2424651,281.66995,4.33161,263.034,292.27942,282.00635,274.06536865234375,288.10760498046875,750192,0.0,290.33603,0.75042623,288.6812,292.27942,281.67218,0.5105425,280.513,282.95093,284.87305,3.6016998,268.94016,297.18994,284.7426,278.96533203125,290.28717041015625,750192,0.0,293.1618,1.3759192,290.07843,297.18994,284.8755,0.51205343,283.51416,286.0342,101573.51,1084.34,95164.25,104964.375,101699.19,99593.625,103157.965625,750192,0.0,104124.07,275.5009,103517.875,104964.375,101573.99,140.18782,101194.664,101872.766,285.69092,2.6304162,280.46436,292.89795,285.3872,282.193359375,289.94189453125,750192,0.0,290.37354,1.0316293,288.0298,292.89795,285.69183,0.45441547,284.50012,286.66248,101393.0,1082.4497,94992.92,104775.06,101518.99,99415.8140625,102973.484375,750192,0.0,103936.266,274.55142,103334.5,104775.06,101393.49,140.00226,101014.805,101691.5,0.00010516562,0.0003128622,0.0,0.014325142,6.67572e-06,0.0,0.0005822181701660156,750168,3.1991810096609896e-05,0.005324275,0.0016149606,0.0032510757,0.014325142,0.00010510718,1.3987895e-05,8.1967e-05,0.00013278649,244.91486,61.093346,0.0027689433,360.00107,259.21948,95.13261,315.3486,750192,0.0,359.6442,0.45174858,357.17227,360.00107,244.88203,5.756702,230.26755,255.24554,7.55374,1.6460685,3.1723948,16.124146,7.36962,5.1953616,10.518654,750192,0.0,13.253144,0.7603619,11.855673,16.124146,7.553955,0.21376786,7.081661,8.103983,1.7164685,0.9694583,0.2188109,9.500863,1.4697838,0.6216022,3.6552145,750192,0.0,6.847236,0.953146,5.156321,9.500863,1.7158203,0.12498489,1.418579,1.9705049,1.2991723e-07,1.3550212,-4.1872864,4.132714,0.03271365,-2.0772862434387207,2.0487136840820312,289397,0.6142360888945764,3.0208855,0.2609054,2.7067137,4.132714,-0.0006746718,0.110750005,-0.46104443,0.14896843,-0.034522225684987425,1.3037899998294404,-3.0556344538296427,2.9422565699908607,-0.01445153340728423,-2.067671746209414,1.9670825765268023,750192,0.0,2.7856783775109344,0.09589943218308658,2.5579044889590015,2.9422565699908607,-0.03436945384134823,0.0341519738962775,-0.09351993390981256,0.0235598394780788,0.023392962,0.14682917,-1.9875602,1.9156845,0.0068887332,-0.17985468059778215,0.2858161747455596,287720,0.6164715166250774,0.78200024,0.35682666,0.46901637,1.9156845,0.024266403,0.041239176,-0.055140745,0.12515005,0.0022354277305009916,0.047227434753146384,0,1,0.0,0.0,0.0,750192,0.0,0.06976744186046512,0.25475467790937956,0,1,0.0022226871702205812,0.014116203922973228,0.0,0.10473588342440801
108,1.6986935,5.2968636,-17.133621,22.42862,2.2397385,-7.3650466918945305,9.714080810546875,750192,0.0,16.818186,1.501871,14.242981,22.42862,1.6912762,0.6699286,0.188551,2.8976786,0.54762137,4.386064,-16.47116,20.03183,0.47327423,-6.3483329772949215,8.099790954589842,750192,0.0,16.901958,1.4773259,13.1241455,20.03183,0.54811424,0.39238346,-0.3268667,1.3987463,281.21457,4.591604,263.31207,293.08325,281.46136,273.1715423583984,288.0325592041016,750192,0.0,290.23096,0.8124694,288.6317,293.08325,281.21555,0.5971147,279.84583,282.55933,284.24893,4.1767564,267.97174,299.48517,284.242,277.14595184326174,290.3458999633789,750192,0.0,293.88855,1.570792,291.01868,299.48517,284.2502,0.62889224,282.65274,285.64777,101564.664,1066.213,95009.06,104946.56,101673.25,99629.8125,103150.715625,750192,0.0,104141.93,276.34653,103486.06,104946.56,101565.375,135.74092,101220.305,101854.27,285.30673,3.2547226,277.83838,292.14648,285.1001,280.68017578125,290.15673828125,750192,0.0,290.2393,0.82988,288.21338,292.14648,285.30472,0.591525,283.9154,286.62714,101179.3,1062.2931,94640.8,104541.734,101288.68,99249.801171875,102755.479296875,750192,0.0,103739.31,273.66873,103094.7,104541.734,101180.01,135.36621,100836.02,101468.81,0.00010295159,0.00033061704,0.0,0.010260105,1.4305115e-06,0.0,0.0006055831909179688,750168,3.1991810096609896e-05,0.0055622887,0.0013704388,0.0037136078,0.010260105,0.00010288536,1.7868384e-05,6.455855e-05,0.00014612579,203.33368,77.399445,0.002602163,359.99722,232.43796,53.471603,302.10367,750192,0.0,359.8075,0.19611901,359.0698,359.99722,203.26836,8.289852,182.94691,224.62468,5.4336925,1.3578602,2.3732615,14.662407,5.2149024,3.5977695,7.9719563,750192,0.0,11.384559,1.0115517,9.340024,14.662407,5.4339247,0.16268368,5.0403876,5.828913,1.1498288,0.77658737,0.0622749,8.906186,0.94451964,0.30197582,2.7036457,750192,0.0,5.6331654,0.8500645,4.2187295,8.906186,1.1490983,0.084096074,0.95011246,1.3187765,-0.17530099,0.755282,-4.734333,9.991667,-0.26033306,-1.0153330564498901,0.8036669492721558,292166,0.6105450338046794,4.4114313,3.795179,1.269667,9.991667,-0.17428578,0.11293177,-0.33130762,0.2274908,-0.2460178203960063,0.5291763621723627,-1.6963167877758352,1.4157010874036908,-0.3185686033173112,-0.9999671005589423,0.7074779351220121,750192,0.0,1.2301864158252245,0.08417418106220528,1.0345911915021402,1.4157010874036908,-0.24555428157028264,0.06903096546554298,-0.3639750779691659,-0.12906143197823877,-0.018052606,0.17126906,-1.988887,1.9969709,-0.027535707,-0.2603164613246918,0.24560378193855278,289549,0.6140334740972977,1.189398,0.6064671,0.45845917,1.9969709,-0.017409526,0.039845556,-0.10015656,0.10266478,0.003488440292618423,0.05895991076098452,0,1,0.0,0.0,0.0,750192,0.0,0.23255813953488372,0.42246284010662666,0,1,0.0034708223007919054,0.010782850944774106,0.0,0.05776255707762557
109,1.8859067,5.807487,-18.118866,23.023346,2.486061,-7.9794158935546875,10.683501434326164,750192,0.0,17.904716,1.5332676,15.208878,23.023346,1.8780277,0.7246206,0.2630198,3.1825233,0.59857684,4.8953857,-19.270493,26.544174,0.5939102,-7.291526031494141,8.924620056152342,750192,0.0,18.163906,1.7980751,14.256668,26.544174,0.5990744,0.44579396,-0.41860723,1.5713947,281.36163,4.594962,263.93405,292.32965,281.52948,273.30133056640625,288.22721710205076,750192,0.0,290.36783,0.8012595,288.7229,292.32965,281.36267,0.59560615,280.06747,282.7093,284.51132,4.086886,268.76337,297.07315,284.4319,277.6411468505859,290.46893310546875,750192,0.0,293.2312,1.328551,290.57825,297.07315,284.5116,0.6215317,283.03766,285.97476,101566.836,1055.8575,95013.31,104944.06,101670.81,99654.159375,103141.25,750192,0.0,104133.555,272.81192,103542.625,104944.06,101567.57,134.33289,101228.9,101854.71,285.4162,3.4534943,277.81104,292.8213,285.1599,280.575927734375,290.593505859375,750192,0.0,290.6985,0.8187005,288.81982,292.8213,285.41376,0.5640332,284.15414,286.8247,101516.21,1055.3348,94964.8,104890.734,101620.41,99604.22734375,103089.375,750192,0.0,104080.64,272.5609,103490.06,104890.734,101516.945,134.28288,101178.42,101804.07,9.940379e-05,0.00031652383,0.0,0.010653973,1.4305115e-06,0.0,0.0005822181701660156,750168,3.1991810096609896e-05,0.005301362,0.0013334958,0.0034475327,0.010653973,9.9296594e-05,1.7393373e-05,6.4011874e-05,0.00013902133,202.91945,80.935135,0.00022908006,360.00003,234.59126,45.774956,304.9999,750192,0.0,359.8281,0.4084281,356.2924,360.00003,202.84276,8.455525,184.5492,224.08456,4.9593782,1.1911825,2.2306833,13.930543,4.7685604,3.3536272,7.172502,750192,0.0,10.573147,1.0919392,8.613471,13.930543,4.9595394,0.13697115,4.6303287,5.2598205,1.0016984,0.66646135,0.053850602,7.52885,0.82782614,0.27147317,2.333069,750192,0.0,4.7880373,0.7068429,3.5434945,7.52885,1.00095,0.07047496,0.8387052,1.1468194,0.004932395,1.086335,-3.4008965,9.941103,0.26010346,-1.3928965330123901,0.8951035737991333,248303,0.6690140657325059,1.9667244,2.3294861,-1.2758965,9.941103,0.007953935,0.6081696,-1.3926076,0.8898571,1.341634486633447,1.2266116870509771,-1.9846711086929294,4.2558601382386865,1.339608904717648,-0.5621649455856725,3.268711635255783,750192,0.0,2.1784505948734787,1.1873723055736507,0.13922372839920227,4.2558601382386865,1.3317204767220954,1.1870071036620164,-0.6771443635645512,3.3648486722220854,-0.045163117,0.6090443,-1.9999734,1.9988728,0.028921498,-1.258418083190918,0.7844382047653198,239765,0.6803951521743767,0.9114244,0.4494851,0.17838886,1.9988728,-0.070016,0.4599954,-1.1606258,0.60931253,0.01138108644187088,0.1060733581691159,0,1,0.0,0.0,0.0,750192,0.0,0.11627906976744186,0.32055927330442374,0,1,0.01133220440187523,0.04958134705612102,0.0,0.3512557077625571
11,1.0332261,4.597254,-15.020645,23.730011,0.9199753,-6.038169097900391,8.888404083251952,750192,0.0,17.695318,1.8329372,14.150085,23.730011,1.0269675,0.56728345,-0.3614349,2.150139,0.08506171,4.6769853,-18.914139,23.10289,-0.5806656,-6.722510528564453,8.094175720214842,750192,0.0,15.327111,1.6884001,11.722275,23.10289,0.08329221,0.4194688,-1.1445751,0.890798,281.7003,4.844345,259.4296,294.14856,281.91772,273.13165893554685,288.8838165283203,750192,0.0,291.71588,0.8779604,290.03452,294.14856,281.70212,0.58065534,280.39294,283.2018,284.9958,4.5213914,266.29077,303.95996,284.94934,277.466650390625,291.76441802978513,750192,0.0,297.4667,2.0169768,293.63196,303.95996,284.9973,0.57614565,283.50958,286.5127,101649.54,978.7478,95451.31,104816.375,101742.69,99879.221875,103114.9375,750192,0.0,104070.26,260.47693,103559.125,104816.375,101649.875,128.89194,101292.29,101932.15,286.0044,3.799328,278.6775,294.18262,285.66553,280.784912109375,291.62890625,750192,0.0,291.93045,0.74717706,290.74072,294.18262,286.0032,0.4359435,285.10413,287.2526,101420.85,976.4266,95232.39,104575.06,101515.06,99653.078125,102880.144140625,750192,0.0,103831.55,259.4455,103325.664,104575.06,101421.24,128.69534,101064.43,101703.234,0.00012844574,0.00035494356,0.0,0.013268471,3.33786e-06,0.0,0.0007448196411132812,750168,3.1991810096609896e-05,0.0057744067,0.0015485011,0.003818512,0.013268471,0.00012835507,2.0539403e-05,8.7500106e-05,0.0001802285,224.71579,95.473785,0.0009625582,360.00043,264.31268,30.122328,328.90186,750192,0.0,359.9016,0.11704597,359.16153,360.00043,224.6515,9.194406,201.44576,247.77014,4.591778,1.4878529,1.883174,14.735894,4.178319,2.9674497,7.665413,750192,0.0,12.051696,0.94177425,9.752068,14.735894,4.5922413,0.17432332,4.2408404,4.968542,0.61040556,0.37338102,0.045530524,2.758045,0.51080406,0.19679491,1.360147,750192,0.0,2.3489962,0.1268349,2.0227745,2.758045,0.60989624,0.042014334,0.5071869,0.71578294,3.0666362e-07,1.2216092,-3.3172119,3.051788,0.14778805,-2.0432119369506836,1.781438136100734,301928,0.5975323650478811,2.6709197,0.1519164,2.302788,3.051788,-0.0037722976,0.052103005,-0.09456991,0.13034888,-0.0859975182055811,1.215411667369547,-3.3860852282486187,2.6712233794314812,0.05030570265504737,-2.121664793825484,1.6858003123879326,750192,0.0,2.427620260793831,0.12317287975442369,2.165427127484534,2.6712233794314812,-0.08538520179369394,0.08760411217449497,-0.2364497177993553,0.06204672243136629,-6.064541e-09,0.14488627,-0.5923706,1.2330122,-0.010737332,-0.21629001349210739,0.25673063397407475,301928,0.5975323650478811,0.7743229,0.16501142,0.50255847,1.2330122,0.0036494865,0.037177138,-0.056072343,0.10969941,0.0,0.0,0,0,0.0,0.0,0.0,750192,0.0,0.0,0.0,0,0,0.0,0.0,0.0,0.0
110,1.4986377,4.6258206,-15.438065,22.085876,1.9022293,-6.276084136962891,8.632337951660155,750192,0.0,15.1078005,1.4537872,11.980743,22.085876,1.4925907,0.55605423,0.21964748,2.5329566,0.5088159,4.0513415,-16.947495,25.160095,0.49706268,-5.963797760009766,7.360907745361327,750192,0.0,15.664033,1.8237989,12.184814,25.160095,0.50894964,0.3820606,-0.32994747,1.3742274,280.90356,4.7916417,261.68103,292.96304,281.15588,272.5184326171875,288.09708709716796,750192,0.0,290.91464,0.8627091,289.3006,292.96304,280.90442,0.6350749,279.354,282.3237,284.22302,4.819741,266.30304,301.10428,284.18878,276.1303436279297,291.56585693359375,750192,0.0,296.29068,1.6951107,293.12805,301.10428,284.22534,0.65859383,282.5519,285.7587,101556.49,1053.9655,95063.19,104941.31,101655.44,99653.75,103135.875,750192,0.0,104139.766,269.5306,103572.375,104941.31,101557.28,133.43277,101228.914,101840.74,285.2874,3.6962128,277.37646,294.00488,285.04932,280.096435546875,290.85107421875,750192,0.0,290.89832,0.995244,289.2173,294.00488,285.28638,0.54813194,283.9492,286.75827,101300.26,1051.33,94817.86,104671.734,101399.92,99400.637109375,102873.002734375,750192,0.0,103871.59,267.80316,103306.06,104671.734,101301.055,133.19019,100973.375,101584.45,9.212456e-05,0.00029964675,0.0,0.01128006,9.536743e-07,0.0,0.0005311965942382812,750168,3.1991810096609896e-05,0.005361704,0.0016535325,0.0033388138,0.01128006,9.202797e-05,1.5903843e-05,5.8346497e-05,0.00012781081,,,,,,,,0,1.0,,,,,,,,,,,,,,,,0,1.0,,,,,,,,,,,,,,,,0,1.0,,,,,,,,,7.4968996,2.8705032,1.3963118,9.671311,8.762312,1.3963117599487305,9.533711433410645,17,0.9999773391345149,6.7896447,3.8166525,1.3963118,9.671311,6.48785,3.60689,1.3963118,9.3013115,,,,,,,,0,1.0,,,,,,,,,,,,,,,,0,1.0,,,,,,,,,0.0,0.0,0,0,0.0,0.0,0.0,750192,0.0,0.0,0.0,0,0,0.0,0.0,0.0,0.0
111,1.4233983,4.2561407,-14.019119,21.15326,1.8207169,-5.746543121337891,7.9874420166015625,750192,0.0,14.233997,1.4372075,11.59462,21.15326,1.4179351,0.5153415,0.2459924,2.3776715,0.47780293,3.8850658,-15.255661,21.919174,0.40057373,-5.610655212402344,7.089337921142569,750192,0.0,15.18941,1.6359068,12.017654,21.919174,0.4780525,0.35935482,-0.3151833,1.2538958,280.9057,4.7627525,261.36374,293.09058,281.15952,272.6033630371094,288.0755279541016,750192,0.0,291.05603,0.91254264,289.27325,293.09058,280.90643,0.6235161,279.3664,282.3145,284.25192,4.9055977,265.90204,303.62592,284.20776,276.03331146240237,291.79337921142576,750192,0.0,297.74905,2.0846505,294.07336,303.62592,284.25467,0.66045403,282.59738,285.76913,101555.805,1061.1726,95043.44,104951.81,101657.69,99638.9375,103143.965625,750192,0.0,104148.02,272.31827,103543.625,104951.81,101556.58,134.33754,101224.27,101840.734,285.31076,3.7337792,277.40186,293.93262,285.01294,280.10986328125,290.94384765625,750192,0.0,291.07254,0.981385,289.1704,293.93262,285.31024,0.5562417,284.08426,286.80685,101326.72,1058.8087,94823.86,104710.734,101429.234,99412.4234375,102908.823828125,750192,0.0,103908.17,270.9033,103305.06,104710.734,101327.5,134.11897,100995.805,101611.61,9.650586e-05,0.00030974587,0.0,0.011207104,9.536743e-07,0.0,0.000560760498046875,750168,3.1991810096609896e-05,0.005321805,0.0014478359,0.0032444,0.011207104,9.640934e-05,1.6809001e-05,5.9071714e-05,0.00013429258,,,,,,,,0,1.0,,,,,,,,,,,,,,,,0,1.0,,,,,,,,,,,,,,,,0,1.0,,,,,,,,,0.0001929984,0.94246244,-2.420554,9.079447,-0.027553797,-1.2705538272857666,0.9294459819793701,145787,0.8056670825601979,2.9023354,2.5859199,1.349446,9.079447,-0.002721846,0.18464598,-0.101826414,0.73889226,-0.08870473567159547,0.6499380498141616,-2.200647278836127,1.281115458165477,-0.07196387682403858,-1.2229873415508306,0.8232615559798014,750192,0.0,1.1364435992408497,0.07144470659122454,1.0006308195716347,1.281115458165477,-0.08840131839940334,0.06437329701484708,-0.19925505825347126,0.021521944564215103,-0.04872627,0.19154976,-1.9963001,1.9964108,-0.054445222,-0.30215617418289187,0.23496721088886263,143809,0.8083037409089939,1.2350409,0.5854974,0.54240257,1.9964108,-0.05204714,0.034808513,-0.13714008,0.015226923,0.0026366583487960416,0.051280662842320655,0,1,0.0,0.0,0.0,750192,0.0,0.12790697674418605,0.33398620038011784,0,1,0.002625041272295018,0.015168120102272498,0.0,0.13105022831050228
112,1.7993627,5.5408783,-17.105377,22.521393,2.372528,-7.643744659423828,10.19475708007812,750192,0.0,17.267677,1.4974604,14.625793,22.521393,1.7917823,0.6957394,0.25555116,3.030949,0.5668468,4.651237,-17.755844,24.565659,0.5320282,-6.842353057861328,8.514007568359375,750192,0.0,17.626154,1.6984853,14.382629,24.565659,0.5672978,0.42050856,-0.37646118,1.4856211,281.3608,4.592262,263.96027,292.74744,281.54968,273.2984344482422,288.2097915649414,750192,0.0,290.34604,0.8341658,288.66425,292.74744,281.36182,0.5960107,280.07037,282.70428,284.5085,4.095322,268.79333,297.68243,284.44913,277.58787689208987,290.471435546875,750192,0.0,293.36414,1.4160433,290.59387,297.68243,284.509,0.6255035,283.0129,285.95206,101565.74,1059.5293,95011.56,104947.56,101671.125,99645.25,103144.5,750192,0.0,104136.86,273.76645,103524.125,104947.56,101566.43,134.8082,101225.9,101854.1,285.41818,3.3947403,277.8286,292.68555,285.17505,280.631591796875,290.509033203125,750192,0.0,290.59235,0.83916104,288.63428,292.68555,285.41608,0.5859115,284.081,286.8024,101532.87,1059.1908,94979.8,104912.734,101638.36,99612.591796875,103110.7890625,750192,0.0,104102.55,273.54156,103490.06,104912.734,101533.62,134.77562,101193.15,101821.26,9.711355e-05,0.0003189221,0.0,0.009608269,9.536743e-07,0.0,0.0005679130554199219,750168,3.1991810096609896e-05,0.005456029,0.0013250948,0.0031409264,0.009608269,9.700687e-05,1.7136226e-05,6.254463e-05,0.00013872556,203.01266,79.64292,0.0022937,360.00006,232.06702,46.147247,305.77408,750192,0.0,359.8177,0.21636976,358.92987,360.00006,202.93842,8.476155,183.49345,224.3169,4.96908,1.1780454,2.2228708,13.236769,4.784915,3.3680904,7.155823,750192,0.0,10.41395,1.0198216,8.465403,13.236769,4.9692197,0.13730915,4.6335173,5.282835,1.004305,0.67498714,0.05470654,7.713804,0.8270192,0.2666302,2.3552244,750192,0.0,4.8591213,0.7160215,3.5861769,7.713804,1.003588,0.07249237,0.83497304,1.1501077,,,,,,,,0,1.0,,,,,,,,,,,,,,,,0,1.0,,,,,,,,,,,,,,,,0,1.0,,,,,,,,,0.0,0.0,0,0,0.0,0.0,0.0,750192,0.0,0.0,0.0,0,0,0.0,0.0,0.0,0.0
113,1.7526739,5.3572493,-16.7341,22.785095,2.1967773,-7.238661193847657,10.000701904296875,750192,0.0,16.773407,1.4088889,13.899277,22.785095,1.745658,0.6494952,0.25854167,2.9543958,0.6104849,4.715387,-19.144287,26.401306,0.66709137,-7.0278678894042965,8.539154052734375,750192,0.0,17.21732,1.8030537,13.442841,26.401306,0.61063886,0.44914636,-0.3824328,1.6600695,281.1118,4.7566314,263.0276,293.02542,281.28342,272.7684387207031,288.244856262207,750192,0.0,290.5345,0.8945962,288.83582,293.02542,281.11288,0.6280856,279.7186,282.5203,284.27707,4.4079766,267.6588,297.90472,284.21158,276.8275451660156,290.7366775512695,750192,0.0,293.8016,1.329232,291.71603,297.90472,284.2782,0.65242326,282.6692,285.83905,101559.18,1046.462,95089.94,104942.25,101655.81,99671.3125,103129.590625,750192,0.0,104131.53,266.94766,103594.875,104942.25,101560.0,132.53134,101235.29,101843.04,285.33832,3.572157,277.37158,293.58398,285.11475,280.295654296875,290.68994140625,750192,0.0,290.71747,0.98750156,288.96045,293.58398,285.33676,0.56758994,283.915,286.7924,101470.85,1045.5592,95005.86,104849.73,101567.66,99584.207421875,103039.089453125,750192,0.0,104039.0,266.36227,103503.06,104849.73,101471.65,132.45062,101147.19,101754.69,9.4810246e-05,0.00030839714,0.0,0.010149956,9.536743e-07,0.0,0.000553131103515625,750168,3.1991810096609896e-05,0.00550129,0.0017345699,0.0032444,0.010149956,9.46859e-05,1.6805694e-05,6.123447e-05,0.00013665717,,,,,,,,0,1.0,,,,,,,,,,,,,,,,0,1.0,,,,,,,,,,,,,,,,0,1.0,,,,,,,,,,,,,,,,0,1.0,,,,,,,,,,,,,,,,0,1.0,,,,,,,,,,,,,,,,0,1.0,,,,,,,,,0.0,0.0,0,0,0.0,0.0,0.0,750192,0.0,0.0,0.0,0,0,0.0,0.0,0.0,0.0
114,1.6505601,5.3029666,-17.665848,22.267487,2.1964874,-7.494818878173828,9.651648712158202,750192,0.0,16.830135,1.4809346,13.933411,22.267487,1.6431255,0.6756552,0.13749282,2.858768,0.57843906,4.597385,-17.151382,20.077362,0.53398895,-6.692807006835937,8.424983215332027,750192,0.0,17.181976,1.3947991,13.257034,20.077362,0.5789499,0.4089772,-0.34246588,1.4429436,281.2646,4.574574,263.41785,292.71457,281.51886,273.2533020019531,288.06791534423826,750192,0.0,290.24374,0.786641,288.67426,292.71457,281.26566,0.59234756,279.89548,282.61606,284.41376,4.125122,268.09283,298.40848,284.39218,277.429931640625,290.44921875,750192,0.0,293.76947,1.4435608,290.8604,298.40848,284.41516,0.619106,282.8321,285.8017,101563.414,1069.538,95013.31,104948.31,101673.69,99621.875,103153.1875,750192,0.0,104144.76,277.50543,103485.81,104948.31,101564.09,136.18231,101216.95,101853.74,285.46356,3.1842718,278.1411,292.47974,285.29004,280.8798828125,290.186279296875,750192,0.0,290.31406,0.8211571,288.2505,292.47974,285.46185,0.5797934,284.09924,286.7811,101366.15,1067.5288,94823.8,104741.45,101476.86,99426.75859375,102951.15625,750192,0.0,103938.38,276.27133,103284.7,104741.45,101366.83,135.99205,101020.23,101656.45,9.7341435e-05,0.00031135112,0.0,0.011724949,1.9073486e-06,0.0,0.0005664825439453125,750168,3.1991810096609896e-05,0.005316712,0.0016763041,0.0031018257,0.011724949,9.7291144e-05,1.6478903e-05,6.19706e-05,0.0001360427,203.33368,77.399445,0.002602163,359.99722,232.43796,53.471603,302.10367,750192,0.0,359.8075,0.19611901,359.0698,359.99722,203.26836,8.289852,182.94691,224.62468,5.4336925,1.3578602,2.3732615,14.662407,5.2149024,3.5977695,7.9719563,750192,0.0,11.384559,1.0115517,9.340024,14.662407,5.4339247,0.16268368,5.0403876,5.828913,1.1498288,0.77658737,0.0622749,8.906186,0.94451964,0.30197582,2.7036457,750192,0.0,5.6331654,0.8500645,4.2187295,8.906186,1.1490983,0.084096074,0.95011246,1.3187765,-2.1560267e-07,1.9257762,-4.31141,6.7695904,-0.04840994,-2.9394099712371826,3.024590015411377,98091,0.8692454731588714,5.260174,0.96868354,4.08659,6.7695904,0.0015167784,0.03149834,-0.049152587,0.046123557,-0.26600904091772254,1.8952616515928578,-4.7809486204947795,4.391630786490563,-0.30910337601553817,-3.1785002272470733,2.7330256477401704,750192,0.0,3.921609711217707,0.2304528159164632,3.399115620141821,4.391630786490563,-0.2645656445739307,0.19020240678680553,-0.5910414355270508,0.054735959470983316,-0.0057111382,0.156167,-1.8975571,1.9067398,-0.013818076,-0.23840788677334784,0.24632006138563156,97882,0.8695240685051293,1.6252974,0.3819178,0.4864299,1.9067398,-0.0046474743,0.018334014,-0.030328153,0.04089009,0.0002785953462580246,0.016688850496396325,0,1,0.0,0.0,0.0,750192,0.0,0.12790697674418605,0.3339862003801179,0,1,0.0002771300421107972,0.0008567291042371274,0.0,0.0046803652968036525
115,1.4999924,4.5380516,-15.504578,20.807205,1.4627991,-5.832838439941407,9.02726593017578,750192,0.0,16.73777,1.4812192,13.261276,20.807205,1.494767,0.55690485,0.2177831,2.515838,0.57246864,4.269071,-16.224182,17.97644,0.48490906,-6.259825134277344,7.671727752685545,750192,0.0,14.7377205,1.2137579,12.233276,17.97644,0.5729448,0.36518285,-0.26668954,1.2912073,281.04333,4.576604,259.32245,293.3674,281.40253,273.001725769043,287.8399185180664,750192,0.0,290.84567,0.9382596,288.75677,293.3674,281.0447,0.57254004,279.5759,282.42654,284.0763,4.282685,266.08044,302.6878,284.07062,276.87603759765625,290.55474853515625,750192,0.0,296.67725,1.8433194,292.63403,302.6878,284.07953,0.57769156,282.37564,285.39926,101543.11,1105.0873,95017.125,104991.625,101666.66,99528.596875,103172.278125,750192,0.0,104159.15,283.95917,103501.0,104991.625,101543.74,140.82536,101177.836,101846.8,,,,,,,,0,1.0,,,,,,,,,100806.21,1097.7806,94316.5,104218.06,100931.445,98801.8609375,102417.44453125,750192,0.0,103388.93,280.48502,102728.11,104218.06,100806.836,140.07838,100443.37,101106.72,0.000123403,0.00032421615,0.0,0.010397911,8.583069e-06,0.0,0.0006742477416992188,750168,3.1991810096609896e-05,0.0050405012,0.0012740609,0.0032129288,0.010397911,0.00012331684,1.8446039e-05,8.4615625e-05,0.0001720661,247.33492,61.866325,0.00017592986,359.99512,260.7581,76.377815,318.14908,750192,0.0,359.68857,0.43245545,357.51736,359.99512,247.32803,5.6268554,231.3633,257.87164,7.179894,1.9101291,2.892394,17.097971,6.936385,4.5072923,10.680591,750192,0.0,14.351389,0.9566431,12.38112,17.097971,7.181293,0.24216762,6.642546,7.725454,1.4979941,0.918502,0.08344389,10.015805,1.2709455,0.46550488,3.3069642,750192,0.0,7.0101185,1.0633068,5.0544376,10.015805,1.4971107,0.11181302,1.2675098,1.7190413,5.1243157,2.7908669,-2.8195279,9.999473,5.032472,0.8154723048210144,9.507472038269043,91841,0.8775766737048649,9.99878,0.00072189426,9.997472,9.999473,5.123675,0.060484555,5.05236,5.2356634,5.757658426219676,3.2686991933721408,-1.621362435994084,13.434069728846179,5.662321492198149,0.792965530348466,10.88219499787817,750192,0.0,12.929374039894354,0.2308020436674357,12.409745860989547,13.434069728846179,5.75891230150302,0.17092791034313148,5.466728793802617,6.046822754031858,0.004344672,0.3494483,-1.9477834,1.97284,-0.0013973291,-0.5598791539669037,0.5814226031303407,91715,0.8777446307078721,1.7453837,0.17556402,1.3732775,1.97284,0.0039214217,0.02440778,-0.031691577,0.055205908,0.00016795700300723014,0.012958734253482129,0,1,0.0,0.0,0.0,750192,0.0,0.09302325581395349,0.2904650231813209,0,1,0.00016722170287313202,0.0006156366231745061,0.0,0.0036529680365296802
12,1.1117421,4.935603,-16.31955,24.205582,1.0268402,-6.6006317138671875,9.457803344726557,750192,0.0,18.485594,1.854295,14.7369995,24.205582,1.1047642,0.6137635,-0.4226201,2.309168,-0.04901295,4.9338717,-20.297928,23.831406,-0.72148895,-7.278983306884766,8.326097869873042,750192,0.0,15.781456,1.7337073,12.016754,23.831406,-0.050733905,0.43797728,-1.3510716,0.7913765,281.82324,4.7470045,260.1179,293.82727,282.034,273.4035369873047,288.8741455078125,750192,0.0,291.48422,0.8175206,289.72433,293.82727,281.8251,0.574774,280.5684,283.3046,285.1182,4.3200264,267.13257,303.71844,285.07574,277.9197250366211,291.5219528198242,750192,0.0,296.71066,1.867789,293.24365,303.71844,285.11908,0.5632731,283.68353,286.56964,101645.96,984.5413,95418.81,104818.875,101741.69,99863.4375,103116.125,750192,0.0,104072.03,261.29715,103549.625,104818.875,101646.336,129.57574,101285.69,101930.56,286.09164,3.6386633,278.96558,293.99512,285.8047,281.08642578125,291.478271484375,750192,0.0,291.74197,0.7080361,290.53076,293.99512,286.09003,0.44401544,285.1489,287.355,101602.55,984.0923,95377.39,104773.06,101698.445,99820.489453125,103071.80390625,750192,0.0,104026.734,261.02963,103505.664,104773.06,101602.9,129.53868,101242.43,101887.11,0.00010983912,0.0003368235,0.0,0.011703491,1.9073486e-06,0.0,0.0006489753723144531,750168,3.1991810096609896e-05,0.005986361,0.0016228937,0.003464222,0.011703491,0.00010976962,1.6928554e-05,7.2430965e-05,0.00015270541,231.38774,94.7435,0.000779941,360.00174,270.85223,29.81773,330.53146,750192,0.0,359.91397,0.08196038,359.637,360.00174,231.31706,8.89598,209.47118,253.99518,5.465972,1.771938,2.2613478,15.306106,4.996232,3.4316013,9.082833,750192,0.0,13.108491,0.8892403,10.235293,15.306106,5.466541,0.21952477,4.9937263,5.934349,0.81470525,0.47461247,0.07235679,4.0158577,0.69533193,0.28052223,1.757339,750192,0.0,3.2402506,0.27925178,2.6073444,4.0158577,0.8140887,0.054176915,0.6897829,0.9407472,1.911035e-07,1.472873,-3.5610726,3.3909276,0.19392729,-2.429072618484497,2.202927350997925,293892,0.6082442894618978,3.1037884,0.12798789,2.8659275,3.3909276,-0.0010466699,0.05413002,-0.1284674,0.11617061,-0.03240888485077424,1.4534001835096464,-3.5534779653850306,3.112075323219255,0.11609000037171355,-2.3853216313992016,2.130100866463666,750192,0.0,2.9085568853500035,0.10026027677015066,2.6716605603474743,3.112075323219255,-0.032061510445448235,0.040174509848081554,-0.10085400860562875,0.03830526561583862,8.374326e-08,0.23810247,-1.0298456,1.9769069,-0.015562914,-0.3529800996184349,0.4050325721502304,293892,0.6082442894618978,1.3738238,0.2644749,0.8705548,1.9769069,-0.0009824594,0.050382894,-0.11381939,0.09599589,0.0,0.0,0,0,0.0,0.0,0.0,750192,0.0,0.0,0.0,0,0,0.0,0.0,0.0,0.0
120,1.6088085,4.8399587,-14.052826,20.832504,1.851593,-6.139158630371094,9.29736862182617,750192,0.0,16.028458,1.4128617,13.58403,20.832504,1.6027713,0.5641591,0.23621792,2.8011596,0.86064935,4.771945,-18.826614,21.440796,1.167366,-7.101003265380859,8.417776489257804,750192,0.0,15.9115,1.6243398,12.4982605,21.440796,0.8592671,0.48163286,-0.30448183,1.8734411,280.80966,5.094465,257.27277,294.11932,281.03836,271.9142013549805,288.35807647705076,750192,0.0,291.43674,1.0264355,289.3393,294.11932,280.81085,0.708012,279.2762,282.40884,284.00137,4.962424,263.54117,304.73752,284.01288,275.708251953125,291.3258056640625,750192,0.0,297.20398,2.303132,292.7504,304.73752,284.00296,0.7563374,282.24615,285.7291,101558.27,1022.42065,95201.06,104873.125,101642.5,99726.6875,103108.375,750192,0.0,104110.02,268.3583,103581.31,104873.125,101559.17,129.06447,101253.63,101835.88,285.09793,3.8045058,275.70752,293.61816,284.886,279.50830078125,290.869384765625,750192,0.0,290.8636,1.0439509,288.8225,293.61816,285.0962,0.72003514,283.6184,286.7355,101467.14,1021.43524,95113.39,104777.06,101551.7,99636.66484375,103014.730078125,750192,0.0,104014.6,267.62924,103485.84,104777.06,101468.05,128.98245,101162.71,101744.64,9.373943e-05,0.00029372983,0.0,0.0124025345,1.4305115e-06,0.0,0.0005448579788208119,750168,3.1991810096609896e-05,0.0055397362,0.0018576162,0.0027866364,0.0124025345,9.36061e-05,1.5509859e-05,5.9855993e-05,0.00012824466,174.86075,118.322495,0.00031342707,360.00327,222.26262,8.664667,347.2659,750192,0.0,359.97128,0.036662687,359.83533,360.00327,174.73914,11.86214,149.07578,207.52124,4.4558125,0.86968046,2.0132866,9.182937,4.3861833,3.1441638,5.9951224,750192,0.0,7.791264,0.5375001,6.906719,9.182937,4.4547367,0.08261226,4.2398276,4.65314,0.8314884,0.54217595,0.040043492,5.7390885,0.69760144,0.21891604,1.9063792,750192,0.0,3.8954208,0.5334669,3.0212023,5.7390885,0.8307686,0.04801634,0.6855244,0.93019336,-3.293549e-07,1.9031487,-4.0039887,4.549011,-0.043988943,-2.8139889240264893,2.8760108947753906,400656,0.4659287222471047,3.8472047,0.23268496,2.676011,4.549011,-0.0062285014,0.06154621,-0.14528827,0.12723131,-0.021474683616145237,1.89166101458643,-4.0396499144713065,3.9749028053637545,-0.06178312292284875,-2.8320490462199097,2.8532028781521137,750192,0.0,3.7627694691169564,0.11355679273120416,3.4819221909871363,3.9749028053637545,-0.02135409223505595,0.0376189910632493,-0.08645636356258968,0.04356571743785736,-1.0607504e-05,0.23879822,-1.7952307,1.7067813,-0.009325502,-0.36979828178882596,0.40193015486001926,400654,0.46593138823127944,1.2356945,0.23336859,0.5634154,1.7067813,-0.0072106184,0.048464146,-0.13565506,0.09579573,2.6659841747179387e-06,0.0016327820023647735,0,1,0.0,0.0,0.0,750192,0.0,0.011627906976744186,0.10720400531735917,0,1,2.6547732823616863e-06,2.447580030076692e-05,0.0,0.00022831050228310502
121,1.4813653,4.440466,-12.066559,19.846176,1.5430145,-5.365134429931641,8.787832641601554,750192,0.0,15.372735,1.3567115,13.03511,19.846176,1.4757636,0.5166425,0.2769797,2.5185506,0.7036546,4.2415223,-17.185013,20.100082,0.8447571,-6.24512939453125,7.673575592041015,750192,0.0,14.858855,1.6072584,11.62912,20.100082,0.70244366,0.42962518,-0.36397436,1.6611719,280.62155,5.2590756,253.85089,295.62732,280.97003,271.41536407470704,288.30176849365233,750192,0.0,292.4048,1.1919594,289.19547,295.62732,280.62253,0.7370475,278.9473,282.31946,283.79797,5.2853675,261.4234,306.843,283.85187,274.9147064208984,291.725341796875,750192,0.0,299.3129,2.4830096,294.12512,306.843,283.80002,0.7809817,282.00568,285.55084,101573.87,1014.17474,95213.06,104886.625,101658.125,99755.721875,103111.125,750192,0.0,104107.99,263.55322,103583.25,104886.625,101574.69,128.57646,101265.23,101851.75,,,,,,,,0,1.0,,,,,,,,,101184.29,1010.0487,94838.39,104478.06,101270.09,99370.411328125,102711.578125,750192,0.0,103699.79,260.76794,103181.86,104478.06,101185.12,128.24141,100876.63,101461.81,9.967675e-05,0.0003031464,0.0,0.010753632,1.9073486e-06,0.0,0.0005750656127929688,750168,3.1991810096609896e-05,0.005659539,0.0016159478,0.003129959,0.010753632,9.954814e-05,1.7003782e-05,6.34394e-05,0.00014309524,170.2815,103.008934,0.00028788904,360.00156,213.4804,17.52165,324.0296,750192,0.0,359.92575,0.092575595,359.3698,360.00156,170.1817,10.357612,145.69684,195.8652,4.2536826,0.75234604,1.9238348,9.026725,4.2098923,3.0971837,5.5521083,750192,0.0,7.281177,0.54505944,6.4705935,9.026725,4.252725,0.07273326,4.0610867,4.395964,0.7375411,0.4837741,0.046036538,5.6277337,0.6099324,0.20130078,1.7047118,750192,0.0,3.5000567,0.53054553,2.553832,5.6277337,0.73695207,0.043774456,0.618101,0.83047825,-3.0358876e-07,2.2773063,-4.7942076,4.995793,-0.054207325,-3.390207290649414,3.495792865753174,318054,0.5760365346471303,4.5812054,0.17439298,4.215792,4.995793,0.009314301,0.08577397,-0.12211683,0.37711382,-0.058647668072339385,2.2705140754813473,-4.991103929495387,4.856365101556475,-0.12366761348787476,-3.4558405773151435,3.4492959950664686,750192,0.0,4.583823522042925,0.14819196703084253,4.201579458765078,4.856365101556475,-0.05820598517812824,0.07625056341702532,-0.18955661290666953,0.07181275579551388,-1.2799167e-05,0.23239264,-1.8264627,1.9428566,-0.007493482,-0.36075184792280196,0.38752617835998543,318052,0.5760392006313051,1.2414846,0.2782655,0.4881975,1.9428566,0.004300089,0.034932286,-0.069688074,0.097204566,2.6659841747179387e-06,0.0016327820023647735,0,1,0.0,0.0,0.0,750192,0.0,0.011627906976744186,0.10720400531735917,0,1,2.6547732823616863e-06,2.447580030076692e-05,0.0,0.00022831050228310502
122,1.6088085,4.8399587,-14.052826,20.832504,1.851593,-6.139158630371094,9.29736862182617,750192,0.0,16.028458,1.4128617,13.58403,20.832504,1.6027713,0.5641591,0.23621792,2.8011596,0.86064935,4.771945,-18.826614,21.440796,1.167366,-7.101003265380859,8.417776489257804,750192,0.0,15.9115,1.6243398,12.4982605,21.440796,0.8592671,0.48163286,-0.30448183,1.8734411,280.80966,5.094465,257.27277,294.11932,281.03836,271.9142013549805,288.35807647705076,750192,0.0,291.43674,1.0264355,289.3393,294.11932,280.81085,0.708012,279.2762,282.40884,284.00137,4.962424,263.54117,304.73752,284.01288,275.708251953125,291.3258056640625,750192,0.0,297.20398,2.303132,292.7504,304.73752,284.00296,0.7563374,282.24615,285.7291,101558.27,1022.42065,95201.06,104873.125,101642.5,99726.6875,103108.375,750192,0.0,104110.02,268.3583,103581.31,104873.125,101559.17,129.06447,101253.63,101835.88,285.09793,3.8045058,275.70752,293.61816,284.886,279.50830078125,290.869384765625,750192,0.0,290.8636,1.0439509,288.8225,293.61816,285.0962,0.72003514,283.6184,286.7355,101467.14,1021.43524,95113.39,104777.06,101551.7,99636.66484375,103014.730078125,750192,0.0,104014.6,267.62924,103485.84,104777.06,101468.05,128.98245,101162.71,101744.64,9.373943e-05,0.00029372983,0.0,0.0124025345,1.4305115e-06,0.0,0.0005448579788208119,750168,3.1991810096609896e-05,0.0055397362,0.0018576162,0.0027866364,0.0124025345,9.36061e-05,1.5509859e-05,5.9855993e-05,0.00012824466,174.86075,118.322495,0.00031342707,360.00327,222.26262,8.664667,347.2659,750192,0.0,359.97128,0.036662687,359.83533,360.00327,174.73914,11.86214,149.07578,207.52124,4.4558125,0.86968046,2.0132866,9.182937,4.3861833,3.1441638,5.9951224,750192,0.0,7.791264,0.5375001,6.906719,9.182937,4.4547367,0.08261226,4.2398276,4.65314,0.8314884,0.54217595,0.040043492,5.7390885,0.69760144,0.21891604,1.9063792,750192,0.0,3.8954208,0.5334669,3.0212023,5.7390885,0.8307686,0.04801634,0.6855244,0.93019336,-8.9955904e-08,1.9032806,-4.003511,4.549489,-0.043511152,-2.8135111331939697,2.87648868560791,399637,0.46728704118412356,3.847682,0.232685,2.6764889,4.549489,-0.005883507,0.061223086,-0.14481048,0.124754235,-0.020993081906834164,1.8915366319291225,-4.038293341559087,3.974591638657914,-0.06138845652890147,-2.8311977191135713,2.8536935602335105,750192,0.0,3.7632714757058636,0.11338643052570231,3.483593728358151,3.974591638657914,-0.02087753604537658,0.03706643653226246,-0.0850252376249076,0.04311233759023183,-1.0635468e-05,0.23868112,-1.7932217,1.7081587,-0.009329242,-0.3695266395807266,0.4015910029411315,399635,0.4672897071682982,1.236242,0.23338085,0.5635976,1.7081587,-0.007010571,0.048369598,-0.13543911,0.09550984,2.6659841747179387e-06,0.0016327820023647735,0,1,0.0,0.0,0.0,750192,0.0,0.011627906976744186,0.10720400531735917,0,1,2.6547732823616863e-06,2.447580030076692e-05,0.0,0.00022831050228310502
123,1.4813653,4.440466,-12.066559,19.846176,1.5430145,-5.365134429931641,8.787832641601554,750192,0.0,15.372735,1.3567115,13.03511,19.846176,1.4757636,0.5166425,0.2769797,2.5185506,0.7036546,4.2415223,-17.185013,20.100082,0.8447571,-6.24512939453125,7.673575592041015,750192,0.0,14.858855,1.6072584,11.62912,20.100082,0.70244366,0.42962518,-0.36397436,1.6611719,280.62155,5.2590756,253.85089,295.62732,280.97003,271.41536407470704,288.30176849365233,750192,0.0,292.4048,1.1919594,289.19547,295.62732,280.62253,0.7370475,278.9473,282.31946,283.79797,5.2853675,261.4234,306.843,283.85187,274.9147064208984,291.725341796875,750192,0.0,299.3129,2.4830096,294.12512,306.843,283.80002,0.7809817,282.00568,285.55084,101573.87,1014.17474,95213.06,104886.625,101658.125,99755.721875,103111.125,750192,0.0,104107.99,263.55322,103583.25,104886.625,101574.69,128.57646,101265.23,101851.75,,,,,,,,0,1.0,,,,,,,,,101184.29,1010.0487,94838.39,104478.06,101270.09,99370.411328125,102711.578125,750192,0.0,103699.79,260.76794,103181.86,104478.06,101185.12,128.24141,100876.63,101461.81,9.967675e-05,0.0003031464,0.0,0.010753632,1.9073486e-06,0.0,0.0005750656127929688,750168,3.1991810096609896e-05,0.005659539,0.0016159478,0.003129959,0.010753632,9.954814e-05,1.7003782e-05,6.34394e-05,0.00014309524,170.2815,103.008934,0.00028788904,360.00156,213.4804,17.52165,324.0296,750192,0.0,359.92575,0.092575595,359.3698,360.00156,170.1817,10.357612,145.69684,195.8652,4.2536826,0.75234604,1.9238348,9.026725,4.2098923,3.0971837,5.5521083,750192,0.0,7.281177,0.54505944,6.4705935,9.026725,4.252725,0.07273326,4.0610867,4.395964,0.7375411,0.4837741,0.046036538,5.6277337,0.6099324,0.20130078,1.7047118,750192,0.0,3.5000567,0.53054553,2.553832,5.6277337,0.73695207,0.043774456,0.618101,0.83047825,-3.3488104e-07,2.277333,-4.7934375,4.996563,-0.053437233,-3.391437292098999,3.496562957763672,316402,0.5782386375754474,4.581976,0.17439298,4.2165623,4.996563,0.010032919,0.08567967,-0.121346734,0.37788397,-0.05782606959643319,2.270380893966676,-4.990292208822202,4.857447214270943,-0.12298264540402679,-3.4546123420954955,3.4501884792774935,750192,0.0,4.584743371948112,0.14823281471230382,4.202120442746059,4.857447214270943,-0.057386994229873915,0.0760180386291575,-0.18833525275186455,0.07224438445942014,-1.2868695e-05,0.23242788,-1.8255807,1.9428638,-0.007422992,-0.3609461039304733,0.3875200808048248,316400,0.5782413035596221,1.2415771,0.27823725,0.48881155,1.9428638,0.004594003,0.03534426,-0.069936074,0.09656078,2.6659841747179387e-06,0.0016327820023647735,0,1,0.0,0.0,0.0,750192,0.0,0.011627906976744186,0.10720400531735917,0,1,2.6547732823616863e-06,2.447580030076692e-05,0.0,0.00022831050228310502
124,1.8957882,5.586345,-16.438202,22.2527,2.335617,-7.313651275634766,10.585276031494129,750192,0.0,17.407671,1.3219291,14.399277,22.2527,1.8883412,0.6754221,0.36397305,3.150963,0.5952027,4.799857,-18.008545,26.317322,0.6252136,-7.10968017578125,8.750830841064452,750192,0.0,17.564047,1.9486556,14.410568,26.317322,0.59504646,0.4672985,-0.44221553,1.7157104,281.08405,4.77955,261.7337,293.11526,281.27258,272.6764389038086,288.1894836425781,750192,0.0,290.44946,0.927963,288.62885,293.11526,281.08508,0.6447775,279.6828,282.5211,284.14127,4.3818784,266.52716,297.78918,284.112,276.68686828613284,290.51531372070315,750192,0.0,293.75485,1.3813614,290.98187,297.78918,284.14212,0.6849315,282.5002,285.7363,101560.445,1038.477,95110.81,104932.0,101654.31,99689.284375,103121.9375,750192,0.0,104121.41,264.07977,103609.69,104932.0,101561.266,131.55577,101240.445,101843.2,285.24133,3.4829009,277.24854,293.12793,285.0227,280.301025390625,290.441650390625,750192,0.0,290.4698,1.0094675,288.4956,293.12793,285.23965,0.6124257,283.82443,286.70294,101373.195,1036.541,94931.39,104734.73,101467.68,99504.2515625,102929.6703125,750192,0.0,103925.49,262.8689,103418.06,104734.73,101373.98,131.3814,101053.67,101655.83,0.00010010168,0.00032381387,0.0,0.013659477,9.536743e-07,0.0,0.0005936622619628906,750168,3.1991810096609896e-05,0.005715265,0.0019865872,0.0035629272,0.013659477,9.9967205e-05,1.8069497e-05,6.24563e-05,0.00015083389,,,,,,,,0,1.0,,,,,,,,,,,,,,,,0,1.0,,,,,,,,,,,,,,,,0,1.0,,,,,,,,,-4.375652e-07,1.7184412,-3.6435618,4.1344385,-0.09256196,-2.529561996459961,2.7084381580352783,282324,0.6236643419284663,3.69885,0.1413112,3.446438,4.1344385,-0.00057573506,0.058273576,-0.16148253,0.17669262,-0.12160839803757863,1.7116813620411822,-3.80407713876623,3.8840923636646147,-0.19980634987289153,-2.649585178128287,2.5833435978579966,750192,0.0,3.5500364457798903,0.15537673621927983,3.186444128889178,3.8840923636646147,-0.12077864396950268,0.11795435053312445,-0.3234049950368559,0.07838591122887958,2.5854362e-05,0.15357016,-1.921026,1.0284859,-0.006672845,-0.2385454773902893,0.26290659606456757,282322,0.623667007912641,0.7949721,0.13545725,0.5608012,1.0284859,0.0005039635,0.030701602,-0.061830185,0.10761055,2.6659841747179387e-06,0.0016327820023647735,0,1,0.0,0.0,0.0,750192,0.0,0.011627906976744186,0.10720400531735916,0,1,2.6547732823616863e-06,2.447580030076693e-05,0.0,0.00022831050228310502
125,1.5017003,5.2633157,-17.685242,21.659225,2.096962,-7.683848571777343,9.49107208251953,750192,0.0,16.882727,1.3890576,13.6362,21.659225,1.4942769,0.68441904,-0.11325196,2.6996603,0.46234214,4.3309083,-17.204803,19.877579,0.21195984,-6.2278800964355465,8.071933746337887,750192,0.0,16.337227,1.2956979,13.214386,19.877579,0.46251386,0.36764997,-0.3182291,1.1824489,281.385,4.4923053,262.4742,293.08173,281.69684,273.50914154052737,288.06239166259763,750192,0.0,290.458,0.8475954,288.51373,293.08173,281.38666,0.56125224,280.04337,282.7095,284.45795,3.9361157,268.08148,297.61295,284.40967,277.8864807128906,290.3388946533203,750192,0.0,293.72937,1.416391,290.8487,297.61295,284.46054,0.5677729,282.91245,285.73715,101570.56,1077.3245,95073.375,104958.875,101690.125,99608.125,103160.590625,750192,0.0,104137.164,280.8008,103511.69,104958.875,101571.164,138.14888,101207.03,101865.68,285.7306,2.8190002,279.50928,293.66943,285.54785,281.771240234375,290.05029296875,750192,0.0,290.49756,1.0585958,288.3601,293.66943,285.73157,0.51179653,284.4758,286.9239,101140.69,1073.0796,94660.586,104508.06,101261.14,99183.171875,102720.480078125,750192,0.0,103688.49,278.17438,103074.5,104508.06,101141.28,137.74405,100778.484,101435.805,0.000109902496,0.0003258104,0.0,0.009767532,4.2915344e-06,0.0,0.0006155967712402344,750168,3.1991810096609896e-05,0.0052261464,0.0011113258,0.0034585,0.009767532,0.000109867724,1.7046605e-05,7.954878e-05,0.0001446789,,,,,,,,0,1.0,,,,,,,,,,,,,,,,0,1.0,,,,,,,,,,,,,,,,0,1.0,,,,,,,,,-1.6966746e-07,1.3170824,-3.5664527,2.919547,0.15954709,-2.190452814102173,1.879547119140625,275916,0.6322061552242626,2.7037234,0.12192006,2.4315472,2.919547,-0.0010869115,0.044650406,-0.06604104,0.117797755,-0.09061043887099227,1.3081060912632738,-3.542931481968105,2.686529098443395,0.04664811922625263,-2.2713632990816057,1.7872599476995539,750192,0.0,2.454459832464788,0.11475269521976711,2.20305407027227,2.686529098443395,-0.09003667037031396,0.08716554014496966,-0.239843183775832,0.057127857102249206,3.384501e-08,0.145297,-0.6060236,1.2880658,-0.009828892,-0.2194732502102852,0.2554091289639473,275916,0.6322061552242626,0.7199839,0.14578778,0.41842073,1.2880658,-0.000899637,0.028432053,-0.050659027,0.061469108,0.0,0.0,0,0,0.0,0.0,0.0,750192,0.0,0.0,0.0,0,0,0.0,0.0,0.0,0.0
126,1.4986377,4.6258206,-15.438065,22.085876,1.9022293,-6.276084136962891,8.632337951660155,750192,0.0,15.1078005,1.4537872,11.980743,22.085876,1.4925907,0.55605423,0.21964748,2.5329566,0.5088159,4.0513415,-16.947495,25.160095,0.49706268,-5.963797760009766,7.360907745361327,750192,0.0,15.664033,1.8237989,12.184814,25.160095,0.50894964,0.3820606,-0.32994747,1.3742274,280.90356,4.7916417,261.68103,292.96304,281.15588,272.5184326171875,288.09708709716796,750192,0.0,290.91464,0.8627091,289.3006,292.96304,280.90442,0.6350749,279.354,282.3237,284.22302,4.819741,266.30304,301.10428,284.18878,276.1303436279297,291.56585693359375,750192,0.0,296.29068,1.6951107,293.12805,301.10428,284.22534,0.65859383,282.5519,285.7587,101556.49,1053.9655,95063.19,104941.31,101655.44,99653.75,103135.875,750192,0.0,104139.766,269.5306,103572.375,104941.31,101557.28,133.43277,101228.914,101840.74,285.2874,3.6962128,277.37646,294.00488,285.04932,280.096435546875,290.85107421875,750192,0.0,290.89832,0.995244,289.2173,294.00488,285.28638,0.54813194,283.9492,286.75827,101300.26,1051.33,94817.86,104671.734,101399.92,99400.637109375,102873.002734375,750192,0.0,103871.59,267.80316,103306.06,104671.734,101301.055,133.19019,100973.375,101584.45,9.212456e-05,0.00029964675,0.0,0.01128006,9.536743e-07,0.0,0.0005311965942382812,750168,3.1991810096609896e-05,0.005361704,0.0016535325,0.0033388138,0.01128006,9.202797e-05,1.5903843e-05,5.8346497e-05,0.00012781081,,,,,,,,0,1.0,,,,,,,,,,,,,,,,0,1.0,,,,,,,,,,,,,,,,0,1.0,,,,,,,,,-3.4836663e-08,1.11522,-3.354194,3.3758063,-0.07319379,-1.751193881034851,1.6628060340881348,276822,0.6309984643931154,2.4171295,0.22033024,2.077806,3.3758063,-8.383459e-05,0.08369542,-0.11797875,0.37466398,-0.14187488409901586,1.090770980670199,-3.0747883959326376,2.31795387698155,-0.1933914213678586,-1.8544302670347703,1.5084690619044463,750192,0.0,1.9975645632787702,0.1527196493726364,1.6680240645658582,2.31795387698155,-0.14081997510237274,0.13954777676601257,-0.38055276574267527,0.0939413078881281,-0.007580425,0.1691215,-1.9897158,1.9962832,-0.012103949,-0.2609171777963638,0.25901834666728935,275607,0.6326180497792565,0.8452881,0.24858439,0.5489093,1.9962832,-0.007479801,0.028346097,-0.06053192,0.05841765,0.001619585386141148,0.04021147012132416,0,1,0.0,0.0,0.0,750192,0.0,0.03488372093023256,0.18348527718673838,0,1,0.0016127747690347241,0.012266218784871953,0.0,0.11301369863013698
127,1.6986935,5.2968636,-17.133621,22.42862,2.2397385,-7.3650466918945305,9.714080810546875,750192,0.0,16.818186,1.501871,14.242981,22.42862,1.6912762,0.6699286,0.188551,2.8976786,0.54762137,4.386064,-16.47116,20.03183,0.47327423,-6.3483329772949215,8.099790954589842,750192,0.0,16.901958,1.4773259,13.1241455,20.03183,0.54811424,0.39238346,-0.3268667,1.3987463,281.21457,4.591604,263.31207,293.08325,281.46136,273.1715423583984,288.0325592041016,750192,0.0,290.23096,0.8124694,288.6317,293.08325,281.21555,0.5971147,279.84583,282.55933,284.24893,4.1767564,267.97174,299.48517,284.242,277.14595184326174,290.3458999633789,750192,0.0,293.88855,1.570792,291.01868,299.48517,284.2502,0.62889224,282.65274,285.64777,101564.664,1066.213,95009.06,104946.56,101673.25,99629.8125,103150.715625,750192,0.0,104141.93,276.34653,103486.06,104946.56,101565.375,135.74092,101220.305,101854.27,285.30673,3.2547226,277.83838,292.14648,285.1001,280.68017578125,290.15673828125,750192,0.0,290.2393,0.82988,288.21338,292.14648,285.30472,0.591525,283.9154,286.62714,101179.3,1062.2931,94640.8,104541.734,101288.68,99249.801171875,102755.479296875,750192,0.0,103739.31,273.66873,103094.7,104541.734,101180.01,135.36621,100836.02,101468.81,0.00010295159,0.00033061704,0.0,0.010260105,1.4305115e-06,0.0,0.0006055831909179688,750168,3.1991810096609896e-05,0.0055622887,0.0013704388,0.0037136078,0.010260105,0.00010288536,1.7868384e-05,6.455855e-05,0.00014612579,203.33368,77.399445,0.002602163,359.99722,232.43796,53.471603,302.10367,750192,0.0,359.8075,0.19611901,359.0698,359.99722,203.26836,8.289852,182.94691,224.62468,5.4336925,1.3578602,2.3732615,14.662407,5.2149024,3.5977695,7.9719563,750192,0.0,11.384559,1.0115517,9.340024,14.662407,5.4339247,0.16268368,5.0403876,5.828913,1.1498288,0.77658737,0.0622749,8.906186,0.94451964,0.30197582,2.7036457,750192,0.0,5.6331654,0.8500645,4.2187295,8.906186,1.1490983,0.084096074,0.95011246,1.3187765,5.4762356e-08,0.5464897,-1.6265672,1.6444329,-0.06656718,-0.7985671758651733,0.9644328355789185,279751,0.627094130569241,1.5736094,0.061938055,1.3604327,1.6444329,-0.000118609736,0.042149507,-0.07385335,0.09857512,-0.04938409577120405,0.5279413649829562,-1.5046566160519104,1.5578776979439244,-0.12413060506519191,-0.8032528999440589,0.8992004899009317,750192,0.0,1.4058911013016069,0.06637752351887026,1.263982991626117,1.5578776979439244,-0.04915001581965987,0.04816510138501761,-0.132070763447187,0.03289782424248057,2.3003546e-05,0.14508966,-1.9503833,1.1978788,-0.007944709,-0.22250153347849846,0.25222242623567576,279750,0.6270954635613283,0.74854255,0.16837075,0.41371554,1.1978788,-0.00016433833,0.03677777,-0.06943737,0.067573406,1.3329920873589694e-06,0.0011545519955771001,0,1,0.0,0.0,0.0,750192,0.0,0.011627906976744186,0.10720400531735916,0,1,1.3273866411808431e-06,1.2237900150383465e-05,0.0,0.00011415525114155251
128,1.8859067,5.807487,-18.118866,23.023346,2.486061,-7.9794158935546875,10.683501434326164,750192,0.0,17.904716,1.5332676,15.208878,23.023346,1.8780277,0.7246206,0.2630198,3.1825233,0.59857684,4.8953857,-19.270493,26.544174,0.5939102,-7.291526031494141,8.924620056152342,750192,0.0,18.163906,1.7980751,14.256668,26.544174,0.5990744,0.44579396,-0.41860723,1.5713947,281.36163,4.594962,263.93405,292.32965,281.52948,273.30133056640625,288.22721710205076,750192,0.0,290.36783,0.8012595,288.7229,292.32965,281.36267,0.59560615,280.06747,282.7093,284.51132,4.086886,268.76337,297.07315,284.4319,277.6411468505859,290.46893310546875,750192,0.0,293.2312,1.328551,290.57825,297.07315,284.5116,0.6215317,283.03766,285.97476,101566.836,1055.8575,95013.31,104944.06,101670.81,99654.159375,103141.25,750192,0.0,104133.555,272.81192,103542.625,104944.06,101567.57,134.33289,101228.9,101854.71,285.4162,3.4534943,277.81104,292.8213,285.1599,280.575927734375,290.593505859375,750192,0.0,290.6985,0.8187005,288.81982,292.8213,285.41376,0.5640332,284.15414,286.8247,101516.21,1055.3348,94964.8,104890.734,101620.41,99604.22734375,103089.375,750192,0.0,104080.64,272.5609,103490.06,104890.734,101516.945,134.28288,101178.42,101804.07,9.940379e-05,0.00031652383,0.0,0.010653973,1.4305115e-06,0.0,0.0005822181701660156,750168,3.1991810096609896e-05,0.005301362,0.0013334958,0.0034475327,0.010653973,9.9296594e-05,1.7393373e-05,6.4011874e-05,0.00013902133,202.91945,80.935135,0.00022908006,360.00003,234.59126,45.774956,304.9999,750192,0.0,359.8281,0.4084281,356.2924,360.00003,202.84276,8.455525,184.5492,224.08456,4.9593782,1.1911825,2.2306833,13.930543,4.7685604,3.3536272,7.172502,750192,0.0,10.573147,1.0919392,8.613471,13.930543,4.9595394,0.13697115,4.6303287,5.2598205,1.0016984,0.66646135,0.053850602,7.52885,0.82782614,0.27147317,2.333069,750192,0.0,4.7880373,0.7068429,3.5434945,7.52885,1.00095,0.07047496,0.8387052,1.1468194,-5.140364e-08,0.40422434,-1.2611696,1.2358304,0.07483041,-0.8081695437431335,0.5598305463790894,224413,0.7008592466995116,1.133902,0.057120737,1.0388304,1.2358304,0.0019261462,0.0373579,-0.10214369,0.09446544,-0.06799725108057898,0.39308702282928293,-1.7667907702718793,0.9633802002547621,0.025666313884763012,-0.8625697197067332,0.44981158349752315,750192,0.0,0.8363497021485995,0.06480106303727164,0.7101258101748045,0.9633802002547621,-0.06769140249830038,0.05477188937099207,-0.1620568012445896,0.02536334024161566,7.0301953e-06,0.14010946,-0.65672404,1.637057,-0.005283123,-0.21819692254066467,0.2367329806089401,224413,0.7008592466995116,0.8284726,0.2833352,0.43228295,1.637057,0.00055355194,0.032844823,-0.12664425,0.056021437,0.0,0.0,0,0,0.0,0.0,0.0,750192,0.0,0.0,0.0,0,0,0.0,0.0,0.0,0.0
129,1.4986377,4.6258206,-15.438065,22.085876,1.9022293,-6.276084136962891,8.632337951660155,750192,0.0,15.1078005,1.4537872,11.980743,22.085876,1.4925907,0.55605423,0.21964748,2.5329566,0.5088159,4.0513415,-16.947495,25.160095,0.49706268,-5.963797760009766,7.360907745361327,750192,0.0,15.664033,1.8237989,12.184814,25.160095,0.50894964,0.3820606,-0.32994747,1.3742274,280.90356,4.7916417,261.68103,292.96304,281.15588,272.5184326171875,288.09708709716796,750192,0.0,290.91464,0.8627091,289.3006,292.96304,280.90442,0.6350749,279.354,282.3237,284.22302,4.819741,266.30304,301.10428,284.18878,276.1303436279297,291.56585693359375,750192,0.0,296.29068,1.6951107,293.12805,301.10428,284.22534,0.65859383,282.5519,285.7587,101556.49,1053.9655,95063.19,104941.31,101655.44,99653.75,103135.875,750192,0.0,104139.766,269.5306,103572.375,104941.31,101557.28,133.43277,101228.914,101840.74,285.2874,3.6962128,277.37646,294.00488,285.04932,280.096435546875,290.85107421875,750192,0.0,290.89832,0.995244,289.2173,294.00488,285.28638,0.54813194,283.9492,286.75827,101300.26,1051.33,94817.86,104671.734,101399.92,99400.637109375,102873.002734375,750192,0.0,103871.59,267.80316,103306.06,104671.734,101301.055,133.19019,100973.375,101584.45,9.212456e-05,0.00029964675,0.0,0.01128006,9.536743e-07,0.0,0.0005311965942382812,750168,3.1991810096609896e-05,0.005361704,0.0016535325,0.0033388138,0.01128006,9.202797e-05,1.5903843e-05,5.8346497e-05,0.00012781081,,,,,,,,0,1.0,,,,,,,,,,,,,,,,0,1.0,,,,,,,,,,,,,,,,0,1.0,,,,,,,,,8.451903,0.91264707,-3.6420603,9.999939,8.38694,7.038939476013184,9.842939376831055,142570,0.8099553181052317,9.999833,0.0003067243,9.9989395,9.999939,8.452693,0.024636665,8.389752,8.511504,8.56156159283025,0.953397442834667,6.269374665018927,10.585496020845637,8.536207507570516,7.087645434947219,9.992173477562297,750192,0.0,10.482911010930321,0.06184570528078467,10.333021326433498,10.585496020845637,8.561322834158451,0.00980896016843148,8.512960867856519,8.576588167521614,0.0010831616,0.14169797,-1.9934342,1.968901,-0.0026550188,-0.21342702358961105,0.23365661948919295,142520,0.8100219677095997,0.92284614,0.4549923,0.5447176,1.968901,0.001651709,0.025999026,-0.050334252,0.05613019,6.664960436794847e-05,0.008163648828690886,0,1,0.0,0.0,0.0,750192,0.0,0.1511627906976744,0.35820748373835726,0,1,6.632581118556082e-05,0.00026649683595936495,0.0,0.0021689497716894978
13,1.0332261,4.597254,-15.020645,23.730011,0.9199753,-6.038169097900391,8.888404083251952,750192,0.0,17.695318,1.8329372,14.150085,23.730011,1.0269675,0.56728345,-0.3614349,2.150139,0.08506171,4.6769853,-18.914139,23.10289,-0.5806656,-6.722510528564453,8.094175720214842,750192,0.0,15.327111,1.6884001,11.722275,23.10289,0.08329221,0.4194688,-1.1445751,0.890798,281.7003,4.844345,259.4296,294.14856,281.91772,273.13165893554685,288.8838165283203,750192,0.0,291.71588,0.8779604,290.03452,294.14856,281.70212,0.58065534,280.39294,283.2018,284.9958,4.5213914,266.29077,303.95996,284.94934,277.466650390625,291.76441802978513,750192,0.0,297.4667,2.0169768,293.63196,303.95996,284.9973,0.57614565,283.50958,286.5127,101649.54,978.7478,95451.31,104816.375,101742.69,99879.221875,103114.9375,750192,0.0,104070.26,260.47693,103559.125,104816.375,101649.875,128.89194,101292.29,101932.15,286.0044,3.799328,278.6775,294.18262,285.66553,280.784912109375,291.62890625,750192,0.0,291.93045,0.74717706,290.74072,294.18262,286.0032,0.4359435,285.10413,287.2526,101420.85,976.4266,95232.39,104575.06,101515.06,99653.078125,102880.144140625,750192,0.0,103831.55,259.4455,103325.664,104575.06,101421.24,128.69534,101064.43,101703.234,0.00012844574,0.00035494356,0.0,0.013268471,3.33786e-06,0.0,0.0007448196411132812,750168,3.1991810096609896e-05,0.0057744067,0.0015485011,0.003818512,0.013268471,0.00012835507,2.0539403e-05,8.7500106e-05,0.0001802285,224.71579,95.473785,0.0009625582,360.00043,264.31268,30.122328,328.90186,750192,0.0,359.9016,0.11704597,359.16153,360.00043,224.6515,9.194406,201.44576,247.77014,4.591778,1.4878529,1.883174,14.735894,4.178319,2.9674497,7.665413,750192,0.0,12.051696,0.94177425,9.752068,14.735894,4.5922413,0.17432332,4.2408404,4.968542,0.61040556,0.37338102,0.045530524,2.758045,0.51080406,0.19679491,1.360147,750192,0.0,2.3489962,0.1268349,2.0227745,2.758045,0.60989624,0.042014334,0.5071869,0.71578294,1.3107176e-07,1.4437764,-3.6817744,3.6232255,0.17322564,-2.4097743034362793,2.1642253398895264,297107,0.6039587199010387,3.059198,0.1593885,2.6652257,3.6232255,-0.0012045689,0.11041862,-0.27903152,0.17205758,-0.07778096104202578,1.4083751267788114,-3.621539895935853,3.1240158735021555,0.030208827861397156,-2.327549986644098,2.0470384512047577,750192,0.0,2.8035670504212136,0.12931363985980934,2.5158717137866207,3.1240158735021555,-0.07677392706876406,0.09272679777229807,-0.23369376416807966,0.1272546758090015,-0.0014383929,0.32194236,-1.5325199,1.9996696,-0.017165799,-0.4800460755825043,0.5264177083969119,296917,0.6042119883976369,1.6306428,0.35063177,0.94705564,1.9996696,-0.003081665,0.09229742,-0.1509911,0.19114499,0.0002532684965982042,0.01591239616358376,0,1,0.0,0.0,0.0,750192,0.0,0.13953488372093023,0.3465038238546824,0,1,0.00025192420288618826,0.00093473141386485,0.0,0.006735159817351598
130,1.4233983,4.2561407,-14.019119,21.15326,1.8207169,-5.746543121337891,7.9874420166015625,750192,0.0,14.233997,1.4372075,11.59462,21.15326,1.4179351,0.5153415,0.2459924,2.3776715,0.47780293,3.8850658,-15.255661,21.919174,0.40057373,-5.610655212402344,7.089337921142569,750192,0.0,15.18941,1.6359068,12.017654,21.919174,0.4780525,0.35935482,-0.3151833,1.2538958,280.9057,4.7627525,261.36374,293.09058,281.15952,272.6033630371094,288.0755279541016,750192,0.0,291.05603,0.91254264,289.27325,293.09058,280.90643,0.6235161,279.3664,282.3145,284.25192,4.9055977,265.90204,303.62592,284.20776,276.03331146240237,291.79337921142576,750192,0.0,297.74905,2.0846505,294.07336,303.62592,284.25467,0.66045403,282.59738,285.76913,101555.805,1061.1726,95043.44,104951.81,101657.69,99638.9375,103143.965625,750192,0.0,104148.02,272.31827,103543.625,104951.81,101556.58,134.33754,101224.27,101840.734,285.31076,3.7337792,277.40186,293.93262,285.01294,280.10986328125,290.94384765625,750192,0.0,291.07254,0.981385,289.1704,293.93262,285.31024,0.5562417,284.08426,286.80685,101326.72,1058.8087,94823.86,104710.734,101429.234,99412.4234375,102908.823828125,750192,0.0,103908.17,270.9033,103305.06,104710.734,101327.5,134.11897,100995.805,101611.61,9.650586e-05,0.00030974587,0.0,0.011207104,9.536743e-07,0.0,0.000560760498046875,750168,3.1991810096609896e-05,0.005321805,0.0014478359,0.0032444,0.011207104,9.640934e-05,1.6809001e-05,5.9071714e-05,0.00013429258,,,,,,,,0,1.0,,,,,,,,,,,,,,,,0,1.0,,,,,,,,,,,,,,,,0,1.0,,,,,,,,,-4.5593676e-08,0.70312816,-2.3644688,2.9005313,0.018531084,-1.2144687175750732,0.9617311477660958,144577,0.8072800029859023,1.8144201,0.4964191,1.4055312,2.9005313,-0.0022160974,0.04454737,-0.09003132,0.09289628,-0.21955578008956034,0.6690625167747553,-2.4837163093018937,1.27516253653322,-0.188395271102126,-1.3856770364785447,0.7428173679113255,750192,0.0,0.9757360949373153,0.16270726299952532,0.676138281403716,1.27516253653322,-0.2183765493562247,0.16162142274049518,-0.4963257536217653,0.0542705349833759,0.0066124434,0.18466958,-1.9947362,1.9989506,0.0015907267,-0.22913554757833482,0.2756917953491211,143822,0.8082864120118582,1.2705292,0.5721447,0.58356243,1.9989506,0.0053999913,0.022476925,-0.032397516,0.038755167,0.0010064090259560218,0.031707982698817284,0,1,0.0,0.0,0.0,750192,0.0,0.11627906976744186,0.32055927330442374,0,1,0.001001647410130847,0.004377494517133166,0.0,0.03093607305936073
131,1.7993627,5.5408783,-17.105377,22.521393,2.372528,-7.643744659423828,10.19475708007812,750192,0.0,17.267677,1.4974604,14.625793,22.521393,1.7917823,0.6957394,0.25555116,3.030949,0.5668468,4.651237,-17.755844,24.565659,0.5320282,-6.842353057861328,8.514007568359375,750192,0.0,17.626154,1.6984853,14.382629,24.565659,0.5672978,0.42050856,-0.37646118,1.4856211,281.3608,4.592262,263.96027,292.74744,281.54968,273.2984344482422,288.2097915649414,750192,0.0,290.34604,0.8341658,288.66425,292.74744,281.36182,0.5960107,280.07037,282.70428,284.5085,4.095322,268.79333,297.68243,284.44913,277.58787689208987,290.471435546875,750192,0.0,293.36414,1.4160433,290.59387,297.68243,284.509,0.6255035,283.0129,285.95206,101565.74,1059.5293,95011.56,104947.56,101671.125,99645.25,103144.5,750192,0.0,104136.86,273.76645,103524.125,104947.56,101566.43,134.8082,101225.9,101854.1,285.41818,3.3947403,277.8286,292.68555,285.17505,280.631591796875,290.509033203125,750192,0.0,290.59235,0.83916104,288.63428,292.68555,285.41608,0.5859115,284.081,286.8024,101532.87,1059.1908,94979.8,104912.734,101638.36,99612.591796875,103110.7890625,750192,0.0,104102.55,273.54156,103490.06,104912.734,101533.62,134.77562,101193.15,101821.26,9.711355e-05,0.0003189221,0.0,0.009608269,9.536743e-07,0.0,0.0005679130554199219,750168,3.1991810096609896e-05,0.005456029,0.0013250948,0.0031409264,0.009608269,9.700687e-05,1.7136226e-05,6.254463e-05,0.00013872556,203.01266,79.64292,0.0022937,360.00006,232.06702,46.147247,305.77408,750192,0.0,359.8177,0.21636976,358.92987,360.00006,202.93842,8.476155,183.49345,224.3169,4.96908,1.1780454,2.2228708,13.236769,4.784915,3.3680904,7.155823,750192,0.0,10.41395,1.0198216,8.465403,13.236769,4.9692197,0.13730915,4.6335173,5.282835,1.004305,0.67498714,0.05470654,7.713804,0.8270192,0.2666302,2.3552244,750192,0.0,4.8591213,0.7160215,3.5861769,7.713804,1.003588,0.07249237,0.83497304,1.1501077,-0.00056570285,0.38969776,-3.5087357,5.8912644,0.055264235,-0.7577357888221741,0.5562641620635986,126343,0.8315857807068057,1.6962055,1.5168543,0.9732642,5.8912644,-0.003227436,0.023591317,-0.047026675,0.04957848,-0.016437879683040446,0.3597187821471363,-1.5580612944379524,0.9329125819060835,0.05083380999085005,-0.744194000686106,0.48775981538360674,750192,0.0,0.8746560417638847,0.033419843300426376,0.8092482130012651,0.9329125819060835,-0.016498995609533787,0.01210876006686844,-0.03718513544852466,0.004795708563437779,0.0003466741,0.14228135,-1.9715815,1.0990238,-0.0038017605,-0.2170525461435318,0.24052651226520538,126317,0.831620438501077,0.72239363,0.16302635,0.5037055,1.0990238,-0.0009007717,0.023867665,-0.04827417,0.051508635,3.4657794271333204e-05,0.005886985061016332,0,1,0.0,0.0,0.0,750192,0.0,0.11627906976744186,0.32055927330442374,0,1,3.449391897341803e-05,0.00011016147884358198,0.0,0.0006849315068493151
133,1.4999924,4.5380516,-15.504578,20.807205,1.4627991,-5.832838439941407,9.02726593017578,750192,0.0,16.73777,1.4812192,13.261276,20.807205,1.494767,0.55690485,0.2177831,2.515838,0.57246864,4.269071,-16.224182,17.97644,0.48490906,-6.259825134277344,7.671727752685545,750192,0.0,14.7377205,1.2137579,12.233276,17.97644,0.5729448,0.36518285,-0.26668954,1.2912073,281.04333,4.576604,259.32245,293.3674,281.40253,273.001725769043,287.8399185180664,750192,0.0,290.84567,0.9382596,288.75677,293.3674,281.0447,0.57254004,279.5759,282.42654,284.0763,4.282685,266.08044,302.6878,284.07062,276.87603759765625,290.55474853515625,750192,0.0,296.67725,1.8433194,292.63403,302.6878,284.07953,0.57769156,282.37564,285.39926,101543.11,1105.0873,95017.125,104991.625,101666.66,99528.596875,103172.278125,750192,0.0,104159.15,283.95917,103501.0,104991.625,101543.74,140.82536,101177.836,101846.8,,,,,,,,0,1.0,,,,,,,,,100806.21,1097.7806,94316.5,104218.06,100931.445,98801.8609375,102417.44453125,750192,0.0,103388.93,280.48502,102728.11,104218.06,100806.836,140.07838,100443.37,101106.72,0.000123403,0.00032421615,0.0,0.010397911,8.583069e-06,0.0,0.0006742477416992188,750168,3.1991810096609896e-05,0.0050405012,0.0012740609,0.0032129288,0.010397911,0.00012331684,1.8446039e-05,8.4615625e-05,0.0001720661,247.33492,61.866325,0.00017592986,359.99512,260.7581,76.377815,318.14908,750192,0.0,359.68857,0.43245545,357.51736,359.99512,247.32803,5.6268554,231.3633,257.87164,7.179894,1.9101291,2.892394,17.097971,6.936385,4.5072923,10.680591,750192,0.0,14.351389,0.9566431,12.38112,17.097971,7.181293,0.24216762,6.642546,7.725454,1.4979941,0.918502,0.08344389,10.015805,1.2709455,0.46550488,3.3069642,750192,0.0,7.0101185,1.0633068,5.0544376,10.015805,1.4971107,0.11181302,1.2675098,1.7190413,-2.5941767e-07,1.9110426,-4.318161,5.662839,-0.04116106,-2.928161144256592,3.0088391304016113,123756,0.8350342312368033,4.811572,0.57185674,4.0798388,5.662839,0.0011289304,0.036035582,-0.055903647,0.080381,-0.29906724110082816,1.8987278014099251,-4.869342915982447,4.4002405028237845,-0.33939982371295996,-3.225362619574342,2.701242738197983,750192,0.0,3.897594454051709,0.24766137838345953,3.345236069403335,4.4002405028237845,-0.2974907455467377,0.20804029299458798,-0.654646943560222,0.0519531412501807,-0.003488391,0.15904377,-1.889391,1.9820756,-0.013746836,-0.23506572842597961,0.255755290389061,123551,0.835307494614712,1.6552111,0.36394194,0.48331922,1.9820756,-0.0025595129,0.020532591,-0.029256424,0.044304244,0.00027326337790858874,0.016528421129523616,0,1,0.0,0.0,0.0,750192,0.0,0.16279069767441862,0.36917460154389625,0,1,0.0002719111640324933,0.0007204201243941507,0.0,0.0038812785388127853
14,1.0332261,4.597254,-15.020645,23.730011,0.9199753,-6.038169097900391,8.888404083251952,750192,0.0,17.695318,1.8329372,14.150085,23.730011,1.0269675,0.56728345,-0.3614349,2.150139,0.08506171,4.6769853,-18.914139,23.10289,-0.5806656,-6.722510528564453,8.094175720214842,750192,0.0,15.327111,1.6884001,11.722275,23.10289,0.08329221,0.4194688,-1.1445751,0.890798,281.7003,4.844345,259.4296,294.14856,281.91772,273.13165893554685,288.8838165283203,750192,0.0,291.71588,0.8779604,290.03452,294.14856,281.70212,0.58065534,280.39294,283.2018,284.9958,4.5213914,266.29077,303.95996,284.94934,277.466650390625,291.76441802978513,750192,0.0,297.4667,2.0169768,293.63196,303.95996,284.9973,0.57614565,283.50958,286.5127,101649.54,978.7478,95451.31,104816.375,101742.69,99879.221875,103114.9375,750192,0.0,104070.26,260.47693,103559.125,104816.375,101649.875,128.89194,101292.29,101932.15,286.0044,3.799328,278.6775,294.18262,285.66553,280.784912109375,291.62890625,750192,0.0,291.93045,0.74717706,290.74072,294.18262,286.0032,0.4359435,285.10413,287.2526,101420.85,976.4266,95232.39,104575.06,101515.06,99653.078125,102880.144140625,750192,0.0,103831.55,259.4455,103325.664,104575.06,101421.24,128.69534,101064.43,101703.234,0.00012844574,0.00035494356,0.0,0.013268471,3.33786e-06,0.0,0.0007448196411132812,750168,3.1991810096609896e-05,0.0057744067,0.0015485011,0.003818512,0.013268471,0.00012835507,2.0539403e-05,8.7500106e-05,0.0001802285,224.71579,95.473785,0.0009625582,360.00043,264.31268,30.122328,328.90186,750192,0.0,359.9016,0.11704597,359.16153,360.00043,224.6515,9.194406,201.44576,247.77014,4.591778,1.4878529,1.883174,14.735894,4.178319,2.9674497,7.665413,750192,0.0,12.051696,0.94177425,9.752068,14.735894,4.5922413,0.17432332,4.2408404,4.968542,0.61040556,0.37338102,0.045530524,2.758045,0.51080406,0.19679491,1.360147,750192,0.0,2.3489962,0.1268349,2.0227745,2.758045,0.60989624,0.042014334,0.5071869,0.71578294,-3.0511788e-07,1.444002,-3.9510553,3.4939446,0.19494486,-2.470055103302002,2.1309447288513184,284604,0.6206251199692878,3.0206013,0.17470431,2.6229448,3.4939446,0.006392674,0.15944609,-0.3550125,0.30654857,-0.009941978066143213,1.3751218026453014,-3.4948183276530402,2.9004882557779963,0.09563444258539458,-2.2480935261631894,2.0567536358544274,750192,0.0,2.762072500731008,0.08631403992889446,2.5807444835207933,2.9004882557779963,-0.009393751188142742,0.01633437353059439,-0.03166399851920945,0.10167804481830303,-0.010693203,0.40139064,-1.931872,1.9997692,-0.032694656,-0.6132717967033386,0.6619310855865476,283390,0.6222433723633416,1.7391996,0.3459631,1.0126143,1.9997692,-0.012362548,0.1282178,-0.21964954,0.24571013,0.0016182523940537889,0.040194945618111357,0,1,0.0,0.0,0.0,750192,0.0,0.20930232558139536,0.4068105973147886,0,1,0.0016095832383127594,0.004938271211188216,0.0,0.03016848816029144
140,1.4233983,4.2561407,-14.019119,21.15326,1.8207169,-5.746543121337891,7.9874420166015625,750192,0.0,14.233997,1.4372075,11.59462,21.15326,1.4179351,0.5153415,0.2459924,2.3776715,0.47780293,3.8850658,-15.255661,21.919174,0.40057373,-5.610655212402344,7.089337921142569,750192,0.0,15.18941,1.6359068,12.017654,21.919174,0.4780525,0.35935482,-0.3151833,1.2538958,280.9057,4.7627525,261.36374,293.09058,281.15952,272.6033630371094,288.0755279541016,750192,0.0,291.05603,0.91254264,289.27325,293.09058,280.90643,0.6235161,279.3664,282.3145,284.25192,4.9055977,265.90204,303.62592,284.20776,276.03331146240237,291.79337921142576,750192,0.0,297.74905,2.0846505,294.07336,303.62592,284.25467,0.66045403,282.59738,285.76913,101555.805,1061.1726,95043.44,104951.81,101657.69,99638.9375,103143.965625,750192,0.0,104148.02,272.31827,103543.625,104951.81,101556.58,134.33754,101224.27,101840.734,285.31076,3.7337792,277.40186,293.93262,285.01294,280.10986328125,290.94384765625,750192,0.0,291.07254,0.981385,289.1704,293.93262,285.31024,0.5562417,284.08426,286.80685,101326.72,1058.8087,94823.86,104710.734,101429.234,99412.4234375,102908.823828125,750192,0.0,103908.17,270.9033,103305.06,104710.734,101327.5,134.11897,100995.805,101611.61,9.650586e-05,0.00030974587,0.0,0.011207104,9.536743e-07,0.0,0.000560760498046875,750168,3.1991810096609896e-05,0.005321805,0.0014478359,0.0032444,0.011207104,9.640934e-05,1.6809001e-05,5.9071714e-05,0.00013429258,,,,,,,,0,1.0,,,,,,,,,,,,,,,,0,1.0,,,,,,,,,,,,,,,,0,1.0,,,,,,,,,5.4369593e-07,1.0931493,-3.1040285,2.5804713,-0.10732865,-1.8393285274505615,1.5729715824127197,310342,0.5863165696248427,2.308915,0.16726,1.9486716,2.5804713,0.0018543553,0.048576724,-0.11219407,0.17419708,-0.005764346678072451,1.0787942878197074,-3.045765425004634,2.105431571071444,-0.0813933623964195,-1.7893460797313878,1.547495188315356,750192,0.0,2.0037244196671677,0.05243439585760984,1.8894151573762645,2.105431571071444,-0.005997996820732831,0.011486044808094991,-0.05333776806752793,0.012359692185533448,-4.292828e-07,0.19876142,-1.2129887,1.7445918,-0.0053514224,-0.31404437869787216,0.3317621156573297,310342,0.5863165696248427,1.0668899,0.21280739,0.7370108,1.7445918,0.0022385865,0.048274595,-0.11036164,0.17931645,0.0,0.0,0,0,0.0,0.0,0.0,750192,0.0,0.0,0.0,0,0,0.0,0.0,0.0,0.0
141,1.4986377,4.6258206,-15.438065,22.085876,1.9022293,-6.276084136962891,8.632337951660155,750192,0.0,15.1078005,1.4537872,11.980743,22.085876,1.4925907,0.55605423,0.21964748,2.5329566,0.5088159,4.0513415,-16.947495,25.160095,0.49706268,-5.963797760009766,7.360907745361327,750192,0.0,15.664033,1.8237989,12.184814,25.160095,0.50894964,0.3820606,-0.32994747,1.3742274,280.90356,4.7916417,261.68103,292.96304,281.15588,272.5184326171875,288.09708709716796,750192,0.0,290.91464,0.8627091,289.3006,292.96304,280.90442,0.6350749,279.354,282.3237,284.22302,4.819741,266.30304,301.10428,284.18878,276.1303436279297,291.56585693359375,750192,0.0,296.29068,1.6951107,293.12805,301.10428,284.22534,0.65859383,282.5519,285.7587,101556.49,1053.9655,95063.19,104941.31,101655.44,99653.75,103135.875,750192,0.0,104139.766,269.5306,103572.375,104941.31,101557.28,133.43277,101228.914,101840.74,285.2874,3.6962128,277.37646,294.00488,285.04932,280.096435546875,290.85107421875,750192,0.0,290.89832,0.995244,289.2173,294.00488,285.28638,0.54813194,283.9492,286.75827,101300.26,1051.33,94817.86,104671.734,101399.92,99400.637109375,102873.002734375,750192,0.0,103871.59,267.80316,103306.06,104671.734,101301.055,133.19019,100973.375,101584.45,9.212456e-05,0.00029964675,0.0,0.01128006,9.536743e-07,0.0,0.0005311965942382812,750168,3.1991810096609896e-05,0.005361704,0.0016535325,0.0033388138,0.01128006,9.202797e-05,1.5903843e-05,5.8346497e-05,0.00012781081,,,,,,,,0,1.0,,,,,,,,,,,,,,,,0,1.0,,,,,,,,,,,,,,,,0,1.0,,,,,,,,,9.349306e-08,1.1004224,-2.8634121,2.746588,-0.059262156,-1.7334121465682983,1.6465880870819092,253482,0.6621104997120737,2.4246414,0.12788415,2.178788,2.746588,0.0008448795,0.033440314,-0.057786684,0.050572857,0.011591296500948095,1.0949485280200795,-2.8058347698532775,2.298889818937599,-0.045356597060806476,-1.706053216429746,1.6594376075746913,750192,0.0,2.1378986802112454,0.07365497428489697,1.9373220697408984,2.298889818937599,0.011798771755168917,0.040876674765020236,-0.05856573290256473,0.0814624249472966,0.0,0.15877333,-1.0919472,1.7683553,-0.005254451,-0.2498474709689617,0.2647808238863942,253482,0.6621104997120737,0.8208847,0.208964,0.5943765,1.7683553,0.0008248492,0.03040114,-0.05945234,0.06333744,0.0,0.0,0,0,0.0,0.0,0.0,750192,0.0,0.0,0.0,0,0,0.0,0.0,0.0,0.0
142,1.5017003,5.2633157,-17.685242,21.659225,2.096962,-7.683848571777343,9.49107208251953,750192,0.0,16.882727,1.3890576,13.6362,21.659225,1.4942769,0.68441904,-0.11325196,2.6996603,0.46234214,4.3309083,-17.204803,19.877579,0.21195984,-6.2278800964355465,8.071933746337887,750192,0.0,16.337227,1.2956979,13.214386,19.877579,0.46251386,0.36764997,-0.3182291,1.1824489,281.385,4.4923053,262.4742,293.08173,281.69684,273.50914154052737,288.06239166259763,750192,0.0,290.458,0.8475954,288.51373,293.08173,281.38666,0.56125224,280.04337,282.7095,284.45795,3.9361157,268.08148,297.61295,284.40967,277.8864807128906,290.3388946533203,750192,0.0,293.72937,1.416391,290.8487,297.61295,284.46054,0.5677729,282.91245,285.73715,101570.56,1077.3245,95073.375,104958.875,101690.125,99608.125,103160.590625,750192,0.0,104137.164,280.8008,103511.69,104958.875,101571.164,138.14888,101207.03,101865.68,285.7306,2.8190002,279.50928,293.66943,285.54785,281.771240234375,290.05029296875,750192,0.0,290.49756,1.0585958,288.3601,293.66943,285.73157,0.51179653,284.4758,286.9239,101140.69,1073.0796,94660.586,104508.06,101261.14,99183.171875,102720.480078125,750192,0.0,103688.49,278.17438,103074.5,104508.06,101141.28,137.74405,100778.484,101435.805,0.000109902496,0.0003258104,0.0,0.009767532,4.2915344e-06,0.0,0.0006155967712402344,750168,3.1991810096609896e-05,0.0052261464,0.0011113258,0.0034585,0.009767532,0.000109867724,1.7046605e-05,7.954878e-05,0.0001446789,,,,,,,,0,1.0,,,,,,,,,,,,,,,,0,1.0,,,,,,,,,,,,,,,,0,1.0,,,,,,,,,-0.00023443896,1.3198755,-3.3751407,4.976859,0.1647594,-2.2031407356262207,1.8849243402481073,242608,0.6766054556700152,2.9310281,0.4697488,2.5908594,4.976859,0.00030374937,0.03507965,-0.072230205,0.07615971,0.018542423322836486,1.3068225040824344,-3.373978187337009,2.754601297831323,0.15586266619243822,-2.160398317857801,1.894316529609054,750192,0.0,2.5590894469257206,0.09997700301605732,2.334065564928654,2.754601297831323,0.018973658743237323,0.06717757686832199,-0.09631443970008106,0.13251732005034994,0.0003824757,0.21830817,-1.9937488,1.9687972,-0.010640115,-0.26967295110225675,0.32243995219469057,242538,0.6766987651161303,1.1406333,0.45049772,0.4954204,1.9687972,0.0012951314,0.026030479,-0.05113076,0.047639772,9.330944611512785e-05,0.00965923079040942,0,1,0.0,0.0,0.0,750192,0.0,0.12790697674418605,0.3339862003801177,0,1,9.28699172697209e-05,0.0002995806739353347,0.0,0.0014840182648401827
143,1.8957882,5.586345,-16.438202,22.2527,2.335617,-7.313651275634766,10.585276031494129,750192,0.0,17.407671,1.3219291,14.399277,22.2527,1.8883412,0.6754221,0.36397305,3.150963,0.5952027,4.799857,-18.008545,26.317322,0.6252136,-7.10968017578125,8.750830841064452,750192,0.0,17.564047,1.9486556,14.410568,26.317322,0.59504646,0.4672985,-0.44221553,1.7157104,281.08405,4.77955,261.7337,293.11526,281.27258,272.6764389038086,288.1894836425781,750192,0.0,290.44946,0.927963,288.62885,293.11526,281.08508,0.6447775,279.6828,282.5211,284.14127,4.3818784,266.52716,297.78918,284.112,276.68686828613284,290.51531372070315,750192,0.0,293.75485,1.3813614,290.98187,297.78918,284.14212,0.6849315,282.5002,285.7363,101560.445,1038.477,95110.81,104932.0,101654.31,99689.284375,103121.9375,750192,0.0,104121.41,264.07977,103609.69,104932.0,101561.266,131.55577,101240.445,101843.2,285.24133,3.4829009,277.24854,293.12793,285.0227,280.301025390625,290.441650390625,750192,0.0,290.4698,1.0094675,288.4956,293.12793,285.23965,0.6124257,283.82443,286.70294,101373.195,1036.541,94931.39,104734.73,101467.68,99504.2515625,102929.6703125,750192,0.0,103925.49,262.8689,103418.06,104734.73,101373.98,131.3814,101053.67,101655.83,0.00010010168,0.00032381387,0.0,0.013659477,9.536743e-07,0.0,0.0005936622619628906,750168,3.1991810096609896e-05,0.005715265,0.0019865872,0.0035629272,0.013659477,9.9967205e-05,1.8069497e-05,6.24563e-05,0.00015083389,,,,,,,,0,1.0,,,,,,,,,,,,,,,,0,1.0,,,,,,,,,,,,,,,,0,1.0,,,,,,,,,,,,,,,,0,1.0,,,,,,,,,,,,,,,,0,1.0,,,,,,,,,,,,,,,,0,1.0,,,,,,,,,0.0,0.0,0,0,0.0,0.0,0.0,750192,0.0,0.0,0.0,0,0,0.0,0.0,0.0,0.0
145,1.7652967,4.299806,-14.744598,22.428299,2.0449753,-5.595096588134766,8.49778594970703,750192,0.0,16.23026,1.915972,13.167206,22.428299,1.7605991,0.51434207,0.5657771,2.7584605,0.7840708,3.7295587,-13.147476,21.122726,0.4591751,-4.848309326171875,7.327062225341795,750192,0.0,15.194035,1.7093104,11.490158,21.122726,0.78483,0.30279127,-0.0069182175,1.3729454,280.78165,4.384941,261.89038,292.59793,281.18976,273.14434814453125,287.4350250244141,750192,0.0,290.45053,0.74305093,288.81787,292.59793,280.78326,0.4720341,279.6051,282.07904,283.9156,4.128695,267.44788,301.05658,283.93176,276.9419281005859,290.342529296875,750192,0.0,295.54355,1.7502892,292.02356,301.05658,283.91885,0.44572443,282.65866,284.9021,101450.164,1194.3843,94245.0,104853.875,101582.56,99269.0625,103180.653125,750192,0.0,104211.195,252.97952,103543.56,104853.875,101450.734,151.50175,101064.0,101817.44,,,,,,,,0,1.0,,,,,,,,,100886.92,1188.7424,93722.31,104265.06,101020.11,98713.916015625,102605.078125,750192,0.0,103624.625,250.51822,102963.87,104265.06,100887.51,150.8872,100502.52,101251.95,0.00011981507,0.00034915417,0.0,0.009821892,6.198883e-06,0.0,0.0006732940673828125,750168,3.1991810096609896e-05,0.0055382554,0.001167021,0.003733158,0.009821892,0.000119759345,1.577879e-05,8.221802e-05,0.00015751904,222.27412,54.60824,0.0010867566,359.99323,234.29916,102.56572,288.82043,750192,0.0,359.1347,1.946225,346.5477,359.99323,222.23969,5.720027,204.36903,235.32681,7.3205385,1.5502924,3.3237448,15.296615,7.1406646,5.1050105,10.127466,750192,0.0,13.172308,0.84869266,11.275546,15.296615,7.3203864,0.21061163,6.89848,7.790979,1.4689273,0.8786242,0.18710148,10.439505,1.244141,0.49325705,3.2108755,750192,0.0,6.5191464,1.0271533,4.498916,10.439505,1.4686234,0.10582128,1.1706358,1.7039628,,,,,,,,0,1.0,,,,,,,,,,,,,,,,0,1.0,,,,,,,,,,,,,,,,0,1.0,,,,,,,,,0.0,0.0,0,0,0.0,0.0,0.0,750192,0.0,0.0,0.0,0,0,0.0,0.0,0.0,0.0
146,1.8335081,5.0673065,-16.45575,23.535004,1.8658295,-6.4367729187011715,10.05107498168945,750192,0.0,18.181414,1.7003812,14.723755,23.535004,1.8274826,0.62734854,0.44720381,3.0586035,0.87023824,5.136154,-19.009933,21.30893,0.9045639,-7.463529968261719,9.317716979980467,750192,0.0,17.48717,1.330711,14.997314,21.30893,0.8711504,0.44735616,-0.17999446,1.7651863,281.00803,4.4356422,261.74994,292.5191,281.3051,273.2891571044922,287.62249755859375,750192,0.0,290.24997,0.8410037,288.46716,292.5191,281.00974,0.54121923,279.70398,282.35757,284.11655,3.830385,268.32104,298.06915,284.06696,277.78497924804685,289.74609375,750192,0.0,294.12848,1.5647442,290.86127,298.06915,284.1183,0.5225277,282.63773,285.35272,101478.46,1153.7506,94630.375,104949.375,101604.375,99374.284375,103176.5625,750192,0.0,104190.35,282.29047,103537.25,104949.375,101479.234,144.71165,101122.875,101802.33,,,,,,,,0,1.0,,,,,,,,,101154.77,1150.4276,94322.5,104611.06,101281.47,99055.60234375,102845.40625,750192,0.0,103852.62,280.53485,103204.164,104611.06,101155.58,144.3539,100800.49,101477.27,0.000112189366,0.00031839483,0.0,0.011702061,6.198883e-06,0.0,0.0006384849548339844,750168,3.1991810096609896e-05,0.005214921,0.0016216378,0.0031175613,0.011702061,0.00011212489,1.61131e-05,7.626646e-05,0.00014755121,239.12918,69.599625,2.217805e-05,360.0012,244.18991,67.006615,344.1967,750192,0.0,359.92496,0.0896469,359.52133,360.0012,239.0858,6.3409038,222.0732,250.26295,5.876707,1.4171311,2.6036863,15.861451,5.656541,3.962751,8.532785,750192,0.0,12.145495,1.062329,10.106262,15.861451,5.877109,0.16602321,5.4443774,6.2270703,1.1071423,0.7068271,0.0752271,7.7648582,0.92867756,0.31684098,2.5081744,750192,0.0,5.094196,0.7957604,3.6698618,7.7648582,1.106331,0.07998457,0.9411724,1.2769008,9.344124,0.66169304,0.8351474,9.999847,9.479148,8.493147850036621,9.952147483825684,81029,0.8919889841533901,9.997553,0.004316567,9.981348,9.999847,9.3658,0.22428402,7.737512,9.532298,7.942194091000679,0.37309901538161094,6.856890628759324,9.136871827640556,7.928084412508359,7.339673528025481,8.589565169455822,750192,0.0,8.956727141284269,0.11551009485999994,8.69737554636232,9.136871827640556,7.942390007536187,0.0392266016693977,7.872728390494039,8.011880793308183,1.267284,0.5148676,-1.9984834,1.9999666,1.3249958,0.5000992834568024,1.9187610268592832,68110,0.9092099089299805,1.9980365,0.0017693229,1.9892461,1.9999666,1.2808018,0.11137151,0.5982055,1.4640958,0.017220924776590527,0.13009367596631874,0,1,0.0,0.0,0.0,750192,0.0,0.7441860465116279,0.43631774509985394,0,1,0.01713487510379729,0.012872203542760469,0.0,0.07900728597449909
147,1.6746743,4.0810833,-14.317642,21.435883,1.7196732,-4.998954010009766,8.367650604248045,750192,0.0,16.369123,1.8259307,12.700119,21.435883,1.6704516,0.48499072,0.67832166,2.6564612,0.7350778,4.025587,-13.835648,20.221588,0.5016098,-5.44105224609375,7.639952087402342,750192,0.0,15.272217,1.5398899,12.113174,20.221588,0.7366757,0.33056474,-0.1495868,1.402098,280.73523,4.3164,261.88525,292.22858,281.1409,273.2407562255859,287.23963470458983,750192,0.0,290.27338,0.8449666,288.4721,292.22858,280.7371,0.45898974,279.50427,281.98056,283.5595,3.9254038,265.08743,299.48865,283.63232,276.9031982421875,289.44291534423826,750192,0.0,294.96884,2.020326,290.57703,299.48865,283.5623,0.43554124,282.35587,284.55954,101433.19,1210.0629,94166.69,104783.625,101567.125,99222.75,103180.840625,750192,0.0,104210.58,255.11893,103556.375,104783.625,101433.76,153.65503,101041.766,101813.414,,,,,,,,0,1.0,,,,,,,,,100416.14,1201.4103,93215.91,103723.06,100551.85,98221.066796875,102142.620703125,750192,0.0,103152.0,249.80754,102517.68,103723.06,100416.69,152.52042,100028.12,100792.17,0.00017406589,0.00042435955,0.0,0.011309624,1.859665e-05,0.0,0.0009284019470214844,750168,3.1991810096609896e-05,0.0059662005,0.00145203,0.0039463043,0.011309624,0.00017396992,2.2672388e-05,0.00012041148,0.00021989035,277.2146,42.797134,0.0036923746,359.99527,281.54913,226.53316,329.239,750192,0.0,359.32605,1.6288465,347.7434,359.99527,277.20654,3.996356,263.40814,285.47452,8.204403,2.0036273,3.5971556,16.867985,7.9706826,5.3894205,11.834189,750192,0.0,15.137559,0.71394104,13.603043,16.867985,8.204419,0.254024,7.6122575,8.806908,1.3220105,0.70903695,0.16801389,7.169379,1.1523349,0.507691,2.7211015,750192,0.0,5.041796,0.77846503,3.2372553,7.169379,1.3212984,0.10025987,1.0750266,1.5273931,-4.9870756e-09,0.85695827,-2.3931825,2.3468175,-0.03018251,-1.303182601928711,1.3468174934387207,146864,0.8042314500821123,2.0788174,0.15533563,1.6468174,2.3468175,0.000110554065,0.046702255,-0.07305205,0.07760474,-0.261027924305838,0.8653284420392967,-2.5354440606288824,1.9896027309347186,-0.284496406717554,-1.5928937988002696,1.1072590604716277,750192,0.0,1.6013023613298571,0.20129836987878863,1.206350991981934,1.9896027309347186,-0.25951941925321625,0.19656868302613967,-0.5970514472165405,0.07065128311986581,4.1558965e-09,0.14229818,-0.7908046,0.9504026,-0.0094974,-0.21349154114723207,0.2536017090082169,146864,0.8042314500821123,0.6953842,0.13308415,0.5263522,0.9504026,-0.0016865899,0.018394193,-0.03424532,0.0381618,0.0,0.0,0,0,0.0,0.0,0.0,750192,0.0,0.0,0.0,0,0,0.0,0.0,0.0,0.0
148,1.9844348,4.9245424,-17.162766,24.38884,2.5683365,-6.75445556640625,9.266254425048825,750192,0.0,16.837019,1.9597375,13.128372,24.38884,1.9786057,0.60841334,0.500317,3.1230502,1.1402886,4.7556133,-16.254898,24.241592,1.089325,-6.402708435058594,9.135074615478512,750192,0.0,17.907011,1.7381358,14.928558,24.241592,1.1408738,0.39323846,0.17296727,1.9639738,281.1146,4.1948185,265.06445,292.04553,281.3495,273.9306365966797,287.59356689453125,750192,0.0,289.88162,0.7860958,288.3849,292.04553,281.11707,0.4626422,279.8481,282.3343,284.24738,3.6081128,270.69702,295.8722,284.07678,278.3645080566406,289.71732940673826,750192,0.0,292.34894,1.1396731,290.4662,295.8722,284.24936,0.42315373,283.0956,285.22443,101444.39,1191.2003,94335.75,104886.875,101574.75,99266.625,103179.75,750192,0.0,104211.07,260.7741,103539.5,104886.875,101445.07,149.8037,101070.055,101800.74,285.15717,2.8393874,280.406,293.43237,284.74658,281.543212890625,289.494873046875,750192,0.0,289.9975,1.0389416,288.0193,293.43237,285.15686,0.3515734,284.1917,285.97208,101198.32,1188.6791,94103.92,104629.3,101329.23,99024.18046875,102928.1078125,750192,0.0,103954.4,259.76495,103284.85,104629.3,101199.02,149.53545,100824.734,101553.66,0.00011548399,0.00034739313,0.0,0.010584831,4.2915344e-06,0.0,0.00066375732421875,750168,3.1991810096609896e-05,0.005340576,0.0012768653,0.0032978058,0.010584831,0.00011542382,1.5815629e-05,8.135359e-05,0.00016011468,195.24858,57.238064,0.0020077603,359.99316,207.29547,76.27055,272.44827,750192,0.0,359.56537,0.6797836,355.29944,359.99316,195.21252,5.7495074,174.66742,205.95694,5.872026,1.3233501,2.627287,13.560289,5.7089634,3.975182,8.312007,750192,0.0,11.143529,0.85798115,9.706349,13.560289,5.8720646,0.18367827,5.453094,6.2604384,0.95247877,0.62595314,0.07928465,7.555175,0.7916477,0.26777813,2.184234,750192,0.0,4.644733,0.7380338,3.2892032,7.555175,0.9523214,0.06824613,0.7564014,1.1001118,-1.8924288e-08,1.0735258,-2.5322547,2.7707453,-0.012254804,-1.6252548694610596,1.628745198249817,112883,0.8495278542026574,2.4101453,0.15838133,2.1397452,2.7707453,0.0014942427,0.06475494,-0.09394125,0.12053656,-0.38317611592899115,1.0892113890828785,-3.1328643803664016,2.3042927124618218,-0.3924836138660148,-2.0646597935307187,1.3052957629389985,750192,0.0,1.7933811828264836,0.27704357826472326,1.2900370073461822,2.3042927124618218,-0.3810502822587206,0.2711724505103779,-0.8461440356132208,0.07385377047952431,1.4930723e-05,0.14566775,-0.82446504,1.0796854,-0.008783479,-0.22097706347703933,0.25535661280155153,112883,0.8495278542026574,0.73511124,0.15016483,0.5502094,1.0796854,0.0034590922,0.04486106,-0.093130626,0.05782612,0.0,0.0,0,0,0.0,0.0,0.0,750192,0.0,0.0,0.0,0,0,0.0,0.0,0.0,0.0
15,1.1117421,4.935603,-16.31955,24.205582,1.0268402,-6.6006317138671875,9.457803344726557,750192,0.0,18.485594,1.854295,14.7369995,24.205582,1.1047642,0.6137635,-0.4226201,2.309168,-0.04901295,4.9338717,-20.297928,23.831406,-0.72148895,-7.278983306884766,8.326097869873042,750192,0.0,15.781456,1.7337073,12.016754,23.831406,-0.050733905,0.43797728,-1.3510716,0.7913765,281.82324,4.7470045,260.1179,293.82727,282.034,273.4035369873047,288.8741455078125,750192,0.0,291.48422,0.8175206,289.72433,293.82727,281.8251,0.574774,280.5684,283.3046,285.1182,4.3200264,267.13257,303.71844,285.07574,277.9197250366211,291.5219528198242,750192,0.0,296.71066,1.867789,293.24365,303.71844,285.11908,0.5632731,283.68353,286.56964,101645.96,984.5413,95418.81,104818.875,101741.69,99863.4375,103116.125,750192,0.0,104072.03,261.29715,103549.625,104818.875,101646.336,129.57574,101285.69,101930.56,286.09164,3.6386633,278.96558,293.99512,285.8047,281.08642578125,291.478271484375,750192,0.0,291.74197,0.7080361,290.53076,293.99512,286.09003,0.44401544,285.1489,287.355,101602.55,984.0923,95377.39,104773.06,101698.445,99820.489453125,103071.80390625,750192,0.0,104026.734,261.02963,103505.664,104773.06,101602.9,129.53868,101242.43,101887.11,0.00010983912,0.0003368235,0.0,0.011703491,1.9073486e-06,0.0,0.0006489753723144531,750168,3.1991810096609896e-05,0.005986361,0.0016228937,0.003464222,0.011703491,0.00010976962,1.6928554e-05,7.2430965e-05,0.00015270541,231.38774,94.7435,0.000779941,360.00174,270.85223,29.81773,330.53146,750192,0.0,359.91397,0.08196038,359.637,360.00174,231.31706,8.89598,209.47118,253.99518,5.465972,1.771938,2.2613478,15.306106,4.996232,3.4316013,9.082833,750192,0.0,13.108491,0.8892403,10.235293,15.306106,5.466541,0.21952477,4.9937263,5.934349,0.81470525,0.47461247,0.07235679,4.0158577,0.69533193,0.28052223,1.757339,750192,0.0,3.2402506,0.27925178,2.6073444,4.0158577,0.8140887,0.054176915,0.6897829,0.9407472,0.12487044,2.7987485,-4.9996514,6.6873484,0.08134842,-4.1846513748168945,4.6343488693237305,260768,0.6523983193635763,6.42073,0.20674106,5.686348,6.6873484,0.121181615,0.041063115,-0.010962727,0.20293236,-0.0889732269757243,2.8811984493312908,-6.903118041971883,6.773439406754726,-0.1552436942334084,-4.580506942848704,4.514979349804639,750192,0.0,6.380745975356236,0.20090407565369398,5.9373946193987,6.773439406754726,-0.08846226864538281,0.08043637070676052,-0.2265269805654094,0.047868709717196326,-2.1387163e-05,0.1855588,-0.7980805,1.4443679,-0.005492475,-0.29287177324295044,0.30991505980491635,260768,0.6523983193635763,0.9550869,0.20607752,0.36004132,1.4443679,0.0009569048,0.031623323,-0.05562343,0.104640335,0.0,0.0,0,0,0.0,0.0,0.0,750192,0.0,0.0,0.0,0,0,0.0,0.0,0.0,0.0
151,1.8335081,5.0673065,-16.45575,23.535004,1.8658295,-6.4367729187011715,10.05107498168945,750192,0.0,18.181414,1.7003812,14.723755,23.535004,1.8274826,0.62734854,0.44720381,3.0586035,0.87023824,5.136154,-19.009933,21.30893,0.9045639,-7.463529968261719,9.317716979980467,750192,0.0,17.48717,1.330711,14.997314,21.30893,0.8711504,0.44735616,-0.17999446,1.7651863,281.00803,4.4356422,261.74994,292.5191,281.3051,273.2891571044922,287.62249755859375,750192,0.0,290.24997,0.8410037,288.46716,292.5191,281.00974,0.54121923,279.70398,282.35757,284.11655,3.830385,268.32104,298.06915,284.06696,277.78497924804685,289.74609375,750192,0.0,294.12848,1.5647442,290.86127,298.06915,284.1183,0.5225277,282.63773,285.35272,101478.46,1153.7506,94630.375,104949.375,101604.375,99374.284375,103176.5625,750192,0.0,104190.35,282.29047,103537.25,104949.375,101479.234,144.71165,101122.875,101802.33,,,,,,,,0,1.0,,,,,,,,,101154.77,1150.4276,94322.5,104611.06,101281.47,99055.60234375,102845.40625,750192,0.0,103852.62,280.53485,103204.164,104611.06,101155.58,144.3539,100800.49,101477.27,0.000112189366,0.00031839483,0.0,0.011702061,6.198883e-06,0.0,0.0006384849548339844,750168,3.1991810096609896e-05,0.005214921,0.0016216378,0.0031175613,0.011702061,0.00011212489,1.61131e-05,7.626646e-05,0.00014755121,239.12918,69.599625,2.217805e-05,360.0012,244.18991,67.006615,344.1967,750192,0.0,359.92496,0.0896469,359.52133,360.0012,239.0858,6.3409038,222.0732,250.26295,5.876707,1.4171311,2.6036863,15.861451,5.656541,3.962751,8.532785,750192,0.0,12.145495,1.062329,10.106262,15.861451,5.877109,0.16602321,5.4443774,6.2270703,1.1071423,0.7068271,0.0752271,7.7648582,0.92867756,0.31684098,2.5081744,750192,0.0,5.094196,0.7957604,3.6698618,7.7648582,1.106331,0.07998457,0.9411724,1.2769008,0.000114763985,1.7178962,-4.9506226,4.257377,-0.04762292,-2.642622947692871,2.729377269744873,267236,0.6437765265425384,3.931348,0.18847942,3.457377,4.257377,0.00034151162,0.074058555,-0.14053147,0.14730099,-0.17169792885508692,1.7128468826091723,-4.2998482858109695,4.109924210401283,-0.21600919396281892,-2.811525954371191,2.552570578414635,750192,0.0,3.661973094615251,0.21210311530808487,3.1949800954729612,4.109924210401283,-0.1704292615998913,0.17097495567619503,-0.4638388239848213,0.11730265582478197,0.0023150581,0.16075727,-1.9266907,1.2821887,-0.010613389,-0.23309344947338104,0.2865250408649444,267093,0.6439671444110308,0.82581,0.19568147,0.2838159,1.2821887,0.00763959,0.038584583,-0.059138454,0.14823978,0.00019061786849233262,0.01380512706643963,0,1,0.0,0.0,0.0,750192,0.0,0.05813953488372093,0.23400711392439658,0,1,0.000189645832934392,0.0009563506414469868,0.0,0.006050228310502283
152,1.6746743,4.0810833,-14.317642,21.435883,1.7196732,-4.998954010009766,8.367650604248045,750192,0.0,16.369123,1.8259307,12.700119,21.435883,1.6704516,0.48499072,0.67832166,2.6564612,0.7350778,4.025587,-13.835648,20.221588,0.5016098,-5.44105224609375,7.639952087402342,750192,0.0,15.272217,1.5398899,12.113174,20.221588,0.7366757,0.33056474,-0.1495868,1.402098,280.73523,4.3164,261.88525,292.22858,281.1409,273.2407562255859,287.23963470458983,750192,0.0,290.27338,0.8449666,288.4721,292.22858,280.7371,0.45898974,279.50427,281.98056,283.5595,3.9254038,265.08743,299.48865,283.63232,276.9031982421875,289.44291534423826,750192,0.0,294.96884,2.020326,290.57703,299.48865,283.5623,0.43554124,282.35587,284.55954,101433.19,1210.0629,94166.69,104783.625,101567.125,99222.75,103180.840625,750192,0.0,104210.58,255.11893,103556.375,104783.625,101433.76,153.65503,101041.766,101813.414,,,,,,,,0,1.0,,,,,,,,,100416.14,1201.4103,93215.91,103723.06,100551.85,98221.066796875,102142.620703125,750192,0.0,103152.0,249.80754,102517.68,103723.06,100416.69,152.52042,100028.12,100792.17,0.00017406589,0.00042435955,0.0,0.011309624,1.859665e-05,0.0,0.0009284019470214844,750168,3.1991810096609896e-05,0.0059662005,0.00145203,0.0039463043,0.011309624,0.00017396992,2.2672388e-05,0.00012041148,0.00021989035,277.2146,42.797134,0.0036923746,359.99527,281.54913,226.53316,329.239,750192,0.0,359.32605,1.6288465,347.7434,359.99527,277.20654,3.996356,263.40814,285.47452,8.204403,2.0036273,3.5971556,16.867985,7.9706826,5.3894205,11.834189,750192,0.0,15.137559,0.71394104,13.603043,16.867985,8.204419,0.254024,7.6122575,8.806908,1.3220105,0.70903695,0.16801389,7.169379,1.1523349,0.507691,2.7211015,750192,0.0,5.041796,0.77846503,3.2372553,7.169379,1.3212984,0.10025987,1.0750266,1.5273931,5.0019935e-09,0.8527795,-2.3532941,2.6547058,-0.02529414,-1.302294135093689,1.3367059230804443,146426,0.8048153006163755,2.0840218,0.21687056,1.4917059,2.6547058,-0.0003790777,0.048492275,-0.07375546,0.075277925,-0.2674146498929824,0.8607108006654659,-2.535552239754413,1.9638868764289452,-0.2904683168179575,-1.5930875584239064,1.0932497305557554,750192,0.0,1.5740201798523947,0.20497564571971916,1.1700377478237152,1.9638868764289452,-0.26587638932692165,0.20062968463147884,-0.6104091077932364,0.0711543289715151,6.516212e-05,0.15212016,-1.6176856,1.9988528,-0.009784095,-0.2152890793979168,0.25855040699243537,146422,0.8048206325847249,0.7967787,0.39728096,0.47388905,1.9988528,-0.0015068903,0.018265394,-0.03755331,0.037245214,5.3319683494358774e-06,0.0023090993741174065,0,1,0.0,0.0,0.0,750192,0.0,0.023255813953488372,0.1507148999629735,0,1,5.3022930858098154e-06,3.436281951478719e-05,0.0,0.00022831050228310502
153,1.9844348,4.9245424,-17.162766,24.38884,2.5683365,-6.75445556640625,9.266254425048825,750192,0.0,16.837019,1.9597375,13.128372,24.38884,1.9786057,0.60841334,0.500317,3.1230502,1.1402886,4.7556133,-16.254898,24.241592,1.089325,-6.402708435058594,9.135074615478512,750192,0.0,17.907011,1.7381358,14.928558,24.241592,1.1408738,0.39323846,0.17296727,1.9639738,281.1146,4.1948185,265.06445,292.04553,281.3495,273.9306365966797,287.59356689453125,750192,0.0,289.88162,0.7860958,288.3849,292.04553,281.11707,0.4626422,279.8481,282.3343,284.24738,3.6081128,270.69702,295.8722,284.07678,278.3645080566406,289.71732940673826,750192,0.0,292.34894,1.1396731,290.4662,295.8722,284.24936,0.42315373,283.0956,285.22443,101444.39,1191.2003,94335.75,104886.875,101574.75,99266.625,103179.75,750192,0.0,104211.07,260.7741,103539.5,104886.875,101445.07,149.8037,101070.055,101800.74,285.15717,2.8393874,280.406,293.43237,284.74658,281.543212890625,289.494873046875,750192,0.0,289.9975,1.0389416,288.0193,293.43237,285.15686,0.3515734,284.1917,285.97208,101198.32,1188.6791,94103.92,104629.3,101329.23,99024.18046875,102928.1078125,750192,0.0,103954.4,259.76495,103284.85,104629.3,101199.02,149.53545,100824.734,101553.66,0.00011548399,0.00034739313,0.0,0.010584831,4.2915344e-06,0.0,0.00066375732421875,750168,3.1991810096609896e-05,0.005340576,0.0012768653,0.0032978058,0.010584831,0.00011542382,1.5815629e-05,8.135359e-05,0.00016011468,195.24858,57.238064,0.0020077603,359.99316,207.29547,76.27055,272.44827,750192,0.0,359.56537,0.6797836,355.29944,359.99316,195.21252,5.7495074,174.66742,205.95694,5.872026,1.3233501,2.627287,13.560289,5.7089634,3.975182,8.312007,750192,0.0,11.143529,0.85798115,9.706349,13.560289,5.8720646,0.18367827,5.453094,6.2604384,0.95247877,0.62595314,0.07928465,7.555175,0.7916477,0.26777813,2.184234,750192,0.0,4.644733,0.7380338,3.2892032,7.555175,0.9523214,0.06824613,0.7564014,1.1001118,1.0656696e-09,1.1202476,-3.3895617,2.7104383,-0.00056165457,-1.6505616903305054,1.6654384136199951,114548,0.8473084223772047,2.3982382,0.1546304,2.1294384,2.7104383,0.0062047034,0.1556754,-0.51410425,0.1674085,-0.6992344740814818,1.1496403045132981,-3.815218029051387,2.308571567874599,-0.7022557116734379,-2.540061395186736,1.147861244939618,750192,0.0,1.4343664238519347,0.49887263548637956,0.5712936168436151,2.308571567874599,-0.6949544217258379,0.49566962452712177,-1.5431680002890362,0.17235662646957198,0.03157842,0.19977252,-1.9952953,1.0073406,0.024236225,-0.23618773221969605,0.3452752172946929,113493,0.8487147290293685,0.7606242,0.12980612,0.5248212,1.0073406,0.041409016,0.08739692,-0.1382035,0.25208527,0.0014063066521637128,0.037474377296544806,0,1,0.0,0.0,0.0,750192,0.0,0.023255813953488372,0.1507148999629735,0,1,0.0014003929064457896,0.012295358047623087,0.0,0.11461187214611872
154,1.731194,4.270458,-15.452164,21.88591,2.1806946,-5.819212341308594,8.121473693847655,750192,0.0,15.096249,1.7782564,11.747009,21.88591,1.7262315,0.5196536,0.48953608,2.7160342,0.9876855,4.2165194,-14.639664,22.357803,0.9395523,-5.691974639892578,8.063623046874994,750192,0.0,16.219772,1.68373,13.534988,22.357803,0.9882801,0.35119724,0.1101519,1.7351162,281.0634,4.231163,265.33594,292.67444,281.2982,273.8920074462891,287.6316802978516,750192,0.0,290.30954,0.8281223,288.56458,292.67444,281.0658,0.47689852,279.82224,282.30826,284.10147,3.8190122,269.77124,297.28314,283.9853,277.82734832763674,289.9735046386719,750192,0.0,293.42453,1.2793918,291.02206,297.28314,284.1039,0.43575102,282.91776,285.09024,101442.22,1193.8892,94327.0,104876.875,101572.75,99260.25,103180.590625,750192,0.0,104214.6,260.01004,103534.0,104876.875,101442.91,150.21083,101066.24,101801.41,,,,,,,,0,1.0,,,,,,,,,101072.9,1190.08,93977.92,104490.3,101204.08,98896.418359375,102803.0,750192,0.0,103829.35,258.53513,103151.85,104490.3,101073.53,149.81032,100698.07,101430.555,9.761521e-05,0.00031385812,0.0,0.009655476,2.861023e-06,0.0,0.0005645751953125,750168,3.1991810096609896e-05,0.005093968,0.0011488384,0.003148079,0.009655476,9.757023e-05,1.3306785e-05,6.730695e-05,0.00013475375,195.24858,57.238064,0.0020077603,359.99316,207.29547,76.27055,272.44827,750192,0.0,359.56537,0.6797836,355.29944,359.99316,195.21252,5.7495074,174.66742,205.95694,5.872026,1.3233501,2.627287,13.560289,5.7089634,3.975182,8.312007,750192,0.0,11.143529,0.85798115,9.706349,13.560289,5.8720646,0.18367827,5.453094,6.2604384,0.95247877,0.62595314,0.07928465,7.555175,0.7916477,0.26777813,2.184234,750192,0.0,4.644733,0.7380338,3.2892032,7.555175,0.9523214,0.06824613,0.7564014,1.1001118,-1.37008636e-08,1.107524,-2.5268118,3.2431881,-0.026811823,-1.6568118333816528,1.6931880712509155,111371,0.8515433382387442,2.4424741,0.39984754,1.2631881,3.2431881,0.0048004664,0.0501543,-0.06685791,0.07494921,-0.399266135267621,1.12285860131096,-3.1472674517916115,2.394801480049558,-0.42525111215539985,-2.1090740227524627,1.3547383336526757,750192,0.0,1.8647118980144513,0.2832894074615166,1.3610597451559958,2.394801480049558,-0.397096166311589,0.2766058888369255,-0.8716659856518955,0.06694714895731621,-0.00029673116,0.15388918,-1.6366189,1.9340724,-0.010590618,-0.2313908830285072,0.2694434911012648,111359,0.8515593341437926,0.77049005,0.39016145,0.053832654,1.9340724,-0.0043357373,0.029293291,-0.059633557,0.05587249,1.5995905048307635e-05,0.003999456110439184,0,1,0.0,0.0,0.0,750192,0.0,0.023255813953488372,0.1507148999629735,0,1,1.5888745560145557e-05,0.0001346622769994085,0.0,0.0012522768670309653
156,1.5723525,5.0118403,-14.906708,21.374496,1.9675903,-6.5675308227539055,9.349118041992185,750192,0.0,15.987366,1.3957537,13.255783,21.374496,1.5657371,0.59655815,0.15999168,2.8099155,0.8198628,5.0338564,-18.934921,24.020004,0.9768295,-7.385230255126953,9.001489257812494,750192,0.0,17.358383,1.8459667,13.104019,24.020004,0.8186021,0.5100702,-0.44273207,1.9085675,280.99164,4.936378,258.21454,293.65955,281.1449,272.37579956054685,288.3698257446289,750192,0.0,290.9718,1.0868762,289.0025,293.65955,280.99277,0.6896391,279.55145,282.476,284.04813,4.644842,265.66617,300.8762,284.0177,276.3113265991211,290.87030029296875,750192,0.0,294.98965,2.0422132,290.93347,300.8762,284.04898,0.7293007,282.3946,285.69055,101554.54,1030.2539,95156.31,104882.125,101641.75,99704.875,103113.875,750192,0.0,104115.51,265.94327,103603.56,104882.125,101555.38,129.97841,101246.87,101833.664,285.01578,3.7816362,275.67432,293.16113,284.80615,279.413330078125,290.707763671875,750192,0.0,290.72534,1.0077208,288.59985,293.16113,285.01443,0.7488367,283.54532,286.63815,101457.625,1029.2163,95063.39,104780.06,101545.17,99608.84609375,103014.370703125,750192,0.0,104014.0,265.39352,103502.19,104780.06,101458.51,129.88762,101150.25,101736.72,0.00010128949,0.0003266045,0.0,0.011493683,9.536743e-07,0.0,0.0005960464477539062,750168,3.1991810096609896e-05,0.0057481,0.0013626687,0.0035071373,0.011493683,0.000101140795,1.7274324e-05,6.458662e-05,0.00014670595,170.2815,103.008934,0.00028788904,360.00156,213.4804,17.52165,324.0296,750192,0.0,359.92575,0.092575595,359.3698,360.00156,170.1817,10.357612,145.69684,195.8652,4.2536826,0.75234604,1.9238348,9.026725,4.2098923,3.0971837,5.5521083,750192,0.0,7.281177,0.54505944,6.4705935,9.026725,4.252725,0.07273326,4.0610867,4.395964,0.7375411,0.4837741,0.046036538,5.6277337,0.6099324,0.20130078,1.7047118,750192,0.0,3.5000567,0.53054553,2.553832,5.6277337,0.73695207,0.043774456,0.618101,0.83047825,0.007520103,1.7575264,-4.9953856,8.251615,-0.059385538,-2.583385467529297,2.651614189147949,562865,0.24970540874869362,3.8466787,0.8730562,1.2466145,8.251615,0.006916484,0.17711768,-0.47972044,1.1918755,-0.015799932483735114,1.6973965781529572,-3.793937293844184,3.7168385842837925,-0.03780126503403058,-2.569527306726787,2.548298748798491,750192,0.0,3.485528639081431,0.11760463406285797,3.2082121869323736,3.7168385842837925,-0.015491718516355276,0.06310343779184673,-0.12447922373956763,0.09259664099477148,-0.008625309,0.24935384,-1.9999977,1.9999529,-0.017889187,-0.32651093006134035,0.3644588619470595,557694,0.2565983108324269,1.2361856,0.28162646,0.71773195,1.9999529,-0.009035351,0.059652213,-0.30750138,0.14841038,0.006892902083733231,0.08273687197735538,0,1,0.0,0.0,0.0,750192,0.0,0.12790697674418605,0.3339862003801179,0,1,0.006858124418633664,0.02892012855259038,0.0,0.18961187214611872
157,1.27037,3.985327,-13.023865,18.918442,1.6696243,-5.4356689453125,7.359403991699217,750192,0.0,13.753723,1.4621165,11.229446,18.918442,1.2652228,0.46425045,0.117609926,2.3089511,0.60104334,3.806687,-15.683487,21.522934,0.7346878,-5.6709548950195305,6.73836441040039,750192,0.0,13.642638,1.4901941,10.872559,21.522934,0.6003202,0.38454583,-0.31931058,1.3834357,280.4491,4.930724,261.17493,293.54205,280.63336,272.0247528076172,288.0024688720703,750192,0.0,291.25662,1.0483409,289.3449,293.54205,280.44998,0.6709411,278.8745,281.89197,283.74045,5.270328,264.9881,304.28952,283.70752,275.1736785888672,292.0647857666016,750192,0.0,298.10886,2.0920541,293.5155,304.28952,283.74377,0.71823174,282.09183,285.30124,101523.81,1061.1904,95205.06,104913.81,101614.19,99622.75,103131.8125,750192,0.0,104147.22,268.8334,103564.44,104913.81,101524.766,132.5129,101219.17,101803.52,284.53036,3.9666617,275.65967,295.886,284.23975,278.805908203125,290.716064453125,750192,0.0,290.68146,1.7639494,288.29834,295.886,284.53183,0.68060726,283.12085,285.94415,101224.586,1058.0112,94917.39,104598.734,101316.3,99326.875,102824.480078125,750192,0.0,103833.81,267.1233,103250.08,104598.734,101225.57,132.22734,100920.7,101504.07,8.39784e-05,0.00027279547,0.0,0.011826515,9.536743e-07,0.0,0.00048351287841796875,750168,3.1991810096609896e-05,0.0049718036,0.0015288577,0.0025367737,0.011826515,8.388708e-05,1.3541723e-05,5.327738e-05,0.00012090115,163.64247,99.28928,1.0274276e-05,359.99796,183.60739,23.189047,324.37476,750192,0.0,359.9216,0.074842095,359.66092,359.99796,163.5424,9.978792,138.54149,189.78036,3.6619108,0.78015214,1.6554041,7.867056,3.5922823,2.5176964,5.0453153,750192,0.0,6.7063875,0.50249773,5.899681,7.867056,3.6612177,0.06898544,3.4784005,3.840202,0.6005468,0.4130847,0.033382673,4.604052,0.49275887,0.15510088,1.4215548,750192,0.0,2.9092128,0.40831688,2.2213159,4.604052,0.60013276,0.03326139,0.51688486,0.6828252,-0.22780165,1.7670704,-4.3338346,9.999165,-0.31083488,-2.598834753036499,2.332165002822876,472266,0.3704731588713289,4.639083,2.4101126,2.977165,9.999165,-0.1921629,0.58694416,-2.6305404,2.2722175,-0.2266340516391088,1.4590701078921273,-3.216278930108463,3.1117202834243343,-0.3135241061686287,-2.3203626194765574,2.066484170588761,750192,0.0,2.9331221961913214,0.10176089829575798,2.712301679035936,3.1117202834243343,-0.22700573116959102,0.00879533361727059,-0.3023461370554948,-0.21983101469598673,0.054370087,0.34300894,-1.9996377,1.9998484,0.038341086,-0.40750113874673843,0.578161340951919,451888,0.39763687162753003,1.7097839,0.2736221,1.1310228,1.9998484,0.065969385,0.19713485,-0.20445178,1.2350017,0.03127066137735406,0.17404828960485919,0,1,0.0,0.0,0.0,750192,0.0,0.313953488372093,0.46409772194128157,0,1,0.03113636699934022,0.10358068361102281,0.0,0.6154109589041096
158,1.7746041,5.799952,-19.848557,24.1669,2.2576141,-8.094164276123047,10.815121459960935,750192,0.0,18.971277,1.6128703,16.14151,24.1669,1.7683934,0.70737994,0.21888594,3.192916,0.6591293,4.2860255,-17.95816,19.89647,0.41944885,-6.205593872070312,7.971754455566405,750192,0.0,15.594453,1.3520157,12.94812,19.89647,0.65940654,0.36873764,-0.283306,1.3140324,280.88232,4.5581136,261.52304,293.225,281.0744,272.9492523193359,287.7783203125,750192,0.0,290.46268,0.8689362,288.75726,293.225,280.88367,0.5642102,279.60556,282.23486,283.9481,4.175281,267.86597,297.29947,283.86557,277.04132690429685,290.16790771484375,750192,0.0,294.1251,1.3715267,291.27997,297.29947,283.9498,0.5753057,282.44916,285.23853,101523.05,1116.3837,95012.31,104967.625,101642.625,99493.0,103176.625,750192,0.0,104182.81,285.91733,103508.75,104967.625,101523.81,140.6547,101172.48,101824.96,284.9088,3.6458306,277.7915,292.96338,284.5769,279.887939453125,290.44677734375,750192,0.0,290.65018,0.8538702,288.63232,292.96338,284.90747,0.533408,283.65744,286.06644,100871.86,1109.8356,94391.74,104284.06,100993.516,98850.58671875,102509.49140625,750192,0.0,103501.33,282.17953,102825.11,104284.06,100872.6,139.98477,100523.32,101171.01,0.00012764,0.0003385798,0.0,0.008111954,7.1525574e-06,0.0,0.0007262229919433594,750168,3.1991810096609896e-05,0.004984592,0.0011631558,0.0031943321,0.008111954,0.0001274859,2.0506217e-05,8.441972e-05,0.00017293617,238.4018,59.619873,0.0051244535,359.99655,253.62881,83.41727,303.1874,750192,0.0,359.4632,0.57218075,356.80505,359.99655,238.38472,5.6100373,222.50641,250.23341,6.6080046,1.9048831,2.5115347,16.555706,6.3633738,3.9393425,10.105686,750192,0.0,13.908828,1.0126868,12.042204,16.555706,6.6096163,0.230786,6.0993495,7.0640826,1.0560707,0.7117667,0.04853178,8.133099,0.87051725,0.28950906,2.468459,750192,0.0,5.611107,0.9129259,3.7836475,8.133099,1.0553807,0.08494824,0.88172185,1.2309617,9.296675,0.54732144,-2.2152028,9.999797,9.414297,8.117796897888184,9.947796821594238,52312,0.9302685179260776,9.998628,0.0018159667,9.993397,9.999797,9.327821,0.1870664,8.060328,9.437659,8.893428648127548,0.339779365062341,8.045333653784908,9.700243984438723,8.932016826288473,8.35067631459648,9.432907161836102,750192,0.0,9.632853100675586,0.033037594653722885,9.562224776658987,9.700243984438723,8.893895947281477,0.026216513402299555,8.848206619424314,8.98862518562329,0.38040307,0.5864379,-1.9945699,1.838379,0.4257413,-0.6487618088722229,1.286377727985382,52291,0.9302965107599122,1.6797931,0.12800816,1.1485586,1.838379,0.40152112,0.1609533,-0.49116343,0.7045443,2.799283383453836e-05,0.005290751386692849,0,1,0.0,0.0,0.0,750192,0.0,0.03488372093023256,0.18348527718673832,0,1,2.784610554914348e-05,0.00015932998534391415,0.0,0.001141552511415525
159,1.1172862,3.2275531,-10.859116,18.358337,1.1296921,-4.000668334960937,6.5446624755859375,750192,0.0,12.619736,1.487784,9.528778,18.358337,1.1142151,0.3604227,0.2729284,1.9008945,0.5454393,3.00289,-12.656403,14.193314,0.5124817,-4.209547424316407,5.650563812255857,750192,0.0,11.698597,1.0950023,9.3520355,14.193314,0.54460806,0.29100347,-0.10611284,1.1002612,280.05383,5.027312,249.90227,295.6209,280.4823,271.2936050415039,287.574462890625,750192,0.0,291.84253,1.2059906,289.54892,295.6209,280.05386,0.6861259,278.21484,281.56018,283.304,5.767972,252.8093,308.68475,283.34033,273.7124496459961,292.51104125976565,750192,0.0,301.24442,2.3338227,297.2826,308.68475,283.30988,0.7274737,281.1761,284.75305,101518.13,1108.7692,95239.625,104958.81,101628.56,99513.5625,103175.153125,750192,0.0,104202.79,288.09064,103458.75,104958.81,101518.945,138.50926,101187.71,101807.93,,,,,,,,0,1.0,,,,,,,,,100604.336,1100.4398,94364.586,103996.45,100717.67,98611.14921875,102237.940234375,750192,0.0,103244.24,281.79465,102493.11,103996.45,100605.17,137.59438,100276.27,100890.336,9.163647e-05,0.00029734214,0.0,0.011187553,9.536743e-07,0.0,0.0005350112915039062,750168,3.1991810096609896e-05,0.0049555996,0.0013092463,0.002851963,0.011187553,9.154002e-05,1.594785e-05,5.9517057e-05,0.0001349761,,,,,,,,0,1.0,,,,,,,,,,,,,,,,0,1.0,,,,,,,,,,,,,,,,0,1.0,,,,,,,,,-0.94239235,3.6660004,-4.6083927,2.723608,-0.94239235,-4.241792678833008,2.3570079803466792,2,0.9999973340158252,-0.94239235,3.6660004,-4.6083927,2.723608,-0.94239235,3.6660004,-4.6083927,2.723608,,,,,,,,0,1.0,,,,,,,,,,,,,,,,0,1.0,,,,,,,,,0.0,0.0,0,0,0.0,0.0,0.0,750192,0.0,0.0,0.0,0,0,0.0,0.0,0.0,0.0
16,1.0332261,4.597254,-15.020645,23.730011,0.9199753,-6.038169097900391,8.888404083251952,750192,0.0,17.695318,1.8329372,14.150085,23.730011,1.0269675,0.56728345,-0.3614349,2.150139,0.08506171,4.6769853,-18.914139,23.10289,-0.5806656,-6.722510528564453,8.094175720214842,750192,0.0,15.327111,1.6884001,11.722275,23.10289,0.08329221,0.4194688,-1.1445751,0.890798,281.7003,4.844345,259.4296,294.14856,281.91772,273.13165893554685,288.8838165283203,750192,0.0,291.71588,0.8779604,290.03452,294.14856,281.70212,0.58065534,280.39294,283.2018,284.9958,4.5213914,266.29077,303.95996,284.94934,277.466650390625,291.76441802978513,750192,0.0,297.4667,2.0169768,293.63196,303.95996,284.9973,0.57614565,283.50958,286.5127,101649.54,978.7478,95451.31,104816.375,101742.69,99879.221875,103114.9375,750192,0.0,104070.26,260.47693,103559.125,104816.375,101649.875,128.89194,101292.29,101932.15,286.0044,3.799328,278.6775,294.18262,285.66553,280.784912109375,291.62890625,750192,0.0,291.93045,0.74717706,290.74072,294.18262,286.0032,0.4359435,285.10413,287.2526,101420.85,976.4266,95232.39,104575.06,101515.06,99653.078125,102880.144140625,750192,0.0,103831.55,259.4455,103325.664,104575.06,101421.24,128.69534,101064.43,101703.234,0.00012844574,0.00035494356,0.0,0.013268471,3.33786e-06,0.0,0.0007448196411132812,750168,3.1991810096609896e-05,0.0057744067,0.0015485011,0.003818512,0.013268471,0.00012835507,2.0539403e-05,8.7500106e-05,0.0001802285,224.71579,95.473785,0.0009625582,360.00043,264.31268,30.122328,328.90186,750192,0.0,359.9016,0.11704597,359.16153,360.00043,224.6515,9.194406,201.44576,247.77014,4.591778,1.4878529,1.883174,14.735894,4.178319,2.9674497,7.665413,750192,0.0,12.051696,0.94177425,9.752068,14.735894,4.5922413,0.17432332,4.2408404,4.968542,0.61040556,0.37338102,0.045530524,2.758045,0.51080406,0.19679491,1.360147,750192,0.0,2.3489962,0.1268349,2.0227745,2.758045,0.60989624,0.042014334,0.5071869,0.71578294,-4.676884e-08,1.1877499,-2.9537835,3.1262167,0.05221653,-1.8837834596633911,1.7962167263031006,163293,0.7823317230788918,2.600255,0.45184514,0.6762166,3.1262167,-0.01701641,0.08561759,-0.3904501,0.0783825,-0.0027403036563868966,1.180538194251376,-2.7087789115314305,2.6165238228951244,0.04951916301950973,-1.856266167589848,1.7719661650213359,750192,0.0,2.4905013439854984,0.08120573352653306,2.3175700132577113,2.6165238228951244,-0.002771404028681749,0.004731697374970234,-0.01111938141587757,0.0055099535967545145,7.194785e-06,0.15274942,-0.69500244,1.2608229,-0.010739064,-0.23161434829235078,0.26844503283500665,163293,0.7823317230788918,0.72336984,0.2488608,0.10441025,1.2608229,-0.005129215,0.043096658,-0.14817558,0.05231229,0.0,0.0,0,0,0.0,0.0,0.0,750192,0.0,0.0,0.0,0,0,0.0,0.0,0.0,0.0
160,1.4800363,4.4781027,-14.052689,20.101395,1.8167343,-6.0199333190917965,8.349063873291012,750192,0.0,15.142299,1.5588851,12.0985565,20.101395,1.4743226,0.5302771,0.11455928,2.7264738,0.8097927,4.515553,-17.29097,23.855331,0.94802904,-6.529185485839843,8.12260284423828,750192,0.0,15.797528,1.6529475,12.361038,23.855331,0.8092364,0.4579722,-0.3810067,1.7206799,280.34265,5.009856,260.2752,293.6264,280.464,271.83190155029297,288.0945709228516,750192,0.0,291.36795,0.98502624,289.3468,293.6264,280.34332,0.70168227,278.74927,281.9004,283.63504,5.1121483,265.5451,301.19708,283.5468,275.4044662475586,291.63017120361326,750192,0.0,296.27072,1.5568986,292.96027,301.19708,283.63702,0.73016936,282.0856,285.1805,101498.65,1069.6605,95184.31,104870.06,101587.25,99587.25,103123.0625,750192,0.0,104139.72,281.1956,103450.06,104870.06,101499.71,132.6396,101204.15,101773.46,,,,,,,,0,1.0,,,,,,,,,101324.39,1067.8055,95017.19,104687.734,101413.69,99415.015625,102944.105078125,750192,0.0,103957.33,280.2958,103268.64,104687.734,101325.42,132.47084,101030.24,101598.96,7.418523e-05,0.0002462675,0.0,0.010383129,9.536743e-07,0.0,0.0004220008850097656,750168,3.1991810096609896e-05,0.0045316885,0.0014016388,0.0023493767,0.010383129,7.408994e-05,1.1540481e-05,4.9398506e-05,0.000104910825,167.13358,107.70085,0.0004042876,360.0028,193.97003,11.932257,343.172,750192,0.0,359.96786,0.036675535,359.85413,360.0028,167.02792,10.838123,140.41591,194.97437,4.3794713,0.90060776,1.8329935,8.769137,4.324276,2.989969,5.947069,750192,0.0,7.6496844,0.46528825,6.8656034,8.769137,4.37823,0.081977464,4.130455,4.5469913,0.98455364,0.6300968,0.035924096,6.9353995,0.8325844,0.2603525,2.2327793,750192,0.0,4.456366,0.5793447,3.4949577,6.9353995,0.9837004,0.05290298,0.8117342,1.0861329,-0.08661298,1.6134664,-3.742533,9.994467,-0.29903293,-1.8915328979492188,1.7564671039581299,311106,0.5852981636701005,4.997459,3.4904613,1.8944671,9.994467,-0.1022005,0.6059354,-0.49382457,2.6997132,-0.20820089033419031,1.0316770172224405,-2.9133304015634938,2.4654961474311916,-0.2428585609677653,-1.8118898411401285,1.4562650534588935,750192,0.0,1.9709033291176967,0.2837333587778863,1.4822842757375576,2.4654961474311916,-0.20615573520736358,0.28276455228921354,-0.6902339111135842,0.26987647061158815,-0.19421384,0.38417527,-1.998725,1.9992999,-0.20998406,-0.8018338352441787,0.3591972529888158,296552,0.6046985305095229,1.4995077,0.48536137,0.46445844,1.9992999,-0.19261332,0.19268627,-0.46205577,0.09775036,0.01982959029155203,0.13941440973020403,0,1,0.0,0.0,0.0,750192,0.0,0.18604651162790697,0.3891441983879422,0,1,0.01974048793282234,0.06908042149312248,0.0,0.4726027397260274
161,1.7453077,4.972629,-15.525314,24.762634,1.9396896,-6.223868560791016,9.793811798095685,750192,0.0,17.802334,1.8158387,14.924515,24.762634,1.7403764,0.5905576,0.4602612,2.9066195,0.3640176,3.600163,-15.117142,17.542786,-0.017822266,-5.121978759765625,6.701148223876952,750192,0.0,14.301639,1.2946796,11.6033325,17.542786,0.36382985,0.31380007,-0.35526752,1.0176281,280.7605,4.7086196,260.73013,293.5205,280.9301,272.5964752197266,287.94132843017576,750192,0.0,291.01605,0.91926336,288.92365,293.5205,280.7617,0.5750257,279.38522,282.1076,283.88202,4.6658235,263.68625,300.28522,283.83563,276.05965728759764,290.9165786743164,750192,0.0,296.11862,1.6341364,293.3982,300.28522,283.88452,0.6042344,282.23547,285.2118,101527.61,1107.1654,95174.875,104962.06,101641.81,99519.75,103176.340625,750192,0.0,104193.57,285.68954,103471.5,104962.06,101528.41,139.06439,101187.27,101820.36,284.8562,4.0138144,276.71045,293.53857,284.44043,279.381103515625,290.97607421875,750192,0.0,291.25586,0.9211471,289.35596,293.53857,284.85568,0.49403942,283.6838,285.97345,101048.266,1102.1602,94714.586,104457.45,101163.67,99047.1796875,102685.0,750192,0.0,103690.95,282.61285,102966.11,104457.45,101049.05,138.56902,100709.266,101338.984,0.00011507839,0.0003373956,0.0,0.010941029,3.8146973e-06,0.0,0.0006647109985351562,750168,3.1991810096609896e-05,0.0055341693,0.0012850072,0.0035586357,0.010941029,0.000114953786,1.8908284e-05,7.777223e-05,0.00016383379,188.6647,97.49613,3.2644617e-05,359.9972,216.18835,22.157745,324.75848,750192,0.0,359.92285,0.07841166,359.5999,359.9972,188.58557,10.471136,165.97743,215.55693,2.380909,0.47477975,1.5885668,5.5654783,2.3280516,1.6533275,3.2606924,750192,0.0,4.5600734,0.31891662,3.9215765,5.5654783,2.3806236,0.04839691,2.2732425,2.506358,0.22910082,0.18639883,0.031124845,2.6442766,0.17206153,0.038614523,0.6101162,750192,0.0,1.585781,0.3030274,1.0767367,2.6442766,0.22897744,0.017877389,0.19138971,0.2774353,0.4315962,3.012195,-4.9993043,9.919696,0.34469557,-4.102304458618164,5.195695877075195,258455,0.6554815300616376,7.268929,0.76530796,6.455695,9.919696,0.4444249,0.08757519,0.31831357,0.8480398,0.26366863340581387,3.0243943285429955,-6.27419494463854,7.266499384546509,0.17012372809337475,-4.305230796460821,5.0619631032612995,750192,0.0,6.880963917213541,0.21500198507471263,6.3731057576244075,7.266499384546509,0.26444315466621143,0.11195009341748809,0.07249473809409389,0.45300235202745825,-0.0021611955,0.23950174,-1.985797,1.9867879,-0.008635568,-0.3763934373855591,0.39062289893627167,258046,0.6560267238253674,1.5642219,0.30619225,1.0206434,1.9867879,-0.00083556504,0.02498442,-0.053721193,0.04524162,0.0005451937637298185,0.023343018816978423,0,1,0.0,0.0,0.0,750192,0.0,0.10465116279069768,0.30610340886251586,0,1,0.0005424332868530404,0.002033581985011011,0.0,0.01141552511415525
162,1.3036586,3.6277688,-11.835678,19.776306,1.3447418,-4.445670318603516,7.361175537109375,750192,0.0,13.868216,1.5317168,10.394989,19.776306,1.300254,0.41244885,0.3531775,2.1849515,0.45938686,3.1230114,-13.336868,14.60347,0.30858612,-4.394163513183594,5.848365020751952,750192,0.0,12.244034,1.1274168,9.759262,14.60347,0.45861205,0.2963763,-0.2054522,1.0353991,280.22263,4.9233646,251.84627,294.35464,280.6059,271.65171966552737,287.61927642822263,750192,0.0,291.5415,1.0703605,289.52124,294.35464,280.223,0.6556897,278.49405,281.7018,283.51007,5.477685,255.53781,307.19452,283.5232,274.3744369506836,292.1412017822266,750192,0.0,300.08517,2.1962752,296.55838,307.19452,283.5151,0.6937869,281.4825,284.92685,101515.71,1112.4385,95186.06,104957.06,101627.69,99502.6875,103176.5,750192,0.0,104203.5,288.38474,103468.0,104957.06,101516.52,138.97823,101183.266,101807.82,,,,,,,,0,1.0,,,,,,,,,100787.35,1105.1617,94490.74,104189.734,100901.6,98783.60234375,102429.15625,750192,0.0,103439.58,283.3218,102700.11,104189.734,100788.19,138.24355,100456.805,101076.48,9.763701e-05,0.00031155534,0.0,0.012315273,2.3841858e-06,0.0,0.0005550384521484375,750168,3.1991810096609896e-05,0.0053199334,0.0014948631,0.0033221245,0.012315273,9.753462e-05,1.6602462e-05,6.3079875e-05,0.00014313059,188.6647,97.49613,3.2644617e-05,359.9972,216.18835,22.157745,324.75848,750192,0.0,359.92285,0.07841166,359.5999,359.9972,188.58557,10.471136,165.97743,215.55693,2.380909,0.47477975,1.5885668,5.5654783,2.3280516,1.6533275,3.2606924,750192,0.0,4.5600734,0.31891662,3.9215765,5.5654783,2.3806236,0.04839691,2.2732425,2.506358,0.22910082,0.18639883,0.031124845,2.6442766,0.17206153,0.038614523,0.6101162,750192,0.0,1.585781,0.3030274,1.0767367,2.6442766,0.22897744,0.017877389,0.19138971,0.2774353,0.3991577,3.1329715,-4.99915,7.893851,0.28335023,-4.3261494636535645,5.412850856781006,254468,0.6607961695139377,7.3906627,0.25860977,6.88985,7.893851,0.39991823,0.08168377,0.17533316,0.5367608,-0.028282739657824532,3.2035996361874037,-7.047520338794103,7.749574357643506,-0.16551209225622182,-4.809064188104914,5.105164860188848,750192,0.0,7.100061560412942,0.312532724618682,6.420117410846539,7.749574357643506,-0.026317593657799405,0.24972313039132876,-0.4540287488392894,0.3920072856005123,0.007853314,0.3037198,-1.9902313,1.9978331,0.0042668786,-0.4788249135017395,0.5013676285743713,253923,0.6615226502015483,1.5772448,0.25675404,1.1279404,1.9978331,0.009215533,0.039822847,-0.10527191,0.095780134,0.0007264806876106383,0.026943513383023508,0,1,0.0,0.0,0.0,750192,0.0,0.13953488372093023,0.34650382385468237,0,1,0.0007222107617255388,0.004008541488854462,0.0,0.03381147540983607
163,1.4800363,4.4781027,-14.052689,20.101395,1.8167343,-6.0199333190917965,8.349063873291012,750192,0.0,15.142299,1.5588851,12.0985565,20.101395,1.4743226,0.5302771,0.11455928,2.7264738,0.8097927,4.515553,-17.29097,23.855331,0.94802904,-6.529185485839843,8.12260284423828,750192,0.0,15.797528,1.6529475,12.361038,23.855331,0.8092364,0.4579722,-0.3810067,1.7206799,280.34265,5.009856,260.2752,293.6264,280.464,271.83190155029297,288.0945709228516,750192,0.0,291.36795,0.98502624,289.3468,293.6264,280.34332,0.70168227,278.74927,281.9004,283.63504,5.1121483,265.5451,301.19708,283.5468,275.4044662475586,291.63017120361326,750192,0.0,296.27072,1.5568986,292.96027,301.19708,283.63702,0.73016936,282.0856,285.1805,101498.65,1069.6605,95184.31,104870.06,101587.25,99587.25,103123.0625,750192,0.0,104139.72,281.1956,103450.06,104870.06,101499.71,132.6396,101204.15,101773.46,,,,,,,,0,1.0,,,,,,,,,101324.39,1067.8055,95017.19,104687.734,101413.69,99415.015625,102944.105078125,750192,0.0,103957.33,280.2958,103268.64,104687.734,101325.42,132.47084,101030.24,101598.96,7.418523e-05,0.0002462675,0.0,0.010383129,9.536743e-07,0.0,0.0004220008850097656,750168,3.1991810096609896e-05,0.0045316885,0.0014016388,0.0023493767,0.010383129,7.408994e-05,1.1540481e-05,4.9398506e-05,0.000104910825,167.13358,107.70085,0.0004042876,360.0028,193.97003,11.932257,343.172,750192,0.0,359.96786,0.036675535,359.85413,360.0028,167.02792,10.838123,140.41591,194.97437,4.3794713,0.90060776,1.8329935,8.769137,4.324276,2.989969,5.947069,750192,0.0,7.6496844,0.46528825,6.8656034,8.769137,4.37823,0.081977464,4.130455,4.5469913,0.98455364,0.6300968,0.035924096,6.9353995,0.8325844,0.2603525,2.2327793,750192,0.0,4.456366,0.5793447,3.4949577,6.9353995,0.9837004,0.05290298,0.8117342,1.0861329,9.654418,0.34547085,8.919849,9.999849,9.801899,9.063699579238891,9.989849090576172,194,0.9997413995350524,9.962022,0.057717092,9.753849,9.999849,9.868574,0.13784678,9.301543,9.999849,11.03880147601306,2.093053299040745,5.688223273722266,16.34939745839114,11.040642199299228,7.398268614420347,14.659427323106755,750192,0.0,15.903681310970699,0.19374761531089146,15.403994793211387,16.34939745839114,11.040540303919702,0.12434697668813036,10.81287420377518,11.390836062725581,-0.8667948,1.2075447,-2.9963698,0.6220284,-0.14769992,-2.8479825854301453,0.42279841750860214,116,0.9998453729178663,-1.3706336,1.2431026,-2.9683208,0.6220284,-1.7768816,1.0898715,-2.9683208,0.47290903,0.00010397338281399962,0.01019620382052389,0,1,0.0,0.0,0.0,750192,0.0,0.18604651162790697,0.38914419838794206,0,1,0.00010344548952568629,0.0002554172987752032,0.0,0.0012557077625570776
164,1.5565214,5.113236,-17.846344,22.590729,1.9015808,-7.079876708984375,9.631300354003905,750192,0.0,17.229149,1.5693606,14.10202,22.590729,1.5511631,0.6130884,0.20882845,2.8572714,0.63640726,3.9041934,-16.00055,19.226456,0.41927338,-5.5145416259765625,7.436391448974607,750192,0.0,14.795791,1.3713267,12.630371,19.226456,0.6367129,0.3386605,-0.24577768,1.2829496,280.6987,4.695258,260.15805,293.48004,280.9934,272.4791564941406,287.7298416137695,750192,0.0,290.7737,0.9328271,288.77087,293.48004,280.7,0.5942273,279.2681,282.10977,283.82956,4.4478626,264.9382,300.2785,283.7898,276.3482833862305,290.4832427978516,750192,0.0,295.82947,1.6537293,292.32727,300.2785,283.8321,0.61258334,282.16724,285.17136,101511.05,1122.6328,94951.31,104966.375,101630.06,99469.5,103176.215625,750192,0.0,104187.805,286.60855,103527.625,104966.375,101511.805,140.93376,101165.01,101813.97,,,,,,,,0,1.0,,,,,,,,,100908.31,1116.6785,94376.74,104333.06,101029.03,98874.71171875,102559.261328125,750192,0.0,103557.43,283.14505,102889.95,104333.06,100909.08,140.32654,100564.12,101208.734,0.00014000619,0.00035908484,0.0,0.008350849,9.536743e-06,0.0,0.000782012939453125,750168,3.1991810096609896e-05,0.005067922,0.0010156113,0.0032906532,0.008350849,0.00013986442,2.294476e-05,9.206879e-05,0.00018683092,238.4018,59.619873,0.0051244535,359.99655,253.62881,83.41727,303.1874,750192,0.0,359.4632,0.57218075,356.80505,359.99655,238.38472,5.6100373,222.50641,250.23341,6.6080046,1.9048831,2.5115347,16.555706,6.3633738,3.9393425,10.105686,750192,0.0,13.908828,1.0126868,12.042204,16.555706,6.6096163,0.230786,6.0993495,7.0640826,1.0560707,0.7117667,0.04853178,8.133099,0.87051725,0.28950906,2.468459,750192,0.0,5.611107,0.9129259,3.7836475,8.133099,1.0553807,0.08494824,0.88172185,1.2309617,9.922439,0.14974281,8.748495,9.9994955,9.960495,9.730994939804077,9.996495246887207,3256,0.9956597777635592,9.992745,0.007395281,9.976495,9.9994955,9.84656,0.14154677,9.550661,9.992496,9.676393392786084,0.17605516795887657,9.249490177942528,10.087791876338304,9.676358693580458,9.400534893702535,9.9547511838167,750192,0.0,9.793142813831047,0.16834630121134309,9.501830882025082,10.087791876338304,9.677817789641827,0.1680372203934344,9.389748369304257,9.966406744947445,-0.004691168,0.13085426,-1.0287374,0.25245532,0.011486506,-0.11365560442209244,0.12602423503994942,3256,0.9956597777635592,0.17293794,0.081664845,-0.014428193,0.25245532,-0.022389358,0.11144335,-0.2620766,0.14002602,0.0,0.0,0,0,0.0,0.0,0.0,750192,0.0,0.0,0.0,0,0,0.0,0.0,0.0,0.0
165,1.1172862,3.2275531,-10.859116,18.358337,1.1296921,-4.000668334960937,6.5446624755859375,750192,0.0,12.619736,1.487784,9.528778,18.358337,1.1142151,0.3604227,0.2729284,1.9008945,0.5454393,3.00289,-12.656403,14.193314,0.5124817,-4.209547424316407,5.650563812255857,750192,0.0,11.698597,1.0950023,9.3520355,14.193314,0.54460806,0.29100347,-0.10611284,1.1002612,280.05383,5.027312,249.90227,295.6209,280.4823,271.2936050415039,287.574462890625,750192,0.0,291.84253,1.2059906,289.54892,295.6209,280.05386,0.6861259,278.21484,281.56018,283.304,5.767972,252.8093,308.68475,283.34033,273.7124496459961,292.51104125976565,750192,0.0,301.24442,2.3338227,297.2826,308.68475,283.30988,0.7274737,281.1761,284.75305,101518.13,1108.7692,95239.625,104958.81,101628.56,99513.5625,103175.153125,750192,0.0,104202.79,288.09064,103458.75,104958.81,101518.945,138.50926,101187.71,101807.93,,,,,,,,0,1.0,,,,,,,,,100604.336,1100.4398,94364.586,103996.45,100717.67,98611.14921875,102237.940234375,750192,0.0,103244.24,281.79465,102493.11,103996.45,100605.17,137.59438,100276.27,100890.336,9.163647e-05,0.00029734214,0.0,0.011187553,9.536743e-07,0.0,0.0005350112915039062,750168,3.1991810096609896e-05,0.0049555996,0.0013092463,0.002851963,0.011187553,9.154002e-05,1.594785e-05,5.9517057e-05,0.0001349761,,,,,,,,0,1.0,,,,,,,,,,,,,,,,0,1.0,,,,,,,,,,,,,,,,0,1.0,,,,,,,,,8.323131,0.3283801,-4.590786,9.999214,8.208215,8.20821475982666,8.384214401245117,59710,0.9204070424637959,9.492274,0.763,8.208215,9.999214,8.922566,0.6444228,8.208215,9.772357,8.47544146733437,0.14269308371986558,8.133227810701692,9.207952267068348,8.468821611766689,8.26639222949578,8.721214771389613,750192,0.0,8.995807240800941,0.10965208569938725,8.78516452860496,9.207952267068348,8.47459923507385,0.10621920569060414,8.296090482289049,8.656576488520116,0.007818908,0.2483719,-1.983124,1.7406046,-0.03369446,-0.2614766031503677,0.19137944281101227,59667,0.9204643611235523,1.1679775,0.64784175,0.060884755,1.7406046,0.4921763,0.47515774,-0.109251544,1.1621448,5.7318659756435684e-05,0.007570691799807955,0,1,0.0,0.0,0.0,750192,0.0,0.023255813953488372,0.15071489996297352,0,1,5.7077625570776254e-05,0.0004904599338123159,0.0,0.0045662100456621
166,1.3626491,4.494386,-14.140976,19.880356,1.8004303,-6.194751739501953,8.19539566040039,750192,0.0,15.050615,1.5254753,12.672302,19.880356,1.3567488,0.5283598,0.038149044,2.5479875,0.67269844,4.336859,-18.014542,22.940903,0.85601807,-6.5278068542480465,7.594486236572262,750192,0.0,15.036495,1.5310264,11.820801,22.940903,0.67200285,0.43691343,-0.38596922,1.5664719,280.60068,4.914655,261.64563,293.33795,280.71643,272.19465789794924,288.1443756103516,750192,0.0,291.11813,1.0211756,289.04456,293.33795,280.60168,0.6653133,279.1058,282.04306,283.85477,5.04689,265.4295,301.80347,283.77338,275.6988998413086,291.70292510986326,750192,0.0,296.68167,1.809051,292.5097,301.80347,283.85736,0.7132911,282.2609,285.42957,101523.93,1057.5377,95194.31,104905.56,101613.375,99628.971875,103126.4375,750192,0.0,104140.79,270.02243,103560.19,104905.56,101524.9,132.12967,101220.49,101803.27,284.61432,4.1813307,274.8628,295.05493,284.3247,278.572021484375,291.08544921875,750192,0.0,291.1339,1.4364539,288.66357,295.05493,284.6151,0.7171528,283.16345,286.17276,101308.94,1055.2844,94987.39,104678.734,101399.2,99416.1171875,102905.769140625,750192,0.0,103915.58,268.79282,103334.08,104678.734,101309.88,131.92807,101006.0,101588.09,8.360901e-05,0.00026989318,0.0,0.009680748,9.536743e-07,0.0,0.000476837158203125,750168,3.1991810096609896e-05,0.004873744,0.0014595753,0.0026364326,0.009680748,8.3516206e-05,1.3296199e-05,5.3376913e-05,0.000120224984,163.64247,99.28928,1.0274276e-05,359.99796,183.60739,23.189047,324.37476,750192,0.0,359.9216,0.074842095,359.66092,359.99796,163.5424,9.978792,138.54149,189.78036,3.6619108,0.78015214,1.6554041,7.867056,3.5922823,2.5176964,5.0453153,750192,0.0,6.7063875,0.50249773,5.899681,7.867056,3.6612177,0.06898544,3.4784005,3.840202,0.6005468,0.4130847,0.033382673,4.604052,0.49275887,0.15510088,1.4215548,750192,0.0,2.9092128,0.40831688,2.2213159,4.604052,0.60013276,0.03326139,0.51688486,0.6828252,-0.0005515269,1.4175563,-3.708601,3.8393989,-0.057601213,-2.062601089477539,2.164398670196533,230668,0.6925213811930813,3.120813,0.21397093,2.7743988,3.8393989,-0.004271657,0.06776807,-0.28563488,0.111460954,-0.06816407437613965,1.3394735188040723,-2.949491193025948,2.8364398401681163,-0.12718191858509229,-2.0284650469171064,1.9944936463642866,750192,0.0,2.6806560517472193,0.08229670455409652,2.4951664942845704,2.8364398401681163,-0.06791514707060523,0.04445048855249289,-0.14456805650329696,0.007682957117932094,0.031730916,0.26492354,-1.986817,1.9832774,0.025229052,-0.353718227148056,0.44731718301773066,228953,0.6948074626229019,1.6036223,0.2494047,1.0605242,1.9832774,0.030906804,0.023095425,-0.0071213567,0.1022113,0.0022860814298206328,0.047758300446276984,0,1,0.0,0.0,0.0,750192,0.0,0.1744186046511628,0.379469043536761,0,1,0.0022762649922155663,0.013002225700192176,0.0,0.08641552511415525
167,1.4075209,4.679296,-14.272293,19.707947,1.8767014,-6.409842681884766,8.500128936767577,750192,0.0,14.639841,1.4380872,12.062164,19.707947,1.40133,0.54982233,0.059635323,2.6030135,0.75924444,4.8103333,-18.501328,22.346176,0.991333,-7.206631469726562,8.430976104736327,750192,0.0,16.13635,1.6338812,12.5143585,22.346176,0.7581465,0.4889337,-0.44032803,1.7422862,280.83832,4.969433,257.4679,293.22705,280.99054,272.2568084716797,288.36065673828125,750192,0.0,291.16748,1.012818,289.13556,293.22705,280.83954,0.69364405,279.3164,282.361,284.01166,4.8152027,265.4339,300.99097,283.9704,276.1175537109375,291.2684600830078,750192,0.0,295.5828,1.8502039,291.82483,300.99097,284.01315,0.73142624,282.36203,285.66553,101540.586,1037.9082,95167.81,104874.31,101627.19,99681.0625,103113.75,750192,0.0,104120.055,269.1219,103591.56,104874.31,101541.53,130.42642,101236.9,101819.25,285.00003,3.8683834,275.31885,293.52417,284.77026,279.27783203125,290.82666015625,750192,0.0,290.8893,1.0343187,288.76318,293.52417,284.99872,0.74474746,283.48822,286.71518,101398.22,1036.4287,95031.39,104724.734,101485.34,99540.317578125,102967.765625,750192,0.0,103970.98,268.25812,103443.64,104724.734,101399.15,130.29399,101094.84,101676.71,8.8336055e-05,0.0002790459,0.0,0.009731293,9.536743e-07,0.0,0.0005064010620117188,750168,3.1991810096609896e-05,0.00498355,0.0013380164,0.0029072762,0.009731293,8.8229215e-05,1.4010957e-05,5.7317706e-05,0.00012466488,165.8688,106.30168,9.068024e-06,360.0024,195.97984,16.104439,334.97165,750192,0.0,359.9519,0.052325778,359.75427,360.0024,165.7692,10.534843,139.4788,193.74768,4.0808187,0.81569767,1.7658691,8.386409,4.0254345,2.8468158,5.510417,750192,0.0,7.107599,0.45631242,6.3999844,8.386409,4.0798135,0.073342524,3.879036,4.2359924,0.83368456,0.54536027,0.038853783,5.71538,0.69872165,0.21489817,1.9133481,750192,0.0,3.79426,0.5010406,2.9159036,5.71538,0.8330058,0.04533315,0.696196,0.9278408,6.908801,1.5809999,-2.7461436,9.999857,6.881857,4.561856746673584,9.270856857299805,157080,0.7906136029176531,9.986122,0.020965803,9.917856,9.999857,6.908723,0.034387305,6.853159,6.966013,7.038250067503036,1.5654196328611114,3.5395946084620458,10.46669787639268,7.019255151194285,4.695718201632662,9.38999129494609,750192,0.0,10.176721051699872,0.13261957144846998,9.858659615398945,10.46669787639268,7.037246038606509,0.09796168981489119,6.833813165451358,7.203789567554308,0.006324749,0.19703743,-1.9923443,1.8785541,-0.0014095955,-0.2854387417435646,0.33039997071027766,156784,0.7910081685755114,1.266106,0.29787636,0.8270953,1.8785541,0.00598313,0.023578115,-0.032518726,0.059160385,0.00039456565785825495,0.01985975769741146,0,1,0.0,0.0,0.0,750192,0.0,0.16279069767441862,0.36917460154389625,0,1,0.0003926271868513577,0.0011084807316251325,0.0,0.0069634703196347035
168,1.1172862,3.2275531,-10.859116,18.358337,1.1296921,-4.000668334960937,6.5446624755859375,750192,0.0,12.619736,1.487784,9.528778,18.358337,1.1142151,0.3604227,0.2729284,1.9008945,0.5454393,3.00289,-12.656403,14.193314,0.5124817,-4.209547424316407,5.650563812255857,750192,0.0,11.698597,1.0950023,9.3520355,14.193314,0.54460806,0.29100347,-0.10611284,1.1002612,280.05383,5.027312,249.90227,295.6209,280.4823,271.2936050415039,287.574462890625,750192,0.0,291.84253,1.2059906,289.54892,295.6209,280.05386,0.6861259,278.21484,281.56018,283.304,5.767972,252.8093,308.68475,283.34033,273.7124496459961,292.51104125976565,750192,0.0,301.24442,2.3338227,297.2826,308.68475,283.30988,0.7274737,281.1761,284.75305,101518.13,1108.7692,95239.625,104958.81,101628.56,99513.5625,103175.153125,750192,0.0,104202.79,288.09064,103458.75,104958.81,101518.945,138.50926,101187.71,101807.93,,,,,,,,0,1.0,,,,,,,,,100604.336,1100.4398,94364.586,103996.45,100717.67,98611.14921875,102237.940234375,750192,0.0,103244.24,281.79465,102493.11,103996.45,100605.17,137.59438,100276.27,100890.336,9.163647e-05,0.00029734214,0.0,0.011187553,9.536743e-07,0.0,0.0005350112915039062,750168,3.1991810096609896e-05,0.0049555996,0.0013092463,0.002851963,0.011187553,9.154002e-05,1.594785e-05,5.9517057e-05,0.0001349761,,,,,,,,0,1.0,,,,,,,,,,,,,,,,0,1.0,,,,,,,,,,,,,,,,0,1.0,,,,,,,,,9.36144,0.5948091,-4.958447,9.999553,9.448553,8.577602815628053,9.950552940368652,25922,0.9654461791114808,9.999398,0.00036060376,9.998553,9.999553,9.351081,0.117265835,8.98922,9.465583,7.304384062082823,2.0264641201111018,-1.7003368557478622,12.704300856906668,7.742113245426288,3.310761440387122,9.902366571924368,750192,0.0,11.160172061060623,0.7654005758792866,9.475877924457782,12.704300856906668,7.310509187804955,0.6937283384988058,6.116504523167798,8.55084927430437,-0.3731698,0.6490384,-1.9875029,1.9996785,-0.45228207,-1.3030853867530823,0.8209457546472549,25786,0.9656274660353616,1.9172484,0.062233433,1.785873,1.9996785,-0.3759917,0.037291966,-0.41309965,-0.289846,0.00018128692388081984,0.01346306276194424,0,1,0.0,0.0,0.0,750192,0.0,0.12790697674418605,0.33398620038011784,0,1,0.000180437541453632,0.0008103163602800237,0.0,0.0069634703196347035
17,1.1117421,4.935603,-16.31955,24.205582,1.0268402,-6.6006317138671875,9.457803344726557,750192,0.0,18.485594,1.854295,14.7369995,24.205582,1.1047642,0.6137635,-0.4226201,2.309168,-0.04901295,4.9338717,-20.297928,23.831406,-0.72148895,-7.278983306884766,8.326097869873042,750192,0.0,15.781456,1.7337073,12.016754,23.831406,-0.050733905,0.43797728,-1.3510716,0.7913765,281.82324,4.7470045,260.1179,293.82727,282.034,273.4035369873047,288.8741455078125,750192,0.0,291.48422,0.8175206,289.72433,293.82727,281.8251,0.574774,280.5684,283.3046,285.1182,4.3200264,267.13257,303.71844,285.07574,277.9197250366211,291.5219528198242,750192,0.0,296.71066,1.867789,293.24365,303.71844,285.11908,0.5632731,283.68353,286.56964,101645.96,984.5413,95418.81,104818.875,101741.69,99863.4375,103116.125,750192,0.0,104072.03,261.29715,103549.625,104818.875,101646.336,129.57574,101285.69,101930.56,286.09164,3.6386633,278.96558,293.99512,285.8047,281.08642578125,291.478271484375,750192,0.0,291.74197,0.7080361,290.53076,293.99512,286.09003,0.44401544,285.1489,287.355,101602.55,984.0923,95377.39,104773.06,101698.445,99820.489453125,103071.80390625,750192,0.0,104026.734,261.02963,103505.664,104773.06,101602.9,129.53868,101242.43,101887.11,0.00010983912,0.0003368235,0.0,0.011703491,1.9073486e-06,0.0,0.0006489753723144531,750168,3.1991810096609896e-05,0.005986361,0.0016228937,0.003464222,0.011703491,0.00010976962,1.6928554e-05,7.2430965e-05,0.00015270541,231.38774,94.7435,0.000779941,360.00174,270.85223,29.81773,330.53146,750192,0.0,359.91397,0.08196038,359.637,360.00174,231.31706,8.89598,209.47118,253.99518,5.465972,1.771938,2.2613478,15.306106,4.996232,3.4316013,9.082833,750192,0.0,13.108491,0.8892403,10.235293,15.306106,5.466541,0.21952477,4.9937263,5.934349,0.81470525,0.47461247,0.07235679,4.0158577,0.69533193,0.28052223,1.757339,750192,0.0,3.2402506,0.27925178,2.6073444,4.0158577,0.8140887,0.054176915,0.6897829,0.9407472,5.0981265e-07,1.4276065,-4.199623,3.5503771,0.22037697,-2.40962290763855,2.0703771114349365,222082,0.7039664512551453,3.0547106,0.28552505,1.980377,3.5503771,-0.024356388,0.110750824,-0.3408865,0.09822317,-0.062469315445424445,1.423523728219577,-3.9449254298125833,3.101998172554857,0.13965512309709316,-2.4754124896335017,1.9960265947455922,750192,0.0,2.7916533667212167,0.14254986765772928,2.465312696617677,3.101998172554857,-0.06171226595713929,0.10329686048006119,-0.2393915345661823,0.11184150899834268,1.7451808e-07,0.18834743,-1.5632201,1.7214919,-0.012924615,-0.2804690882563591,0.3287774831056592,222082,0.7039664512551453,1.1088109,0.2839867,0.48040846,1.7214919,-0.0224316,0.09960676,-0.32390723,0.08412845,0.0,0.0,0,0,0.0,0.0,0.0,750192,0.0,0.0,0.0,0,0,0.0,0.0,0.0,0.0
170,1.5278878,5.250089,-15.65152,20.287918,1.7247467,-6.9652099609375,9.797744750976562,750192,0.0,16.67645,1.5007896,13.846634,20.287918,1.521358,0.6129065,-0.018531535,2.8971314,0.6879763,5.057285,-19.207108,20.768448,1.0048294,-7.8090263366699215,8.570990753173827,750192,0.0,15.601017,1.4471071,12.302536,20.768448,0.68633026,0.5087036,-0.5479878,1.7272221,280.80634,5.099131,258.49127,293.9921,280.967,271.9475631713867,288.466552734375,750192,0.0,291.29,1.0181463,289.05078,293.9921,280.80746,0.7075311,279.30197,282.42633,284.05347,4.888776,264.81818,301.30542,283.9972,276.0135665893555,291.2994689941406,750192,0.0,295.75565,1.9355433,291.7821,301.30542,284.05447,0.7617821,282.35892,285.79016,101545.61,1024.9581,95222.81,104857.375,101628.125,99714.625,103102.625,750192,0.0,104108.28,272.90894,103561.31,104857.375,101546.57,129.04477,101245.87,101821.14,285.05048,4.0432653,275.2622,294.16187,284.80566,279.11474609375,291.216552734375,750192,0.0,291.24954,1.1057562,289.1897,294.16187,285.04886,0.7516393,283.5256,286.8197,101565.66,1025.1742,95241.39,104878.3,101648.055,99734.528515625,103123.291796875,750192,0.0,104129.17,273.07697,103582.17,104878.3,101566.65,129.06355,101265.9,101841.25,9.4195435e-05,0.00028527458,0.0,0.012887001,1.9073486e-06,0.0,0.0005435943603515625,750168,3.1991810096609896e-05,0.0054756487,0.001855768,0.003109932,0.012887001,9.4051946e-05,1.577816e-05,6.2648316e-05,0.00013110132,189.51773,119.510254,0.00042388937,360.00238,228.05852,7.720809,351.8223,750192,0.0,359.98212,0.021994093,359.89178,360.00238,189.40399,12.210777,163.28299,221.23033,4.6964335,1.0228523,1.8521976,11.399719,4.609982,3.160586,6.511001,750192,0.0,8.835057,0.7920384,7.708185,11.399719,4.695067,0.101240076,4.4208064,4.903757,1.0738808,0.6888275,0.042804863,6.9513817,0.9112116,0.27804062,2.4273915,750192,0.0,4.8722095,0.6191792,3.8467426,6.9513817,1.0728098,0.06435665,0.8564341,1.201118,4.440817e-07,1.6496993,-3.6574893,4.110511,-0.09748912,-2.40748929977417,2.5225110054016113,491490,0.34484771898394007,3.4739432,0.21087466,2.9625106,4.110511,-0.002984241,0.05611992,-0.1531942,0.13288397,-0.017595950007704593,1.6333840523632355,-3.375783709902019,3.497309018619481,-0.08699779613764569,-2.386509783200937,2.498584740468454,750192,0.0,3.2986518167859327,0.09878581841736968,3.055522353815572,3.497309018619481,-0.01741900778299639,0.04435983569727902,-0.0941883387418461,0.058414447031517214,-2.970025e-05,0.22106218,-1.6265818,1.9700723,-0.012824274,-0.3314001470804214,0.3762167215347287,491483,0.3448570499285516,1.3639828,0.29365715,0.41600037,1.9700723,-0.0029018025,0.035802536,-0.10829773,0.078324184,9.330944611512786e-06,0.0030546452404469904,0,1,0.0,0.0,0.0,750192,0.0,0.046511627906976744,0.21059035204970744,0,1,9.284453009352345e-06,4.336308783078643e-05,0.0,0.00022831050228310502
172,1.2303919,3.7310712,-11.369858,19.24466,1.1702042,-4.5800933837890625,7.53076171875,750192,0.0,14.517832,1.7074833,11.757935,19.24466,1.2269837,0.42411134,0.09953162,2.2524025,0.57195276,3.5905917,-15.506302,15.423996,0.5872345,-5.226576232910157,6.485324859619137,750192,0.0,12.463963,1.2893158,9.374344,15.423996,0.5698903,0.36300847,-0.33491072,1.3620859,280.06784,5.7246,250.4375,297.10837,280.4202,270.2242904663086,288.50443878173826,750192,0.0,293.52213,1.1896607,290.65027,297.10837,280.06772,0.83362466,278.41162,282.05304,283.5369,6.3719,254.95995,311.40674,283.5332,273.084001159668,293.5347839355469,750192,0.0,303.5977,2.4645114,298.42307,311.40674,283.54153,0.8277444,281.85495,285.2576,101532.055,1015.5496,95406.81,104831.125,101605.0,99730.6875,103091.875,750192,0.0,104106.47,291.58298,103481.75,104831.125,101533.09,127.042915,101245.74,101792.445,,,,,,,,0,1.0,,,,,,,,,101547.35,1015.71704,95421.39,104847.06,101620.234,99745.84453125,103107.53828125,750192,0.0,104122.555,291.68716,103497.89,104847.06,101548.36,127.054306,101261.0,101807.734,8.828524e-05,0.00027943007,0.0,0.009741783,9.536743e-07,0.0,0.0004963874816894531,750168,3.1991810096609896e-05,0.005476691,0.0013121779,0.0028600693,0.009741783,8.816176e-05,1.4551451e-05,5.489928e-05,0.00012597031,228.36792,109.10671,9.468448e-05,360.00235,255.65796,13.203423,350.3549,750192,0.0,359.97595,0.021163113,359.8762,360.00235,228.31651,10.51648,196.77986,250.40022,4.519342,1.0457345,1.6770039,11.593519,4.435637,2.9427402,6.3654814,750192,0.0,8.782834,0.7772945,7.3711567,11.593519,4.5178704,0.11915409,4.2045937,4.7551136,0.8004781,0.53705776,0.034703393,5.1596985,0.6586977,0.21086095,1.874765,750192,0.0,3.803723,0.45675543,3.0350933,5.1596985,0.79962236,0.057540655,0.6261099,0.9238077,2.2314415e-08,1.6198019,-3.7500956,4.789904,-0.13009578,-2.3400957584381104,2.629904270172119,417978,0.4428386333098727,3.9319446,0.9375476,-2.2100956,4.789904,-0.045106474,0.31488615,-2.2100956,0.068729356,-0.019212796137262733,1.5863467105437423,-3.1357648499015482,3.6163914103147023,-0.1406350693768862,-2.276470546515949,2.551325303578384,750192,0.0,3.4366659511717854,0.09906324090883072,3.199942421411405,3.6163914103147023,-0.019025352922745046,0.03945015438084168,-0.08744820018280494,0.04713771220657086,-0.0006200986,0.30657345,-1.8537413,1.9973274,-0.021293007,-0.4485859274864197,0.5185898542404175,417861,0.44299459338409364,1.8053843,0.30786237,-0.056633588,1.9973274,-0.0018585364,0.033049863,-0.08416981,0.07743801,0.00015596007422099943,0.012487423700517591,0,1,0.0,0.0,0.0,750192,0.0,0.3023255813953488,0.4592655269332905,0,1,0.00015522444875010953,0.00033059920340133174,0.0,0.0019406392694063927
173,1.2303919,3.7310712,-11.369858,19.24466,1.1702042,-4.5800933837890625,7.53076171875,750192,0.0,14.517832,1.7074833,11.757935,19.24466,1.2269837,0.42411134,0.09953162,2.2524025,0.57195276,3.5905917,-15.506302,15.423996,0.5872345,-5.226576232910157,6.485324859619137,750192,0.0,12.463963,1.2893158,9.374344,15.423996,0.5698903,0.36300847,-0.33491072,1.3620859,280.06784,5.7246,250.4375,297.10837,280.4202,270.2242904663086,288.50443878173826,750192,0.0,293.52213,1.1896607,290.65027,297.10837,280.06772,0.83362466,278.41162,282.05304,283.5369,6.3719,254.95995,311.40674,283.5332,273.084001159668,293.5347839355469,750192,0.0,303.5977,2.4645114,298.42307,311.40674,283.54153,0.8277444,281.85495,285.2576,101532.055,1015.5496,95406.81,104831.125,101605.0,99730.6875,103091.875,750192,0.0,104106.47,291.58298,103481.75,104831.125,101533.09,127.042915,101245.74,101792.445,,,,,,,,0,1.0,,,,,,,,,101547.35,1015.71704,95421.39,104847.06,101620.234,99745.84453125,103107.53828125,750192,0.0,104122.555,291.68716,103497.89,104847.06,101548.36,127.054306,101261.0,101807.734,8.828524e-05,0.00027943007,0.0,0.009741783,9.536743e-07,0.0,0.0004963874816894531,750168,3.1991810096609896e-05,0.005476691,0.0013121779,0.0028600693,0.009741783,8.816176e-05,1.4551451e-05,5.489928e-05,0.00012597031,228.36792,109.10671,9.468448e-05,360.00235,255.65796,13.203423,350.3549,750192,0.0,359.97595,0.021163113,359.8762,360.00235,228.31651,10.51648,196.77986,250.40022,4.519342,1.0457345,1.6770039,11.593519,4.435637,2.9427402,6.3654814,750192,0.0,8.782834,0.7772945,7.3711567,11.593519,4.5178704,0.11915409,4.2045937,4.7551136,0.8004781,0.53705776,0.034703393,5.1596985,0.6586977,0.21086095,1.874765,750192,0.0,3.803723,0.45675543,3.0350933,5.1596985,0.79962236,0.057540655,0.6261099,0.9238077,1.3476783e-08,1.1580821,-3.1952195,3.4747806,-0.03521946,-1.8852194547653198,2.0047805309295654,178892,0.7615383795081793,2.669781,1.2514673,0.094780535,3.4747806,0.014937673,0.07974251,-0.051961254,0.34750783,0.0015779798222933109,0.9971797734000934,-2.0200843252080225,2.201581121566999,-0.06533330038579394,-1.4526442546380036,1.5801722656828592,750192,0.0,2.0934273536028334,0.05846726562627692,1.9420499422612725,2.201581121566999,0.0015018648535907683,0.012243170983750504,-0.01950093336053499,0.022241364189615816,-0.00032358032,0.5904823,-2.5474684,2.557372,-0.0061416905,-1.0215994775295256,1.0315980970859526,178798,0.761663680764391,2.0191133,0.36682647,0.84329057,2.557372,0.0045432663,0.039543215,-0.048869453,0.10882675,0.00012530125621174312,0.011193103046382387,0,1,0.0,0.0,0.0,750192,0.0,0.06976744186046512,0.2547546779093797,0,1,0.00012474533035534505,0.0007295968005496437,0.0,0.006506849315068493
174,1.2303919,3.7310712,-11.369858,19.24466,1.1702042,-4.5800933837890625,7.53076171875,750192,0.0,14.517832,1.7074833,11.757935,19.24466,1.2269837,0.42411134,0.09953162,2.2524025,0.57195276,3.5905917,-15.506302,15.423996,0.5872345,-5.226576232910157,6.485324859619137,750192,0.0,12.463963,1.2893158,9.374344,15.423996,0.5698903,0.36300847,-0.33491072,1.3620859,280.06784,5.7246,250.4375,297.10837,280.4202,270.2242904663086,288.50443878173826,750192,0.0,293.52213,1.1896607,290.65027,297.10837,280.06772,0.83362466,278.41162,282.05304,283.5369,6.3719,254.95995,311.40674,283.5332,273.084001159668,293.5347839355469,750192,0.0,303.5977,2.4645114,298.42307,311.40674,283.54153,0.8277444,281.85495,285.2576,101532.055,1015.5496,95406.81,104831.125,101605.0,99730.6875,103091.875,750192,0.0,104106.47,291.58298,103481.75,104831.125,101533.09,127.042915,101245.74,101792.445,,,,,,,,0,1.0,,,,,,,,,101547.35,1015.71704,95421.39,104847.06,101620.234,99745.84453125,103107.53828125,750192,0.0,104122.555,291.68716,103497.89,104847.06,101548.36,127.054306,101261.0,101807.734,8.828524e-05,0.00027943007,0.0,0.009741783,9.536743e-07,0.0,0.0004963874816894531,750168,3.1991810096609896e-05,0.005476691,0.0013121779,0.0028600693,0.009741783,8.816176e-05,1.4551451e-05,5.489928e-05,0.00012597031,228.36792,109.10671,9.468448e-05,360.00235,255.65796,13.203423,350.3549,750192,0.0,359.97595,0.021163113,359.8762,360.00235,228.31651,10.51648,196.77986,250.40022,4.519342,1.0457345,1.6770039,11.593519,4.435637,2.9427402,6.3654814,750192,0.0,8.782834,0.7772945,7.3711567,11.593519,4.5178704,0.11915409,4.2045937,4.7551136,0.8004781,0.53705776,0.034703393,5.1596985,0.6586977,0.21086095,1.874765,750192,0.0,3.803723,0.45675543,3.0350933,5.1596985,0.79962236,0.057540655,0.6261099,0.9238077,2.2940851e-08,1.1460574,-2.8481076,3.2918923,-0.11810758,-1.668107509613037,1.8418924808502197,254082,0.6613107044596583,2.9428923,0.18632141,2.4818923,3.2918923,0.0018345641,0.031535465,-0.07529335,0.089031525,-0.015840203914017047,1.1105762394023875,-2.1705433683200583,2.4829744966419676,-0.11783016299981222,-1.5920154001181013,1.7717347403519645,750192,0.0,2.350508094066073,0.06718741507507954,2.1948871143014648,2.4829744966419676,-0.015858311325838544,0.01782405740190593,-0.04670715714472197,0.014307339472378047,-0.00021075616,0.26259,-1.4786667,1.9863707,-0.022083871,-0.3759257584810257,0.4526370212435722,254058,0.661342696269755,1.66406,0.2264043,1.1816831,1.9863707,0.00069158484,0.026930694,-0.06999446,0.041353393,3.199181009661527e-05,0.0056560398354946195,0,1,0.0,0.0,0.0,750192,0.0,0.08139534883720931,0.2734413027047639,0,1,3.185002590942668e-05,0.00011631410576755227,0.0,0.0005707762557077625
175,1.350134,4.1517134,-12.2556,19.287628,1.2952881,-5.150728607177734,8.25828399658203,750192,0.0,15.470275,1.6948544,12.680588,19.287628,1.3459109,0.47569862,0.104765415,2.4753067,0.58405346,4.065294,-16.597595,16.485825,0.648468,-6.0778457641601555,7.176786804199217,750192,0.0,13.459118,1.2679845,10.250076,16.485825,0.58200556,0.40891585,-0.45332867,1.4727488,280.38354,5.528979,252.99414,297.5782,280.6322,270.93695068359375,288.5851577758789,750192,0.0,292.8648,1.1050689,290.5329,297.5782,280.3837,0.78724563,278.79846,282.2408,283.7296,5.931287,259.07715,308.5083,283.72906,273.9832504272461,292.8172546386719,750192,0.0,301.5007,2.363364,296.46326,308.5083,283.73352,0.81529164,282.03735,285.43936,101541.695,1013.818,95345.56,104852.125,101616.31,99739.875,103094.125,750192,0.0,104103.766,283.51822,103487.75,104852.125,101542.69,127.31862,101250.82,101807.77,,,,,,,,0,1.0,,,,,,,,,101524.63,1013.6317,95329.39,104834.06,101599.3,99722.990234375,103076.40625,750192,0.0,104085.805,283.47253,103469.89,104834.06,101525.65,127.30196,101233.78,101790.67,9.357157e-05,0.00027909453,0.0,0.011572361,1.9073486e-06,0.0,0.0005326271057128906,750168,3.1991810096609896e-05,0.005326659,0.0017399004,0.002735138,0.011572361,9.3426606e-05,1.5318774e-05,6.180136e-05,0.00012774974,222.27762,115.23965,2.1677333e-05,360.00296,254.76245,9.570815,352.30597,750192,0.0,359.9806,0.02130255,359.85492,360.00296,222.19997,11.236306,188.91196,246.69943,4.397572,1.0416118,1.6816521,11.442843,4.275,2.8951943,6.3057647,750192,0.0,8.832532,0.8121552,7.4741163,11.442843,4.3962646,0.11078246,4.1279464,4.6132264,0.72259176,0.48100644,0.033410605,3.9846325,0.6022334,0.18970948,1.674586,750192,0.0,3.387745,0.34665963,2.3976598,3.9846325,0.72185576,0.050609615,0.5727751,0.828462,1.6061883e-09,1.3548186,-3.10529,3.9547102,-0.17528974,-1.895289659500122,2.1847102642059326,114000,0.8480389020410775,3.3247101,0.51187235,1.7647103,3.9547102,0.004756248,0.1181051,-0.2682309,0.34019408,0.020932335856009513,1.336236242366315,-2.9246738385184727,3.3126345344426142,-0.11947220566847369,-1.8650223120608203,2.187485288998855,750192,0.0,2.886889548543702,0.24159229873584404,2.4106031241596733,3.3126345344426142,0.02267352929032335,0.22911716129815424,-0.37062291793857416,0.40719687889524214,-8.901792e-05,0.26443323,-1.9630071,1.9966927,-0.02098689,-0.3798628330230713,0.45030032098293243,113995,0.8480455670015143,1.5266854,0.4926463,0.23340447,1.9966927,-0.004793641,0.023720797,-0.043659583,0.030793108,6.664960436794847e-06,0.002581649862994058,0,1,0.0,0.0,0.0,750192,0.0,0.023255813953488372,0.15071489996297352,0,1,6.6224262480771035e-06,5.01885629172058e-05,0.0,0.0004553734061930783
178,1.5085607,4.6591096,-13.907944,21.668488,1.4912186,-5.842429351806641,9.18511962890625,750192,0.0,16.791891,1.8396685,13.881165,21.668488,1.5040553,0.5421845,0.064491324,2.827711,0.57286125,4.5375133,-19.117126,17.685822,0.6344757,-6.827016448974609,7.946990966796875,750192,0.0,14.598336,1.3946985,11.1948395,17.685822,0.5705427,0.45273483,-0.570003,1.532525,280.42273,5.469859,254.83197,295.3473,280.58685,271.0506927490234,288.57818603515625,750192,0.0,292.30286,1.0717522,290.0227,295.3473,280.42346,0.77588505,278.91962,282.26654,283.6732,5.642689,260.1787,305.3927,283.64615,274.3782073974609,292.1156753540039,750192,0.0,299.31262,2.1693704,295.3685,305.3927,283.67627,0.821009,282.00845,285.36633,101529.93,1020.4153,95362.31,104825.375,101604.94,99716.721875,103092.4375,750192,0.0,104106.92,290.0851,103472.5,104825.375,101530.99,127.712746,101242.086,101792.89,284.52115,4.8573475,273.31787,295.5869,284.1809,277.518310546875,291.909423828125,750192,0.0,292.0089,1.3446902,289.48682,295.5869,284.52075,0.82300836,282.6971,286.26117,101529.53,1020.41205,95362.39,104825.06,101604.555,99716.28984375,103092.05390625,750192,0.0,104106.445,290.1109,103471.89,104825.06,101530.55,127.71288,101241.67,101792.48,0.00010305194,0.00029982722,0.0,0.010422707,2.3841858e-06,0.0,0.0005970001220703125,750168,3.1991810096609896e-05,0.0055789645,0.0016838014,0.0029735565,0.010422707,0.000102863065,1.7403157e-05,6.512589e-05,0.00014390293,228.36792,109.10671,9.468448e-05,360.00235,255.65796,13.203423,350.3549,750192,0.0,359.97595,0.021163113,359.8762,360.00235,228.31651,10.51648,196.77986,250.40022,4.519342,1.0457345,1.6770039,11.593519,4.435637,2.9427402,6.3654814,750192,0.0,8.782834,0.7772945,7.3711567,11.593519,4.5178704,0.11915409,4.2045937,4.7551136,0.8004781,0.53705776,0.034703393,5.1596985,0.6586977,0.21086095,1.874765,750192,0.0,3.803723,0.45675543,3.0350933,5.1596985,0.79962236,0.057540655,0.6261099,0.9238077,1.07684e-08,0.89725035,-2.4129975,2.6870027,-0.1729973,-1.2029973268508911,1.4870027303695679,338308,0.5490381129097618,2.5432527,0.2531174,1.0870028,2.6870027,0.027252069,0.17345305,-0.10188264,1.0870028,-0.02305762991777905,0.8557239699963977,-1.6884492404502955,2.092903218182795,-0.1904033016060463,-1.1403847431003207,1.4006110605433753,750192,0.0,1.9460258893338167,0.06383079397094236,1.7693723298628012,2.092903218182795,-0.02295937440494771,0.03503416280428856,-0.08353802715073859,0.03686904245938141,-1.772082e-05,0.26844501,-1.915865,1.9752359,-0.024117539,-0.38409436643123623,0.46895855367183675,338255,0.5491087614903918,1.6643709,0.30597174,0.13308379,1.9752359,0.0033754478,0.038570963,-0.09877321,0.13308379,7.064858063002537e-05,0.008404974087293808,0,1,0.0,0.0,0.0,750192,0.0,0.08139534883720931,0.2734413027047639,0,1,7.035149198258468e-05,0.0003100321712633172,0.0,0.002511415525114155
179,1.2303919,3.7310712,-11.369858,19.24466,1.1702042,-4.5800933837890625,7.53076171875,750192,0.0,14.517832,1.7074833,11.757935,19.24466,1.2269837,0.42411134,0.09953162,2.2524025,0.57195276,3.5905917,-15.506302,15.423996,0.5872345,-5.226576232910157,6.485324859619137,750192,0.0,12.463963,1.2893158,9.374344,15.423996,0.5698903,0.36300847,-0.33491072,1.3620859,280.06784,5.7246,250.4375,297.10837,280.4202,270.2242904663086,288.50443878173826,750192,0.0,293.52213,1.1896607,290.65027,297.10837,280.06772,0.83362466,278.41162,282.05304,283.5369,6.3719,254.95995,311.40674,283.5332,273.084001159668,293.5347839355469,750192,0.0,303.5977,2.4645114,298.42307,311.40674,283.54153,0.8277444,281.85495,285.2576,101532.055,1015.5496,95406.81,104831.125,101605.0,99730.6875,103091.875,750192,0.0,104106.47,291.58298,103481.75,104831.125,101533.09,127.042915,101245.74,101792.445,,,,,,,,0,1.0,,,,,,,,,101547.35,1015.71704,95421.39,104847.06,101620.234,99745.84453125,103107.53828125,750192,0.0,104122.555,291.68716,103497.89,104847.06,101548.36,127.054306,101261.0,101807.734,8.828524e-05,0.00027943007,0.0,0.009741783,9.536743e-07,0.0,0.0004963874816894531,750168,3.1991810096609896e-05,0.005476691,0.0013121779,0.0028600693,0.009741783,8.816176e-05,1.4551451e-05,5.489928e-05,0.00012597031,228.36792,109.10671,9.468448e-05,360.00235,255.65796,13.203423,350.3549,750192,0.0,359.97595,0.021163113,359.8762,360.00235,228.31651,10.51648,196.77986,250.40022,4.519342,1.0457345,1.6770039,11.593519,4.435637,2.9427402,6.3654814,750192,0.0,8.782834,0.7772945,7.3711567,11.593519,4.5178704,0.11915409,4.2045937,4.7551136,0.8004781,0.53705776,0.034703393,5.1596985,0.6586977,0.21086095,1.874765,750192,0.0,3.803723,0.45675543,3.0350933,5.1596985,0.79962236,0.057540655,0.6261099,0.9238077,1.7496893e-08,1.2150083,-3.0418193,3.5781806,-0.06181928,-1.7718192338943481,1.8481807708740234,162971,0.7827609465310214,3.122027,0.33227742,2.4481807,3.5781806,-0.01335144,0.049214892,-0.12538433,0.06429946,0.03512180096742199,1.1854314570852789,-2.3920185885900302,2.635963930575209,-0.016605770949314168,-1.6680719031104585,1.8498822445175582,750192,0.0,2.3517124107122434,0.14348745255459575,2.079605550340809,2.635963930575209,0.0360520945730769,0.13326901852899165,-0.19319675050759627,0.2599914855603748,-0.0001800576,0.27777648,-1.9806408,1.9978113,-0.022512902,-0.3968844130635262,0.47129759639501545,162948,0.7827916053490307,1.7261193,0.19923358,1.1925205,1.9978113,0.00040066356,0.033287704,-0.06563267,0.064807236,3.0658818009256296e-05,0.005536955665899315,0,1,0.0,0.0,0.0,750192,0.0,0.12790697674418605,0.33398620038011756,0,1,3.0508132310418728e-05,9.110924684176622e-05,0.0,0.00045662100456621003
18,1.1400408,4.941036,-15.833603,23.152374,1.2728939,-6.904990386962891,9.17481002807617,750192,0.0,17.246908,1.699334,13.5494995,23.152374,1.1329123,0.62695754,-0.4736735,2.3146727,-0.0003273594,4.4645696,-19.341324,23.645859,-0.47166443,-6.743216705322266,7.563040924072265,750192,0.0,15.219681,1.635948,12.044235,23.645859,-0.0011596762,0.38958433,-1.1574818,0.7190524,281.8614,4.529867,260.86484,293.21985,282.06708,273.83746948242185,288.60600128173826,750192,0.0,290.96027,0.8168715,289.1417,293.21985,281.8635,0.55875844,280.73468,283.25662,285.0278,4.0144215,267.97656,299.4934,284.9931,278.35546875,291.01063385009763,750192,0.0,295.38416,1.5523002,292.6529,299.4934,285.02863,0.56790096,283.66562,286.4086,101642.45,997.49023,95440.875,104830.625,101745.125,99831.75,103123.5625,750192,0.0,104076.42,264.19522,103527.875,104830.625,101642.83,131.23296,101273.97,101932.19,285.93854,3.2623353,279.54077,293.1289,285.69824,281.35986328125,290.87548828125,750192,0.0,290.97754,0.8251195,289.32568,293.1289,285.93692,0.53253365,284.82898,287.22476,101461.08,995.6627,95266.016,104640.3,101564.33,99652.754296875,102938.0625,750192,0.0,103887.695,263.40787,103342.664,104640.3,101461.47,131.06808,101093.28,101750.62,0.00010145687,0.00031409934,0.0,0.012355804,2.3841858e-06,0.0,0.0005846023559570312,750168,3.1991810096609896e-05,0.005790702,0.0017097938,0.0032553673,0.012355804,0.00010139298,1.4091428e-05,7.0235554e-05,0.00012938904,235.62953,95.58977,0.0010519901,360.00198,275.74454,28.266375,331.02643,750192,0.0,359.91428,0.10376993,359.4903,360.00198,235.55565,8.902243,213.02469,258.12543,6.25645,1.8863903,2.512766,16.240395,5.8209605,3.9528646,10.001381,750192,0.0,13.89026,0.82155347,11.647647,16.240395,6.256842,0.23859856,5.7217436,6.7811112,1.0789145,0.6173436,0.10873374,5.6200814,0.92661154,0.37840176,2.297272,750192,0.0,4.3382688,0.46704715,3.2708082,5.6200814,1.0781783,0.06957312,0.9296934,1.2245489,2.2146781e-07,1.2748693,-3.3990242,3.216976,0.14197588,-2.0990242958068848,1.8759758472442627,177758,0.7630499925352443,2.7248278,0.25626504,2.0619757,3.216976,-0.018151542,0.057748422,-0.19847287,0.09207273,-0.16228470793773903,1.2713632541715687,-3.560047193803389,2.787564294394891,-0.03403679738307003,-2.264499402556164,1.711289930800874,750192,0.0,2.4515395004931517,0.15595711038842192,2.132962254900457,2.787564294394891,-0.1613178729230968,0.12827850378323896,-0.38210341538537296,0.05415711968662929,7.0732355e-08,0.1447961,-0.6300149,1.1476339,-0.010387084,-0.21676825508475303,0.2542222082614899,177758,0.7630499925352443,0.71039075,0.24070492,0.19820663,1.1476339,0.0024884387,0.033477206,-0.08993783,0.07339398,0.0,0.0,0,0,0.0,0.0,0.0,750192,0.0,0.0,0.0,0,0,0.0,0.0,0.0,0.0
180,1.5085607,4.6591096,-13.907944,21.668488,1.4912186,-5.842429351806641,9.18511962890625,750192,0.0,16.791891,1.8396685,13.881165,21.668488,1.5040553,0.5421845,0.064491324,2.827711,0.57286125,4.5375133,-19.117126,17.685822,0.6344757,-6.827016448974609,7.946990966796875,750192,0.0,14.598336,1.3946985,11.1948395,17.685822,0.5705427,0.45273483,-0.570003,1.532525,280.42273,5.469859,254.83197,295.3473,280.58685,271.0506927490234,288.57818603515625,750192,0.0,292.30286,1.0717522,290.0227,295.3473,280.42346,0.77588505,278.91962,282.26654,283.6732,5.642689,260.1787,305.3927,283.64615,274.3782073974609,292.1156753540039,750192,0.0,299.31262,2.1693704,295.3685,305.3927,283.67627,0.821009,282.00845,285.36633,101529.93,1020.4153,95362.31,104825.375,101604.94,99716.721875,103092.4375,750192,0.0,104106.92,290.0851,103472.5,104825.375,101530.99,127.712746,101242.086,101792.89,284.52115,4.8573475,273.31787,295.5869,284.1809,277.518310546875,291.909423828125,750192,0.0,292.0089,1.3446902,289.48682,295.5869,284.52075,0.82300836,282.6971,286.26117,101529.53,1020.41205,95362.39,104825.06,101604.555,99716.28984375,103092.05390625,750192,0.0,104106.445,290.1109,103471.89,104825.06,101530.55,127.71288,101241.67,101792.48,0.00010305194,0.00029982722,0.0,0.010422707,2.3841858e-06,0.0,0.0005970001220703125,750168,3.1991810096609896e-05,0.0055789645,0.0016838014,0.0029735565,0.010422707,0.000102863065,1.7403157e-05,6.512589e-05,0.00014390293,228.36792,109.10671,9.468448e-05,360.00235,255.65796,13.203423,350.3549,750192,0.0,359.97595,0.021163113,359.8762,360.00235,228.31651,10.51648,196.77986,250.40022,4.519342,1.0457345,1.6770039,11.593519,4.435637,2.9427402,6.3654814,750192,0.0,8.782834,0.7772945,7.3711567,11.593519,4.5178704,0.11915409,4.2045937,4.7551136,0.8004781,0.53705776,0.034703393,5.1596985,0.6586977,0.21086095,1.874765,750192,0.0,3.803723,0.45675543,3.0350933,5.1596985,0.79962236,0.057540655,0.6261099,0.9238077,-2.1536753e-08,1.0450368,-2.6825657,3.1174343,-0.102565736,-1.4625657796859741,1.6074342727661133,140283,0.8130038710090217,2.4768786,0.9654963,-1.1225657,3.1174343,-0.05477223,0.26316848,-1.1225657,0.13678907,0.01837101178509746,1.011446861647555,-1.9902610807985126,2.2439210070925855,-0.07275991549272802,-1.3806139718746198,1.5829757526554,750192,0.0,1.99360805258993,0.1297427813525262,1.7221135798646792,2.2439210070925855,0.019182807516234517,0.1213339980986205,-0.18958443702719327,0.2235665020744179,-4.5288834e-05,0.2716828,-1.8545886,1.998349,-0.022409678,-0.3911948963999748,0.468244305253028,140278,0.8130105359694585,1.4904746,0.4994114,-0.11102487,1.998349,-0.015263051,0.051839415,-0.16380924,0.050209954,6.664960436794847e-06,0.002581649862994057,0,1,0.0,0.0,0.0,750192,0.0,0.046511627906976744,0.21059035204970747,0,1,6.636933205904215e-06,3.188492128455003e-05,0.0,0.00022831050228310502
181,1.350134,4.1517134,-12.2556,19.287628,1.2952881,-5.150728607177734,8.25828399658203,750192,0.0,15.470275,1.6948544,12.680588,19.287628,1.3459109,0.47569862,0.104765415,2.4753067,0.58405346,4.065294,-16.597595,16.485825,0.648468,-6.0778457641601555,7.176786804199217,750192,0.0,13.459118,1.2679845,10.250076,16.485825,0.58200556,0.40891585,-0.45332867,1.4727488,280.38354,5.528979,252.99414,297.5782,280.6322,270.93695068359375,288.5851577758789,750192,0.0,292.8648,1.1050689,290.5329,297.5782,280.3837,0.78724563,278.79846,282.2408,283.7296,5.931287,259.07715,308.5083,283.72906,273.9832504272461,292.8172546386719,750192,0.0,301.5007,2.363364,296.46326,308.5083,283.73352,0.81529164,282.03735,285.43936,101541.695,1013.818,95345.56,104852.125,101616.31,99739.875,103094.125,750192,0.0,104103.766,283.51822,103487.75,104852.125,101542.69,127.31862,101250.82,101807.77,,,,,,,,0,1.0,,,,,,,,,101524.63,1013.6317,95329.39,104834.06,101599.3,99722.990234375,103076.40625,750192,0.0,104085.805,283.47253,103469.89,104834.06,101525.65,127.30196,101233.78,101790.67,9.357157e-05,0.00027909453,0.0,0.011572361,1.9073486e-06,0.0,0.0005326271057128906,750168,3.1991810096609896e-05,0.005326659,0.0017399004,0.002735138,0.011572361,9.3426606e-05,1.5318774e-05,6.180136e-05,0.00012774974,222.27762,115.23965,2.1677333e-05,360.00296,254.76245,9.570815,352.30597,750192,0.0,359.9806,0.02130255,359.85492,360.00296,222.19997,11.236306,188.91196,246.69943,4.397572,1.0416118,1.6816521,11.442843,4.275,2.8951943,6.3057647,750192,0.0,8.832532,0.8121552,7.4741163,11.442843,4.3962646,0.11078246,4.1279464,4.6132264,0.72259176,0.48100644,0.033410605,3.9846325,0.6022334,0.18970948,1.674586,750192,0.0,3.387745,0.34665963,2.3976598,3.9846325,0.72185576,0.050609615,0.5727751,0.828462,-8.943891e-09,1.2972578,-3.1712754,3.6687248,-0.1612754,-1.831275463104248,2.0787246227264404,417984,0.44283063535734857,3.146275,0.6295821,-0.9712754,3.6687248,-0.019817255,0.14050299,-0.9712754,0.061277095,-0.012763385267594862,1.2694705193164888,-2.571927551044203,2.9319625053336638,-0.14090940788426806,-1.7840888563640531,2.0283255812503413,750192,0.0,2.776761177175354,0.08307729041110956,2.57339194225409,2.9319625053336638,-0.012725926134523615,0.0261288536734916,-0.05806985653166886,0.032033458539954,-0.000109970475,0.251511,-1.8518771,1.9929413,-0.018547738,-0.3662589073181152,0.4294448137283319,417963,0.44285862819118305,1.6002814,0.31617376,-0.03616443,1.9929413,-0.0008297625,0.026633557,-0.061168656,0.04812959,2.799283383453836e-05,0.005290751386692847,0,1,0.0,0.0,0.0,750192,0.0,0.09302325581395349,0.29046502318132106,0,1,2.7864239246427373e-05,9.834421624626236e-05,0.0,0.0005707762557077625
183,1.5085607,4.6591096,-13.907944,21.668488,1.4912186,-5.842429351806641,9.18511962890625,750192,0.0,16.791891,1.8396685,13.881165,21.668488,1.5040553,0.5421845,0.064491324,2.827711,0.57286125,4.5375133,-19.117126,17.685822,0.6344757,-6.827016448974609,7.946990966796875,750192,0.0,14.598336,1.3946985,11.1948395,17.685822,0.5705427,0.45273483,-0.570003,1.532525,280.42273,5.469859,254.83197,295.3473,280.58685,271.0506927490234,288.57818603515625,750192,0.0,292.30286,1.0717522,290.0227,295.3473,280.42346,0.77588505,278.91962,282.26654,283.6732,5.642689,260.1787,305.3927,283.64615,274.3782073974609,292.1156753540039,750192,0.0,299.31262,2.1693704,295.3685,305.3927,283.67627,0.821009,282.00845,285.36633,101529.93,1020.4153,95362.31,104825.375,101604.94,99716.721875,103092.4375,750192,0.0,104106.92,290.0851,103472.5,104825.375,101530.99,127.712746,101242.086,101792.89,284.52115,4.8573475,273.31787,295.5869,284.1809,277.518310546875,291.909423828125,750192,0.0,292.0089,1.3446902,289.48682,295.5869,284.52075,0.82300836,282.6971,286.26117,101529.53,1020.41205,95362.39,104825.06,101604.555,99716.28984375,103092.05390625,750192,0.0,104106.445,290.1109,103471.89,104825.06,101530.55,127.71288,101241.67,101792.48,0.00010305194,0.00029982722,0.0,0.010422707,2.3841858e-06,0.0,0.0005970001220703125,750168,3.1991810096609896e-05,0.0055789645,0.0016838014,0.0029735565,0.010422707,0.000102863065,1.7403157e-05,6.512589e-05,0.00014390293,228.36792,109.10671,9.468448e-05,360.00235,255.65796,13.203423,350.3549,750192,0.0,359.97595,0.021163113,359.8762,360.00235,228.31651,10.51648,196.77986,250.40022,4.519342,1.0457345,1.6770039,11.593519,4.435637,2.9427402,6.3654814,750192,0.0,8.782834,0.7772945,7.3711567,11.593519,4.5178704,0.11915409,4.2045937,4.7551136,0.8004781,0.53705776,0.034703393,5.1596985,0.6586977,0.21086095,1.874765,750192,0.0,3.803723,0.45675543,3.0350933,5.1596985,0.79962236,0.057540655,0.6261099,0.9238077,-3.15507e-09,1.105949,-2.8115218,3.2884781,-0.11152199,-1.5715219974517822,1.6984779834747314,140252,0.8130451937637299,2.7290664,1.0118908,-1.241522,3.2884781,-0.073013544,0.29481795,-1.241522,0.06955793,0.026183402402086862,1.0796865728672358,-2.2419681787272028,2.435924871033075,-0.06620036310549977,-1.4942764653109535,1.7074803822316162,750192,0.0,2.1071910320837666,0.17806581625272777,1.7968237732028796,2.435924871033075,0.02743294243754503,0.17204086475483124,-0.26822778589673163,0.3165981990815448,-9.197413e-05,0.27401066,-1.9042698,1.9796901,-0.021994961,-0.3914064019918442,0.47316376268863636,140242,0.8130585236846034,1.5769606,0.46957064,-0.08248605,1.9796901,-0.004931894,0.0313739,-0.08248605,0.03816805,1.3329920873589694e-05,0.003650992082544026,0,1,0.0,0.0,0.0,750192,0.0,0.046511627906976744,0.21059035204970747,0,1,1.3259359453981318e-05,6.600608899179597e-05,0.0,0.0004553734061930783
19,1.6632124,5.5760856,-17.507294,26.900314,1.7137222,-7.283705139160157,10.965247344970702,750192,0.0,19.935993,1.9592458,16.335236,26.900314,1.6554796,0.7130315,0.0899138,3.1000962,-0.22108386,5.326105,-22.845657,26.785095,-0.5044174,-8.303466796875,8.85979614257812,750192,0.0,18.147633,1.965071,14.493561,26.785095,-0.22111724,0.4490649,-1.4427168,0.71911544,282.40076,4.3605475,262.74005,292.6508,282.76837,274.71124877929685,288.7220458984375,750192,0.0,290.67038,0.7524096,289.07996,292.6508,282.40335,0.49960974,281.39294,283.6674,285.68762,3.4023092,269.1394,297.27444,285.69586,279.9453598022461,290.59806671142576,750192,0.0,293.4826,1.3187027,291.0567,297.27444,285.6888,0.4773072,284.5128,286.8033,101667.695,987.4434,95469.625,104767.19,101776.375,99861.5,103117.0625,750192,0.0,104052.805,271.0169,103420.625,104767.19,101667.88,132.67436,101281.64,101952.45,286.40042,2.476032,281.38818,292.4214,286.34473,282.87548828125,290.15576171875,750192,0.0,290.45697,0.84840685,288.48145,292.4214,286.39944,0.38281286,285.35135,287.23206,101597.58,986.77246,95402.11,104693.81,101706.375,99792.098046875,103045.1875,750192,0.0,103979.766,270.6933,103347.43,104693.81,101597.734,132.60765,101211.75,101882.25,0.00010113141,0.00030775327,0.0,0.013497829,3.8146973e-06,0.0,0.0005655288696289062,750168,3.1991810096609896e-05,0.0053688427,0.0016556964,0.003312111,0.013497829,0.00010107278,1.4034738e-05,6.3789514e-05,0.00013003057,259.96176,59.681072,0.0057727695,359.9962,273.20038,103.002785,319.53436,750192,0.0,359.83234,0.23130481,358.60397,359.9962,259.9459,5.039441,249.29378,269.32343,7.8214417,1.9716512,3.1057491,16.284964,7.6376686,4.91264,11.318827,750192,0.0,14.257678,0.7369676,12.603947,16.284964,7.8220873,0.25498652,7.324038,8.448923,1.4740012,0.85889626,0.17448582,8.65596,1.242645,0.5345435,3.2045624,750192,0.0,6.0725203,0.90911466,4.164204,8.65596,1.4734765,0.11438653,1.2064391,1.7336985,3.6221581e-07,1.1536456,-2.991064,3.046936,0.056935787,-1.857064127922058,1.7669358253479004,221584,0.7046302813146501,2.6865516,0.14954214,2.4259357,3.046936,-0.0001559544,0.03903905,-0.08686206,0.095989846,-0.10553190142784542,1.151932812303187,-3.056800392978096,2.673945166988531,-0.051596322009426925,-1.9614153758209256,1.6558471070259468,750192,0.0,2.412585423288435,0.12057317533466431,2.1592149430786054,2.673945166988531,-0.10490468195121946,0.08788973258053212,-0.2564727635322299,0.04304488388626944,-6.610783e-09,0.1394265,-0.45798677,1.0529381,-0.011094961,-0.20652481392025948,0.24875358343124382,221584,0.7046302813146501,0.6956632,0.11337493,0.48356768,1.0529381,0.00045775436,0.02918234,-0.061983,0.052944962,0.0,0.0,0,0,0.0,0.0,0.0,750192,0.0,0.0,0.0,0,0,0.0,0.0,0.0,0.0
194,1.2303919,3.7310712,-11.369858,19.24466,1.1702042,-4.5800933837890625,7.53076171875,750192,0.0,14.517832,1.7074833,11.757935,19.24466,1.2269837,0.42411134,0.09953162,2.2524025,0.57195276,3.5905917,-15.506302,15.423996,0.5872345,-5.226576232910157,6.485324859619137,750192,0.0,12.463963,1.2893158,9.374344,15.423996,0.5698903,0.36300847,-0.33491072,1.3620859,280.06784,5.7246,250.4375,297.10837,280.4202,270.2242904663086,288.50443878173826,750192,0.0,293.52213,1.1896607,290.65027,297.10837,280.06772,0.83362466,278.41162,282.05304,283.5369,6.3719,254.95995,311.40674,283.5332,273.084001159668,293.5347839355469,750192,0.0,303.5977,2.4645114,298.42307,311.40674,283.54153,0.8277444,281.85495,285.2576,101532.055,1015.5496,95406.81,104831.125,101605.0,99730.6875,103091.875,750192,0.0,104106.47,291.58298,103481.75,104831.125,101533.09,127.042915,101245.74,101792.445,,,,,,,,0,1.0,,,,,,,,,101547.35,1015.71704,95421.39,104847.06,101620.234,99745.84453125,103107.53828125,750192,0.0,104122.555,291.68716,103497.89,104847.06,101548.36,127.054306,101261.0,101807.734,8.828524e-05,0.00027943007,0.0,0.009741783,9.536743e-07,0.0,0.0004963874816894531,750168,3.1991810096609896e-05,0.005476691,0.0013121779,0.0028600693,0.009741783,8.816176e-05,1.4551451e-05,5.489928e-05,0.00012597031,228.36792,109.10671,9.468448e-05,360.00235,255.65796,13.203423,350.3549,750192,0.0,359.97595,0.021163113,359.8762,360.00235,228.31651,10.51648,196.77986,250.40022,4.519342,1.0457345,1.6770039,11.593519,4.435637,2.9427402,6.3654814,750192,0.0,8.782834,0.7772945,7.3711567,11.593519,4.5178704,0.11915409,4.2045937,4.7551136,0.8004781,0.53705776,0.034703393,5.1596985,0.6586977,0.21086095,1.874765,750192,0.0,3.803723,0.45675543,3.0350933,5.1596985,0.79962236,0.057540655,0.6261099,0.9238077,1.8665206e-08,1.52823,-3.5258193,4.4041805,-0.16581935,-2.195819139480591,2.424180746078491,447172,0.4039232623115149,3.715905,0.2985259,2.9741807,4.4041805,-0.006109494,0.059764523,-0.1304129,0.0970745,-0.03220615194950985,1.4995999771034638,-3.057487579186697,3.3758341267633147,-0.16156892710223858,-2.1555868684066577,2.3690007302494123,750192,0.0,3.1424636503713628,0.11522986416035506,2.879572603485662,3.3758341267633147,-0.031698159150746606,0.07840042811147499,-0.1668161820514275,0.09995681767907746,-0.0003282882,0.28637132,-1.9117248,1.9987097,-0.021319386,-0.4146570488810539,0.4872809499502182,447106,0.40401123978928066,1.7892922,0.1820985,1.3473358,1.9987097,0.0030705887,0.036896583,-0.07605084,0.10231034,8.797747776569199e-05,0.00937921839649222,0,1,0.0,0.0,0.0,750192,0.0,0.18604651162790697,0.38914419838794195,0,1,8.75676241839111e-05,0.00022262247714570845,0.0,0.0010273972602739725
195,1.5085607,4.6591096,-13.907944,21.668488,1.4912186,-5.842429351806641,9.18511962890625,750192,0.0,16.791891,1.8396685,13.881165,21.668488,1.5040553,0.5421845,0.064491324,2.827711,0.57286125,4.5375133,-19.117126,17.685822,0.6344757,-6.827016448974609,7.946990966796875,750192,0.0,14.598336,1.3946985,11.1948395,17.685822,0.5705427,0.45273483,-0.570003,1.532525,280.42273,5.469859,254.83197,295.3473,280.58685,271.0506927490234,288.57818603515625,750192,0.0,292.30286,1.0717522,290.0227,295.3473,280.42346,0.77588505,278.91962,282.26654,283.6732,5.642689,260.1787,305.3927,283.64615,274.3782073974609,292.1156753540039,750192,0.0,299.31262,2.1693704,295.3685,305.3927,283.67627,0.821009,282.00845,285.36633,101529.93,1020.4153,95362.31,104825.375,101604.94,99716.721875,103092.4375,750192,0.0,104106.92,290.0851,103472.5,104825.375,101530.99,127.712746,101242.086,101792.89,284.52115,4.8573475,273.31787,295.5869,284.1809,277.518310546875,291.909423828125,750192,0.0,292.0089,1.3446902,289.48682,295.5869,284.52075,0.82300836,282.6971,286.26117,101529.53,1020.41205,95362.39,104825.06,101604.555,99716.28984375,103092.05390625,750192,0.0,104106.445,290.1109,103471.89,104825.06,101530.55,127.71288,101241.67,101792.48,0.00010305194,0.00029982722,0.0,0.010422707,2.3841858e-06,0.0,0.0005970001220703125,750168,3.1991810096609896e-05,0.0055789645,0.0016838014,0.0029735565,0.010422707,0.000102863065,1.7403157e-05,6.512589e-05,0.00014390293,228.36792,109.10671,9.468448e-05,360.00235,255.65796,13.203423,350.3549,750192,0.0,359.97595,0.021163113,359.8762,360.00235,228.31651,10.51648,196.77986,250.40022,4.519342,1.0457345,1.6770039,11.593519,4.435637,2.9427402,6.3654814,750192,0.0,8.782834,0.7772945,7.3711567,11.593519,4.5178704,0.11915409,4.2045937,4.7551136,0.8004781,0.53705776,0.034703393,5.1596985,0.6586977,0.21086095,1.874765,750192,0.0,3.803723,0.45675543,3.0350933,5.1596985,0.79962236,0.057540655,0.6261099,0.9238077,-1.3572383e-08,0.78066975,-2.1335065,2.3364935,-0.17350653,-1.02350652217865,1.3064934015274048,306921,0.5908767355556978,2.1480725,0.47109908,-0.57350653,2.3364935,-0.018658679,0.10182486,-0.57350653,0.067531124,-0.03482048148022738,0.7424292177823589,-1.4398675732119233,1.8319453422214973,-0.2075388533164571,-0.9835219956839766,1.2117431194504715,750192,0.0,1.6908048377355533,0.06737771811843016,1.4959855486197662,1.8319453422214973,-0.03461455874782678,0.04752135398313109,-0.11674581341259711,0.046243457256039615,-6.417212e-05,0.24481311,-1.8246956,1.9407182,-0.018274365,-0.3580011516809464,0.4244334384799006,306912,0.590888732484484,1.4625051,0.3280493,0.115363605,1.9407182,-0.0017959799,0.047113903,-0.19806165,0.115363605,1.1996928786230725e-05,0.0034636375185533525,0,1,0.0,0.0,0.0,750192,0.0,0.023255813953488372,0.15071489996297352,0,1,1.1946479770627588e-05,7.79097939409004e-05,0.0,0.0005707762557077625
196,1.2303919,3.7310712,-11.369858,19.24466,1.1702042,-4.5800933837890625,7.53076171875,750192,0.0,14.517832,1.7074833,11.757935,19.24466,1.2269837,0.42411134,0.09953162,2.2524025,0.57195276,3.5905917,-15.506302,15.423996,0.5872345,-5.226576232910157,6.485324859619137,750192,0.0,12.463963,1.2893158,9.374344,15.423996,0.5698903,0.36300847,-0.33491072,1.3620859,280.06784,5.7246,250.4375,297.10837,280.4202,270.2242904663086,288.50443878173826,750192,0.0,293.52213,1.1896607,290.65027,297.10837,280.06772,0.83362466,278.41162,282.05304,283.5369,6.3719,254.95995,311.40674,283.5332,273.084001159668,293.5347839355469,750192,0.0,303.5977,2.4645114,298.42307,311.40674,283.54153,0.8277444,281.85495,285.2576,101532.055,1015.5496,95406.81,104831.125,101605.0,99730.6875,103091.875,750192,0.0,104106.47,291.58298,103481.75,104831.125,101533.09,127.042915,101245.74,101792.445,,,,,,,,0,1.0,,,,,,,,,101547.35,1015.71704,95421.39,104847.06,101620.234,99745.84453125,103107.53828125,750192,0.0,104122.555,291.68716,103497.89,104847.06,101548.36,127.054306,101261.0,101807.734,8.828524e-05,0.00027943007,0.0,0.009741783,9.536743e-07,0.0,0.0004963874816894531,750168,3.1991810096609896e-05,0.005476691,0.0013121779,0.0028600693,0.009741783,8.816176e-05,1.4551451e-05,5.489928e-05,0.00012597031,228.36792,109.10671,9.468448e-05,360.00235,255.65796,13.203423,350.3549,750192,0.0,359.97595,0.021163113,359.8762,360.00235,228.31651,10.51648,196.77986,250.40022,4.519342,1.0457345,1.6770039,11.593519,4.435637,2.9427402,6.3654814,750192,0.0,8.782834,0.7772945,7.3711567,11.593519,4.5178704,0.11915409,4.2045937,4.7551136,0.8004781,0.53705776,0.034703393,5.1596985,0.6586977,0.21086095,1.874765,750192,0.0,3.803723,0.45675543,3.0350933,5.1596985,0.79962236,0.057540655,0.6261099,0.9238077,4.2120124e-08,0.1975969,-0.61453843,0.6254616,-0.0045384467,-0.31453844904899597,0.34546154737472534,98537,0.8686509586879092,0.58469236,0.13836752,0.10546154,0.6254616,0.004839336,0.050860785,-0.082676746,0.10546154,-0.01869804632460611,0.18366340508648546,-0.5160727431136105,0.4911703063334987,-0.018511517913644186,-0.3169299851253792,0.2816163718904091,750192,0.0,0.21521707092634487,0.1606854958333469,-0.10787207297918586,0.4911703063334987,-0.020173082393401282,0.16033767186122547,-0.3190333300618123,0.25401710871366623,-2.578309e-07,0.17340216,-0.7319679,0.7779682,-0.0040606717,-0.2745086014270782,0.3057289183139801,98537,0.8686509586879092,0.61474884,0.20060956,-0.055315267,0.7779682,-0.0037669113,0.03605103,-0.10451125,0.02801635,0.0,0.0,0,0,0.0,0.0,0.0,750192,0.0,0.0,0.0,0,0,0.0,0.0,0.0,0.0
197,1.2303919,3.7310712,-11.369858,19.24466,1.1702042,-4.5800933837890625,7.53076171875,750192,0.0,14.517832,1.7074833,11.757935,19.24466,1.2269837,0.42411134,0.09953162,2.2524025,0.57195276,3.5905917,-15.506302,15.423996,0.5872345,-5.226576232910157,6.485324859619137,750192,0.0,12.463963,1.2893158,9.374344,15.423996,0.5698903,0.36300847,-0.33491072,1.3620859,280.06784,5.7246,250.4375,297.10837,280.4202,270.2242904663086,288.50443878173826,750192,0.0,293.52213,1.1896607,290.65027,297.10837,280.06772,0.83362466,278.41162,282.05304,283.5369,6.3719,254.95995,311.40674,283.5332,273.084001159668,293.5347839355469,750192,0.0,303.5977,2.4645114,298.42307,311.40674,283.54153,0.8277444,281.85495,285.2576,101532.055,1015.5496,95406.81,104831.125,101605.0,99730.6875,103091.875,750192,0.0,104106.47,291.58298,103481.75,104831.125,101533.09,127.042915,101245.74,101792.445,,,,,,,,0,1.0,,,,,,,,,101547.35,1015.71704,95421.39,104847.06,101620.234,99745.84453125,103107.53828125,750192,0.0,104122.555,291.68716,103497.89,104847.06,101548.36,127.054306,101261.0,101807.734,8.828524e-05,0.00027943007,0.0,0.009741783,9.536743e-07,0.0,0.0004963874816894531,750168,3.1991810096609896e-05,0.005476691,0.0013121779,0.0028600693,0.009741783,8.816176e-05,1.4551451e-05,5.489928e-05,0.00012597031,228.36792,109.10671,9.468448e-05,360.00235,255.65796,13.203423,350.3549,750192,0.0,359.97595,0.021163113,359.8762,360.00235,228.31651,10.51648,196.77986,250.40022,4.519342,1.0457345,1.6770039,11.593519,4.435637,2.9427402,6.3654814,750192,0.0,8.782834,0.7772945,7.3711567,11.593519,4.5178704,0.11915409,4.2045937,4.7551136,0.8004781,0.53705776,0.034703393,5.1596985,0.6586977,0.21086095,1.874765,750192,0.0,3.803723,0.45675543,3.0350933,5.1596985,0.79962236,0.057540655,0.6261099,0.9238077,-1.7683348e-08,0.82116574,-2.0674825,2.4725175,-0.17748252,-1.067482590675354,1.4025174379348755,141514,0.8113629577494827,2.4378114,0.039870027,2.3425174,2.4725175,0.00626656,0.05044134,-0.078537256,0.14819147,0.01335558494521259,0.770783864198778,-1.540872053752272,2.070041183036547,-0.17460831131731996,-0.9791557205297654,1.3290811668577023,750192,0.0,1.83361023133134,0.12442557914705633,1.5618247651705184,2.070041183036547,0.014085572372137088,0.11342261641889,-0.18108599885115445,0.20553396386411973,-0.00039624213,0.29649714,-1.7814873,1.990029,-0.027138874,-0.423442080616951,0.5181461393833156,141488,0.8113976155437541,1.8097757,0.15396339,1.4473151,1.990029,0.006284626,0.0486969,-0.056042284,0.15318343,3.4657794271333204e-05,0.005886985061016323,0,1,0.0,0.0,0.0,750192,0.0,0.06976744186046512,0.2547546779093798,0,1,3.447215853667736e-05,0.00015648623152551537,0.0,0.001138433515482696
2,1.435309,5.204763,-16.211533,26.093597,1.5004578,-6.847013854980469,10.088025665283194,750192,0.0,18.49585,1.8750199,14.633667,26.093597,1.4279836,0.67311877,-0.28488353,2.7142663,0.02476397,5.0576916,-21.138504,22.478455,-0.3976593,-7.518460083007812,8.77201690673828,750192,0.0,17.351213,1.4954196,13.812729,22.478455,0.02455328,0.43087268,-1.0866622,0.93566895,282.15125,4.30005,262.2034,292.80914,282.57556,274.4693939208984,288.2447509765625,750192,0.0,290.25473,0.74602973,288.60907,292.80914,282.1534,0.48663494,281.15393,283.37158,285.25388,3.4067388,268.88684,302.05457,285.27795,279.50142059326174,290.1333755493164,750192,0.0,295.0193,2.0904963,291.41077,302.05457,285.2552,0.45975253,284.0522,286.26074,101649.195,1008.56805,95393.125,104816.375,101763.875,99804.1875,103127.4375,750192,0.0,104066.125,269.75537,103484.5,104816.375,101649.45,134.31726,101262.07,101940.625,285.8856,2.222255,281.2671,291.22412,285.9099,282.75537109375,289.106201171875,750192,0.0,289.46198,0.68254447,287.8286,291.22412,285.8849,0.34119606,284.97977,286.5349,101411.51,1006.2591,95172.8,104567.3,101526.63,99569.387109375,102884.261328125,750192,0.0,103819.1,268.6959,103241.586,104567.3,101411.766,134.08437,101025.3,101702.76,0.00011351637,0.00033400676,0.0,0.0113554,4.7683716e-06,0.0,0.0006418228149414062,750168,3.1991810096609896e-05,0.0058935047,0.0017133993,0.0035586357,0.0113554,0.00011345103,1.6078984e-05,7.465547e-05,0.00014427441,,,,,,,,0,1.0,,,,,,,,,,,,,,,,0,1.0,,,,,,,,,,,,,,,,0,1.0,,,,,,,,,-4.414568e-07,1.5949813,-3.9808068,3.9591932,0.019193172,-2.5308070182800293,2.4991931915283203,625758,0.16586953739842603,3.6975224,0.14678957,3.3591928,3.9591932,0.00075251516,0.05723209,-0.11132775,0.15848322,-0.013775149232867571,1.5873188956439002,-3.8794394842137088,3.78580832870219,0.0029588941797745573,-2.529467900366821,2.4765768927307996,750192,0.0,3.5655194129289,0.127856368265892,3.2668508153932696,3.78580832870219,-0.013407541358247213,0.05601765479589615,-0.10995908958162229,0.08079650590736513,9.72551e-07,0.14845064,-1.4672495,1.4538819,-0.011654578,-0.22030279859900476,0.262347374856472,625758,0.16586953739842603,0.7683383,0.1842329,0.4788779,1.4538819,0.0004900959,0.031739354,-0.0600222,0.0873491,0.0,0.0,0,0,0.0,0.0,0.0,750192,0.0,0.0,0.0,0,0,0.0,0.0,0.0,0.0
200,1.2303919,3.7310712,-11.369858,19.24466,1.1702042,-4.5800933837890625,7.53076171875,750192,0.0,14.517832,1.7074833,11.757935,19.24466,1.2269837,0.42411134,0.09953162,2.2524025,0.57195276,3.5905917,-15.506302,15.423996,0.5872345,-5.226576232910157,6.485324859619137,750192,0.0,12.463963,1.2893158,9.374344,15.423996,0.5698903,0.36300847,-0.33491072,1.3620859,280.06784,5.7246,250.4375,297.10837,280.4202,270.2242904663086,288.50443878173826,750192,0.0,293.52213,1.1896607,290.65027,297.10837,280.06772,0.83362466,278.41162,282.05304,283.5369,6.3719,254.95995,311.40674,283.5332,273.084001159668,293.5347839355469,750192,0.0,303.5977,2.4645114,298.42307,311.40674,283.54153,0.8277444,281.85495,285.2576,101532.055,1015.5496,95406.81,104831.125,101605.0,99730.6875,103091.875,750192,0.0,104106.47,291.58298,103481.75,104831.125,101533.09,127.042915,101245.74,101792.445,,,,,,,,0,1.0,,,,,,,,,101547.35,1015.71704,95421.39,104847.06,101620.234,99745.84453125,103107.53828125,750192,0.0,104122.555,291.68716,103497.89,104847.06,101548.36,127.054306,101261.0,101807.734,8.828524e-05,0.00027943007,0.0,0.009741783,9.536743e-07,0.0,0.0004963874816894531,750168,3.1991810096609896e-05,0.005476691,0.0013121779,0.0028600693,0.009741783,8.816176e-05,1.4551451e-05,5.489928e-05,0.00012597031,228.36792,109.10671,9.468448e-05,360.00235,255.65796,13.203423,350.3549,750192,0.0,359.97595,0.021163113,359.8762,360.00235,228.31651,10.51648,196.77986,250.40022,4.519342,1.0457345,1.6770039,11.593519,4.435637,2.9427402,6.3654814,750192,0.0,8.782834,0.7772945,7.3711567,11.593519,4.5178704,0.11915409,4.2045937,4.7551136,0.8004781,0.53705776,0.034703393,5.1596985,0.6586977,0.21086095,1.874765,750192,0.0,3.803723,0.45675543,3.0350933,5.1596985,0.79962236,0.057540655,0.6261099,0.9238077,-1.6987105e-08,0.22742748,-0.89089346,0.84910655,-0.010893494,-0.3208934962749481,0.399106502532959,436553,0.4180783052871798,0.8341063,0.033179253,0.70910656,0.84910655,-0.0077887876,0.0413612,-0.12386419,0.065638326,-0.00558447478750108,0.09635201515820284,-0.2657470160825772,0.25167962775441866,-0.0076498843855517746,-0.15268016470026052,0.15435389980423392,750192,0.0,0.22513449816185885,0.013430262564409533,0.19964164242509813,0.25167962775441866,-0.005575014666989419,0.0130239829552117,-0.027981050261202078,0.01679113302566987,-1.09542356e-07,0.20620434,-1.0894357,1.0301131,-0.010853702,-0.28891810774803156,0.3536155998706809,436553,0.4180783052871798,0.84723705,0.108471684,0.58466774,1.0301131,-0.005807084,0.03861879,-0.11504674,0.06325834,0.0,0.0,0,0,0.0,0.0,0.0,750192,0.0,0.0,0.0,0,0,0.0,0.0,0.0,0.0
203,1.530056,4.7557673,-13.89299,21.308136,1.5474472,-5.990119171142578,9.337448120117188,750192,0.0,16.887436,1.7920856,13.915375,21.308136,1.5256717,0.55871934,0.03346369,2.9037395,0.5740477,4.5942526,-19.018494,18.132904,0.60887146,-6.864378356933594,8.085753631591789,750192,0.0,14.8183365,1.3848115,11.460068,18.132904,0.5717569,0.45695642,-0.5679056,1.522561,280.3801,5.4693108,256.00882,294.7518,280.5094,271.02220306396487,288.561018371582,750192,0.0,292.10095,1.0173664,289.93167,294.7518,280.38107,0.77564716,278.8379,282.21918,283.56622,5.5649056,260.29395,304.0509,283.5447,274.3838226318359,291.84161376953125,750192,0.0,298.54486,1.9861664,295.24268,304.0509,283.56854,0.82393676,281.89386,285.27332,101517.34,1026.7577,95389.56,104795.875,101592.625,99693.9375,103090.4375,750192,0.0,104108.625,297.43466,103453.75,104795.875,101518.41,128.0157,101232.96,101776.48,284.4859,4.8212867,273.40967,295.0869,284.16284,277.477783203125,291.78369140625,750192,0.0,291.92682,1.2909036,289.4729,295.0869,284.48483,0.81870174,282.74194,286.18045,101521.12,1026.7971,95393.19,104800.06,101596.42,99697.57265625,103094.308203125,750192,0.0,104112.664,297.41483,103457.89,104800.06,101522.19,128.01878,101236.74,101780.266,0.00010528758,0.0002962643,0.0,0.012198925,3.33786e-06,0.0,0.0006041526794433594,750168,3.1991810096609896e-05,0.00514273,0.0017279035,0.0023269653,0.012198925,0.0001050837,1.7838036e-05,6.422368e-05,0.00014809503,228.36792,109.10671,9.468448e-05,360.00235,255.65796,13.203423,350.3549,750192,0.0,359.97595,0.021163113,359.8762,360.00235,228.31651,10.51648,196.77986,250.40022,4.519342,1.0457345,1.6770039,11.593519,4.435637,2.9427402,6.3654814,750192,0.0,8.782834,0.7772945,7.3711567,11.593519,4.5178704,0.11915409,4.2045937,4.7551136,0.8004781,0.53705776,0.034703393,5.1596985,0.6586977,0.21086095,1.874765,750192,0.0,3.803723,0.45675543,3.0350933,5.1596985,0.79962236,0.057540655,0.6261099,0.9238077,4.6989754e-09,0.66815066,-1.9836664,2.0063334,-0.15366647,-0.8736664652824402,1.1163334846496582,446904,0.4042805041909271,1.9692643,0.04705123,1.7563336,2.0063334,-0.0077995444,0.051098127,-0.15539934,0.06809905,-0.02128739320969904,0.6210973975715283,-1.1569387342682371,1.5193244868703504,-0.18874394271864783,-0.8065070180455575,1.027417626876777,750192,0.0,1.3871639570911298,0.06204020810213223,1.2369213573320952,1.5193244868703504,-0.021024096625591335,0.053478237881445706,-0.1132195844161049,0.0697506718720048,-5.350664e-05,0.24786016,-1.5944813,1.9885737,-0.0215248,-0.3558765411376953,0.4341283559799193,446893,0.404295167103888,1.5709314,0.21828222,1.0596523,1.9885737,-0.0012904212,0.034686204,-0.09199674,0.058755506,1.4662912960948664e-05,0.0038291902485946276,0,1,0.0,0.0,0.0,750192,0.0,0.05813953488372093,0.2340071139243965,0,1,1.4601253052989275e-05,7.134626022287713e-05,0.0,0.0005707762557077625
205,1.5085607,4.6591096,-13.907944,21.668488,1.4912186,-5.842429351806641,9.18511962890625,750192,0.0,16.791891,1.8396685,13.881165,21.668488,1.5040553,0.5421845,0.064491324,2.827711,0.57286125,4.5375133,-19.117126,17.685822,0.6344757,-6.827016448974609,7.946990966796875,750192,0.0,14.598336,1.3946985,11.1948395,17.685822,0.5705427,0.45273483,-0.570003,1.532525,280.42273,5.469859,254.83197,295.3473,280.58685,271.0506927490234,288.57818603515625,750192,0.0,292.30286,1.0717522,290.0227,295.3473,280.42346,0.77588505,278.91962,282.26654,283.6732,5.642689,260.1787,305.3927,283.64615,274.3782073974609,292.1156753540039,750192,0.0,299.31262,2.1693704,295.3685,305.3927,283.67627,0.821009,282.00845,285.36633,101529.93,1020.4153,95362.31,104825.375,101604.94,99716.721875,103092.4375,750192,0.0,104106.92,290.0851,103472.5,104825.375,101530.99,127.712746,101242.086,101792.89,284.52115,4.8573475,273.31787,295.5869,284.1809,277.518310546875,291.909423828125,750192,0.0,292.0089,1.3446902,289.48682,295.5869,284.52075,0.82300836,282.6971,286.26117,101529.53,1020.41205,95362.39,104825.06,101604.555,99716.28984375,103092.05390625,750192,0.0,104106.445,290.1109,103471.89,104825.06,101530.55,127.71288,101241.67,101792.48,0.00010305194,0.00029982722,0.0,0.010422707,2.3841858e-06,0.0,0.0005970001220703125,750168,3.1991810096609896e-05,0.0055789645,0.0016838014,0.0029735565,0.010422707,0.000102863065,1.7403157e-05,6.512589e-05,0.00014390293,228.36792,109.10671,9.468448e-05,360.00235,255.65796,13.203423,350.3549,750192,0.0,359.97595,0.021163113,359.8762,360.00235,228.31651,10.51648,196.77986,250.40022,4.519342,1.0457345,1.6770039,11.593519,4.435637,2.9427402,6.3654814,750192,0.0,8.782834,0.7772945,7.3711567,11.593519,4.5178704,0.11915409,4.2045937,4.7551136,0.8004781,0.53705776,0.034703393,5.1596985,0.6586977,0.21086095,1.874765,750192,0.0,3.803723,0.45675543,3.0350933,5.1596985,0.79962236,0.057540655,0.6261099,0.9238077,3.0628666e-08,1.1790879,-2.954309,3.505691,-0.09430899,-1.7043089866638184,1.775691032409668,133514,0.8220268944483545,2.8398087,1.0676476,-1.344309,3.505691,-0.082381874,0.3172244,-1.344309,0.058391955,0.017858682547488274,1.147382514056593,-2.339274067142457,2.5171417081064464,-0.05045407527178486,-1.614066636798701,1.779481215961794,750192,0.0,2.262778609587215,0.11579361799104698,2.0181940767320348,2.5171417081064464,0.018531358608476618,0.10299810224613316,-0.15880284762865224,0.19191778885193292,-0.0001742455,0.259772,-1.7988551,1.9984154,-0.02126337,-0.3665838301181793,0.43915483653545373,133503,0.8220415573613156,1.5818357,0.45067686,-0.008811484,1.9984154,-0.003464493,0.025908714,-0.061934616,0.037083197,1.4662912960948664e-05,0.0038291902485946285,0,1,0.0,0.0,0.0,750192,0.0,0.046511627906976744,0.21059035204970747,0,1,1.4583119355705384e-05,7.534094770904664e-05,0.0,0.000569216757741348
208,1.2303919,3.7310712,-11.369858,19.24466,1.1702042,-4.5800933837890625,7.53076171875,750192,0.0,14.517832,1.7074833,11.757935,19.24466,1.2269837,0.42411134,0.09953162,2.2524025,0.57195276,3.5905917,-15.506302,15.423996,0.5872345,-5.226576232910157,6.485324859619137,750192,0.0,12.463963,1.2893158,9.374344,15.423996,0.5698903,0.36300847,-0.33491072,1.3620859,280.06784,5.7246,250.4375,297.10837,280.4202,270.2242904663086,288.50443878173826,750192,0.0,293.52213,1.1896607,290.65027,297.10837,280.06772,0.83362466,278.41162,282.05304,283.5369,6.3719,254.95995,311.40674,283.5332,273.084001159668,293.5347839355469,750192,0.0,303.5977,2.4645114,298.42307,311.40674,283.54153,0.8277444,281.85495,285.2576,101532.055,1015.5496,95406.81,104831.125,101605.0,99730.6875,103091.875,750192,0.0,104106.47,291.58298,103481.75,104831.125,101533.09,127.042915,101245.74,101792.445,,,,,,,,0,1.0,,,,,,,,,101547.35,1015.71704,95421.39,104847.06,101620.234,99745.84453125,103107.53828125,750192,0.0,104122.555,291.68716,103497.89,104847.06,101548.36,127.054306,101261.0,101807.734,8.828524e-05,0.00027943007,0.0,0.009741783,9.536743e-07,0.0,0.0004963874816894531,750168,3.1991810096609896e-05,0.005476691,0.0013121779,0.0028600693,0.009741783,8.816176e-05,1.4551451e-05,5.489928e-05,0.00012597031,228.36792,109.10671,9.468448e-05,360.00235,255.65796,13.203423,350.3549,750192,0.0,359.97595,0.021163113,359.8762,360.00235,228.31651,10.51648,196.77986,250.40022,4.519342,1.0457345,1.6770039,11.593519,4.435637,2.9427402,6.3654814,750192,0.0,8.782834,0.7772945,7.3711567,11.593519,4.5178704,0.11915409,4.2045937,4.7551136,0.8004781,0.53705776,0.034703393,5.1596985,0.6586977,0.21086095,1.874765,750192,0.0,3.803723,0.45675543,3.0350933,5.1596985,0.79962236,0.057540655,0.6261099,0.9238077,1.0346908e-08,1.2183874,-3.041524,3.568476,-0.051523943,-1.7915239334106445,1.8484760522842407,157795,0.7896605135751914,2.9837391,1.10439,-1.5715239,3.568476,-0.08269443,0.35261756,-1.5715239,0.066035435,0.006103450389080984,1.183368867411533,-2.323013118038979,2.468225380570668,-0.03861159859615431,-1.6836131301196626,1.8013503041932477,750192,0.0,2.3040573966007925,0.07730727318521427,2.121356775233073,2.468225380570668,0.006373759623476598,0.05572308939951587,-0.09004218461459727,0.10059704754409479,-0.00014240158,0.29140818,-1.9309698,1.9937457,-0.01838398,-0.42607180774211884,0.4904837980866432,157776,0.7896858404248512,1.6566265,0.45882896,-0.08658397,1.9937457,-0.004686657,0.037946254,-0.08658397,0.05826061,2.5326849659820418e-05,0.0050325150978915885,0,1,0.0,0.0,0.0,750192,0.0,0.05813953488372093,0.2340071139243965,0,1,2.5205839224608908e-05,0.00012716548530307718,0.0,0.0010273972602739725
209,1.2303919,3.7310712,-11.369858,19.24466,1.1702042,-4.5800933837890625,7.53076171875,750192,0.0,14.517832,1.7074833,11.757935,19.24466,1.2269837,0.42411134,0.09953162,2.2524025,0.57195276,3.5905917,-15.506302,15.423996,0.5872345,-5.226576232910157,6.485324859619137,750192,0.0,12.463963,1.2893158,9.374344,15.423996,0.5698903,0.36300847,-0.33491072,1.3620859,280.06784,5.7246,250.4375,297.10837,280.4202,270.2242904663086,288.50443878173826,750192,0.0,293.52213,1.1896607,290.65027,297.10837,280.06772,0.83362466,278.41162,282.05304,283.5369,6.3719,254.95995,311.40674,283.5332,273.084001159668,293.5347839355469,750192,0.0,303.5977,2.4645114,298.42307,311.40674,283.54153,0.8277444,281.85495,285.2576,101532.055,1015.5496,95406.81,104831.125,101605.0,99730.6875,103091.875,750192,0.0,104106.47,291.58298,103481.75,104831.125,101533.09,127.042915,101245.74,101792.445,,,,,,,,0,1.0,,,,,,,,,101547.35,1015.71704,95421.39,104847.06,101620.234,99745.84453125,103107.53828125,750192,0.0,104122.555,291.68716,103497.89,104847.06,101548.36,127.054306,101261.0,101807.734,8.828524e-05,0.00027943007,0.0,0.009741783,9.536743e-07,0.0,0.0004963874816894531,750168,3.1991810096609896e-05,0.005476691,0.0013121779,0.0028600693,0.009741783,8.816176e-05,1.4551451e-05,5.489928e-05,0.00012597031,228.36792,109.10671,9.468448e-05,360.00235,255.65796,13.203423,350.3549,750192,0.0,359.97595,0.021163113,359.8762,360.00235,228.31651,10.51648,196.77986,250.40022,4.519342,1.0457345,1.6770039,11.593519,4.435637,2.9427402,6.3654814,750192,0.0,8.782834,0.7772945,7.3711567,11.593519,4.5178704,0.11915409,4.2045937,4.7551136,0.8004781,0.53705776,0.034703393,5.1596985,0.6586977,0.21086095,1.874765,750192,0.0,3.803723,0.45675543,3.0350933,5.1596985,0.79962236,0.057540655,0.6261099,0.9238077,1.7923316e-08,1.0830549,-2.7677884,3.1822116,-0.09778842,-1.547788381576538,1.6822116374969482,260190,0.6531687887900697,2.6915667,0.52774584,0.022211578,3.1822116,0.00032462276,0.029299062,-0.0849537,0.046402235,-0.03016293169065162,1.04711424332476,-1.9953185246926026,2.2259230846359284,-0.12374656548597557,-1.4885330754782287,1.6069822205490267,750192,0.0,2.08816191182778,0.06513542000657976,1.9386568042060097,2.2259230846359284,-0.030039820772102346,0.03553435436264343,-0.0914932895933035,0.03013524831126399,-0.00013841694,0.26332816,-1.9231119,1.9998726,-0.022389142,-0.37710261940956114,0.45760083198547336,260167,0.653199447608079,1.6033494,0.37867296,-0.12636961,1.9998726,-0.0045368434,0.033913128,-0.12636961,0.035576876,3.0658818009256296e-05,0.005536955665899317,0,1,0.0,0.0,0.0,750192,0.0,0.09302325581395349,0.29046502318132095,0,1,3.052626600770261e-05,0.0001021368290385212,0.0,0.00045662100456621003
21,1.0332261,4.597254,-15.020645,23.730011,0.9199753,-6.038169097900391,8.888404083251952,750192,0.0,17.695318,1.8329372,14.150085,23.730011,1.0269675,0.56728345,-0.3614349,2.150139,0.08506171,4.6769853,-18.914139,23.10289,-0.5806656,-6.722510528564453,8.094175720214842,750192,0.0,15.327111,1.6884001,11.722275,23.10289,0.08329221,0.4194688,-1.1445751,0.890798,281.7003,4.844345,259.4296,294.14856,281.91772,273.13165893554685,288.8838165283203,750192,0.0,291.71588,0.8779604,290.03452,294.14856,281.70212,0.58065534,280.39294,283.2018,284.9958,4.5213914,266.29077,303.95996,284.94934,277.466650390625,291.76441802978513,750192,0.0,297.4667,2.0169768,293.63196,303.95996,284.9973,0.57614565,283.50958,286.5127,101649.54,978.7478,95451.31,104816.375,101742.69,99879.221875,103114.9375,750192,0.0,104070.26,260.47693,103559.125,104816.375,101649.875,128.89194,101292.29,101932.15,286.0044,3.799328,278.6775,294.18262,285.66553,280.784912109375,291.62890625,750192,0.0,291.93045,0.74717706,290.74072,294.18262,286.0032,0.4359435,285.10413,287.2526,101420.85,976.4266,95232.39,104575.06,101515.06,99653.078125,102880.144140625,750192,0.0,103831.55,259.4455,103325.664,104575.06,101421.24,128.69534,101064.43,101703.234,0.00012844574,0.00035494356,0.0,0.013268471,3.33786e-06,0.0,0.0007448196411132812,750168,3.1991810096609896e-05,0.0057744067,0.0015485011,0.003818512,0.013268471,0.00012835507,2.0539403e-05,8.7500106e-05,0.0001802285,224.71579,95.473785,0.0009625582,360.00043,264.31268,30.122328,328.90186,750192,0.0,359.9016,0.11704597,359.16153,360.00043,224.6515,9.194406,201.44576,247.77014,4.591778,1.4878529,1.883174,14.735894,4.178319,2.9674497,7.665413,750192,0.0,12.051696,0.94177425,9.752068,14.735894,4.5922413,0.17432332,4.2408404,4.968542,0.61040556,0.37338102,0.045530524,2.758045,0.51080406,0.19679491,1.360147,750192,0.0,2.3489962,0.1268349,2.0227745,2.758045,0.60989624,0.042014334,0.5071869,0.71578294,-1.6567304e-07,1.4122336,-3.8698633,3.256137,0.23013687,-2.4558632373809814,2.0001368522644043,111259,0.8516926333525284,2.8428588,0.20499185,2.2921367,3.256137,-0.004701227,0.055595316,-0.10779004,0.102689624,-0.08907200357938909,1.381276441047157,-3.423897709690525,3.275573971649971,-0.08416467419486007,-2.2597443781385658,2.0609851148037253,750192,0.0,3.0130223568061316,0.1259715939574375,2.7386383668437957,3.275573971649971,-0.08854998117790483,0.07184567170702474,-0.21236756300743942,0.03217146246574028,-8.36629e-05,0.26176292,-1.006984,1.4290634,0.008677315,-0.4278400883078575,0.41141891330480573,111258,0.8516939663446158,0.99080837,0.19267644,0.7326502,1.4290634,0.009984887,0.053772565,-0.06719323,0.16989553,1.3329920873589694e-06,0.0011545519955771003,0,1,0.0,0.0,0.0,750192,0.0,0.011627906976744186,0.10720400531735917,0,1,1.3273866411808431e-06,1.223790015038346e-05,0.0,0.00011415525114155251
210,1.2303919,3.7310712,-11.369858,19.24466,1.1702042,-4.5800933837890625,7.53076171875,750192,0.0,14.517832,1.7074833,11.757935,19.24466,1.2269837,0.42411134,0.09953162,2.2524025,0.57195276,3.5905917,-15.506302,15.423996,0.5872345,-5.226576232910157,6.485324859619137,750192,0.0,12.463963,1.2893158,9.374344,15.423996,0.5698903,0.36300847,-0.33491072,1.3620859,280.06784,5.7246,250.4375,297.10837,280.4202,270.2242904663086,288.50443878173826,750192,0.0,293.52213,1.1896607,290.65027,297.10837,280.06772,0.83362466,278.41162,282.05304,283.5369,6.3719,254.95995,311.40674,283.5332,273.084001159668,293.5347839355469,750192,0.0,303.5977,2.4645114,298.42307,311.40674,283.54153,0.8277444,281.85495,285.2576,101532.055,1015.5496,95406.81,104831.125,101605.0,99730.6875,103091.875,750192,0.0,104106.47,291.58298,103481.75,104831.125,101533.09,127.042915,101245.74,101792.445,,,,,,,,0,1.0,,,,,,,,,101547.35,1015.71704,95421.39,104847.06,101620.234,99745.84453125,103107.53828125,750192,0.0,104122.555,291.68716,103497.89,104847.06,101548.36,127.054306,101261.0,101807.734,8.828524e-05,0.00027943007,0.0,0.009741783,9.536743e-07,0.0,0.0004963874816894531,750168,3.1991810096609896e-05,0.005476691,0.0013121779,0.0028600693,0.009741783,8.816176e-05,1.4551451e-05,5.489928e-05,0.00012597031,228.36792,109.10671,9.468448e-05,360.00235,255.65796,13.203423,350.3549,750192,0.0,359.97595,0.021163113,359.8762,360.00235,228.31651,10.51648,196.77986,250.40022,4.519342,1.0457345,1.6770039,11.593519,4.435637,2.9427402,6.3654814,750192,0.0,8.782834,0.7772945,7.3711567,11.593519,4.5178704,0.11915409,4.2045937,4.7551136,0.8004781,0.53705776,0.034703393,5.1596985,0.6586977,0.21086095,1.874765,750192,0.0,3.803723,0.45675543,3.0350933,5.1596985,0.79962236,0.057540655,0.6261099,0.9238077,-6.9589206e-09,0.64409375,-2.1421783,2.167822,-0.0021781623,-1.3221781253814697,1.3578218221664429,337675,0.5498818969010599,0.8760718,0.88308525,0.13782184,2.167822,-0.0004764989,0.02697885,-0.038687088,0.0710958,-0.008783800775171938,0.32838304913921906,-0.6542484298849269,0.563891718886033,-0.012091090988945683,-0.4756457049281766,0.4449605942272657,750192,0.0,0.5221701462211858,0.023285261509884754,0.47955088678202823,0.563891718886033,-0.008618938145642418,0.022029791727053813,-0.04645190528611155,0.02834878232482861,-1.0577532e-05,0.5561389,-1.8327079,1.9936765,-0.0042039747,-0.9505028843879697,1.0114863157272318,337673,0.5498845628852347,1.0575411,0.59884,0.5808042,1.9936765,-0.0001924206,0.023633448,-0.0323247,0.06590653,2.6659841747179387e-06,0.0016327820023647732,0,1,0.0,0.0,0.0,750192,0.0,0.023255813953488372,0.15071489996297352,0,1,2.6511465429049077e-06,1.71814097573936e-05,0.0,0.00011415525114155251
216,1.2303919,3.7310712,-11.369858,19.24466,1.1702042,-4.5800933837890625,7.53076171875,750192,0.0,14.517832,1.7074833,11.757935,19.24466,1.2269837,0.42411134,0.09953162,2.2524025,0.57195276,3.5905917,-15.506302,15.423996,0.5872345,-5.226576232910157,6.485324859619137,750192,0.0,12.463963,1.2893158,9.374344,15.423996,0.5698903,0.36300847,-0.33491072,1.3620859,280.06784,5.7246,250.4375,297.10837,280.4202,270.2242904663086,288.50443878173826,750192,0.0,293.52213,1.1896607,290.65027,297.10837,280.06772,0.83362466,278.41162,282.05304,283.5369,6.3719,254.95995,311.40674,283.5332,273.084001159668,293.5347839355469,750192,0.0,303.5977,2.4645114,298.42307,311.40674,283.54153,0.8277444,281.85495,285.2576,101532.055,1015.5496,95406.81,104831.125,101605.0,99730.6875,103091.875,750192,0.0,104106.47,291.58298,103481.75,104831.125,101533.09,127.042915,101245.74,101792.445,,,,,,,,0,1.0,,,,,,,,,101547.35,1015.71704,95421.39,104847.06,101620.234,99745.84453125,103107.53828125,750192,0.0,104122.555,291.68716,103497.89,104847.06,101548.36,127.054306,101261.0,101807.734,8.828524e-05,0.00027943007,0.0,0.009741783,9.536743e-07,0.0,0.0004963874816894531,750168,3.1991810096609896e-05,0.005476691,0.0013121779,0.0028600693,0.009741783,8.816176e-05,1.4551451e-05,5.489928e-05,0.00012597031,228.36792,109.10671,9.468448e-05,360.00235,255.65796,13.203423,350.3549,750192,0.0,359.97595,0.021163113,359.8762,360.00235,228.31651,10.51648,196.77986,250.40022,4.519342,1.0457345,1.6770039,11.593519,4.435637,2.9427402,6.3654814,750192,0.0,8.782834,0.7772945,7.3711567,11.593519,4.5178704,0.11915409,4.2045937,4.7551136,0.8004781,0.53705776,0.034703393,5.1596985,0.6586977,0.21086095,1.874765,750192,0.0,3.803723,0.45675543,3.0350933,5.1596985,0.79962236,0.057540655,0.6261099,0.9238077,-3.2926703e-08,0.19818097,-0.61767817,0.63232183,-0.0076782107,-0.3076781928539276,0.3523217737674713,192318,0.7436416277432978,0.6301481,0.008317873,0.5923219,0.63232183,0.0045927246,0.04639193,-0.07918798,0.12727325,-0.0021415813568107797,0.1120969159117795,-0.3290698295267971,0.3523363913227597,-0.00494042311857828,-0.18225240361591624,0.18757927321049117,750192,0.0,0.23657413902305652,0.06309067527613532,0.09260400225553324,0.3523363913227597,-0.0027562456492817165,0.06219417916219946,-0.12729943333966728,0.1031880370193177,4.057601e-06,0.17402202,-0.7563683,0.78987557,-0.007925324,-0.2680984526872635,0.3091066598892212,192318,0.7436416277432978,0.6935028,0.059165537,0.5569804,0.78987557,0.0018359844,0.036807373,-0.09259595,0.0567333,0.0,0.0,0,0,0.0,0.0,0.0,750192,0.0,0.0,0.0,0,0,0.0,0.0,0.0,0.0
22,1.0332261,4.597254,-15.020645,23.730011,0.9199753,-6.038169097900391,8.888404083251952,750192,0.0,17.695318,1.8329372,14.150085,23.730011,1.0269675,0.56728345,-0.3614349,2.150139,0.08506171,4.6769853,-18.914139,23.10289,-0.5806656,-6.722510528564453,8.094175720214842,750192,0.0,15.327111,1.6884001,11.722275,23.10289,0.08329221,0.4194688,-1.1445751,0.890798,281.7003,4.844345,259.4296,294.14856,281.91772,273.13165893554685,288.8838165283203,750192,0.0,291.71588,0.8779604,290.03452,294.14856,281.70212,0.58065534,280.39294,283.2018,284.9958,4.5213914,266.29077,303.95996,284.94934,277.466650390625,291.76441802978513,750192,0.0,297.4667,2.0169768,293.63196,303.95996,284.9973,0.57614565,283.50958,286.5127,101649.54,978.7478,95451.31,104816.375,101742.69,99879.221875,103114.9375,750192,0.0,104070.26,260.47693,103559.125,104816.375,101649.875,128.89194,101292.29,101932.15,286.0044,3.799328,278.6775,294.18262,285.66553,280.784912109375,291.62890625,750192,0.0,291.93045,0.74717706,290.74072,294.18262,286.0032,0.4359435,285.10413,287.2526,101420.85,976.4266,95232.39,104575.06,101515.06,99653.078125,102880.144140625,750192,0.0,103831.55,259.4455,103325.664,104575.06,101421.24,128.69534,101064.43,101703.234,0.00012844574,0.00035494356,0.0,0.013268471,3.33786e-06,0.0,0.0007448196411132812,750168,3.1991810096609896e-05,0.0057744067,0.0015485011,0.003818512,0.013268471,0.00012835507,2.0539403e-05,8.7500106e-05,0.0001802285,224.71579,95.473785,0.0009625582,360.00043,264.31268,30.122328,328.90186,750192,0.0,359.9016,0.11704597,359.16153,360.00043,224.6515,9.194406,201.44576,247.77014,4.591778,1.4878529,1.883174,14.735894,4.178319,2.9674497,7.665413,750192,0.0,12.051696,0.94177425,9.752068,14.735894,4.5922413,0.17432332,4.2408404,4.968542,0.61040556,0.37338102,0.045530524,2.758045,0.51080406,0.19679491,1.360147,750192,0.0,2.3489962,0.1268349,2.0227745,2.758045,0.60989624,0.042014334,0.5071869,0.71578294,-6.9815876e-08,1.4143058,-2.9353375,3.5746624,0.034662247,-2.175337791442871,2.1746623516082764,101520,0.8646746432913175,3.1807737,0.2521715,2.5246623,3.5746624,-0.0110633755,0.06889504,-0.20880291,0.09318337,-0.017902820120761866,1.4057498111369284,-3.145252903015999,3.296346653238567,-0.013867310873462373,-2.1414717493711333,2.138031773775241,750192,0.0,3.0276330551977493,0.13398623418833328,2.709879552616225,3.296346653238567,-0.017276340671623893,0.08122342881878368,-0.15584742895660522,0.11739699970849413,-3.769409e-05,0.20342347,-1.8420738,1.9807198,-0.009539425,-0.30629486739635464,0.33821621388196893,101520,0.8646746432913175,1.2238218,0.44256172,0.2625646,1.9807198,-0.013482767,0.06270676,-0.1846591,0.07482805,0.0,0.0,0,0,0.0,0.0,0.0,750192,0.0,0.0,0.0,0,0,0.0,0.0,0.0,0.0
226,1.5085607,4.6591096,-13.907944,21.668488,1.4912186,-5.842429351806641,9.18511962890625,750192,0.0,16.791891,1.8396685,13.881165,21.668488,1.5040553,0.5421845,0.064491324,2.827711,0.57286125,4.5375133,-19.117126,17.685822,0.6344757,-6.827016448974609,7.946990966796875,750192,0.0,14.598336,1.3946985,11.1948395,17.685822,0.5705427,0.45273483,-0.570003,1.532525,280.42273,5.469859,254.83197,295.3473,280.58685,271.0506927490234,288.57818603515625,750192,0.0,292.30286,1.0717522,290.0227,295.3473,280.42346,0.77588505,278.91962,282.26654,283.6732,5.642689,260.1787,305.3927,283.64615,274.3782073974609,292.1156753540039,750192,0.0,299.31262,2.1693704,295.3685,305.3927,283.67627,0.821009,282.00845,285.36633,101529.93,1020.4153,95362.31,104825.375,101604.94,99716.721875,103092.4375,750192,0.0,104106.92,290.0851,103472.5,104825.375,101530.99,127.712746,101242.086,101792.89,284.52115,4.8573475,273.31787,295.5869,284.1809,277.518310546875,291.909423828125,750192,0.0,292.0089,1.3446902,289.48682,295.5869,284.52075,0.82300836,282.6971,286.26117,101529.53,1020.41205,95362.39,104825.06,101604.555,99716.28984375,103092.05390625,750192,0.0,104106.445,290.1109,103471.89,104825.06,101530.55,127.71288,101241.67,101792.48,0.00010305194,0.00029982722,0.0,0.010422707,2.3841858e-06,0.0,0.0005970001220703125,750168,3.1991810096609896e-05,0.0055789645,0.0016838014,0.0029735565,0.010422707,0.000102863065,1.7403157e-05,6.512589e-05,0.00014390293,228.36792,109.10671,9.468448e-05,360.00235,255.65796,13.203423,350.3549,750192,0.0,359.97595,0.021163113,359.8762,360.00235,228.31651,10.51648,196.77986,250.40022,4.519342,1.0457345,1.6770039,11.593519,4.435637,2.9427402,6.3654814,750192,0.0,8.782834,0.7772945,7.3711567,11.593519,4.5178704,0.11915409,4.2045937,4.7551136,0.8004781,0.53705776,0.034703393,5.1596985,0.6586977,0.21086095,1.874765,750192,0.0,3.803723,0.45675543,3.0350933,5.1596985,0.79962236,0.057540655,0.6261099,0.9238077,-9.286101e-09,0.9265386,-2.4761763,2.7238238,-0.04617631,-1.326176404953003,1.3838236331939697,276466,0.6314730095762151,2.3906987,0.1705036,2.0038238,2.7238238,-0.0002892143,0.025382075,-0.074152194,0.04941728,-0.014079743120157268,0.8937745543777113,-1.6574074333533364,1.749859018966329,-0.061014752099028687,-1.2646372642130925,1.3150986883371734,750192,0.0,1.6601399420800613,0.045445377936144636,1.5424244094385973,1.749859018966329,-0.014111421545074932,0.017471374434315325,-0.04433959943541215,0.0156804324422229,-8.4714266e-05,0.2388722,-1.7538638,1.9889386,-0.02022036,-0.3398358464241028,0.41474310159683214,276455,0.631487672489176,1.5571859,0.25058725,1.1263047,1.9889386,-0.0001755776,0.024205934,-0.07028494,0.03982848,1.4662912960948664e-05,0.003829190248594625,0,1,0.0,0.0,0.0,750192,0.0,0.05813953488372093,0.23400711392439655,0,1,1.4601253052989275e-05,6.696399201247442e-05,0.0,0.00045662100456621003
227,1.5085607,4.6591096,-13.907944,21.668488,1.4912186,-5.842429351806641,9.18511962890625,750192,0.0,16.791891,1.8396685,13.881165,21.668488,1.5040553,0.5421845,0.064491324,2.827711,0.57286125,4.5375133,-19.117126,17.685822,0.6344757,-6.827016448974609,7.946990966796875,750192,0.0,14.598336,1.3946985,11.1948395,17.685822,0.5705427,0.45273483,-0.570003,1.532525,280.42273,5.469859,254.83197,295.3473,280.58685,271.0506927490234,288.57818603515625,750192,0.0,292.30286,1.0717522,290.0227,295.3473,280.42346,0.77588505,278.91962,282.26654,283.6732,5.642689,260.1787,305.3927,283.64615,274.3782073974609,292.1156753540039,750192,0.0,299.31262,2.1693704,295.3685,305.3927,283.67627,0.821009,282.00845,285.36633,101529.93,1020.4153,95362.31,104825.375,101604.94,99716.721875,103092.4375,750192,0.0,104106.92,290.0851,103472.5,104825.375,101530.99,127.712746,101242.086,101792.89,284.52115,4.8573475,273.31787,295.5869,284.1809,277.518310546875,291.909423828125,750192,0.0,292.0089,1.3446902,289.48682,295.5869,284.52075,0.82300836,282.6971,286.26117,101529.53,1020.41205,95362.39,104825.06,101604.555,99716.28984375,103092.05390625,750192,0.0,104106.445,290.1109,103471.89,104825.06,101530.55,127.71288,101241.67,101792.48,0.00010305194,0.00029982722,0.0,0.010422707,2.3841858e-06,0.0,0.0005970001220703125,750168,3.1991810096609896e-05,0.0055789645,0.0016838014,0.0029735565,0.010422707,0.000102863065,1.7403157e-05,6.512589e-05,0.00014390293,228.36792,109.10671,9.468448e-05,360.00235,255.65796,13.203423,350.3549,750192,0.0,359.97595,0.021163113,359.8762,360.00235,228.31651,10.51648,196.77986,250.40022,4.519342,1.0457345,1.6770039,11.593519,4.435637,2.9427402,6.3654814,750192,0.0,8.782834,0.7772945,7.3711567,11.593519,4.5178704,0.11915409,4.2045937,4.7551136,0.8004781,0.53705776,0.034703393,5.1596985,0.6586977,0.21086095,1.874765,750192,0.0,3.803723,0.45675543,3.0350933,5.1596985,0.79962236,0.057540655,0.6261099,0.9238077,-1.8730534e-08,1.0625439,-2.5754173,3.1845827,-0.15541744,-1.4454175233840942,1.6645824909210205,277744,0.6297694456885704,2.7409458,0.53716886,-0.04541743,3.1845827,-0.0017053131,0.027288534,-0.075104386,0.04119214,-0.018404917741906227,1.030540898946398,-1.9362841821595438,2.2590730400708665,-0.15400872899854312,-1.40023816522608,1.6078730703300514,750192,0.0,2.139973686664325,0.06527647257038444,1.9649835711987342,2.2590730400708665,-0.01839802541875183,0.02288362356113418,-0.05812048419769025,0.020856492115241706,-0.00017003671,0.2530096,-1.4805984,1.9916621,-0.020680228,-0.36514076590538025,0.4370960354804985,277723,0.629797438522405,1.5957329,0.33155063,0.26590118,1.9916621,0.0076834434,0.05165628,-0.06978763,0.26590118,2.799283383453836e-05,0.005290751386692844,0,1,0.0,0.0,0.0,750192,0.0,0.08139534883720931,0.2734413027047639,0,1,2.7875119464797704e-05,0.00010722293738321323,0.0,0.0005707762557077625
23,1.0332261,4.597254,-15.020645,23.730011,0.9199753,-6.038169097900391,8.888404083251952,750192,0.0,17.695318,1.8329372,14.150085,23.730011,1.0269675,0.56728345,-0.3614349,2.150139,0.08506171,4.6769853,-18.914139,23.10289,-0.5806656,-6.722510528564453,8.094175720214842,750192,0.0,15.327111,1.6884001,11.722275,23.10289,0.08329221,0.4194688,-1.1445751,0.890798,281.7003,4.844345,259.4296,294.14856,281.91772,273.13165893554685,288.8838165283203,750192,0.0,291.71588,0.8779604,290.03452,294.14856,281.70212,0.58065534,280.39294,283.2018,284.9958,4.5213914,266.29077,303.95996,284.94934,277.466650390625,291.76441802978513,750192,0.0,297.4667,2.0169768,293.63196,303.95996,284.9973,0.57614565,283.50958,286.5127,101649.54,978.7478,95451.31,104816.375,101742.69,99879.221875,103114.9375,750192,0.0,104070.26,260.47693,103559.125,104816.375,101649.875,128.89194,101292.29,101932.15,286.0044,3.799328,278.6775,294.18262,285.66553,280.784912109375,291.62890625,750192,0.0,291.93045,0.74717706,290.74072,294.18262,286.0032,0.4359435,285.10413,287.2526,101420.85,976.4266,95232.39,104575.06,101515.06,99653.078125,102880.144140625,750192,0.0,103831.55,259.4455,103325.664,104575.06,101421.24,128.69534,101064.43,101703.234,0.00012844574,0.00035494356,0.0,0.013268471,3.33786e-06,0.0,0.0007448196411132812,750168,3.1991810096609896e-05,0.0057744067,0.0015485011,0.003818512,0.013268471,0.00012835507,2.0539403e-05,8.7500106e-05,0.0001802285,224.71579,95.473785,0.0009625582,360.00043,264.31268,30.122328,328.90186,750192,0.0,359.9016,0.11704597,359.16153,360.00043,224.6515,9.194406,201.44576,247.77014,4.591778,1.4878529,1.883174,14.735894,4.178319,2.9674497,7.665413,750192,0.0,12.051696,0.94177425,9.752068,14.735894,4.5922413,0.17432332,4.2408404,4.968542,0.61040556,0.37338102,0.045530524,2.758045,0.51080406,0.19679491,1.360147,750192,0.0,2.3489962,0.1268349,2.0227745,2.758045,0.60989624,0.042014334,0.5071869,0.71578294,5.3461275e-08,1.2512239,-3.216487,3.4035132,0.06351304,-1.986186897754669,1.8835132122039795,100467,0.8660782839593064,2.7489133,0.345233,2.0935133,3.4035132,-0.025519378,0.105839655,-0.2537489,0.13930492,-0.1054937159493854,1.2439391205012358,-2.933467597088826,2.903126231288172,-0.11171046387268849,-1.9791479711379243,1.813577861647902,750192,0.0,2.5687271360518396,0.15506346181199918,2.212488701873545,2.903126231288172,-0.1045061630836275,0.12630628746126338,-0.32115951701693046,0.10678117906630781,1.2546503e-06,0.18260676,-1.334494,1.4315675,-0.006702106,-0.27715081870555874,0.29727953076362607,100467,0.8660782839593064,0.8240957,0.31293705,0.30132908,1.4315675,0.00012437403,0.059118513,-0.1278092,0.11214425,0.0,0.0,0,0,0.0,0.0,0.0,750192,0.0,0.0,0.0,0,0,0.0,0.0,0.0,0.0
236,1.2303919,3.7310712,-11.369858,19.24466,1.1702042,-4.5800933837890625,7.53076171875,750192,0.0,14.517832,1.7074833,11.757935,19.24466,1.2269837,0.42411134,0.09953162,2.2524025,0.57195276,3.5905917,-15.506302,15.423996,0.5872345,-5.226576232910157,6.485324859619137,750192,0.0,12.463963,1.2893158,9.374344,15.423996,0.5698903,0.36300847,-0.33491072,1.3620859,280.06784,5.7246,250.4375,297.10837,280.4202,270.2242904663086,288.50443878173826,750192,0.0,293.52213,1.1896607,290.65027,297.10837,280.06772,0.83362466,278.41162,282.05304,283.5369,6.3719,254.95995,311.40674,283.5332,273.084001159668,293.5347839355469,750192,0.0,303.5977,2.4645114,298.42307,311.40674,283.54153,0.8277444,281.85495,285.2576,101532.055,1015.5496,95406.81,104831.125,101605.0,99730.6875,103091.875,750192,0.0,104106.47,291.58298,103481.75,104831.125,101533.09,127.042915,101245.74,101792.445,,,,,,,,0,1.0,,,,,,,,,101547.35,1015.71704,95421.39,104847.06,101620.234,99745.84453125,103107.53828125,750192,0.0,104122.555,291.68716,103497.89,104847.06,101548.36,127.054306,101261.0,101807.734,8.828524e-05,0.00027943007,0.0,0.009741783,9.536743e-07,0.0,0.0004963874816894531,750168,3.1991810096609896e-05,0.005476691,0.0013121779,0.0028600693,0.009741783,8.816176e-05,1.4551451e-05,5.489928e-05,0.00012597031,228.36792,109.10671,9.468448e-05,360.00235,255.65796,13.203423,350.3549,750192,0.0,359.97595,0.021163113,359.8762,360.00235,228.31651,10.51648,196.77986,250.40022,4.519342,1.0457345,1.6770039,11.593519,4.435637,2.9427402,6.3654814,750192,0.0,8.782834,0.7772945,7.3711567,11.593519,4.5178704,0.11915409,4.2045937,4.7551136,0.8004781,0.53705776,0.034703393,5.1596985,0.6586977,0.21086095,1.874765,750192,0.0,3.803723,0.45675543,3.0350933,5.1596985,0.79962236,0.057540655,0.6261099,0.9238077,-1.4940092e-08,1.0898638,-2.9372144,3.2527857,-0.07721427,-1.577214241027832,1.6627857685089111,417980,0.44283596732569797,2.7217653,0.63882625,-1.4272143,3.2527857,-0.02930879,0.20384097,-1.4272143,0.06303349,-0.006181168255965827,1.0527560789973451,-1.9781222898152042,2.1668561522993803,-0.07662359861507455,-1.4830520357021792,1.6088733832004702,750192,0.0,2.066474058921702,0.05489799667852282,1.9443606398506017,2.1668561522993803,-0.006260258778879912,0.013082508583048465,-0.028670345410950832,0.016046102236946608,-0.00013521811,0.2715728,-1.9495106,1.9976734,-0.020327173,-0.3911866366863251,0.4667694255709648,417950,0.44287595708831873,1.6460227,0.34772867,-0.19842838,1.9976734,-0.0042547397,0.0394444,-0.19842838,0.068807185,3.9989762620769085e-05,0.006323619488841386,0,1,0.0,0.0,0.0,750192,0.0,0.12790697674418605,0.33398620038011795,0,1,3.980709227759819e-05,0.00012152039302779183,0.0,0.0006849315068493151
237,1.2303919,3.7310712,-11.369858,19.24466,1.1702042,-4.5800933837890625,7.53076171875,750192,0.0,14.517832,1.7074833,11.757935,19.24466,1.2269837,0.42411134,0.09953162,2.2524025,0.57195276,3.5905917,-15.506302,15.423996,0.5872345,-5.226576232910157,6.485324859619137,750192,0.0,12.463963,1.2893158,9.374344,15.423996,0.5698903,0.36300847,-0.33491072,1.3620859,280.06784,5.7246,250.4375,297.10837,280.4202,270.2242904663086,288.50443878173826,750192,0.0,293.52213,1.1896607,290.65027,297.10837,280.06772,0.83362466,278.41162,282.05304,283.5369,6.3719,254.95995,311.40674,283.5332,273.084001159668,293.5347839355469,750192,0.0,303.5977,2.4645114,298.42307,311.40674,283.54153,0.8277444,281.85495,285.2576,101532.055,1015.5496,95406.81,104831.125,101605.0,99730.6875,103091.875,750192,0.0,104106.47,291.58298,103481.75,104831.125,101533.09,127.042915,101245.74,101792.445,,,,,,,,0,1.0,,,,,,,,,101547.35,1015.71704,95421.39,104847.06,101620.234,99745.84453125,103107.53828125,750192,0.0,104122.555,291.68716,103497.89,104847.06,101548.36,127.054306,101261.0,101807.734,8.828524e-05,0.00027943007,0.0,0.009741783,9.536743e-07,0.0,0.0004963874816894531,750168,3.1991810096609896e-05,0.005476691,0.0013121779,0.0028600693,0.009741783,8.816176e-05,1.4551451e-05,5.489928e-05,0.00012597031,228.36792,109.10671,9.468448e-05,360.00235,255.65796,13.203423,350.3549,750192,0.0,359.97595,0.021163113,359.8762,360.00235,228.31651,10.51648,196.77986,250.40022,4.519342,1.0457345,1.6770039,11.593519,4.435637,2.9427402,6.3654814,750192,0.0,8.782834,0.7772945,7.3711567,11.593519,4.5178704,0.11915409,4.2045937,4.7551136,0.8004781,0.53705776,0.034703393,5.1596985,0.6586977,0.21086095,1.874765,750192,0.0,3.803723,0.45675543,3.0350933,5.1596985,0.79962236,0.057540655,0.6261099,0.9238077,1.264737e-08,1.2484707,-2.9928355,3.7271647,-0.06283532,-1.9028353691101074,1.9471646547317505,173733,0.7684152856868641,3.20235,0.43067017,1.8271646,3.7271647,-0.0013893007,0.049645323,-0.13315156,0.08878112,0.004553180354105729,1.195688197805425,-2.3341989728781796,2.5538123438543607,-0.036514259235484126,-1.7195147627696898,1.8413047731797725,750192,0.0,2.4206440208100144,0.06784958904287644,2.27075836121405,2.5538123438543607,0.004498090359187479,0.015690166894191584,-0.02256524028607578,0.03136623874507069,-0.0002992991,0.34975842,-1.9979151,1.9991456,-0.01517891,-0.5062782645225524,0.5783893913030622,173638,0.7685419199351633,1.839946,0.17188227,1.2879618,1.9991456,0.00029416135,0.045238685,-0.08986183,0.09453638,0.0001266342482991021,0.011252475819403461,0,1,0.0,0.0,0.0,750192,0.0,0.19767441860465115,0.39824520440799344,0,1,0.0001260364496019581,0.00040258054059422616,0.0,0.003310502283105023
238,1.2303919,3.7310712,-11.369858,19.24466,1.1702042,-4.5800933837890625,7.53076171875,750192,0.0,14.517832,1.7074833,11.757935,19.24466,1.2269837,0.42411134,0.09953162,2.2524025,0.57195276,3.5905917,-15.506302,15.423996,0.5872345,-5.226576232910157,6.485324859619137,750192,0.0,12.463963,1.2893158,9.374344,15.423996,0.5698903,0.36300847,-0.33491072,1.3620859,280.06784,5.7246,250.4375,297.10837,280.4202,270.2242904663086,288.50443878173826,750192,0.0,293.52213,1.1896607,290.65027,297.10837,280.06772,0.83362466,278.41162,282.05304,283.5369,6.3719,254.95995,311.40674,283.5332,273.084001159668,293.5347839355469,750192,0.0,303.5977,2.4645114,298.42307,311.40674,283.54153,0.8277444,281.85495,285.2576,101532.055,1015.5496,95406.81,104831.125,101605.0,99730.6875,103091.875,750192,0.0,104106.47,291.58298,103481.75,104831.125,101533.09,127.042915,101245.74,101792.445,,,,,,,,0,1.0,,,,,,,,,101547.35,1015.71704,95421.39,104847.06,101620.234,99745.84453125,103107.53828125,750192,0.0,104122.555,291.68716,103497.89,104847.06,101548.36,127.054306,101261.0,101807.734,8.828524e-05,0.00027943007,0.0,0.009741783,9.536743e-07,0.0,0.0004963874816894531,750168,3.1991810096609896e-05,0.005476691,0.0013121779,0.0028600693,0.009741783,8.816176e-05,1.4551451e-05,5.489928e-05,0.00012597031,228.36792,109.10671,9.468448e-05,360.00235,255.65796,13.203423,350.3549,750192,0.0,359.97595,0.021163113,359.8762,360.00235,228.31651,10.51648,196.77986,250.40022,4.519342,1.0457345,1.6770039,11.593519,4.435637,2.9427402,6.3654814,750192,0.0,8.782834,0.7772945,7.3711567,11.593519,4.5178704,0.11915409,4.2045937,4.7551136,0.8004781,0.53705776,0.034703393,5.1596985,0.6586977,0.21086095,1.874765,750192,0.0,3.803723,0.45675543,3.0350933,5.1596985,0.79962236,0.057540655,0.6261099,0.9238077,8.466238e-09,0.8151221,-2.1840744,2.4559257,-0.17407437,-1.0640742778778076,1.4059256315231323,104534,0.8606570051400175,2.4236178,0.03445262,2.3459256,2.4559257,0.0032270201,0.046047136,-0.07142888,0.08288188,0.01290565629789095,0.7615682118088171,-1.3489266659003432,2.0632115087138523,-0.18331495771694856,-0.9368054778823637,1.3195567603005482,750192,0.0,1.893842330145292,0.0773279415017931,1.7132859147482336,2.0632115087138523,0.01238145131360156,0.04243797517817307,-0.09383776735226701,0.08342360487172869,-0.00038711933,0.30826017,-1.8604653,1.983927,-0.02791417,-0.4457554489374161,0.5453433334827418,104515,0.8606823319896773,1.7803003,0.18918556,1.4675525,1.983927,-0.0003427671,0.03995002,-0.06118456,0.06680333,2.5326849659820418e-05,0.005032515097891587,0,1,0.0,0.0,0.0,750192,0.0,0.046511627906976744,0.21059035204970744,0,1,2.5220346182436015e-05,0.0001397038968846906,0.0,0.001141552511415525
240,1.350134,4.1517134,-12.2556,19.287628,1.2952881,-5.150728607177734,8.25828399658203,750192,0.0,15.470275,1.6948544,12.680588,19.287628,1.3459109,0.47569862,0.104765415,2.4753067,0.58405346,4.065294,-16.597595,16.485825,0.648468,-6.0778457641601555,7.176786804199217,750192,0.0,13.459118,1.2679845,10.250076,16.485825,0.58200556,0.40891585,-0.45332867,1.4727488,280.38354,5.528979,252.99414,297.5782,280.6322,270.93695068359375,288.5851577758789,750192,0.0,292.8648,1.1050689,290.5329,297.5782,280.3837,0.78724563,278.79846,282.2408,283.7296,5.931287,259.07715,308.5083,283.72906,273.9832504272461,292.8172546386719,750192,0.0,301.5007,2.363364,296.46326,308.5083,283.73352,0.81529164,282.03735,285.43936,101541.695,1013.818,95345.56,104852.125,101616.31,99739.875,103094.125,750192,0.0,104103.766,283.51822,103487.75,104852.125,101542.69,127.31862,101250.82,101807.77,,,,,,,,0,1.0,,,,,,,,,101524.63,1013.6317,95329.39,104834.06,101599.3,99722.990234375,103076.40625,750192,0.0,104085.805,283.47253,103469.89,104834.06,101525.65,127.30196,101233.78,101790.67,9.357157e-05,0.00027909453,0.0,0.011572361,1.9073486e-06,0.0,0.0005326271057128906,750168,3.1991810096609896e-05,0.005326659,0.0017399004,0.002735138,0.011572361,9.3426606e-05,1.5318774e-05,6.180136e-05,0.00012774974,222.27762,115.23965,2.1677333e-05,360.00296,254.76245,9.570815,352.30597,750192,0.0,359.9806,0.02130255,359.85492,360.00296,222.19997,11.236306,188.91196,246.69943,4.397572,1.0416118,1.6816521,11.442843,4.275,2.8951943,6.3057647,750192,0.0,8.832532,0.8121552,7.4741163,11.442843,4.3962646,0.11078246,4.1279464,4.6132264,0.72259176,0.48100644,0.033410605,3.9846325,0.6022334,0.18970948,1.674586,750192,0.0,3.387745,0.34665963,2.3976598,3.9846325,0.72185576,0.050609615,0.5727751,0.828462,-7.592235e-10,1.4445813,-3.3625648,4.207435,-0.17256492,-2.042564868927002,2.3074350357055664,447178,0.4039152643589907,3.581917,0.28166485,2.8374352,4.207435,-0.00476425,0.04111552,-0.114123136,0.06522617,-0.018849490404070725,1.4154355556240596,-2.7889370415691044,3.1774292711979184,-0.15260410975147354,-1.9979412464972939,2.248625099830834,750192,0.0,3.003530236798407,0.09269044590922337,2.772065248275393,3.1774292711979184,-0.01862017914795384,0.04580911484224219,-0.09789952542777078,0.05869014946484308,-0.00026235482,0.27731904,-1.9745815,1.9933616,-0.020253913,-0.4028033673763275,0.4724960505962371,447125,0.40398591293962083,1.7582113,0.18321197,1.3011307,1.9933616,0.0006116053,0.028632281,-0.07319925,0.054091096,7.064858063002537e-05,0.008404974087293812,0,1,0.0,0.0,0.0,750192,0.0,0.16279069767441862,0.3691746015438964,0,1,7.03152245880169e-05,0.00019228322758136444,0.0,0.0009132420091324201
242,1.5085607,4.6591096,-13.907944,21.668488,1.4912186,-5.842429351806641,9.18511962890625,750192,0.0,16.791891,1.8396685,13.881165,21.668488,1.5040553,0.5421845,0.064491324,2.827711,0.57286125,4.5375133,-19.117126,17.685822,0.6344757,-6.827016448974609,7.946990966796875,750192,0.0,14.598336,1.3946985,11.1948395,17.685822,0.5705427,0.45273483,-0.570003,1.532525,280.42273,5.469859,254.83197,295.3473,280.58685,271.0506927490234,288.57818603515625,750192,0.0,292.30286,1.0717522,290.0227,295.3473,280.42346,0.77588505,278.91962,282.26654,283.6732,5.642689,260.1787,305.3927,283.64615,274.3782073974609,292.1156753540039,750192,0.0,299.31262,2.1693704,295.3685,305.3927,283.67627,0.821009,282.00845,285.36633,101529.93,1020.4153,95362.31,104825.375,101604.94,99716.721875,103092.4375,750192,0.0,104106.92,290.0851,103472.5,104825.375,101530.99,127.712746,101242.086,101792.89,284.52115,4.8573475,273.31787,295.5869,284.1809,277.518310546875,291.909423828125,750192,0.0,292.0089,1.3446902,289.48682,295.5869,284.52075,0.82300836,282.6971,286.26117,101529.53,1020.41205,95362.39,104825.06,101604.555,99716.28984375,103092.05390625,750192,0.0,104106.445,290.1109,103471.89,104825.06,101530.55,127.71288,101241.67,101792.48,0.00010305194,0.00029982722,0.0,0.010422707,2.3841858e-06,0.0,0.0005970001220703125,750168,3.1991810096609896e-05,0.0055789645,0.0016838014,0.0029735565,0.010422707,0.000102863065,1.7403157e-05,6.512589e-05,0.00014390293,228.36792,109.10671,9.468448e-05,360.00235,255.65796,13.203423,350.3549,750192,0.0,359.97595,0.021163113,359.8762,360.00235,228.31651,10.51648,196.77986,250.40022,4.519342,1.0457345,1.6770039,11.593519,4.435637,2.9427402,6.3654814,750192,0.0,8.782834,0.7772945,7.3711567,11.593519,4.5178704,0.11915409,4.2045937,4.7551136,0.8004781,0.53705776,0.034703393,5.1596985,0.6586977,0.21086095,1.874765,750192,0.0,3.803723,0.45675543,3.0350933,5.1596985,0.79962236,0.057540655,0.6261099,0.9238077,1.3243517e-08,1.0854012,-2.756888,3.253112,-0.12688786,-1.5168877840042114,1.6631121635437012,121698,0.8377775289525882,2.6724455,1.022738,-1.0768878,3.253112,-0.07188014,0.2712,-1.0768878,0.085698895,0.029696179561222086,1.0560642995459517,-2.1155963006502034,2.4313328786909016,-0.06923790073772486,-1.4368950397292475,1.6779267870268253,750192,0.0,2.1300547556247,0.15653286674952654,1.8179518089328657,2.4313328786909016,0.03074851193531489,0.1486598558265619,-0.22468108287233401,0.280643366806481,-6.762002e-05,0.25220442,-1.7792708,1.9453102,-0.02141452,-0.35447701215744015,0.4297282740473747,121694,0.8377828609209376,1.5255313,0.4848785,-0.075935476,1.9453102,-0.0054431777,0.034983214,-0.075935476,0.051177055,5.3319683494358774e-06,0.0023090993741174074,0,1,0.0,0.0,0.0,750192,0.0,0.023255813953488372,0.15071489996297355,0,1,5.3095465647233726e-06,3.85628094040935e-05,0.0,0.00034246575342465754
243,1.350134,4.1517134,-12.2556,19.287628,1.2952881,-5.150728607177734,8.25828399658203,750192,0.0,15.470275,1.6948544,12.680588,19.287628,1.3459109,0.47569862,0.104765415,2.4753067,0.58405346,4.065294,-16.597595,16.485825,0.648468,-6.0778457641601555,7.176786804199217,750192,0.0,13.459118,1.2679845,10.250076,16.485825,0.58200556,0.40891585,-0.45332867,1.4727488,280.38354,5.528979,252.99414,297.5782,280.6322,270.93695068359375,288.5851577758789,750192,0.0,292.8648,1.1050689,290.5329,297.5782,280.3837,0.78724563,278.79846,282.2408,283.7296,5.931287,259.07715,308.5083,283.72906,273.9832504272461,292.8172546386719,750192,0.0,301.5007,2.363364,296.46326,308.5083,283.73352,0.81529164,282.03735,285.43936,101541.695,1013.818,95345.56,104852.125,101616.31,99739.875,103094.125,750192,0.0,104103.766,283.51822,103487.75,104852.125,101542.69,127.31862,101250.82,101807.77,,,,,,,,0,1.0,,,,,,,,,101524.63,1013.6317,95329.39,104834.06,101599.3,99722.990234375,103076.40625,750192,0.0,104085.805,283.47253,103469.89,104834.06,101525.65,127.30196,101233.78,101790.67,9.357157e-05,0.00027909453,0.0,0.011572361,1.9073486e-06,0.0,0.0005326271057128906,750168,3.1991810096609896e-05,0.005326659,0.0017399004,0.002735138,0.011572361,9.3426606e-05,1.5318774e-05,6.180136e-05,0.00012774974,222.27762,115.23965,2.1677333e-05,360.00296,254.76245,9.570815,352.30597,750192,0.0,359.9806,0.02130255,359.85492,360.00296,222.19997,11.236306,188.91196,246.69943,4.397572,1.0416118,1.6816521,11.442843,4.275,2.8951943,6.3057647,750192,0.0,8.832532,0.8121552,7.4741163,11.442843,4.3962646,0.11078246,4.1279464,4.6132264,0.72259176,0.48100644,0.033410605,3.9846325,0.6022334,0.18970948,1.674586,750192,0.0,3.387745,0.34665963,2.3976598,3.9846325,0.72185576,0.050609615,0.5727751,0.828462,1.8935902e-08,1.3493309,-3.136431,4.003569,-0.17643082,-1.8864307403564453,2.153569221496582,447226,0.4038512807387975,3.371328,0.25218388,2.7135692,4.003569,-0.003517579,0.038809873,-0.09872533,0.060010977,-0.018325167958311815,1.3216468965971948,-2.646453878941705,2.9888284313619775,-0.16078921178473587,-1.8493937237295743,2.1039671860656743,750192,0.0,2.8229125569768376,0.09099810300447557,2.5838755131029307,2.9888284313619775,-0.018127185106559234,0.04449640435644053,-0.09520165546845615,0.05744940370373027,-0.00013482552,0.26193377,-1.8989456,1.9959868,-0.020160448,-0.37888680398464203,0.44864860475063295,447199,0.40388727152515624,1.6665578,0.21507803,1.1994592,1.9959868,0.0018471131,0.028135657,-0.06467766,0.058261134,3.599078635869218e-05,0.005999124187911893,0,1,0.0,0.0,0.0,750192,0.0,0.09302325581395349,0.29046502318132106,0,1,3.582493235405565e-05,0.00012088755218340586,0.0,0.0005707762557077625
245,1.2303919,3.7310712,-11.369858,19.24466,1.1702042,-4.5800933837890625,7.53076171875,750192,0.0,14.517832,1.7074833,11.757935,19.24466,1.2269837,0.42411134,0.09953162,2.2524025,0.57195276,3.5905917,-15.506302,15.423996,0.5872345,-5.226576232910157,6.485324859619137,750192,0.0,12.463963,1.2893158,9.374344,15.423996,0.5698903,0.36300847,-0.33491072,1.3620859,280.06784,5.7246,250.4375,297.10837,280.4202,270.2242904663086,288.50443878173826,750192,0.0,293.52213,1.1896607,290.65027,297.10837,280.06772,0.83362466,278.41162,282.05304,283.5369,6.3719,254.95995,311.40674,283.5332,273.084001159668,293.5347839355469,750192,0.0,303.5977,2.4645114,298.42307,311.40674,283.54153,0.8277444,281.85495,285.2576,101532.055,1015.5496,95406.81,104831.125,101605.0,99730.6875,103091.875,750192,0.0,104106.47,291.58298,103481.75,104831.125,101533.09,127.042915,101245.74,101792.445,,,,,,,,0,1.0,,,,,,,,,101547.35,1015.71704,95421.39,104847.06,101620.234,99745.84453125,103107.53828125,750192,0.0,104122.555,291.68716,103497.89,104847.06,101548.36,127.054306,101261.0,101807.734,8.828524e-05,0.00027943007,0.0,0.009741783,9.536743e-07,0.0,0.0004963874816894531,750168,3.1991810096609896e-05,0.005476691,0.0013121779,0.0028600693,0.009741783,8.816176e-05,1.4551451e-05,5.489928e-05,0.00012597031,228.36792,109.10671,9.468448e-05,360.00235,255.65796,13.203423,350.3549,750192,0.0,359.97595,0.021163113,359.8762,360.00235,228.31651,10.51648,196.77986,250.40022,4.519342,1.0457345,1.6770039,11.593519,4.435637,2.9427402,6.3654814,750192,0.0,8.782834,0.7772945,7.3711567,11.593519,4.5178704,0.11915409,4.2045937,4.7551136,0.8004781,0.53705776,0.034703393,5.1596985,0.6586977,0.21086095,1.874765,750192,0.0,3.803723,0.45675543,3.0350933,5.1596985,0.79962236,0.057540655,0.6261099,0.9238077,-1.4684228e-09,1.185508,-3.0137444,3.5162556,-0.08374449,-1.733744502067566,1.8362555503845215,187043,0.7506731610041163,3.0428076,0.42129746,1.1962556,3.5162556,-0.0116515355,0.07672422,-0.361809,0.05527263,0.0013493488452647978,1.1511711593067115,-2.2570277563531955,2.4177076819337153,-0.07563201539356441,-1.6339791076313233,1.7915526531558668,750192,0.0,2.308709786792766,0.062280573487633446,2.1689743344187598,2.4177076819337153,0.001223828956990074,0.008158231387925822,-0.024209284187099844,0.014867608275101833,-8.191171e-05,0.28527746,-1.9721236,1.9816817,-0.0194528,-0.40796543955802916,0.4798678845167162,187004,0.7507251476955232,1.6741828,0.38942382,-0.06815739,1.9816817,-0.005962463,0.056108538,-0.22088864,0.05882855,5.198669140699981e-05,0.007209992287854147,0,1,0.0,0.0,0.0,750192,0.0,0.12790697674418605,0.3339862003801177,0,1,5.174269182985543e-05,0.00016196906042316252,0.0,0.0009132420091324201
248,1.350134,4.1517134,-12.2556,19.287628,1.2952881,-5.150728607177734,8.25828399658203,750192,0.0,15.470275,1.6948544,12.680588,19.287628,1.3459109,0.47569862,0.104765415,2.4753067,0.58405346,4.065294,-16.597595,16.485825,0.648468,-6.0778457641601555,7.176786804199217,750192,0.0,13.459118,1.2679845,10.250076,16.485825,0.58200556,0.40891585,-0.45332867,1.4727488,280.38354,5.528979,252.99414,297.5782,280.6322,270.93695068359375,288.5851577758789,750192,0.0,292.8648,1.1050689,290.5329,297.5782,280.3837,0.78724563,278.79846,282.2408,283.7296,5.931287,259.07715,308.5083,283.72906,273.9832504272461,292.8172546386719,750192,0.0,301.5007,2.363364,296.46326,308.5083,283.73352,0.81529164,282.03735,285.43936,101541.695,1013.818,95345.56,104852.125,101616.31,99739.875,103094.125,750192,0.0,104103.766,283.51822,103487.75,104852.125,101542.69,127.31862,101250.82,101807.77,,,,,,,,0,1.0,,,,,,,,,101524.63,1013.6317,95329.39,104834.06,101599.3,99722.990234375,103076.40625,750192,0.0,104085.805,283.47253,103469.89,104834.06,101525.65,127.30196,101233.78,101790.67,9.357157e-05,0.00027909453,0.0,0.011572361,1.9073486e-06,0.0,0.0005326271057128906,750168,3.1991810096609896e-05,0.005326659,0.0017399004,0.002735138,0.011572361,9.3426606e-05,1.5318774e-05,6.180136e-05,0.00012774974,222.27762,115.23965,2.1677333e-05,360.00296,254.76245,9.570815,352.30597,750192,0.0,359.9806,0.02130255,359.85492,360.00296,222.19997,11.236306,188.91196,246.69943,4.397572,1.0416118,1.6816521,11.442843,4.275,2.8951943,6.3057647,750192,0.0,8.832532,0.8121552,7.4741163,11.442843,4.3962646,0.11078246,4.1279464,4.6132264,0.72259176,0.48100644,0.033410605,3.9846325,0.6022334,0.18970948,1.674586,750192,0.0,3.387745,0.34665963,2.3976598,3.9846325,0.72185576,0.050609615,0.5727751,0.828462,2.2934472e-08,1.1972678,-2.8036041,3.5663958,-0.17360422,-1.65360426902771,1.946395754814148,417988,0.44282530338899906,3.0000691,0.60867095,-0.94360423,3.5663958,-0.019258797,0.1385827,-0.94360423,0.06959213,-0.024887402258599353,1.1688021961394568,-2.3437338588756647,2.7824122642095546,-0.16811569362508297,-1.6180013550184809,1.8767528356013452,750192,0.0,2.588319594194114,0.08981216714469965,2.361257873564819,2.7824122642095546,-0.02464908418901611,0.050981534408173615,-0.11279924240086944,0.061966263598637925,-7.702435e-05,0.24904259,-1.8018342,1.9867142,-0.019132353,-0.3628211796283722,0.4279879689216613,417973,0.4428452982703095,1.5462704,0.31497583,-0.0031400283,1.9867142,-0.00026808147,0.024979323,-0.07390387,0.041946568,1.9994881310384543e-05,0.0044715189270656056,0,1,0.0,0.0,0.0,750192,0.0,0.05813953488372093,0.2340071139243965,0,1,1.990354613879909e-05,8.907631464768621e-05,0.0,0.0005707762557077625
251,1.2303919,3.7310712,-11.369858,19.24466,1.1702042,-4.5800933837890625,7.53076171875,750192,0.0,14.517832,1.7074833,11.757935,19.24466,1.2269837,0.42411134,0.09953162,2.2524025,0.57195276,3.5905917,-15.506302,15.423996,0.5872345,-5.226576232910157,6.485324859619137,750192,0.0,12.463963,1.2893158,9.374344,15.423996,0.5698903,0.36300847,-0.33491072,1.3620859,280.06784,5.7246,250.4375,297.10837,280.4202,270.2242904663086,288.50443878173826,750192,0.0,293.52213,1.1896607,290.65027,297.10837,280.06772,0.83362466,278.41162,282.05304,283.5369,6.3719,254.95995,311.40674,283.5332,273.084001159668,293.5347839355469,750192,0.0,303.5977,2.4645114,298.42307,311.40674,283.54153,0.8277444,281.85495,285.2576,101532.055,1015.5496,95406.81,104831.125,101605.0,99730.6875,103091.875,750192,0.0,104106.47,291.58298,103481.75,104831.125,101533.09,127.042915,101245.74,101792.445,,,,,,,,0,1.0,,,,,,,,,101547.35,1015.71704,95421.39,104847.06,101620.234,99745.84453125,103107.53828125,750192,0.0,104122.555,291.68716,103497.89,104847.06,101548.36,127.054306,101261.0,101807.734,8.828524e-05,0.00027943007,0.0,0.009741783,9.536743e-07,0.0,0.0004963874816894531,750168,3.1991810096609896e-05,0.005476691,0.0013121779,0.0028600693,0.009741783,8.816176e-05,1.4551451e-05,5.489928e-05,0.00012597031,228.36792,109.10671,9.468448e-05,360.00235,255.65796,13.203423,350.3549,750192,0.0,359.97595,0.021163113,359.8762,360.00235,228.31651,10.51648,196.77986,250.40022,4.519342,1.0457345,1.6770039,11.593519,4.435637,2.9427402,6.3654814,750192,0.0,8.782834,0.7772945,7.3711567,11.593519,4.5178704,0.11915409,4.2045937,4.7551136,0.8004781,0.53705776,0.034703393,5.1596985,0.6586977,0.21086095,1.874765,750192,0.0,3.803723,0.45675543,3.0350933,5.1596985,0.79962236,0.057540655,0.6261099,0.9238077,-2.0705386e-08,1.1072346,-2.8338993,3.3061006,-0.09389933,-1.5838993787765503,1.6761006116867065,169498,0.7740605071768294,2.8501742,0.3839103,1.2761006,3.3061006,0.004199639,0.04508811,-0.07871038,0.16029419,0.013351520275296107,1.0706932292648512,-2.0767152813482435,2.2245368190576924,-0.06380179154764656,-1.4801380078366502,1.6445030903863844,750192,0.0,2.057869879528413,0.07296725209597509,1.8719543135349723,2.2245368190576924,0.013624412770481065,0.05541635006405341,-0.08215576157458226,0.10743986258726984,-9.8226155e-05,0.27666578,-1.8422134,1.9995131,-0.02386931,-0.39228724539279936,0.47879333496093657,169480,0.7740845010344019,1.6907986,0.26954204,0.79252714,1.9995131,-0.0008391026,0.040898416,-0.13562381,0.06942924,2.399385757246145e-05,0.004898293771024796,0,1,0.0,0.0,0.0,750192,0.0,0.08139534883720931,0.2734413027047639,0,1,2.3882079322884842e-05,8.36577075514043e-05,0.0,0.00045662100456621003
254,1.350134,4.1517134,-12.2556,19.287628,1.2952881,-5.150728607177734,8.25828399658203,750192,0.0,15.470275,1.6948544,12.680588,19.287628,1.3459109,0.47569862,0.104765415,2.4753067,0.58405346,4.065294,-16.597595,16.485825,0.648468,-6.0778457641601555,7.176786804199217,750192,0.0,13.459118,1.2679845,10.250076,16.485825,0.58200556,0.40891585,-0.45332867,1.4727488,280.38354,5.528979,252.99414,297.5782,280.6322,270.93695068359375,288.5851577758789,750192,0.0,292.8648,1.1050689,290.5329,297.5782,280.3837,0.78724563,278.79846,282.2408,283.7296,5.931287,259.07715,308.5083,283.72906,273.9832504272461,292.8172546386719,750192,0.0,301.5007,2.363364,296.46326,308.5083,283.73352,0.81529164,282.03735,285.43936,101541.695,1013.818,95345.56,104852.125,101616.31,99739.875,103094.125,750192,0.0,104103.766,283.51822,103487.75,104852.125,101542.69,127.31862,101250.82,101807.77,,,,,,,,0,1.0,,,,,,,,,101524.63,1013.6317,95329.39,104834.06,101599.3,99722.990234375,103076.40625,750192,0.0,104085.805,283.47253,103469.89,104834.06,101525.65,127.30196,101233.78,101790.67,9.357157e-05,0.00027909453,0.0,0.011572361,1.9073486e-06,0.0,0.0005326271057128906,750168,3.1991810096609896e-05,0.005326659,0.0017399004,0.002735138,0.011572361,9.3426606e-05,1.5318774e-05,6.180136e-05,0.00012774974,222.27762,115.23965,2.1677333e-05,360.00296,254.76245,9.570815,352.30597,750192,0.0,359.9806,0.02130255,359.85492,360.00296,222.19997,11.236306,188.91196,246.69943,4.397572,1.0416118,1.6816521,11.442843,4.275,2.8951943,6.3057647,750192,0.0,8.832532,0.8121552,7.4741163,11.442843,4.3962646,0.11078246,4.1279464,4.6132264,0.72259176,0.48100644,0.033410605,3.9846325,0.6022334,0.18970948,1.674586,750192,0.0,3.387745,0.34665963,2.3976598,3.9846325,0.72185576,0.050609615,0.5727751,0.828462,-1.569666e-08,1.4378195,-3.3403664,4.1896334,-0.17036647,-2.0403664112091064,2.2896335124969482,186644,0.7512050248469725,3.3769062,0.8914451,-1.1303666,4.1896334,-0.017836004,0.20980278,-1.1303666,0.23643349,0.006685682399338715,1.3798353765437954,-2.6328810640684552,2.9487608168075443,-0.10017449559677977,-1.8973794399047772,2.1648437755969594,750192,0.0,2.7783480146032917,0.08604823289466276,2.590539790014804,2.9487608168075443,0.007031239355795188,0.060924093272661496,-0.09817371311983926,0.10968259442898622,-0.00029475737,0.3990932,-1.9455374,1.9977331,-0.020063685,-0.6062813997268677,0.6655529379844662,186617,0.7512410156333312,1.630995,0.47235456,0.08298348,1.9977331,0.009813373,0.037795458,-0.050302997,0.09766701,3.599078635869218e-05,0.005999124187911895,0,1,0.0,0.0,0.0,750192,0.0,0.12790697674418605,0.3339862003801176,0,1,3.581767887514209e-05,0.00011573169735510409,0.0,0.0005707762557077625
255,1.5971752,5.032199,-14.674545,22.024933,1.6569443,-6.470691680908203,9.717322540283202,750192,0.0,17.260422,1.8300661,14.199722,22.024933,1.5918872,0.5927757,0.043383908,3.0261638,0.62498194,4.8822837,-19.748962,18.932892,0.6902313,-7.322203063964844,8.580056762695307,750192,0.0,15.608277,1.4079373,12.2104645,18.932892,0.6228234,0.48582292,-0.5979594,1.6261489,280.46475,5.3587384,256.21478,294.54865,280.62018,271.2755462646484,288.4866775512695,750192,0.0,291.9209,0.982031,289.7024,294.54865,280.46518,0.76355076,278.965,282.26962,283.7418,5.375487,261.8213,304.0099,283.687,274.9436569213867,291.7492614746094,750192,0.0,297.98923,2.0617657,294.5935,304.0099,283.74402,0.8087811,282.09802,285.4375,101527.17,1024.87,95328.56,104821.125,101603.75,99703.534375,103093.9375,750192,0.0,104106.85,288.4197,103464.0,104821.125,101528.195,128.28369,101237.9,101792.2,284.61212,4.618429,273.80127,294.8584,284.26196,277.907470703125,291.6533203125,750192,0.0,291.7089,1.195652,289.42334,294.8584,284.61,0.8094515,282.88785,286.43646,101516.84,1024.7598,95319.39,104811.06,101593.58,99693.390625,103083.421875,750192,0.0,104096.01,288.4066,103453.89,104811.06,101517.91,128.27388,101227.65,101781.91,9.5920266e-05,0.0002808048,0.0,0.013067722,2.3841858e-06,0.0,0.0005497932434082031,750168,3.1991810096609896e-05,0.005333008,0.0020422167,0.0024337769,0.013067722,9.574056e-05,1.6763333e-05,5.9916838e-05,0.00013320289,212.3537,115.3304,0.00011379819,360.00177,241.49995,10.312719,351.9399,750192,0.0,359.98044,0.020730847,359.91064,360.00177,212.27325,11.865854,180.37437,243.35391,4.8324146,1.0755275,1.7319479,11.824555,4.7491145,3.1993663,6.7272677,750192,0.0,9.2188425,0.865166,7.7539177,11.824555,4.830944,0.11431483,4.5345387,5.087535,1.1428374,0.7491324,0.034504082,7.5368958,0.95639247,0.29345173,2.6266503,750192,0.0,5.3265476,0.65648735,4.082928,7.5368958,1.1415906,0.07615919,0.8891926,1.3050417,-4.0787884e-09,0.87084365,-2.3186285,3.1613715,-0.15862855,-1.1686285734176636,1.4413714408874512,366619,0.511299773924542,2.4813712,0.23312111,2.0213714,3.1613715,0.0011063527,0.039381627,-0.07383462,0.085914314,-0.04269056211066658,0.8281948397521182,-1.7526755725906076,1.896257054578609,-0.15783435432006462,-1.1712284325124005,1.3017451811780238,750192,0.0,1.7688988598685602,0.06859119081917886,1.6216654343402672,1.896257054578609,-0.04236412608840855,0.06082636172002128,-0.14725625473488363,0.06075693966334347,-5.4449654e-05,0.26909631,-1.9811363,1.9710717,-0.010623332,-0.4172408029437065,0.455663514137268,366610,0.5113117708533282,1.5087533,0.24935819,0.73161685,1.9710717,0.0004674891,0.024052689,-0.056104723,0.043837927,1.1996928786230725e-05,0.0034636375185533533,0,1,0.0,0.0,0.0,750192,0.0,0.03488372093023256,0.18348527718673832,0,1,1.1946479770627588e-05,6.969727935024467e-05,0.0,0.00045662100456621003
259,1.5971752,5.032199,-14.674545,22.024933,1.6569443,-6.470691680908203,9.717322540283202,750192,0.0,17.260422,1.8300661,14.199722,22.024933,1.5918872,0.5927757,0.043383908,3.0261638,0.62498194,4.8822837,-19.748962,18.932892,0.6902313,-7.322203063964844,8.580056762695307,750192,0.0,15.608277,1.4079373,12.2104645,18.932892,0.6228234,0.48582292,-0.5979594,1.6261489,280.46475,5.3587384,256.21478,294.54865,280.62018,271.2755462646484,288.4866775512695,750192,0.0,291.9209,0.982031,289.7024,294.54865,280.46518,0.76355076,278.965,282.26962,283.7418,5.375487,261.8213,304.0099,283.687,274.9436569213867,291.7492614746094,750192,0.0,297.98923,2.0617657,294.5935,304.0099,283.74402,0.8087811,282.09802,285.4375,101527.17,1024.87,95328.56,104821.125,101603.75,99703.534375,103093.9375,750192,0.0,104106.85,288.4197,103464.0,104821.125,101528.195,128.28369,101237.9,101792.2,284.61212,4.618429,273.80127,294.8584,284.26196,277.907470703125,291.6533203125,750192,0.0,291.7089,1.195652,289.42334,294.8584,284.61,0.8094515,282.88785,286.43646,101516.84,1024.7598,95319.39,104811.06,101593.58,99693.390625,103083.421875,750192,0.0,104096.01,288.4066,103453.89,104811.06,101517.91,128.27388,101227.65,101781.91,9.5920266e-05,0.0002808048,0.0,0.013067722,2.3841858e-06,0.0,0.0005497932434082031,750168,3.1991810096609896e-05,0.005333008,0.0020422167,0.0024337769,0.013067722,9.574056e-05,1.6763333e-05,5.9916838e-05,0.00013320289,212.3537,115.3304,0.00011379819,360.00177,241.49995,10.312719,351.9399,750192,0.0,359.98044,0.020730847,359.91064,360.00177,212.27325,11.865854,180.37437,243.35391,4.8324146,1.0755275,1.7319479,11.824555,4.7491145,3.1993663,6.7272677,750192,0.0,9.2188425,0.865166,7.7539177,11.824555,4.830944,0.11431483,4.5345387,5.087535,1.1428374,0.7491324,0.034504082,7.5368958,0.95639247,0.29345173,2.6266503,750192,0.0,5.3265476,0.65648735,4.082928,7.5368958,1.1415906,0.07615919,0.8891926,1.3050417,-1.579964e-08,1.036594,-2.6692002,3.2907999,-0.14920019,-1.429200291633606,1.670799732208252,266552,0.644688293130292,2.662859,0.26889515,1.6807997,3.2907999,0.049443398,0.2864125,-0.08367839,1.6807997,-0.0411378708893807,1.0020875377177179,-2.0920073820845557,2.2218230376784636,-0.146642871638496,-1.434139590640427,1.5585822102073732,750192,0.0,2.096396945850052,0.0628710816795183,1.938343518045593,2.2218230376784636,-0.040929253603933693,0.0473543064243911,-0.12292087884134799,0.03982643524899949,-3.2654927e-05,0.27726462,-1.8066473,1.9518487,-0.011320254,-0.4328460469841957,0.46751461178064346,266546,0.6446962910828161,1.5380734,0.2180013,1.0767113,1.9518487,-5.7159952e-05,0.026966004,-0.059752554,0.092385255,7.997952524153817e-06,0.002828053846182785,0,1,0.0,0.0,0.0,750192,0.0,0.03488372093023256,0.18348527718673843,0,1,7.96431984708506e-06,5.161469176814161e-05,0.0,0.00045662100456621003
260,1.350134,4.1517134,-12.2556,19.287628,1.2952881,-5.150728607177734,8.25828399658203,750192,0.0,15.470275,1.6948544,12.680588,19.287628,1.3459109,0.47569862,0.104765415,2.4753067,0.58405346,4.065294,-16.597595,16.485825,0.648468,-6.0778457641601555,7.176786804199217,750192,0.0,13.459118,1.2679845,10.250076,16.485825,0.58200556,0.40891585,-0.45332867,1.4727488,280.38354,5.528979,252.99414,297.5782,280.6322,270.93695068359375,288.5851577758789,750192,0.0,292.8648,1.1050689,290.5329,297.5782,280.3837,0.78724563,278.79846,282.2408,283.7296,5.931287,259.07715,308.5083,283.72906,273.9832504272461,292.8172546386719,750192,0.0,301.5007,2.363364,296.46326,308.5083,283.73352,0.81529164,282.03735,285.43936,101541.695,1013.818,95345.56,104852.125,101616.31,99739.875,103094.125,750192,0.0,104103.766,283.51822,103487.75,104852.125,101542.69,127.31862,101250.82,101807.77,,,,,,,,0,1.0,,,,,,,,,101524.63,1013.6317,95329.39,104834.06,101599.3,99722.990234375,103076.40625,750192,0.0,104085.805,283.47253,103469.89,104834.06,101525.65,127.30196,101233.78,101790.67,9.357157e-05,0.00027909453,0.0,0.011572361,1.9073486e-06,0.0,0.0005326271057128906,750168,3.1991810096609896e-05,0.005326659,0.0017399004,0.002735138,0.011572361,9.3426606e-05,1.5318774e-05,6.180136e-05,0.00012774974,222.27762,115.23965,2.1677333e-05,360.00296,254.76245,9.570815,352.30597,750192,0.0,359.9806,0.02130255,359.85492,360.00296,222.19997,11.236306,188.91196,246.69943,4.397572,1.0416118,1.6816521,11.442843,4.275,2.8951943,6.3057647,750192,0.0,8.832532,0.8121552,7.4741163,11.442843,4.3962646,0.11078246,4.1279464,4.6132264,0.72259176,0.48100644,0.033410605,3.9846325,0.6022334,0.18970948,1.674586,750192,0.0,3.387745,0.34665963,2.3976598,3.9846325,0.72185576,0.050609615,0.5727751,0.828462,-1.0272051e-09,1.56517,-3.472821,4.3871794,-0.152821,-2.242820978164673,2.507179021835327,267384,0.6435792437136093,3.771372,0.2740942,3.327179,4.3871794,-0.00073178904,0.037042543,-0.10564919,0.06181295,-0.06440806899284528,1.5186961493724633,-2.9591390668040773,3.2175352927596403,-0.16631091313082397,-2.2195013152937433,2.338950869130783,750192,0.0,3.0267263859598117,0.0904381074883762,2.7866888048539846,3.2175352927596403,-0.06398885272776811,0.06601586679739696,-0.17783622597952223,0.046736306988545265,-0.00043809728,0.3520036,-1.8495413,1.9920313,-0.0133105675,-0.5491458177566528,0.5884363174438476,267333,0.6436472263100645,1.8501318,0.13383822,1.4792092,1.9920313,-0.0006892813,0.027993489,-0.0756475,0.058695074,6.798259645530744e-05,0.008244875670492952,0,1,0.0,0.0,0.0,750192,0.0,0.1744186046511628,0.379469043536761,0,1,6.765319782674165e-05,0.0001885029279840316,0.0,0.001141552511415525
264,1.2303919,3.7310712,-11.369858,19.24466,1.1702042,-4.5800933837890625,7.53076171875,750192,0.0,14.517832,1.7074833,11.757935,19.24466,1.2269837,0.42411134,0.09953162,2.2524025,0.57195276,3.5905917,-15.506302,15.423996,0.5872345,-5.226576232910157,6.485324859619137,750192,0.0,12.463963,1.2893158,9.374344,15.423996,0.5698903,0.36300847,-0.33491072,1.3620859,280.06784,5.7246,250.4375,297.10837,280.4202,270.2242904663086,288.50443878173826,750192,0.0,293.52213,1.1896607,290.65027,297.10837,280.06772,0.83362466,278.41162,282.05304,283.5369,6.3719,254.95995,311.40674,283.5332,273.084001159668,293.5347839355469,750192,0.0,303.5977,2.4645114,298.42307,311.40674,283.54153,0.8277444,281.85495,285.2576,101532.055,1015.5496,95406.81,104831.125,101605.0,99730.6875,103091.875,750192,0.0,104106.47,291.58298,103481.75,104831.125,101533.09,127.042915,101245.74,101792.445,,,,,,,,0,1.0,,,,,,,,,101547.35,1015.71704,95421.39,104847.06,101620.234,99745.84453125,103107.53828125,750192,0.0,104122.555,291.68716,103497.89,104847.06,101548.36,127.054306,101261.0,101807.734,8.828524e-05,0.00027943007,0.0,0.009741783,9.536743e-07,0.0,0.0004963874816894531,750168,3.1991810096609896e-05,0.005476691,0.0013121779,0.0028600693,0.009741783,8.816176e-05,1.4551451e-05,5.489928e-05,0.00012597031,228.36792,109.10671,9.468448e-05,360.00235,255.65796,13.203423,350.3549,750192,0.0,359.97595,0.021163113,359.8762,360.00235,228.31651,10.51648,196.77986,250.40022,4.519342,1.0457345,1.6770039,11.593519,4.435637,2.9427402,6.3654814,750192,0.0,8.782834,0.7772945,7.3711567,11.593519,4.5178704,0.11915409,4.2045937,4.7551136,0.8004781,0.53705776,0.034703393,5.1596985,0.6586977,0.21086095,1.874765,750192,0.0,3.803723,0.45675543,3.0350933,5.1596985,0.79962236,0.057540655,0.6261099,0.9238077,-1.388727e-08,1.6260184,-3.7343123,4.4656878,-0.14431228,-2.3343124389648438,2.6356875896453857,202172,0.7305063237144624,3.8831882,0.2683321,3.1856875,4.4656878,-0.0029124499,0.0502695,-0.08947581,0.19491489,-0.06640815178237879,1.5842320624393036,-3.101165641971374,3.3730728889296415,-0.17035807694838317,-2.3161478519505225,2.4503852013441083,750192,0.0,3.1934959604873945,0.08767932333719526,2.956325500473839,3.3730728889296415,-0.06606956798500009,0.057216553770726,-0.16487697827948683,0.02996565027865899,-0.0004687541,0.36270085,-1.8787043,1.9979663,-0.01378054,-0.5687638640403747,0.6064953356981277,202130,0.7305623093821315,1.8700895,0.15900901,1.2955211,1.9979663,-0.0040400657,0.03555273,-0.10143805,0.076938935,5.598566766907672e-05,0.007482147637817121,0,1,0.0,0.0,0.0,750192,0.0,0.16279069767441862,0.3691746015438963,0,1,5.5717598274484406e-05,0.00016843762671935023,0.0,0.0009132420091324201
265,1.350134,4.1517134,-12.2556,19.287628,1.2952881,-5.150728607177734,8.25828399658203,750192,0.0,15.470275,1.6948544,12.680588,19.287628,1.3459109,0.47569862,0.104765415,2.4753067,0.58405346,4.065294,-16.597595,16.485825,0.648468,-6.0778457641601555,7.176786804199217,750192,0.0,13.459118,1.2679845,10.250076,16.485825,0.58200556,0.40891585,-0.45332867,1.4727488,280.38354,5.528979,252.99414,297.5782,280.6322,270.93695068359375,288.5851577758789,750192,0.0,292.8648,1.1050689,290.5329,297.5782,280.3837,0.78724563,278.79846,282.2408,283.7296,5.931287,259.07715,308.5083,283.72906,273.9832504272461,292.8172546386719,750192,0.0,301.5007,2.363364,296.46326,308.5083,283.73352,0.81529164,282.03735,285.43936,101541.695,1013.818,95345.56,104852.125,101616.31,99739.875,103094.125,750192,0.0,104103.766,283.51822,103487.75,104852.125,101542.69,127.31862,101250.82,101807.77,,,,,,,,0,1.0,,,,,,,,,101524.63,1013.6317,95329.39,104834.06,101599.3,99722.990234375,103076.40625,750192,0.0,104085.805,283.47253,103469.89,104834.06,101525.65,127.30196,101233.78,101790.67,9.357157e-05,0.00027909453,0.0,0.011572361,1.9073486e-06,0.0,0.0005326271057128906,750168,3.1991810096609896e-05,0.005326659,0.0017399004,0.002735138,0.011572361,9.3426606e-05,1.5318774e-05,6.180136e-05,0.00012774974,222.27762,115.23965,2.1677333e-05,360.00296,254.76245,9.570815,352.30597,750192,0.0,359.9806,0.02130255,359.85492,360.00296,222.19997,11.236306,188.91196,246.69943,4.397572,1.0416118,1.6816521,11.442843,4.275,2.8951943,6.3057647,750192,0.0,8.832532,0.8121552,7.4741163,11.442843,4.3962646,0.11078246,4.1279464,4.6132264,0.72259176,0.48100644,0.033410605,3.9846325,0.6022334,0.18970948,1.674586,750192,0.0,3.387745,0.34665963,2.3976598,3.9846325,0.72185576,0.050609615,0.5727751,0.828462,-1.27941675e-08,1.2971902,-3.0528255,3.6771746,-0.16282561,-1.8328256607055664,2.077174425125122,157428,0.7901497216712522,2.8000908,1.230137,-1.2328256,3.6771746,-0.06887061,0.32042858,-1.2328256,0.2071744,0.0002091064422315997,1.240366676270299,-2.4430921856186694,2.7395203440562232,-0.10346489198525041,-1.7238567868720618,1.9586498226502729,750192,0.0,2.560690945331459,0.0751102669897945,2.404937927053753,2.7395203440562232,0.0004453456052287139,0.051171628979893045,-0.08799107986966134,0.0873945906113567,-9.648148e-05,0.36737895,-1.8031551,1.9777204,-0.010606446,-0.5741550207138062,0.6198411107063294,157419,0.7901617186000384,1.3945055,0.5758057,0.016735012,1.9777204,0.007944533,0.039359838,-0.06358094,0.11290642,1.1996928786230725e-05,0.0034636375185533555,0,1,0.0,0.0,0.0,750192,0.0,0.046511627906976744,0.21059035204970747,0,1,1.193922629171403e-05,6.0351894701740015e-05,0.0,0.00045662100456621003
266,1.350134,4.1517134,-12.2556,19.287628,1.2952881,-5.150728607177734,8.25828399658203,750192,0.0,15.470275,1.6948544,12.680588,19.287628,1.3459109,0.47569862,0.104765415,2.4753067,0.58405346,4.065294,-16.597595,16.485825,0.648468,-6.0778457641601555,7.176786804199217,750192,0.0,13.459118,1.2679845,10.250076,16.485825,0.58200556,0.40891585,-0.45332867,1.4727488,280.38354,5.528979,252.99414,297.5782,280.6322,270.93695068359375,288.5851577758789,750192,0.0,292.8648,1.1050689,290.5329,297.5782,280.3837,0.78724563,278.79846,282.2408,283.7296,5.931287,259.07715,308.5083,283.72906,273.9832504272461,292.8172546386719,750192,0.0,301.5007,2.363364,296.46326,308.5083,283.73352,0.81529164,282.03735,285.43936,101541.695,1013.818,95345.56,104852.125,101616.31,99739.875,103094.125,750192,0.0,104103.766,283.51822,103487.75,104852.125,101542.69,127.31862,101250.82,101807.77,,,,,,,,0,1.0,,,,,,,,,101524.63,1013.6317,95329.39,104834.06,101599.3,99722.990234375,103076.40625,750192,0.0,104085.805,283.47253,103469.89,104834.06,101525.65,127.30196,101233.78,101790.67,9.357157e-05,0.00027909453,0.0,0.011572361,1.9073486e-06,0.0,0.0005326271057128906,750168,3.1991810096609896e-05,0.005326659,0.0017399004,0.002735138,0.011572361,9.3426606e-05,1.5318774e-05,6.180136e-05,0.00012774974,222.27762,115.23965,2.1677333e-05,360.00296,254.76245,9.570815,352.30597,750192,0.0,359.9806,0.02130255,359.85492,360.00296,222.19997,11.236306,188.91196,246.69943,4.397572,1.0416118,1.6816521,11.442843,4.275,2.8951943,6.3057647,750192,0.0,8.832532,0.8121552,7.4741163,11.442843,4.3962646,0.11078246,4.1279464,4.6132264,0.72259176,0.48100644,0.033410605,3.9846325,0.6022334,0.18970948,1.674586,750192,0.0,3.387745,0.34665963,2.3976598,3.9846325,0.72185576,0.050609615,0.5727751,0.828462,5.8155676e-09,1.1963439,-2.7797306,3.4602695,-0.16973054,-1.6497305631637573,1.9402694702148438,157427,0.7901510546633395,2.6665194,1.1558971,-1.0597305,3.4602695,-0.055655893,0.2929254,-1.0597305,0.22943611,0.00033385642032046425,1.141942641694573,-2.225028918409708,2.5946706825816173,-0.11680182549907829,-1.566299098027153,1.8256916880523966,750192,0.0,2.3999010620242576,0.08470693695235425,2.2096794265454816,2.5946706825816173,0.0006977581603495517,0.06725327435594734,-0.11535490009597348,0.11463750513017724,-3.8750277e-05,0.34787083,-1.925345,1.9443178,-0.008693155,-0.5401711195707322,0.5855903714895249,157418,0.7901630515921257,1.3701239,0.5751154,0.014022076,1.9443178,0.009054101,0.039219428,-0.07105378,0.12476534,1.1996928786230725e-05,0.003463637518553354,0,1,0.0,0.0,0.0,750192,0.0,0.03488372093023256,0.18348527718673843,0,1,1.1939226291714034e-05,6.518024099091441e-05,0.0,0.00045662100456621003
269,1.2303919,3.7310712,-11.369858,19.24466,1.1702042,-4.5800933837890625,7.53076171875,750192,0.0,14.517832,1.7074833,11.757935,19.24466,1.2269837,0.42411134,0.09953162,2.2524025,0.57195276,3.5905917,-15.506302,15.423996,0.5872345,-5.226576232910157,6.485324859619137,750192,0.0,12.463963,1.2893158,9.374344,15.423996,0.5698903,0.36300847,-0.33491072,1.3620859,280.06784,5.7246,250.4375,297.10837,280.4202,270.2242904663086,288.50443878173826,750192,0.0,293.52213,1.1896607,290.65027,297.10837,280.06772,0.83362466,278.41162,282.05304,283.5369,6.3719,254.95995,311.40674,283.5332,273.084001159668,293.5347839355469,750192,0.0,303.5977,2.4645114,298.42307,311.40674,283.54153,0.8277444,281.85495,285.2576,101532.055,1015.5496,95406.81,104831.125,101605.0,99730.6875,103091.875,750192,0.0,104106.47,291.58298,103481.75,104831.125,101533.09,127.042915,101245.74,101792.445,,,,,,,,0,1.0,,,,,,,,,101547.35,1015.71704,95421.39,104847.06,101620.234,99745.84453125,103107.53828125,750192,0.0,104122.555,291.68716,103497.89,104847.06,101548.36,127.054306,101261.0,101807.734,8.828524e-05,0.00027943007,0.0,0.009741783,9.536743e-07,0.0,0.0004963874816894531,750168,3.1991810096609896e-05,0.005476691,0.0013121779,0.0028600693,0.009741783,8.816176e-05,1.4551451e-05,5.489928e-05,0.00012597031,228.36792,109.10671,9.468448e-05,360.00235,255.65796,13.203423,350.3549,750192,0.0,359.97595,0.021163113,359.8762,360.00235,228.31651,10.51648,196.77986,250.40022,4.519342,1.0457345,1.6770039,11.593519,4.435637,2.9427402,6.3654814,750192,0.0,8.782834,0.7772945,7.3711567,11.593519,4.5178704,0.11915409,4.2045937,4.7551136,0.8004781,0.53705776,0.034703393,5.1596985,0.6586977,0.21086095,1.874765,750192,0.0,3.803723,0.45675543,3.0350933,5.1596985,0.79962236,0.057540655,0.6261099,0.9238077,-1.9949027e-08,1.1565424,-2.940068,3.429932,-0.07006801,-1.680068016052246,1.7399319410324097,151448,0.7981210143536588,2.700841,1.0195539,-1.430068,3.429932,-0.04385318,0.30848956,-1.430068,0.17113197,-0.000597839769895988,1.098961084277118,-2.137415437653491,2.224691294832589,-0.04298152758443345,-1.5562956374993633,1.6668458526257948,750192,0.0,2.100667338370874,0.05740326275981987,1.9745719319237467,2.224691294832589,-0.00046527787020875526,0.03948229991619427,-0.06883495137084271,0.06643361830936648,-8.385281e-05,0.35124362,-1.9135067,1.9977757,-0.021394644,-0.535673925280571,0.6001066029071793,151440,0.7981316782903577,1.4474587,0.59931666,-0.04928811,1.9977757,0.00015293104,0.040245473,-0.0828348,0.08188907,1.0663936698871755e-05,0.003265550945755685,0,1,0.0,0.0,0.0,750192,0.0,0.05813953488372093,0.2340071139243965,0,1,1.061183965053319e-05,4.8047182844497426e-05,0.0,0.00034246575342465754
27,1.0332261,4.597254,-15.020645,23.730011,0.9199753,-6.038169097900391,8.888404083251952,750192,0.0,17.695318,1.8329372,14.150085,23.730011,1.0269675,0.56728345,-0.3614349,2.150139,0.08506171,4.6769853,-18.914139,23.10289,-0.5806656,-6.722510528564453,8.094175720214842,750192,0.0,15.327111,1.6884001,11.722275,23.10289,0.08329221,0.4194688,-1.1445751,0.890798,281.7003,4.844345,259.4296,294.14856,281.91772,273.13165893554685,288.8838165283203,750192,0.0,291.71588,0.8779604,290.03452,294.14856,281.70212,0.58065534,280.39294,283.2018,284.9958,4.5213914,266.29077,303.95996,284.94934,277.466650390625,291.76441802978513,750192,0.0,297.4667,2.0169768,293.63196,303.95996,284.9973,0.57614565,283.50958,286.5127,101649.54,978.7478,95451.31,104816.375,101742.69,99879.221875,103114.9375,750192,0.0,104070.26,260.47693,103559.125,104816.375,101649.875,128.89194,101292.29,101932.15,286.0044,3.799328,278.6775,294.18262,285.66553,280.784912109375,291.62890625,750192,0.0,291.93045,0.74717706,290.74072,294.18262,286.0032,0.4359435,285.10413,287.2526,101420.85,976.4266,95232.39,104575.06,101515.06,99653.078125,102880.144140625,750192,0.0,103831.55,259.4455,103325.664,104575.06,101421.24,128.69534,101064.43,101703.234,0.00012844574,0.00035494356,0.0,0.013268471,3.33786e-06,0.0,0.0007448196411132812,750168,3.1991810096609896e-05,0.0057744067,0.0015485011,0.003818512,0.013268471,0.00012835507,2.0539403e-05,8.7500106e-05,0.0001802285,224.71579,95.473785,0.0009625582,360.00043,264.31268,30.122328,328.90186,750192,0.0,359.9016,0.11704597,359.16153,360.00043,224.6515,9.194406,201.44576,247.77014,4.591778,1.4878529,1.883174,14.735894,4.178319,2.9674497,7.665413,750192,0.0,12.051696,0.94177425,9.752068,14.735894,4.5922413,0.17432332,4.2408404,4.968542,0.61040556,0.37338102,0.045530524,2.758045,0.51080406,0.19679491,1.360147,750192,0.0,2.3489962,0.1268349,2.0227745,2.758045,0.60989624,0.042014334,0.5071869,0.71578294,-1.7842355e-07,1.3474383,-2.9862201,3.44578,0.04377985,-2.096220016479492,2.0437800884246826,89625,0.8805305841704524,3.0137799,0.24959439,2.4037797,3.44578,-0.015660118,0.07921357,-0.21179226,0.09971108,-0.11579028748993425,1.338324988781201,-3.013178897425282,3.034233985450781,-0.12624876901593143,-2.099633838634676,1.9394119655878885,750192,0.0,2.711194599753658,0.15079779546363511,2.3724198771473506,3.034233985450781,-0.11492457432441909,0.11432717273828709,-0.3108709712164142,0.07616543334873038,5.2089717e-06,0.18084627,-0.79850245,1.6076373,-0.005275231,-0.2885426700115204,0.3019946992397308,89625,0.8805305841704524,0.89042646,0.2772147,0.48627338,1.6076373,-0.0039147804,0.028826103,-0.05878593,0.059253506,0.0,0.0,0,0,0.0,0.0,0.0,750192,0.0,0.0,0.0,0,0,0.0,0.0,0.0,0.0
270,1.2303919,3.7310712,-11.369858,19.24466,1.1702042,-4.5800933837890625,7.53076171875,750192,0.0,14.517832,1.7074833,11.757935,19.24466,1.2269837,0.42411134,0.09953162,2.2524025,0.57195276,3.5905917,-15.506302,15.423996,0.5872345,-5.226576232910157,6.485324859619137,750192,0.0,12.463963,1.2893158,9.374344,15.423996,0.5698903,0.36300847,-0.33491072,1.3620859,280.06784,5.7246,250.4375,297.10837,280.4202,270.2242904663086,288.50443878173826,750192,0.0,293.52213,1.1896607,290.65027,297.10837,280.06772,0.83362466,278.41162,282.05304,283.5369,6.3719,254.95995,311.40674,283.5332,273.084001159668,293.5347839355469,750192,0.0,303.5977,2.4645114,298.42307,311.40674,283.54153,0.8277444,281.85495,285.2576,101532.055,1015.5496,95406.81,104831.125,101605.0,99730.6875,103091.875,750192,0.0,104106.47,291.58298,103481.75,104831.125,101533.09,127.042915,101245.74,101792.445,,,,,,,,0,1.0,,,,,,,,,101547.35,1015.71704,95421.39,104847.06,101620.234,99745.84453125,103107.53828125,750192,0.0,104122.555,291.68716,103497.89,104847.06,101548.36,127.054306,101261.0,101807.734,8.828524e-05,0.00027943007,0.0,0.009741783,9.536743e-07,0.0,0.0004963874816894531,750168,3.1991810096609896e-05,0.005476691,0.0013121779,0.0028600693,0.009741783,8.816176e-05,1.4551451e-05,5.489928e-05,0.00012597031,228.36792,109.10671,9.468448e-05,360.00235,255.65796,13.203423,350.3549,750192,0.0,359.97595,0.021163113,359.8762,360.00235,228.31651,10.51648,196.77986,250.40022,4.519342,1.0457345,1.6770039,11.593519,4.435637,2.9427402,6.3654814,750192,0.0,8.782834,0.7772945,7.3711567,11.593519,4.5178704,0.11915409,4.2045937,4.7551136,0.8004781,0.53705776,0.034703393,5.1596985,0.6586977,0.21086095,1.874765,750192,0.0,3.803723,0.45675543,3.0350933,5.1596985,0.79962236,0.057540655,0.6261099,0.9238077,7.722005e-09,1.1109538,-2.6432214,3.1767786,-0.103221476,-1.613221526145935,1.7967785596847534,142273,0.8103512167551774,2.6630945,1.0024297,-1.5332215,3.1767786,-0.08030404,0.3443999,-1.5332215,0.08511116,-0.025301601802215804,1.0783378474558114,-2.0194745909870258,2.1852828439392162,-0.10354436388585002,-1.5230443546618766,1.639757888780745,750192,0.0,2.0741343465020052,0.05606062330805501,1.9528715221678141,2.1852828439392162,-0.025159455968620147,0.03501330895298057,-0.08596633674888526,0.03424902263518005,-0.00013394038,0.31852362,-1.9931126,1.8868344,-0.018083235,-0.48430001735687256,0.5396340042352673,142262,0.8103658796681383,1.5831983,0.43736485,-0.04941614,1.8868344,-0.006842872,0.0345744,-0.10224479,0.049138345,1.4662912960948664e-05,0.0038291902485946255,0,1,0.0,0.0,0.0,750192,0.0,0.046511627906976744,0.21059035204970744,0,1,1.4601253052989275e-05,7.547450873860832e-05,0.0,0.0005707762557077625
271,1.530056,4.7557673,-13.89299,21.308136,1.5474472,-5.990119171142578,9.337448120117188,750192,0.0,16.887436,1.7920856,13.915375,21.308136,1.5256717,0.55871934,0.03346369,2.9037395,0.5740477,4.5942526,-19.018494,18.132904,0.60887146,-6.864378356933594,8.085753631591789,750192,0.0,14.8183365,1.3848115,11.460068,18.132904,0.5717569,0.45695642,-0.5679056,1.522561,280.3801,5.4693108,256.00882,294.7518,280.5094,271.02220306396487,288.561018371582,750192,0.0,292.10095,1.0173664,289.93167,294.7518,280.38107,0.77564716,278.8379,282.21918,283.56622,5.5649056,260.29395,304.0509,283.5447,274.3838226318359,291.84161376953125,750192,0.0,298.54486,1.9861664,295.24268,304.0509,283.56854,0.82393676,281.89386,285.27332,101517.34,1026.7577,95389.56,104795.875,101592.625,99693.9375,103090.4375,750192,0.0,104108.625,297.43466,103453.75,104795.875,101518.41,128.0157,101232.96,101776.48,284.4859,4.8212867,273.40967,295.0869,284.16284,277.477783203125,291.78369140625,750192,0.0,291.92682,1.2909036,289.4729,295.0869,284.48483,0.81870174,282.74194,286.18045,101521.12,1026.7971,95393.19,104800.06,101596.42,99697.57265625,103094.308203125,750192,0.0,104112.664,297.41483,103457.89,104800.06,101522.19,128.01878,101236.74,101780.266,0.00010528758,0.0002962643,0.0,0.012198925,3.33786e-06,0.0,0.0006041526794433594,750168,3.1991810096609896e-05,0.00514273,0.0017279035,0.0023269653,0.012198925,0.0001050837,1.7838036e-05,6.422368e-05,0.00014809503,228.36792,109.10671,9.468448e-05,360.00235,255.65796,13.203423,350.3549,750192,0.0,359.97595,0.021163113,359.8762,360.00235,228.31651,10.51648,196.77986,250.40022,4.519342,1.0457345,1.6770039,11.593519,4.435637,2.9427402,6.3654814,750192,0.0,8.782834,0.7772945,7.3711567,11.593519,4.5178704,0.11915409,4.2045937,4.7551136,0.8004781,0.53705776,0.034703393,5.1596985,0.6586977,0.21086095,1.874765,750192,0.0,3.803723,0.45675543,3.0350933,5.1596985,0.79962236,0.057540655,0.6261099,0.9238077,1.5379804e-08,0.6493746,-1.8212211,3.0587788,-0.16122118,-0.8412211537361145,1.078778862953186,150804,0.798979461257918,2.332112,0.3632263,1.8387789,3.0587788,0.004726791,0.038058244,-0.0449796,0.11545284,-0.06861012711431064,0.5952217161886962,-1.2880419379885744,1.420432664789909,-0.20263965716394436,-0.8555803346558776,0.9227754470683031,750192,0.0,1.2990814398660882,0.057803585130538855,1.1617339870410233,1.420432664789909,-0.06837738473378126,0.050446893833613685,-0.15550215365266085,0.017669531139203186,-8.38259e-05,0.26124573,-1.5460896,1.9643649,-0.013370978,-0.3910643681883812,0.4474593073129652,150798,0.7989874592104421,1.6195272,0.22965953,1.1494676,1.9643649,0.0022621916,0.027846748,-0.050488215,0.05904319,7.997952524153817e-06,0.002828053846182785,0,1,0.0,0.0,0.0,750192,0.0,0.03488372093023256,0.18348527718673838,0,1,7.96431984708506e-06,4.536478573493433e-05,0.0,0.00034246575342465754
272,1.2303919,3.7310712,-11.369858,19.24466,1.1702042,-4.5800933837890625,7.53076171875,750192,0.0,14.517832,1.7074833,11.757935,19.24466,1.2269837,0.42411134,0.09953162,2.2524025,0.57195276,3.5905917,-15.506302,15.423996,0.5872345,-5.226576232910157,6.485324859619137,750192,0.0,12.463963,1.2893158,9.374344,15.423996,0.5698903,0.36300847,-0.33491072,1.3620859,280.06784,5.7246,250.4375,297.10837,280.4202,270.2242904663086,288.50443878173826,750192,0.0,293.52213,1.1896607,290.65027,297.10837,280.06772,0.83362466,278.41162,282.05304,283.5369,6.3719,254.95995,311.40674,283.5332,273.084001159668,293.5347839355469,750192,0.0,303.5977,2.4645114,298.42307,311.40674,283.54153,0.8277444,281.85495,285.2576,101532.055,1015.5496,95406.81,104831.125,101605.0,99730.6875,103091.875,750192,0.0,104106.47,291.58298,103481.75,104831.125,101533.09,127.042915,101245.74,101792.445,,,,,,,,0,1.0,,,,,,,,,101547.35,1015.71704,95421.39,104847.06,101620.234,99745.84453125,103107.53828125,750192,0.0,104122.555,291.68716,103497.89,104847.06,101548.36,127.054306,101261.0,101807.734,8.828524e-05,0.00027943007,0.0,0.009741783,9.536743e-07,0.0,0.0004963874816894531,750168,3.1991810096609896e-05,0.005476691,0.0013121779,0.0028600693,0.009741783,8.816176e-05,1.4551451e-05,5.489928e-05,0.00012597031,228.36792,109.10671,9.468448e-05,360.00235,255.65796,13.203423,350.3549,750192,0.0,359.97595,0.021163113,359.8762,360.00235,228.31651,10.51648,196.77986,250.40022,4.519342,1.0457345,1.6770039,11.593519,4.435637,2.9427402,6.3654814,750192,0.0,8.782834,0.7772945,7.3711567,11.593519,4.5178704,0.11915409,4.2045937,4.7551136,0.8004781,0.53705776,0.034703393,5.1596985,0.6586977,0.21086095,1.874765,750192,0.0,3.803723,0.45675543,3.0350933,5.1596985,0.79962236,0.057540655,0.6261099,0.9238077,2.9206003e-08,1.6467215,-3.651705,4.8882947,-0.14170513,-2.39170503616333,2.6982948780059814,141585,0.8112683153112803,3.8699617,1.353753,-1.531705,4.8882947,-0.082711786,0.35400656,-1.531705,0.06863973,0.0015313115442122766,1.5937263490169093,-3.0115246592281273,3.478443443565827,-0.09595004324630887,-2.2621188195737094,2.5325215872981057,750192,0.0,3.3264186603621493,0.08410938893258442,3.1273508114157016,3.478443443565827,0.0013465498132667895,0.008129219902860961,-0.036118601929527115,0.014354627795955121,-0.0009630632,0.40251103,-1.9936706,1.9992541,-0.012650624,-0.6251306474208832,0.6653305649757387,141374,0.8115495766417131,1.8350291,0.4435741,0.029808525,1.9992541,-0.00038245114,0.041464992,-0.08390919,0.06828084,0.00028126133043274257,0.016768488974762928,0,1,0.0,0.0,0.0,750192,0.0,0.1744186046511628,0.379469043536761,0,1,0.0002800423138945901,0.0019715168180142266,0.0,0.018378995433789954
273,1.5085607,4.6591096,-13.907944,21.668488,1.4912186,-5.842429351806641,9.18511962890625,750192,0.0,16.791891,1.8396685,13.881165,21.668488,1.5040553,0.5421845,0.064491324,2.827711,0.57286125,4.5375133,-19.117126,17.685822,0.6344757,-6.827016448974609,7.946990966796875,750192,0.0,14.598336,1.3946985,11.1948395,17.685822,0.5705427,0.45273483,-0.570003,1.532525,280.42273,5.469859,254.83197,295.3473,280.58685,271.0506927490234,288.57818603515625,750192,0.0,292.30286,1.0717522,290.0227,295.3473,280.42346,0.77588505,278.91962,282.26654,283.6732,5.642689,260.1787,305.3927,283.64615,274.3782073974609,292.1156753540039,750192,0.0,299.31262,2.1693704,295.3685,305.3927,283.67627,0.821009,282.00845,285.36633,101529.93,1020.4153,95362.31,104825.375,101604.94,99716.721875,103092.4375,750192,0.0,104106.92,290.0851,103472.5,104825.375,101530.99,127.712746,101242.086,101792.89,284.52115,4.8573475,273.31787,295.5869,284.1809,277.518310546875,291.909423828125,750192,0.0,292.0089,1.3446902,289.48682,295.5869,284.52075,0.82300836,282.6971,286.26117,101529.53,1020.41205,95362.39,104825.06,101604.555,99716.28984375,103092.05390625,750192,0.0,104106.445,290.1109,103471.89,104825.06,101530.55,127.71288,101241.67,101792.48,0.00010305194,0.00029982722,0.0,0.010422707,2.3841858e-06,0.0,0.0005970001220703125,750168,3.1991810096609896e-05,0.0055789645,0.0016838014,0.0029735565,0.010422707,0.000102863065,1.7403157e-05,6.512589e-05,0.00014390293,228.36792,109.10671,9.468448e-05,360.00235,255.65796,13.203423,350.3549,750192,0.0,359.97595,0.021163113,359.8762,360.00235,228.31651,10.51648,196.77986,250.40022,4.519342,1.0457345,1.6770039,11.593519,4.435637,2.9427402,6.3654814,750192,0.0,8.782834,0.7772945,7.3711567,11.593519,4.5178704,0.11915409,4.2045937,4.7551136,0.8004781,0.53705776,0.034703393,5.1596985,0.6586977,0.21086095,1.874765,750192,0.0,3.803723,0.45675543,3.0350933,5.1596985,0.79962236,0.057540655,0.6261099,0.9238077,1.7786554e-08,0.95353603,-2.5527344,3.1572657,-0.14273435,-1.3127342462539673,1.547265648841858,102946,0.8627737965747435,2.7022653,0.34722883,1.7772657,3.1572657,0.02414395,0.08945267,-0.078034624,0.20406567,-0.050863549077684624,0.9188143547239404,-2.122382087555862,1.8812846779822106,-0.049361039891378834,-1.425466393537584,1.3128653174659368,750192,0.0,1.6734439420751528,0.10585186305728889,1.4785425973758142,1.8812846779822106,-0.05021109984743601,0.1019362289407388,-0.22613978054434433,0.12242354339793274,-9.304777e-05,0.32443586,-1.8025736,1.9960911,-0.016585844,-0.50404953956604,0.5428614020347595,102941,0.8627804615351803,1.6302856,0.39089274,0.39601836,1.9960911,0.0022912086,0.02984131,-0.06360833,0.040308714,6.664960436794847e-06,0.0025816498629940574,0,1,0.0,0.0,0.0,750192,0.0,0.023255813953488372,0.15071489996297352,0,1,6.636933205904215e-06,4.388413309657151e-05,0.0,0.00034246575342465754
276,1.530056,4.7557673,-13.89299,21.308136,1.5474472,-5.990119171142578,9.337448120117188,750192,0.0,16.887436,1.7920856,13.915375,21.308136,1.5256717,0.55871934,0.03346369,2.9037395,0.5740477,4.5942526,-19.018494,18.132904,0.60887146,-6.864378356933594,8.085753631591789,750192,0.0,14.8183365,1.3848115,11.460068,18.132904,0.5717569,0.45695642,-0.5679056,1.522561,280.3801,5.4693108,256.00882,294.7518,280.5094,271.02220306396487,288.561018371582,750192,0.0,292.10095,1.0173664,289.93167,294.7518,280.38107,0.77564716,278.8379,282.21918,283.56622,5.5649056,260.29395,304.0509,283.5447,274.3838226318359,291.84161376953125,750192,0.0,298.54486,1.9861664,295.24268,304.0509,283.56854,0.82393676,281.89386,285.27332,101517.34,1026.7577,95389.56,104795.875,101592.625,99693.9375,103090.4375,750192,0.0,104108.625,297.43466,103453.75,104795.875,101518.41,128.0157,101232.96,101776.48,284.4859,4.8212867,273.40967,295.0869,284.16284,277.477783203125,291.78369140625,750192,0.0,291.92682,1.2909036,289.4729,295.0869,284.48483,0.81870174,282.74194,286.18045,101521.12,1026.7971,95393.19,104800.06,101596.42,99697.57265625,103094.308203125,750192,0.0,104112.664,297.41483,103457.89,104800.06,101522.19,128.01878,101236.74,101780.266,0.00010528758,0.0002962643,0.0,0.012198925,3.33786e-06,0.0,0.0006041526794433594,750168,3.1991810096609896e-05,0.00514273,0.0017279035,0.0023269653,0.012198925,0.0001050837,1.7838036e-05,6.422368e-05,0.00014809503,228.36792,109.10671,9.468448e-05,360.00235,255.65796,13.203423,350.3549,750192,0.0,359.97595,0.021163113,359.8762,360.00235,228.31651,10.51648,196.77986,250.40022,4.519342,1.0457345,1.6770039,11.593519,4.435637,2.9427402,6.3654814,750192,0.0,8.782834,0.7772945,7.3711567,11.593519,4.5178704,0.11915409,4.2045937,4.7551136,0.8004781,0.53705776,0.034703393,5.1596985,0.6586977,0.21086095,1.874765,750192,0.0,3.803723,0.45675543,3.0350933,5.1596985,0.79962236,0.057540655,0.6261099,0.9238077,,,,,,,,0,1.0,,,,,,,,,,,,,,,,0,1.0,,,,,,,,,,,,,,,,0,1.0,,,,,,,,,0.0,0.0,0,0,0.0,0.0,0.0,750192,0.0,0.0,0.0,0,0,0.0,0.0,0.0,0.0
277,1.350134,4.1517134,-12.2556,19.287628,1.2952881,-5.150728607177734,8.25828399658203,750192,0.0,15.470275,1.6948544,12.680588,19.287628,1.3459109,0.47569862,0.104765415,2.4753067,0.58405346,4.065294,-16.597595,16.485825,0.648468,-6.0778457641601555,7.176786804199217,750192,0.0,13.459118,1.2679845,10.250076,16.485825,0.58200556,0.40891585,-0.45332867,1.4727488,280.38354,5.528979,252.99414,297.5782,280.6322,270.93695068359375,288.5851577758789,750192,0.0,292.8648,1.1050689,290.5329,297.5782,280.3837,0.78724563,278.79846,282.2408,283.7296,5.931287,259.07715,308.5083,283.72906,273.9832504272461,292.8172546386719,750192,0.0,301.5007,2.363364,296.46326,308.5083,283.73352,0.81529164,282.03735,285.43936,101541.695,1013.818,95345.56,104852.125,101616.31,99739.875,103094.125,750192,0.0,104103.766,283.51822,103487.75,104852.125,101542.69,127.31862,101250.82,101807.77,,,,,,,,0,1.0,,,,,,,,,101524.63,1013.6317,95329.39,104834.06,101599.3,99722.990234375,103076.40625,750192,0.0,104085.805,283.47253,103469.89,104834.06,101525.65,127.30196,101233.78,101790.67,9.357157e-05,0.00027909453,0.0,0.011572361,1.9073486e-06,0.0,0.0005326271057128906,750168,3.1991810096609896e-05,0.005326659,0.0017399004,0.002735138,0.011572361,9.3426606e-05,1.5318774e-05,6.180136e-05,0.00012774974,222.27762,115.23965,2.1677333e-05,360.00296,254.76245,9.570815,352.30597,750192,0.0,359.9806,0.02130255,359.85492,360.00296,222.19997,11.236306,188.91196,246.69943,4.397572,1.0416118,1.6816521,11.442843,4.275,2.8951943,6.3057647,750192,0.0,8.832532,0.8121552,7.4741163,11.442843,4.3962646,0.11078246,4.1279464,4.6132264,0.72259176,0.48100644,0.033410605,3.9846325,0.6022334,0.18970948,1.674586,750192,0.0,3.387745,0.34665963,2.3976598,3.9846325,0.72185576,0.050609615,0.5727751,0.828462,0.0055777873,1.0770355,-2.666466,3.213534,-0.13646588,-1.5064657926559448,1.7335340976715088,90637,0.8791815961780451,2.7753522,0.23995523,2.4435341,3.213534,0.005355077,0.026467258,-0.048799463,0.03529208,0.01814546309686307,1.0572923064984887,-2.198164837586787,2.4565108820086707,-0.07622432474694738,-1.461185677919233,1.6940734181554695,750192,0.0,2.258932333737789,0.08799648298690278,2.0576161574893095,2.4565108820086707,0.017394079783264047,0.06755101163934708,-0.13484616559966886,0.13139896177809698,2.263154e-05,0.28879875,-1.8077284,1.9078528,-0.013107302,-0.44446393847465515,0.49157441407442093,90636,0.8791829291701324,1.6311264,0.20471723,1.2844026,1.9078528,-0.00088772667,0.02160235,-0.043982368,0.03162444,1.3329920873589694e-06,0.0011545519955771003,0,1,0.0,0.0,0.0,750192,0.0,0.011627906976744186,0.10720400531735917,0,1,1.3273866411808431e-06,1.223790015038346e-05,0.0,0.00011415525114155251
3,1.435309,5.204763,-16.211533,26.093597,1.5004578,-6.847013854980469,10.088025665283194,750192,0.0,18.49585,1.8750199,14.633667,26.093597,1.4279836,0.67311877,-0.28488353,2.7142663,0.02476397,5.0576916,-21.138504,22.478455,-0.3976593,-7.518460083007812,8.77201690673828,750192,0.0,17.351213,1.4954196,13.812729,22.478455,0.02455328,0.43087268,-1.0866622,0.93566895,282.15125,4.30005,262.2034,292.80914,282.57556,274.4693939208984,288.2447509765625,750192,0.0,290.25473,0.74602973,288.60907,292.80914,282.1534,0.48663494,281.15393,283.37158,285.25388,3.4067388,268.88684,302.05457,285.27795,279.50142059326174,290.1333755493164,750192,0.0,295.0193,2.0904963,291.41077,302.05457,285.2552,0.45975253,284.0522,286.26074,101649.195,1008.56805,95393.125,104816.375,101763.875,99804.1875,103127.4375,750192,0.0,104066.125,269.75537,103484.5,104816.375,101649.45,134.31726,101262.07,101940.625,285.8856,2.222255,281.2671,291.22412,285.9099,282.75537109375,289.106201171875,750192,0.0,289.46198,0.68254447,287.8286,291.22412,285.8849,0.34119606,284.97977,286.5349,101411.51,1006.2591,95172.8,104567.3,101526.63,99569.387109375,102884.261328125,750192,0.0,103819.1,268.6959,103241.586,104567.3,101411.766,134.08437,101025.3,101702.76,0.00011351637,0.00033400676,0.0,0.0113554,4.7683716e-06,0.0,0.0006418228149414062,750168,3.1991810096609896e-05,0.0058935047,0.0017133993,0.0035586357,0.0113554,0.00011345103,1.6078984e-05,7.465547e-05,0.00014427441,,,,,,,,0,1.0,,,,,,,,,,,,,,,,0,1.0,,,,,,,,,,,,,,,,0,1.0,,,,,,,,,-5.3229496e-07,1.5948954,-3.9812164,3.9587836,0.01878357,-2.531216621398926,2.498783588409424,626525,0.16484713246742166,3.7016864,0.1457682,3.3587832,3.9587836,7.768534e-05,0.056980483,-0.11137941,0.15352677,-0.014242739858913812,1.587419179042574,-3.88143853037023,3.7882960418915235,0.0025158918606509404,-2.5302120529508203,2.476267858715726,750192,0.0,3.5662318409267892,0.12808883472093716,3.2659552510540495,3.7882960418915235,-0.013871897369592278,0.05634346212863428,-0.11099241481577331,0.0808899310646526,8.9995257e-07,0.14749047,-1.4734462,1.453062,-0.011382174,-0.21852275133132934,0.26054142713546746,626525,0.16484713246742166,0.7896303,0.19811432,0.5066218,1.453062,-1.9470126e-05,0.031474352,-0.059954222,0.08769724,0.0,0.0,0,0,0.0,0.0,0.0,750192,0.0,0.0,0.0,0,0,0.0,0.0,0.0,0.0
326,1.5278878,5.250089,-15.65152,20.287918,1.7247467,-6.9652099609375,9.797744750976562,750192,0.0,16.67645,1.5007896,13.846634,20.287918,1.521358,0.6129065,-0.018531535,2.8971314,0.6879763,5.057285,-19.207108,20.768448,1.0048294,-7.8090263366699215,8.570990753173827,750192,0.0,15.601017,1.4471071,12.302536,20.768448,0.68633026,0.5087036,-0.5479878,1.7272221,280.80634,5.099131,258.49127,293.9921,280.967,271.9475631713867,288.466552734375,750192,0.0,291.29,1.0181463,289.05078,293.9921,280.80746,0.7075311,279.30197,282.42633,284.05347,4.888776,264.81818,301.30542,283.9972,276.0135665893555,291.2994689941406,750192,0.0,295.75565,1.9355433,291.7821,301.30542,284.05447,0.7617821,282.35892,285.79016,101545.61,1024.9581,95222.81,104857.375,101628.125,99714.625,103102.625,750192,0.0,104108.28,272.90894,103561.31,104857.375,101546.57,129.04477,101245.87,101821.14,285.05048,4.0432653,275.2622,294.16187,284.80566,279.11474609375,291.216552734375,750192,0.0,291.24954,1.1057562,289.1897,294.16187,285.04886,0.7516393,283.5256,286.8197,101565.66,1025.1742,95241.39,104878.3,101648.055,99734.528515625,103123.291796875,750192,0.0,104129.17,273.07697,103582.17,104878.3,101566.65,129.06355,101265.9,101841.25,9.4195435e-05,0.00028527458,0.0,0.012887001,1.9073486e-06,0.0,0.0005435943603515625,750168,3.1991810096609896e-05,0.0054756487,0.001855768,0.003109932,0.012887001,9.4051946e-05,1.577816e-05,6.2648316e-05,0.00013110132,189.51773,119.510254,0.00042388937,360.00238,228.05852,7.720809,351.8223,750192,0.0,359.98212,0.021994093,359.89178,360.00238,189.40399,12.210777,163.28299,221.23033,4.6964335,1.0228523,1.8521976,11.399719,4.609982,3.160586,6.511001,750192,0.0,8.835057,0.7920384,7.708185,11.399719,4.695067,0.101240076,4.4208064,4.903757,1.0738808,0.6888275,0.042804863,6.9513817,0.9112116,0.27804062,2.4273915,750192,0.0,4.8722095,0.6191792,3.8467426,6.9513817,1.0728098,0.06435665,0.8564341,1.201118,2.0900109e-07,1.649675,-3.6573353,4.110665,-0.0973351,-2.4073352813720703,2.522665023803711,490907,0.34562485337087034,3.4740975,0.21087468,2.9626646,4.110665,-0.0028580355,0.056086972,-0.15304019,0.13303798,-0.017484908685881286,1.6333296214860322,-3.375485900877338,3.497539918279029,-0.0868808497754832,-2.386269843132461,2.4986023249191707,750192,0.0,3.2990222379473795,0.09872690999690273,3.056144201580302,3.497539918279029,-0.017309829906436796,0.04417291313916839,-0.09375662849190994,0.05820969908341848,-2.9733534e-05,0.22102118,-1.6266474,1.9701778,-0.012823248,-0.3313337996602058,0.375926923751831,490900,0.3456341843154819,1.3639741,0.29366073,0.41591686,1.9701778,-0.0028537954,0.03573932,-0.10853912,0.07833585,9.330944611512786e-06,0.0030546452404469904,0,1,0.0,0.0,0.0,750192,0.0,0.046511627906976744,0.21059035204970744,0,1,9.284453009352345e-06,4.336308783078643e-05,0.0,0.00022831050228310502
327,1.5723525,5.0118403,-14.906708,21.374496,1.9675903,-6.5675308227539055,9.349118041992185,750192,0.0,15.987366,1.3957537,13.255783,21.374496,1.5657371,0.59655815,0.15999168,2.8099155,0.8198628,5.0338564,-18.934921,24.020004,0.9768295,-7.385230255126953,9.001489257812494,750192,0.0,17.358383,1.8459667,13.104019,24.020004,0.8186021,0.5100702,-0.44273207,1.9085675,280.99164,4.936378,258.21454,293.65955,281.1449,272.37579956054685,288.3698257446289,750192,0.0,290.9718,1.0868762,289.0025,293.65955,280.99277,0.6896391,279.55145,282.476,284.04813,4.644842,265.66617,300.8762,284.0177,276.3113265991211,290.87030029296875,750192,0.0,294.98965,2.0422132,290.93347,300.8762,284.04898,0.7293007,282.3946,285.69055,101554.54,1030.2539,95156.31,104882.125,101641.75,99704.875,103113.875,750192,0.0,104115.51,265.94327,103603.56,104882.125,101555.38,129.97841,101246.87,101833.664,285.01578,3.7816362,275.67432,293.16113,284.80615,279.413330078125,290.707763671875,750192,0.0,290.72534,1.0077208,288.59985,293.16113,285.01443,0.7488367,283.54532,286.63815,101457.625,1029.2163,95063.39,104780.06,101545.17,99608.84609375,103014.370703125,750192,0.0,104014.0,265.39352,103502.19,104780.06,101458.51,129.88762,101150.25,101736.72,0.00010128949,0.0003266045,0.0,0.011493683,9.536743e-07,0.0,0.0005960464477539062,750168,3.1991810096609896e-05,0.0057481,0.0013626687,0.0035071373,0.011493683,0.000101140795,1.7274324e-05,6.458662e-05,0.00014670595,170.2815,103.008934,0.00028788904,360.00156,213.4804,17.52165,324.0296,750192,0.0,359.92575,0.092575595,359.3698,360.00156,170.1817,10.357612,145.69684,195.8652,4.2536826,0.75234604,1.9238348,9.026725,4.2098923,3.0971837,5.5521083,750192,0.0,7.281177,0.54505944,6.4705935,9.026725,4.252725,0.07273326,4.0610867,4.395964,0.7375411,0.4837741,0.046036538,5.6277337,0.6099324,0.20130078,1.7047118,750192,0.0,3.5000567,0.53054553,2.553832,5.6277337,0.73695207,0.043774456,0.618101,0.83047825,3.3374408e-07,1.741783,-4.703529,5.2964716,-0.03152871,-2.586178803443908,2.6264712810516357,268468,0.6421342802909122,3.6639,0.44242412,2.3774712,5.2964716,-0.008709075,0.11271209,-0.3491911,0.4666043,-0.14130645165688163,1.720367401359526,-4.094520874757287,3.752175190451643,-0.1740004428029861,-2.7212202870590385,2.478784817829,750192,0.0,3.3923854142573764,0.1763707130236283,2.986283394883009,3.752175190451643,-0.14026430738009862,0.14585929858208965,-0.39076450842544547,0.10587960772054875,-0.008584579,0.21566984,-1.9901996,1.9902446,-0.022503264,-0.30768874287605286,0.3422027677297592,267455,0.6434846012754069,1.1606604,0.30419272,0.4283313,1.9902446,-0.009515678,0.038582098,-0.076864,0.09663559,0.0013503209844946361,0.03672189561737615,0,1,0.0,0.0,0.0,750192,0.0,0.08139534883720931,0.27344130270476386,0,1,0.001344544745550861,0.010827839903352095,0.0,0.10079908675799087
328,1.7453077,4.972629,-15.525314,24.762634,1.9396896,-6.223868560791016,9.793811798095685,750192,0.0,17.802334,1.8158387,14.924515,24.762634,1.7403764,0.5905576,0.4602612,2.9066195,0.3640176,3.600163,-15.117142,17.542786,-0.017822266,-5.121978759765625,6.701148223876952,750192,0.0,14.301639,1.2946796,11.6033325,17.542786,0.36382985,0.31380007,-0.35526752,1.0176281,280.7605,4.7086196,260.73013,293.5205,280.9301,272.5964752197266,287.94132843017576,750192,0.0,291.01605,0.91926336,288.92365,293.5205,280.7617,0.5750257,279.38522,282.1076,283.88202,4.6658235,263.68625,300.28522,283.83563,276.05965728759764,290.9165786743164,750192,0.0,296.11862,1.6341364,293.3982,300.28522,283.88452,0.6042344,282.23547,285.2118,101527.61,1107.1654,95174.875,104962.06,101641.81,99519.75,103176.340625,750192,0.0,104193.57,285.68954,103471.5,104962.06,101528.41,139.06439,101187.27,101820.36,284.8562,4.0138144,276.71045,293.53857,284.44043,279.381103515625,290.97607421875,750192,0.0,291.25586,0.9211471,289.35596,293.53857,284.85568,0.49403942,283.6838,285.97345,101048.266,1102.1602,94714.586,104457.45,101163.67,99047.1796875,102685.0,750192,0.0,103690.95,282.61285,102966.11,104457.45,101049.05,138.56902,100709.266,101338.984,0.00011507839,0.0003373956,0.0,0.010941029,3.8146973e-06,0.0,0.0006647109985351562,750168,3.1991810096609896e-05,0.0055341693,0.0012850072,0.0035586357,0.010941029,0.000114953786,1.8908284e-05,7.777223e-05,0.00016383379,188.6647,97.49613,3.2644617e-05,359.9972,216.18835,22.157745,324.75848,750192,0.0,359.92285,0.07841166,359.5999,359.9972,188.58557,10.471136,165.97743,215.55693,2.380909,0.47477975,1.5885668,5.5654783,2.3280516,1.6533275,3.2606924,750192,0.0,4.5600734,0.31891662,3.9215765,5.5654783,2.3806236,0.04839691,2.2732425,2.506358,0.22910082,0.18639883,0.031124845,2.6442766,0.17206153,0.038614523,0.6101162,750192,0.0,1.585781,0.3030274,1.0767367,2.6442766,0.22897744,0.017877389,0.19138971,0.2774353,0.12893248,2.9418201,-4.9990425,7.035957,0.049957275,-4.2920427322387695,4.788957118988037,256027,0.6587180348497451,6.567898,0.26503062,5.9569573,7.035957,0.1312533,0.06675147,0.0373106,0.3552112,-0.09738366064523135,3.003643279498464,-6.538654320749342,6.8747985895185915,-0.19204732563344168,-4.6288914586068755,4.669402161234276,750192,0.0,6.495066441579596,0.2110934242618548,6.008964190351839,6.8747985895185915,-0.09672238915807377,0.09692313921179975,-0.2629298012019248,0.06660431680573968,0.00015876254,0.26016495,-1.9917608,1.9567009,-0.010564232,-0.38941246271133423,0.4209780842065811,256006,0.6587460276835797,1.3744887,0.329555,0.77942646,1.9567009,0.0010353466,0.052107636,-0.10693678,0.18219353,2.799283383453836e-05,0.005290751386692846,0,1,0.0,0.0,0.0,750192,0.0,0.05813953488372093,0.23400711392439655,0,1,2.786061250697059e-05,0.00017660112723843338,0.0,0.0015981735159817352
329,1.7746041,5.799952,-19.848557,24.1669,2.2576141,-8.094164276123047,10.815121459960935,750192,0.0,18.971277,1.6128703,16.14151,24.1669,1.7683934,0.70737994,0.21888594,3.192916,0.6591293,4.2860255,-17.95816,19.89647,0.41944885,-6.205593872070312,7.971754455566405,750192,0.0,15.594453,1.3520157,12.94812,19.89647,0.65940654,0.36873764,-0.283306,1.3140324,280.88232,4.5581136,261.52304,293.225,281.0744,272.9492523193359,287.7783203125,750192,0.0,290.46268,0.8689362,288.75726,293.225,280.88367,0.5642102,279.60556,282.23486,283.9481,4.175281,267.86597,297.29947,283.86557,277.04132690429685,290.16790771484375,750192,0.0,294.1251,1.3715267,291.27997,297.29947,283.9498,0.5753057,282.44916,285.23853,101523.05,1116.3837,95012.31,104967.625,101642.625,99493.0,103176.625,750192,0.0,104182.81,285.91733,103508.75,104967.625,101523.81,140.6547,101172.48,101824.96,284.9088,3.6458306,277.7915,292.96338,284.5769,279.887939453125,290.44677734375,750192,0.0,290.65018,0.8538702,288.63232,292.96338,284.90747,0.533408,283.65744,286.06644,100871.86,1109.8356,94391.74,104284.06,100993.516,98850.58671875,102509.49140625,750192,0.0,103501.33,282.17953,102825.11,104284.06,100872.6,139.98477,100523.32,101171.01,0.00012764,0.0003385798,0.0,0.008111954,7.1525574e-06,0.0,0.0007262229919433594,750168,3.1991810096609896e-05,0.004984592,0.0011631558,0.0031943321,0.008111954,0.0001274859,2.0506217e-05,8.441972e-05,0.00017293617,238.4018,59.619873,0.0051244535,359.99655,253.62881,83.41727,303.1874,750192,0.0,359.4632,0.57218075,356.80505,359.99655,238.38472,5.6100373,222.50641,250.23341,6.6080046,1.9048831,2.5115347,16.555706,6.3633738,3.9393425,10.105686,750192,0.0,13.908828,1.0126868,12.042204,16.555706,6.6096163,0.230786,6.0993495,7.0640826,1.0560707,0.7117667,0.04853178,8.133099,0.87051725,0.28950906,2.468459,750192,0.0,5.611107,0.9129259,3.7836475,8.133099,1.0553807,0.08494824,0.88172185,1.2309617,0.00085455587,2.3451056,-4.9996,5.4744005,-0.09159994,-3.5455996990203857,3.694399833679199,257943,0.6561640220103653,5.080518,0.22260664,4.4494,5.4744005,-0.004498515,0.06363651,-0.14367102,0.117090486,-0.12370207221986843,2.3413284936814756,-5.298007633456189,5.370268931530787,-0.2069773301589452,-3.675078143558176,3.5745226281121876,750192,0.0,4.9893107655366435,0.19460822872343192,4.5497436455266085,5.370268931530787,-0.12291040420387231,0.11564665703479415,-0.32174372359881237,0.07244163348198684,0.0015876668,0.16954404,-1.9445982,1.5374948,-0.0068348143,-0.2542704939842224,0.2898049816489219,257858,0.6562773263377908,0.91581726,0.25864762,0.31787047,1.5374948,-0.00039514407,0.032756068,-0.076868884,0.074029595,0.0001133043274255124,0.010643847497728396,0,1,0.0,0.0,0.0,750192,0.0,0.011627906976744186,0.10720400531735916,0,1,0.00011282786450037166,0.0010402215127825942,0.0,0.009703196347031963
330,1.3036586,3.6277688,-11.835678,19.776306,1.3447418,-4.445670318603516,7.361175537109375,750192,0.0,13.868216,1.5317168,10.394989,19.776306,1.300254,0.41244885,0.3531775,2.1849515,0.45938686,3.1230114,-13.336868,14.60347,0.30858612,-4.394163513183594,5.848365020751952,750192,0.0,12.244034,1.1274168,9.759262,14.60347,0.45861205,0.2963763,-0.2054522,1.0353991,280.22263,4.9233646,251.84627,294.35464,280.6059,271.65171966552737,287.61927642822263,750192,0.0,291.5415,1.0703605,289.52124,294.35464,280.223,0.6556897,278.49405,281.7018,283.51007,5.477685,255.53781,307.19452,283.5232,274.3744369506836,292.1412017822266,750192,0.0,300.08517,2.1962752,296.55838,307.19452,283.5151,0.6937869,281.4825,284.92685,101515.71,1112.4385,95186.06,104957.06,101627.69,99502.6875,103176.5,750192,0.0,104203.5,288.38474,103468.0,104957.06,101516.52,138.97823,101183.266,101807.82,,,,,,,,0,1.0,,,,,,,,,100787.35,1105.1617,94490.74,104189.734,100901.6,98783.60234375,102429.15625,750192,0.0,103439.58,283.3218,102700.11,104189.734,100788.19,138.24355,100456.805,101076.48,9.763701e-05,0.00031155534,0.0,0.012315273,2.3841858e-06,0.0,0.0005550384521484375,750168,3.1991810096609896e-05,0.0053199334,0.0014948631,0.0033221245,0.012315273,9.753462e-05,1.6602462e-05,6.3079875e-05,0.00014313059,188.6647,97.49613,3.2644617e-05,359.9972,216.18835,22.157745,324.75848,750192,0.0,359.92285,0.07841166,359.5999,359.9972,188.58557,10.471136,165.97743,215.55693,2.380909,0.47477975,1.5885668,5.5654783,2.3280516,1.6533275,3.2606924,750192,0.0,4.5600734,0.31891662,3.9215765,5.5654783,2.3806236,0.04839691,2.2732425,2.506358,0.22910082,0.18639883,0.031124845,2.6442766,0.17206153,0.038614523,0.6101162,750192,0.0,1.585781,0.3030274,1.0767367,2.6442766,0.22897744,0.017877389,0.19138971,0.2774353,0.2355788,3.0843034,-4.9991903,7.6438103,0.14081001,-4.394190311431885,5.173810005187988,232126,0.6905778787297119,7.117997,0.2507312,6.66381,7.6438103,0.23774213,0.072993465,0.0999211,0.39878228,-0.23926666544771094,3.2103946791878544,-7.357208854223157,7.56831738910683,-0.3766947051423808,-5.037443244735804,4.90226610108797,750192,0.0,6.917738543987124,0.3054567535363854,6.224913493623561,7.56831738910683,-0.23745086523706402,0.23748598139160815,-0.6441303071406105,0.16055845544957809,-7.016633e-05,0.29642078,-1.9385195,1.9858404,-0.006462634,-0.4736502692103386,0.49026842415332794,232096,0.6906178684923326,1.5432484,0.28940308,0.8118641,1.9858404,0.0051512825,0.04441459,-0.09953794,0.18398067,3.9989762620769085e-05,0.00632361948884139,0,1,0.0,0.0,0.0,750192,0.0,0.09302325581395349,0.2904650231813209,0,1,3.979621205922784e-05,0.00015143720709160673,0.0,0.0009132420091324201
331,1.5565214,5.113236,-17.846344,22.590729,1.9015808,-7.079876708984375,9.631300354003905,750192,0.0,17.229149,1.5693606,14.10202,22.590729,1.5511631,0.6130884,0.20882845,2.8572714,0.63640726,3.9041934,-16.00055,19.226456,0.41927338,-5.5145416259765625,7.436391448974607,750192,0.0,14.795791,1.3713267,12.630371,19.226456,0.6367129,0.3386605,-0.24577768,1.2829496,280.6987,4.695258,260.15805,293.48004,280.9934,272.4791564941406,287.7298416137695,750192,0.0,290.7737,0.9328271,288.77087,293.48004,280.7,0.5942273,279.2681,282.10977,283.82956,4.4478626,264.9382,300.2785,283.7898,276.3482833862305,290.4832427978516,750192,0.0,295.82947,1.6537293,292.32727,300.2785,283.8321,0.61258334,282.16724,285.17136,101511.05,1122.6328,94951.31,104966.375,101630.06,99469.5,103176.215625,750192,0.0,104187.805,286.60855,103527.625,104966.375,101511.805,140.93376,101165.01,101813.97,,,,,,,,0,1.0,,,,,,,,,100908.31,1116.6785,94376.74,104333.06,101029.03,98874.71171875,102559.261328125,750192,0.0,103557.43,283.14505,102889.95,104333.06,100909.08,140.32654,100564.12,101208.734,0.00014000619,0.00035908484,0.0,0.008350849,9.536743e-06,0.0,0.000782012939453125,750168,3.1991810096609896e-05,0.005067922,0.0010156113,0.0032906532,0.008350849,0.00013986442,2.294476e-05,9.206879e-05,0.00018683092,238.4018,59.619873,0.0051244535,359.99655,253.62881,83.41727,303.1874,750192,0.0,359.4632,0.57218075,356.80505,359.99655,238.38472,5.6100373,222.50641,250.23341,6.6080046,1.9048831,2.5115347,16.555706,6.3633738,3.9393425,10.105686,750192,0.0,13.908828,1.0126868,12.042204,16.555706,6.6096163,0.230786,6.0993495,7.0640826,1.0560707,0.7117667,0.04853178,8.133099,0.87051725,0.28950906,2.468459,750192,0.0,5.611107,0.9129259,3.7836475,8.133099,1.0553807,0.08494824,0.88172185,1.2309617,0.0013606552,2.4232821,-4.9947505,5.4872494,-0.0747509,-3.682750701904297,3.777249336242676,224549,0.7006779597756307,5.1460624,0.21564879,4.7232494,5.4872494,0.014128469,0.22267036,-1.181889,0.21807396,0.08768360276523554,2.3646729192361122,-5.100463257772004,5.497944107256127,0.032099523398297816,-3.493751317102774,3.776925784647566,750192,0.0,5.179037834917353,0.17565548787376623,4.7467554957152,5.497944107256127,0.08704800358406857,0.07967783875302412,-0.04662028245947601,0.22407869711694436,0.04901425,0.23805918,-1.9983426,1.9399872,0.03433517,-0.28539163172245025,0.4543092995882032,222143,0.7038851387378164,1.1063375,0.30732897,0.49325365,1.9399872,0.050515674,0.08214616,-0.07743533,0.2644418,0.0032071789621856803,0.056541073259093654,0,1,0.0,0.0,0.0,750192,0.0,0.08139534883720931,0.27344130270476386,0,1,0.003192792827295827,0.024618647674346635,0.0,0.228310502283105
332,1.27037,3.985327,-13.023865,18.918442,1.6696243,-5.4356689453125,7.359403991699217,750192,0.0,13.753723,1.4621165,11.229446,18.918442,1.2652228,0.46425045,0.117609926,2.3089511,0.60104334,3.806687,-15.683487,21.522934,0.7346878,-5.6709548950195305,6.73836441040039,750192,0.0,13.642638,1.4901941,10.872559,21.522934,0.6003202,0.38454583,-0.31931058,1.3834357,280.4491,4.930724,261.17493,293.54205,280.63336,272.0247528076172,288.0024688720703,750192,0.0,291.25662,1.0483409,289.3449,293.54205,280.44998,0.6709411,278.8745,281.89197,283.74045,5.270328,264.9881,304.28952,283.70752,275.1736785888672,292.0647857666016,750192,0.0,298.10886,2.0920541,293.5155,304.28952,283.74377,0.71823174,282.09183,285.30124,101523.81,1061.1904,95205.06,104913.81,101614.19,99622.75,103131.8125,750192,0.0,104147.22,268.8334,103564.44,104913.81,101524.766,132.5129,101219.17,101803.52,284.53036,3.9666617,275.65967,295.886,284.23975,278.805908203125,290.716064453125,750192,0.0,290.68146,1.7639494,288.29834,295.886,284.53183,0.68060726,283.12085,285.94415,101224.586,1058.0112,94917.39,104598.734,101316.3,99326.875,102824.480078125,750192,0.0,103833.81,267.1233,103250.08,104598.734,101225.57,132.22734,100920.7,101504.07,8.39784e-05,0.00027279547,0.0,0.011826515,9.536743e-07,0.0,0.00048351287841796875,750168,3.1991810096609896e-05,0.0049718036,0.0015288577,0.0025367737,0.011826515,8.388708e-05,1.3541723e-05,5.327738e-05,0.00012090115,163.64247,99.28928,1.0274276e-05,359.99796,183.60739,23.189047,324.37476,750192,0.0,359.9216,0.074842095,359.66092,359.99796,163.5424,9.978792,138.54149,189.78036,3.6619108,0.78015214,1.6554041,7.867056,3.5922823,2.5176964,5.0453153,750192,0.0,6.7063875,0.50249773,5.899681,7.867056,3.6612177,0.06898544,3.4784005,3.840202,0.6005468,0.4130847,0.033382673,4.604052,0.49275887,0.15510088,1.4215548,750192,0.0,2.9092128,0.40831688,2.2213159,4.604052,0.60013276,0.03326139,0.51688486,0.6828252,-3.4043634e-07,1.555771,-4.504524,4.7354755,-0.09552407,-2.218524217605591,2.4404757022857666,240242,0.6797593149487065,3.4674118,0.3207838,2.6444757,4.7354755,-0.0029274807,0.11622415,-0.18709639,0.5311293,-0.1524210608308123,1.526468635012712,-3.431083475016219,3.4079782011621784,-0.24722036494685054,-2.3452322911751526,2.2532969039063153,750192,0.0,3.057018551634321,0.18434187775195335,2.6577102341927676,3.4079782011621784,-0.15128326582677398,0.16061948277540108,-0.42729804939964977,0.11906167142852006,-0.010848245,0.25625795,-1.9992139,1.9990124,-0.019578308,-0.3760395973920822,0.3805692762136459,239463,0.6807977157847591,1.56928,0.3454413,0.61177623,1.9990124,-0.012532019,0.050241787,-0.07648391,0.1833851,0.0010384008360526371,0.03220749229226521,0,1,0.0,0.0,0.0,750192,0.0,0.09302325581395349,0.29046502318132084,0,1,0.0010340088063036793,0.009298613673201603,0.0,0.0867579908675799
333,1.3626491,4.494386,-14.140976,19.880356,1.8004303,-6.194751739501953,8.19539566040039,750192,0.0,15.050615,1.5254753,12.672302,19.880356,1.3567488,0.5283598,0.038149044,2.5479875,0.67269844,4.336859,-18.014542,22.940903,0.85601807,-6.5278068542480465,7.594486236572262,750192,0.0,15.036495,1.5310264,11.820801,22.940903,0.67200285,0.43691343,-0.38596922,1.5664719,280.60068,4.914655,261.64563,293.33795,280.71643,272.19465789794924,288.1443756103516,750192,0.0,291.11813,1.0211756,289.04456,293.33795,280.60168,0.6653133,279.1058,282.04306,283.85477,5.04689,265.4295,301.80347,283.77338,275.6988998413086,291.70292510986326,750192,0.0,296.68167,1.809051,292.5097,301.80347,283.85736,0.7132911,282.2609,285.42957,101523.93,1057.5377,95194.31,104905.56,101613.375,99628.971875,103126.4375,750192,0.0,104140.79,270.02243,103560.19,104905.56,101524.9,132.12967,101220.49,101803.27,284.61432,4.1813307,274.8628,295.05493,284.3247,278.572021484375,291.08544921875,750192,0.0,291.1339,1.4364539,288.66357,295.05493,284.6151,0.7171528,283.16345,286.17276,101308.94,1055.2844,94987.39,104678.734,101399.2,99416.1171875,102905.769140625,750192,0.0,103915.58,268.79282,103334.08,104678.734,101309.88,131.92807,101006.0,101588.09,8.360901e-05,0.00026989318,0.0,0.009680748,9.536743e-07,0.0,0.000476837158203125,750168,3.1991810096609896e-05,0.004873744,0.0014595753,0.0026364326,0.009680748,8.3516206e-05,1.3296199e-05,5.3376913e-05,0.000120224984,163.64247,99.28928,1.0274276e-05,359.99796,183.60739,23.189047,324.37476,750192,0.0,359.9216,0.074842095,359.66092,359.99796,163.5424,9.978792,138.54149,189.78036,3.6619108,0.78015214,1.6554041,7.867056,3.5922823,2.5176964,5.0453153,750192,0.0,6.7063875,0.50249773,5.899681,7.867056,3.6612177,0.06898544,3.4784005,3.840202,0.6005468,0.4130847,0.033382673,4.604052,0.49275887,0.15510088,1.4215548,750192,0.0,2.9092128,0.40831688,2.2213159,4.604052,0.60013276,0.03326139,0.51688486,0.6828252,3.1743437e-07,1.4173348,-3.708765,3.839235,-0.05676484,-2.060764789581299,2.1652352809906006,225348,0.699612899097831,3.1265566,0.21542189,2.774235,3.839235,-0.0034771992,0.06860669,-0.28579864,0.110262915,-0.07085200305752318,1.3398920729076516,-2.9566262573144235,2.8415542160825376,-0.1304731760829414,-2.0313876288793784,1.9929520477614038,750192,0.0,2.681166854073019,0.08451841931645855,2.483832144474329,2.8415542160825376,-0.07058624859741798,0.04639062781681563,-0.15058188943696812,0.00827389887157891,0.03247731,0.26063225,-1.9869244,1.9838092,0.02600157,-0.3473183512687683,0.4411071062088011,223645,0.7018829846226033,1.6022491,0.26153,1.0657082,1.9838092,0.031886157,0.022791615,-0.005848811,0.10056736,0.002270085524772325,0.04759130421077514,0,1,0.0,0.0,0.0,750192,0.0,0.16279069767441862,0.3691746015438963,0,1,0.002260361739697594,0.012969205219884221,0.0,0.08607305936073059
334,1.1172862,3.2275531,-10.859116,18.358337,1.1296921,-4.000668334960937,6.5446624755859375,750192,0.0,12.619736,1.487784,9.528778,18.358337,1.1142151,0.3604227,0.2729284,1.9008945,0.5454393,3.00289,-12.656403,14.193314,0.5124817,-4.209547424316407,5.650563812255857,750192,0.0,11.698597,1.0950023,9.3520355,14.193314,0.54460806,0.29100347,-0.10611284,1.1002612,280.05383,5.027312,249.90227,295.6209,280.4823,271.2936050415039,287.574462890625,750192,0.0,291.84253,1.2059906,289.54892,295.6209,280.05386,0.6861259,278.21484,281.56018,283.304,5.767972,252.8093,308.68475,283.34033,273.7124496459961,292.51104125976565,750192,0.0,301.24442,2.3338227,297.2826,308.68475,283.30988,0.7274737,281.1761,284.75305,101518.13,1108.7692,95239.625,104958.81,101628.56,99513.5625,103175.153125,750192,0.0,104202.79,288.09064,103458.75,104958.81,101518.945,138.50926,101187.71,101807.93,,,,,,,,0,1.0,,,,,,,,,100604.336,1100.4398,94364.586,103996.45,100717.67,98611.14921875,102237.940234375,750192,0.0,103244.24,281.79465,102493.11,103996.45,100605.17,137.59438,100276.27,100890.336,9.163647e-05,0.00029734214,0.0,0.011187553,9.536743e-07,0.0,0.0005350112915039062,750168,3.1991810096609896e-05,0.0049555996,0.0013092463,0.002851963,0.011187553,9.154002e-05,1.594785e-05,5.9517057e-05,0.0001349761,,,,,,,,0,1.0,,,,,,,,,,,,,,,,0,1.0,,,,,,,,,,,,,,,,0,1.0,,,,,,,,,0.30315074,3.1430964,-4.999988,8.020012,0.18601179,-4.397988319396973,5.403011322021484,177288,0.7636764988163031,7.4866276,0.26749814,6.9600115,8.020012,0.30781662,0.048821446,0.20742616,0.4119868,-0.09961707548775917,3.29915275737023,-7.3943258533457925,7.929347670387975,-0.26556806425515345,-5.046856105356366,5.236002627441987,750192,0.0,7.401913016544825,0.24584065555652623,6.875123146915114,7.929347670387975,-0.09858921965923274,0.1419533287210432,-0.3414640467379606,0.1392819264070153,-0.00027053506,0.3302796,-1.9565083,1.9950489,-0.0058375313,-0.5289292573928833,0.5423170804977409,177267,0.7637044916501375,1.6305763,0.25476763,1.2039187,1.9950489,-0.00068383204,0.043941326,-0.13604634,0.09638769,2.799283383453836e-05,0.0052907513866928485,0,1,0.0,0.0,0.0,750192,0.0,0.10465116279069768,0.30610340886251586,0,1,2.7864239246427373e-05,9.197477711853442e-05,0.0,0.0005707762557077625
335,1.4800363,4.4781027,-14.052689,20.101395,1.8167343,-6.0199333190917965,8.349063873291012,750192,0.0,15.142299,1.5588851,12.0985565,20.101395,1.4743226,0.5302771,0.11455928,2.7264738,0.8097927,4.515553,-17.29097,23.855331,0.94802904,-6.529185485839843,8.12260284423828,750192,0.0,15.797528,1.6529475,12.361038,23.855331,0.8092364,0.4579722,-0.3810067,1.7206799,280.34265,5.009856,260.2752,293.6264,280.464,271.83190155029297,288.0945709228516,750192,0.0,291.36795,0.98502624,289.3468,293.6264,280.34332,0.70168227,278.74927,281.9004,283.63504,5.1121483,265.5451,301.19708,283.5468,275.4044662475586,291.63017120361326,750192,0.0,296.27072,1.5568986,292.96027,301.19708,283.63702,0.73016936,282.0856,285.1805,101498.65,1069.6605,95184.31,104870.06,101587.25,99587.25,103123.0625,750192,0.0,104139.72,281.1956,103450.06,104870.06,101499.71,132.6396,101204.15,101773.46,,,,,,,,0,1.0,,,,,,,,,101324.39,1067.8055,95017.19,104687.734,101413.69,99415.015625,102944.105078125,750192,0.0,103957.33,280.2958,103268.64,104687.734,101325.42,132.47084,101030.24,101598.96,7.418523e-05,0.0002462675,0.0,0.010383129,9.536743e-07,0.0,0.0004220008850097656,750168,3.1991810096609896e-05,0.0045316885,0.0014016388,0.0023493767,0.010383129,7.408994e-05,1.1540481e-05,4.9398506e-05,0.000104910825,167.13358,107.70085,0.0004042876,360.0028,193.97003,11.932257,343.172,750192,0.0,359.96786,0.036675535,359.85413,360.0028,167.02792,10.838123,140.41591,194.97437,4.3794713,0.90060776,1.8329935,8.769137,4.324276,2.989969,5.947069,750192,0.0,7.6496844,0.46528825,6.8656034,8.769137,4.37823,0.081977464,4.130455,4.5469913,0.98455364,0.6300968,0.035924096,6.9353995,0.8325844,0.2603525,2.2327793,750192,0.0,4.456366,0.5793447,3.4949577,6.9353995,0.9837004,0.05290298,0.8117342,1.0861329,-2.8645172e-07,0.97967255,-2.9174504,2.7815497,-0.056450367,-1.455450415611267,1.5595495700836182,169220,0.7744310789771152,2.4308681,0.19692166,2.0415494,2.7815497,0.0027498426,0.031204604,-0.06388786,0.058134384,-0.06560957837923793,0.961025552749002,-2.306595697191737,2.2428032474873163,-0.11361461538737697,-1.4903047399674423,1.461229728732345,750192,0.0,2.025437191678617,0.113265462194275,1.7890504064788106,2.2428032474873163,-0.06497171610345823,0.09400770188099865,-0.22651117846344107,0.0937341035270239,4.3129526e-06,0.21438237,-1.9740784,1.9961582,-0.010059927,-0.30689661502838134,0.3521966770291325,169200,0.7744577388188624,1.4321532,0.37263677,0.69597983,1.9961582,-0.0013701804,0.020485071,-0.0451879,0.031231582,2.6659841747179388e-05,0.00516324810560343,0,1,0.0,0.0,0.0,750192,0.0,0.06976744186046512,0.25475467790937967,0,1,2.6540479344703304e-05,0.00011236891502547461,0.0,0.0007990867579908676
336,1.4800363,4.4781027,-14.052689,20.101395,1.8167343,-6.0199333190917965,8.349063873291012,750192,0.0,15.142299,1.5588851,12.0985565,20.101395,1.4743226,0.5302771,0.11455928,2.7264738,0.8097927,4.515553,-17.29097,23.855331,0.94802904,-6.529185485839843,8.12260284423828,750192,0.0,15.797528,1.6529475,12.361038,23.855331,0.8092364,0.4579722,-0.3810067,1.7206799,280.34265,5.009856,260.2752,293.6264,280.464,271.83190155029297,288.0945709228516,750192,0.0,291.36795,0.98502624,289.3468,293.6264,280.34332,0.70168227,278.74927,281.9004,283.63504,5.1121483,265.5451,301.19708,283.5468,275.4044662475586,291.63017120361326,750192,0.0,296.27072,1.5568986,292.96027,301.19708,283.63702,0.73016936,282.0856,285.1805,101498.65,1069.6605,95184.31,104870.06,101587.25,99587.25,103123.0625,750192,0.0,104139.72,281.1956,103450.06,104870.06,101499.71,132.6396,101204.15,101773.46,,,,,,,,0,1.0,,,,,,,,,101324.39,1067.8055,95017.19,104687.734,101413.69,99415.015625,102944.105078125,750192,0.0,103957.33,280.2958,103268.64,104687.734,101325.42,132.47084,101030.24,101598.96,7.418523e-05,0.0002462675,0.0,0.010383129,9.536743e-07,0.0,0.0004220008850097656,750168,3.1991810096609896e-05,0.0045316885,0.0014016388,0.0023493767,0.010383129,7.408994e-05,1.1540481e-05,4.9398506e-05,0.000104910825,167.13358,107.70085,0.0004042876,360.0028,193.97003,11.932257,343.172,750192,0.0,359.96786,0.036675535,359.85413,360.0028,167.02792,10.838123,140.41591,194.97437,4.3794713,0.90060776,1.8329935,8.769137,4.324276,2.989969,5.947069,750192,0.0,7.6496844,0.46528825,6.8656034,8.769137,4.37823,0.081977464,4.130455,4.5469913,0.98455364,0.6300968,0.035924096,6.9353995,0.8325844,0.2603525,2.2327793,750192,0.0,4.456366,0.5793447,3.4949577,6.9353995,0.9837004,0.05290298,0.8117342,1.0861329,2.3029855e-08,1.0509226,-2.7378979,4.309102,-0.07089782,-1.536897897720337,1.659102201461792,161666,0.7845005012050248,2.7465308,0.6214418,2.161102,4.309102,0.009036522,0.16644225,-0.075395346,0.7277433,-0.3032168366223401,1.0178175290708145,-2.8631368465343523,2.353312380092639,-0.3514028606200974,-1.8433464067400054,1.338893439652643,750192,0.0,1.906964563590682,0.24305124604939443,1.4279799400028717,2.353312380092639,-0.3014231496960383,0.23577739419726332,-0.7061428303187502,0.09505655630677867,-0.022942193,0.22118181,-1.8005623,1.9988153,-0.035369817,-0.33198945224285126,0.32312601059675217,160556,0.7859801224219933,1.4253957,0.32986388,0.9491328,1.9988153,-0.017989777,0.0437412,-0.056191918,0.13891779,0.001479621216968456,0.03843737683587101,0,1,0.0,0.0,0.0,750192,0.0,0.046511627906976744,0.2105903520497074,0,1,0.0014733991717107364,0.013191766384535309,0.0,0.1230593607305936
337,1.4075209,4.679296,-14.272293,19.707947,1.8767014,-6.409842681884766,8.500128936767577,750192,0.0,14.639841,1.4380872,12.062164,19.707947,1.40133,0.54982233,0.059635323,2.6030135,0.75924444,4.8103333,-18.501328,22.346176,0.991333,-7.206631469726562,8.430976104736327,750192,0.0,16.13635,1.6338812,12.5143585,22.346176,0.7581465,0.4889337,-0.44032803,1.7422862,280.83832,4.969433,257.4679,293.22705,280.99054,272.2568084716797,288.36065673828125,750192,0.0,291.16748,1.012818,289.13556,293.22705,280.83954,0.69364405,279.3164,282.361,284.01166,4.8152027,265.4339,300.99097,283.9704,276.1175537109375,291.2684600830078,750192,0.0,295.5828,1.8502039,291.82483,300.99097,284.01315,0.73142624,282.36203,285.66553,101540.586,1037.9082,95167.81,104874.31,101627.19,99681.0625,103113.75,750192,0.0,104120.055,269.1219,103591.56,104874.31,101541.53,130.42642,101236.9,101819.25,285.00003,3.8683834,275.31885,293.52417,284.77026,279.27783203125,290.82666015625,750192,0.0,290.8893,1.0343187,288.76318,293.52417,284.99872,0.74474746,283.48822,286.71518,101398.22,1036.4287,95031.39,104724.734,101485.34,99540.317578125,102967.765625,750192,0.0,103970.98,268.25812,103443.64,104724.734,101399.15,130.29399,101094.84,101676.71,8.8336055e-05,0.0002790459,0.0,0.009731293,9.536743e-07,0.0,0.0005064010620117188,750168,3.1991810096609896e-05,0.00498355,0.0013380164,0.0029072762,0.009731293,8.8229215e-05,1.4010957e-05,5.7317706e-05,0.00012466488,165.8688,106.30168,9.068024e-06,360.0024,195.97984,16.104439,334.97165,750192,0.0,359.9519,0.052325778,359.75427,360.0024,165.7692,10.534843,139.4788,193.74768,4.0808187,0.81569767,1.7658691,8.386409,4.0254345,2.8468158,5.510417,750192,0.0,7.107599,0.45631242,6.3999844,8.386409,4.0798135,0.073342524,3.879036,4.2359924,0.83368456,0.54536027,0.038853783,5.71538,0.69872165,0.21489817,1.9133481,750192,0.0,3.79426,0.5010406,2.9159036,5.71538,0.8330058,0.04533315,0.696196,0.9278408,1.8697437,1.5830926,-4.769742,8.694258,1.8432577,-0.47974228858947754,4.23325777053833,157206,0.7904456459146458,5.7613626,1.2589014,4.9452577,8.694258,1.8696721,0.03405254,1.8195541,1.932114,1.9951277894236115,1.565440611341052,-1.4947010635172204,5.432493907615632,1.9752996793536075,-0.34586276537637894,4.34887425041234,750192,0.0,5.143230046643108,0.13245469149456818,4.8266340573255295,5.432493907615632,1.99413578681081,0.09654636614393963,1.7931403058310997,2.158222101482097,0.005327602,0.1976513,-1.989885,1.8799446,-0.0024177218,-0.28665220141410824,0.3297156006097793,156903,0.7908495425171156,1.2977641,0.3269533,0.8286351,1.8799446,0.0049834508,0.023568051,-0.033549905,0.057542037,0.00040389660246976776,0.02009311996690114,0,1,0.0,0.0,0.0,750192,0.0,0.1744186046511628,0.379469043536761,0,1,0.0004019188933396236,0.0010891941238922928,0.0,0.006392694063926941
338,1.1172862,3.2275531,-10.859116,18.358337,1.1296921,-4.000668334960937,6.5446624755859375,750192,0.0,12.619736,1.487784,9.528778,18.358337,1.1142151,0.3604227,0.2729284,1.9008945,0.5454393,3.00289,-12.656403,14.193314,0.5124817,-4.209547424316407,5.650563812255857,750192,0.0,11.698597,1.0950023,9.3520355,14.193314,0.54460806,0.29100347,-0.10611284,1.1002612,280.05383,5.027312,249.90227,295.6209,280.4823,271.2936050415039,287.574462890625,750192,0.0,291.84253,1.2059906,289.54892,295.6209,280.05386,0.6861259,278.21484,281.56018,283.304,5.767972,252.8093,308.68475,283.34033,273.7124496459961,292.51104125976565,750192,0.0,301.24442,2.3338227,297.2826,308.68475,283.30988,0.7274737,281.1761,284.75305,101518.13,1108.7692,95239.625,104958.81,101628.56,99513.5625,103175.153125,750192,0.0,104202.79,288.09064,103458.75,104958.81,101518.945,138.50926,101187.71,101807.93,,,,,,,,0,1.0,,,,,,,,,100604.336,1100.4398,94364.586,103996.45,100717.67,98611.14921875,102237.940234375,750192,0.0,103244.24,281.79465,102493.11,103996.45,100605.17,137.59438,100276.27,100890.336,9.163647e-05,0.00029734214,0.0,0.011187553,9.536743e-07,0.0,0.0005350112915039062,750168,3.1991810096609896e-05,0.0049555996,0.0013092463,0.002851963,0.011187553,9.154002e-05,1.594785e-05,5.9517057e-05,0.0001349761,,,,,,,,0,1.0,,,,,,,,,,,,,,,,0,1.0,,,,,,,,,,,,,,,,0,1.0,,,,,,,,,0.31643286,3.1341755,-4.9993305,7.96267,0.19866991,-4.395330429077148,5.404669284820557,120698,0.8391105210399471,7.478614,0.33085513,6.49167,7.96267,0.31237474,0.070287995,0.15592352,0.43529633,-0.15009620116990918,3.2670792478043498,-7.039515783769279,7.606472298487705,-0.31864112360616836,-4.926191844552922,5.048691309319995,750192,0.0,7.060729233311011,0.26526639630352983,6.473048267711643,7.606472298487705,-0.14896821458055343,0.15537639575457438,-0.4151090020101845,0.11181753185871486,0.0037269047,0.358268,-1.9969608,1.9970399,-0.000406481,-0.5690153658390045,0.5756432592868804,120127,0.8398716595218291,1.711445,0.29794395,1.1811335,1.9970399,-0.0006233641,0.04241938,-0.12006868,0.07152919,0.0007611384818819716,0.027578236892400684,0,1,0.0,0.0,0.0,750192,0.0,0.1511627906976744,0.3582074837383572,0,1,0.0007573865077168312,0.002818575964578857,0.0,0.016552511415525113
339,1.1172862,3.2275531,-10.859116,18.358337,1.1296921,-4.000668334960937,6.5446624755859375,750192,0.0,12.619736,1.487784,9.528778,18.358337,1.1142151,0.3604227,0.2729284,1.9008945,0.5454393,3.00289,-12.656403,14.193314,0.5124817,-4.209547424316407,5.650563812255857,750192,0.0,11.698597,1.0950023,9.3520355,14.193314,0.54460806,0.29100347,-0.10611284,1.1002612,280.05383,5.027312,249.90227,295.6209,280.4823,271.2936050415039,287.574462890625,750192,0.0,291.84253,1.2059906,289.54892,295.6209,280.05386,0.6861259,278.21484,281.56018,283.304,5.767972,252.8093,308.68475,283.34033,273.7124496459961,292.51104125976565,750192,0.0,301.24442,2.3338227,297.2826,308.68475,283.30988,0.7274737,281.1761,284.75305,101518.13,1108.7692,95239.625,104958.81,101628.56,99513.5625,103175.153125,750192,0.0,104202.79,288.09064,103458.75,104958.81,101518.945,138.50926,101187.71,101807.93,,,,,,,,0,1.0,,,,,,,,,100604.336,1100.4398,94364.586,103996.45,100717.67,98611.14921875,102237.940234375,750192,0.0,103244.24,281.79465,102493.11,103996.45,100605.17,137.59438,100276.27,100890.336,9.163647e-05,0.00029734214,0.0,0.011187553,9.536743e-07,0.0,0.0005350112915039062,750168,3.1991810096609896e-05,0.0049555996,0.0013092463,0.002851963,0.011187553,9.154002e-05,1.594785e-05,5.9517057e-05,0.0001349761,,,,,,,,0,1.0,,,,,,,,,,,,,,,,0,1.0,,,,,,,,,,,,,,,,0,1.0,,,,,,,,,1.8245399,3.4112637,-4.9985933,9.828406,1.6794066,-3.3215932846069336,7.3574066162109375,108996,0.8547091944462217,9.713253,0.108451135,9.492407,9.828406,1.8238574,0.04794711,1.7353663,1.9283582,1.6730485330265374,3.343803293899625,-5.612619194404446,9.654727823025146,1.4919595388352498,-3.3410133594199025,7.079739156961997,750192,0.0,9.252340069378093,0.2180363494809139,8.783081699263615,9.654727823025146,1.6738036333079966,0.10558876314255687,1.4936057021151192,1.8508891881062912,-0.022077259,0.35132113,-1.9791126,1.9894953,-0.026162133,-0.5909765481948852,0.5548100471496581,108449,0.8554383411180071,1.8645966,0.12954992,1.593007,1.9894953,-0.022565935,0.02925186,-0.06353421,0.031950846,0.0007291466717853563,0.026992869742144515,0,1,0.0,0.0,0.0,750192,0.0,0.1511627906976744,0.35820748373835726,0,1,0.0007256416572516511,0.002304696191878728,0.0,0.014726027397260274
342,1.350134,4.1517134,-12.2556,19.287628,1.2952881,-5.150728607177734,8.25828399658203,750192,0.0,15.470275,1.6948544,12.680588,19.287628,1.3459109,0.47569862,0.104765415,2.4753067,0.58405346,4.065294,-16.597595,16.485825,0.648468,-6.0778457641601555,7.176786804199217,750192,0.0,13.459118,1.2679845,10.250076,16.485825,0.58200556,0.40891585,-0.45332867,1.4727488,280.38354,5.528979,252.99414,297.5782,280.6322,270.93695068359375,288.5851577758789,750192,0.0,292.8648,1.1050689,290.5329,297.5782,280.3837,0.78724563,278.79846,282.2408,283.7296,5.931287,259.07715,308.5083,283.72906,273.9832504272461,292.8172546386719,750192,0.0,301.5007,2.363364,296.46326,308.5083,283.73352,0.81529164,282.03735,285.43936,101541.695,1013.818,95345.56,104852.125,101616.31,99739.875,103094.125,750192,0.0,104103.766,283.51822,103487.75,104852.125,101542.69,127.31862,101250.82,101807.77,,,,,,,,0,1.0,,,,,,,,,101524.63,1013.6317,95329.39,104834.06,101599.3,99722.990234375,103076.40625,750192,0.0,104085.805,283.47253,103469.89,104834.06,101525.65,127.30196,101233.78,101790.67,9.357157e-05,0.00027909453,0.0,0.011572361,1.9073486e-06,0.0,0.0005326271057128906,750168,3.1991810096609896e-05,0.005326659,0.0017399004,0.002735138,0.011572361,9.3426606e-05,1.5318774e-05,6.180136e-05,0.00012774974,222.27762,115.23965,2.1677333e-05,360.00296,254.76245,9.570815,352.30597,750192,0.0,359.9806,0.02130255,359.85492,360.00296,222.19997,11.236306,188.91196,246.69943,4.397572,1.0416118,1.6816521,11.442843,4.275,2.8951943,6.3057647,750192,0.0,8.832532,0.8121552,7.4741163,11.442843,4.3962646,0.11078246,4.1279464,4.6132264,0.72259176,0.48100644,0.033410605,3.9846325,0.6022334,0.18970948,1.674586,750192,0.0,3.387745,0.34665963,2.3976598,3.9846325,0.72185576,0.050609615,0.5727751,0.828462,1.7915443e-08,1.1929457,-2.6867268,3.1932733,-0.17672671,-1.6467267274856567,1.9332733154296875,88578,0.8819262268859172,3.0432732,0.12511815,2.7832732,3.1932733,0.0010770359,0.032600768,-0.0572602,0.059642114,-0.3352080978754032,1.1837414540562923,-2.88279065554997,2.6996836551405767,-0.4750453529963338,-1.990007914725197,1.5945895507580177,750192,0.0,2.2499099416559556,0.22715018384936594,1.7811401120396375,2.6996836551405767,-0.33354033688972384,0.21910188047868115,-0.7097506341425944,0.03434861755254005,4.9128183e-05,0.24408025,-1.8510851,1.7138782,-0.016838308,-0.3572407439351082,0.42259760200977325,88576,0.8819288928700919,1.4920377,0.13317794,1.2712774,1.7138782,0.0013186443,0.020812692,-0.04082335,0.02374282,2.6659841747179387e-06,0.001632782002364773,0,1,0.0,0.0,0.0,750192,0.0,0.011627906976744186,0.10720400531735916,0,1,2.6547732823616863e-06,2.447580030076693e-05,0.0,0.00022831050228310502
35,1.0332261,4.597254,-15.020645,23.730011,0.9199753,-6.038169097900391,8.888404083251952,750192,0.0,17.695318,1.8329372,14.150085,23.730011,1.0269675,0.56728345,-0.3614349,2.150139,0.08506171,4.6769853,-18.914139,23.10289,-0.5806656,-6.722510528564453,8.094175720214842,750192,0.0,15.327111,1.6884001,11.722275,23.10289,0.08329221,0.4194688,-1.1445751,0.890798,281.7003,4.844345,259.4296,294.14856,281.91772,273.13165893554685,288.8838165283203,750192,0.0,291.71588,0.8779604,290.03452,294.14856,281.70212,0.58065534,280.39294,283.2018,284.9958,4.5213914,266.29077,303.95996,284.94934,277.466650390625,291.76441802978513,750192,0.0,297.4667,2.0169768,293.63196,303.95996,284.9973,0.57614565,283.50958,286.5127,101649.54,978.7478,95451.31,104816.375,101742.69,99879.221875,103114.9375,750192,0.0,104070.26,260.47693,103559.125,104816.375,101649.875,128.89194,101292.29,101932.15,286.0044,3.799328,278.6775,294.18262,285.66553,280.784912109375,291.62890625,750192,0.0,291.93045,0.74717706,290.74072,294.18262,286.0032,0.4359435,285.10413,287.2526,101420.85,976.4266,95232.39,104575.06,101515.06,99653.078125,102880.144140625,750192,0.0,103831.55,259.4455,103325.664,104575.06,101421.24,128.69534,101064.43,101703.234,0.00012844574,0.00035494356,0.0,0.013268471,3.33786e-06,0.0,0.0007448196411132812,750168,3.1991810096609896e-05,0.0057744067,0.0015485011,0.003818512,0.013268471,0.00012835507,2.0539403e-05,8.7500106e-05,0.0001802285,224.71579,95.473785,0.0009625582,360.00043,264.31268,30.122328,328.90186,750192,0.0,359.9016,0.11704597,359.16153,360.00043,224.6515,9.194406,201.44576,247.77014,4.591778,1.4878529,1.883174,14.735894,4.178319,2.9674497,7.665413,750192,0.0,12.051696,0.94177425,9.752068,14.735894,4.5922413,0.17432332,4.2408404,4.968542,0.61040556,0.37338102,0.045530524,2.758045,0.51080406,0.19679491,1.360147,750192,0.0,2.3489962,0.1268349,2.0227745,2.758045,0.60989624,0.042014334,0.5071869,0.71578294,2.856325e-07,1.4649993,-2.8516188,3.778381,-0.01961875,-2.216618776321411,2.2913811206817627,85053,0.8866250239938576,3.4449813,0.18968405,3.1383812,3.778381,-0.00024466767,0.04761563,-0.067752935,0.09307481,-0.24954917873717647,1.4687688791473117,-3.4496324697759526,3.401779069570236,-0.29840253157684465,-2.430531157725374,2.052269959236368,750192,0.0,2.9142008270768978,0.2437375118126191,2.3712514532234197,3.401779069570236,-0.24762529401560796,0.22063323238029592,-0.624309869871072,0.14216346199993482,-2.3981302e-05,0.20500267,-1.0101849,1.9861822,-0.0076430235,-0.3142465457320213,0.34265717715024946,85052,0.8866263569859449,1.1529977,0.34697035,0.8028002,1.9861822,0.00021568165,0.040468287,-0.07499123,0.06332786,1.3329920873589694e-06,0.0011545519955771001,0,1,0.0,0.0,0.0,750192,0.0,0.011627906976744186,0.10720400531735916,0,1,1.3273866411808431e-06,1.2237900150383461e-05,0.0,0.00011415525114155251
368,2.0936308,5.243855,-18.203522,24.710922,2.6410904,-6.830166625976562,9.99707565307617,750192,0.0,17.608414,1.8761128,13.914978,24.710922,2.0875583,0.6500143,0.63472,3.3889363,1.4051582,5.435414,-18.488235,22.919693,1.4337234,-7.3045707702636715,10.340118408203125,750192,0.0,19.244127,1.4841663,16.664307,22.919693,1.4052646,0.4658329,0.20564002,2.4271948,280.9097,4.178427,262.82953,290.94815,281.1599,273.623291015625,287.15045166015625,750192,0.0,289.09424,0.7407483,287.47144,290.94815,280.91202,0.498532,279.60587,282.14636,283.95474,3.47381,271.0183,293.30347,283.888,278.22725067138674,289.0103759765625,750192,0.0,290.95154,0.8513402,288.9615,293.30347,283.95624,0.48727283,282.66476,285.0325,101430.08,1189.1857,94396.375,104894.125,101556.94,99257.5,103176.1875,750192,0.0,104205.98,273.0092,103521.19,104894.125,101430.91,147.75368,101060.56,101773.02,284.59662,2.8141165,279.36572,291.07568,284.46826,280.811279296875,288.598388671875,750192,0.0,288.76868,0.8516192,286.31104,291.07568,284.59616,0.49706396,283.13702,285.6655,101366.06,1188.5099,94335.5,104827.3,101493.125,99194.496484375,103110.55390625,750192,0.0,104139.305,272.7392,103455.57,104827.3,101366.91,147.68332,100996.92,101708.734,0.000105951476,0.00033316674,0.0,0.011833191,1.9073486e-06,0.0,0.0006241798400878906,750168,3.1991810096609896e-05,0.0053850715,0.0015987835,0.003059864,0.011833191,0.00010591,1.5161395e-05,7.605762e-05,0.0001398396,191.90831,79.16042,0.0006551235,360.00113,210.17227,24.353886,319.5268,750192,0.0,359.91843,0.086762816,359.45358,360.00113,191.8646,7.550421,168.94121,210.31377,5.381335,1.2695786,2.291026,13.029288,5.1997986,3.6291637,7.748116,750192,0.0,10.72477,0.80726844,9.280348,13.029288,5.381308,0.1701857,4.97385,5.7448273,1.129535,0.7622685,0.049104046,7.792801,0.9387162,0.28571704,2.6355112,750192,0.0,5.648605,0.8289732,3.8550496,7.792801,1.1289548,0.075477645,0.93151456,1.3002825,5.6009104e-09,0.42126536,-1.0123415,1.6486584,-0.020341523,-0.622341513633728,0.6996585130691528,119871,0.840212905496193,1.3452586,0.16359696,1.0036585,1.6486584,-0.0050908383,0.036843237,-0.11085268,0.043433845,-0.10230466265035244,0.4006042384691631,-1.0968741486926752,1.122204934720239,-0.12720065867607758,-0.696056563316306,0.5613994578837337,750192,0.0,0.9467431064390829,0.0831982592123031,0.7727319747335717,1.122204934720239,-0.10182705179170294,0.07668367471085796,-0.23390989315771715,0.028192459094687865,2.2785521e-08,0.15460658,-1.076513,1.3439842,-0.012617447,-0.22666925191879272,0.2750164270401001,119871,0.840212905496193,0.7812897,0.18548065,0.5203279,1.3439842,-0.0033725172,0.02561427,-0.07682205,0.027846374,0.0,0.0,0,0,0.0,0.0,0.0,750192,0.0,0.0,0.0,0,0,0.0,0.0,0.0,0.0
369,2.2226145,5.393644,-19.18158,26.5056,2.7944794,-7.1882888793945305,10.294406890869137,750192,0.0,18.113867,1.9322985,14.223572,26.5056,2.216155,0.6709257,0.6246912,3.5205302,1.3354894,5.435024,-18.727554,23.823303,1.3497314,-7.4214126586914055,10.330689239501947,750192,0.0,19.300909,1.6989698,16.236038,23.823303,1.3359193,0.46206018,0.11691931,2.3385153,281.04333,4.209975,263.86127,291.4659,281.28052,273.7790252685547,287.43756103515625,750192,0.0,289.44498,0.76979256,287.96637,291.4659,281.04584,0.47198063,279.79468,282.27768,284.2077,3.4742818,271.34344,293.8681,284.07462,278.50592041015625,289.301741027832,750192,0.0,291.31714,0.86053616,289.79758,293.8681,284.20938,0.4361244,283.05606,285.26062,101437.47,1189.3865,94345.0,104895.875,101566.31,99263.375,103178.375,750192,0.0,104208.62,266.79965,103541.0,104895.875,101438.21,148.62865,101066.19,101785.73,284.9184,2.794158,280.00244,291.47803,284.771,281.243896484375,288.896728515625,750192,0.0,289.29745,0.9391075,287.37476,291.47803,284.91843,0.37648574,283.8726,285.85568,101349.94,1188.4723,94261.92,104804.3,101479.125,99177.125,103088.96796875,750192,0.0,104117.305,266.46527,103450.85,104804.3,101350.734,148.5332,100979.2,101697.875,0.00010835909,0.0003360017,0.0,0.0101623535,2.861023e-06,0.0,0.0006311655044555775,750168,3.1991810096609896e-05,0.005382086,0.0013503864,0.0031847954,0.0101623535,0.00010830115,1.5434689e-05,7.652406e-05,0.00014584987,204.16718,65.99288,0.0009655361,360.0005,218.10309,53.598198,301.92258,750192,0.0,359.84534,0.24169901,357.89243,360.0005,204.12993,6.419734,181.45125,216.82796,5.861786,1.3777622,2.7329426,14.358629,5.6770124,3.9475636,8.396796,750192,0.0,11.450474,0.89746886,10.002722,14.358629,5.8620787,0.19217087,5.4145417,6.258691,1.2660304,0.8194009,0.107360825,9.041868,1.0631855,0.35364762,2.8809435,750192,0.0,6.115521,1.0046645,3.9959867,9.041868,1.2655753,0.08848919,1.0211174,1.447745,-1.6159998e-08,1.0523477,-2.5364425,3.1225574,0.0035573393,-1.628442645072937,1.5925573110580444,105754,0.8590307547934395,2.4210188,0.24155062,2.0775573,3.1225574,0.002099536,0.06586358,-0.068983845,0.19488879,-0.48115411371135697,1.0840790842159314,-3.385827481897164,2.3070155757100936,-0.47258620748761865,-2.1950600197967898,1.2072552874384674,750192,0.0,1.6827115049903683,0.33624397088311736,1.075188421750797,2.3070155757100936,-0.4785614519726769,0.33203131957646853,-1.0482543463478908,0.07884677707655863,-4.012315e-05,0.1598449,-1.3531216,1.9347368,-0.010443994,-0.23279832899570466,0.2659216359257696,105752,0.8590334207776142,0.8822852,0.34143186,0.5747375,1.9347368,0.0020530592,0.04050209,-0.06354732,0.104938194,2.6659841747179387e-06,0.0016327820023647732,0,1,0.0,0.0,0.0,750192,0.0,0.011627906976744186,0.10720400531735916,0,1,2.64751980344813e-06,2.4408926529453357e-05,0.0,0.00022768670309653916
375,1.672681,4.1812615,-17.401367,19.271545,1.9889603,-5.573731231689453,8.07406845092773,750192,0.0,15.053511,1.7212917,11.66481,19.271545,1.668259,0.5138213,0.45754734,2.7487345,1.326564,4.9821277,-17.902817,20.555466,1.4204941,-6.799467468261719,9.409347534179673,750192,0.0,17.19407,1.3643575,13.96846,20.555466,1.3264598,0.44071618,0.2620551,2.3441477,280.34198,4.307261,262.5644,291.3352,280.62354,272.89007568359375,286.85552978515625,750192,0.0,289.33234,0.73413825,287.82275,291.3352,280.34406,0.5136324,279.11728,281.62448,283.39288,3.8460405,270.29956,294.7162,283.3968,277.03021240234375,289.1890869140625,750192,0.0,292.316,0.9735048,290.32977,294.7162,283.3949,0.47361222,282.2208,284.54773,101400.02,1203.3319,94425.06,104877.375,101523.75,99212.125,103171.6875,750192,0.0,104209.15,280.57455,103433.94,104877.375,101400.945,148.05052,101026.7,101743.6,284.47217,2.8565087,279.40186,290.28442,284.35107,280.69189453125,288.42724609375,750192,0.0,288.56024,0.65667725,286.74414,290.28442,284.47058,0.4342529,283.41702,285.50784,100733.18,1197.3365,93791.09,104170.05,100858.7,98554.561328125,102489.7953125,750192,0.0,103513.695,277.5678,102746.57,104170.05,100734.09,147.36131,100363.68,101073.87,0.000107354994,0.00032251622,0.0,0.010439396,3.33786e-06,0.0,0.0006184577941894531,750168,3.1991810096609896e-05,0.005425104,0.00139222,0.003320694,0.010439396,0.00010733138,1.4608072e-05,7.713331e-05,0.000136964,180.52248,81.91881,0.0010783223,360.0025,193.52383,23.111328,321.98608,750192,0.0,359.92383,0.08005734,359.58698,360.0025,180.47632,7.678483,157.2075,199.56409,4.594687,1.0493917,1.8806257,10.3370075,4.4775157,3.0892072,6.5062504,750192,0.0,8.803122,0.6568215,7.5105543,10.3370075,4.594467,0.12241088,4.295684,4.837299,0.8156734,0.5643851,0.042412493,5.6638765,0.67379385,0.1966537,1.9256682,750192,0.0,4.106349,0.46301496,3.1936333,5.6638765,0.81521314,0.05099652,0.6848461,0.9571127,-2.8033178e-09,0.31469852,-0.95829386,0.9517062,0.021706145,-0.5482938289642334,0.49170613288879395,185066,0.7533084863608249,0.93306965,0.028650798,0.8217061,0.9517062,0.0014172051,0.036050234,-0.06555678,0.07481028,-0.13948096884706349,0.2810328266620693,-1.2082861681459323,0.8090936355258157,-0.1151939250959817,-0.639537727772266,0.28368968558172064,750192,0.0,0.5759715515326896,0.1115355616243646,0.34070817750894417,0.8090936355258157,-0.1387811629124971,0.1072028627208252,-0.32338599956604164,0.04285182831591337,2.9766288e-06,0.17901525,-1.215164,1.3146731,-0.010825514,-0.26168660819530487,0.30445633083581924,185066,0.7533084863608249,0.8715276,0.22767375,0.5836268,1.3146731,0.00049691147,0.025032977,-0.04103665,0.045110337,0.0,0.0,0,0,0.0,0.0,0.0,750192,0.0,0.0,0.0,0,0,0.0,0.0,0.0,0.0
376,2.0936308,5.243855,-18.203522,24.710922,2.6410904,-6.830166625976562,9.99707565307617,750192,0.0,17.608414,1.8761128,13.914978,24.710922,2.0875583,0.6500143,0.63472,3.3889363,1.4051582,5.435414,-18.488235,22.919693,1.4337234,-7.3045707702636715,10.340118408203125,750192,0.0,19.244127,1.4841663,16.664307,22.919693,1.4052646,0.4658329,0.20564002,2.4271948,280.9097,4.178427,262.82953,290.94815,281.1599,273.623291015625,287.15045166015625,750192,0.0,289.09424,0.7407483,287.47144,290.94815,280.91202,0.498532,279.60587,282.14636,283.95474,3.47381,271.0183,293.30347,283.888,278.22725067138674,289.0103759765625,750192,0.0,290.95154,0.8513402,288.9615,293.30347,283.95624,0.48727283,282.66476,285.0325,101430.08,1189.1857,94396.375,104894.125,101556.94,99257.5,103176.1875,750192,0.0,104205.98,273.0092,103521.19,104894.125,101430.91,147.75368,101060.56,101773.02,284.59662,2.8141165,279.36572,291.07568,284.46826,280.811279296875,288.598388671875,750192,0.0,288.76868,0.8516192,286.31104,291.07568,284.59616,0.49706396,283.13702,285.6655,101366.06,1188.5099,94335.5,104827.3,101493.125,99194.496484375,103110.55390625,750192,0.0,104139.305,272.7392,103455.57,104827.3,101366.91,147.68332,100996.92,101708.734,0.000105951476,0.00033316674,0.0,0.011833191,1.9073486e-06,0.0,0.0006241798400878906,750168,3.1991810096609896e-05,0.0053850715,0.0015987835,0.003059864,0.011833191,0.00010591,1.5161395e-05,7.605762e-05,0.0001398396,191.90831,79.16042,0.0006551235,360.00113,210.17227,24.353886,319.5268,750192,0.0,359.91843,0.086762816,359.45358,360.00113,191.8646,7.550421,168.94121,210.31377,5.381335,1.2695786,2.291026,13.029288,5.1997986,3.6291637,7.748116,750192,0.0,10.72477,0.80726844,9.280348,13.029288,5.381308,0.1701857,4.97385,5.7448273,1.129535,0.7622685,0.049104046,7.792801,0.9387162,0.28571704,2.6355112,750192,0.0,5.648605,0.8289732,3.8550496,7.792801,1.1289548,0.075477645,0.93151456,1.3002825,8.4041e-09,0.42112052,-1.2371932,1.2628068,-0.019193292,-0.6211932897567749,0.700806736946106,119832,0.8402648921875999,1.1641008,0.18004926,0.4928067,1.2628068,-0.027883412,0.11015681,-0.44624498,0.04987965,-0.10779966372977891,0.39975197033287296,-1.098484429662254,1.1154297383287177,-0.1322957743945043,-0.7009384713323575,0.554172902493172,750192,0.0,0.9344030777402597,0.08685434374130072,0.7556715628043345,1.1154297383287177,-0.10727744898211132,0.08088052020858832,-0.24659557043462094,0.029732440013949084,6.233041e-08,0.15840746,-1.0547174,1.3051378,-0.011558199,-0.22929789125919342,0.27929810881614686,119832,0.8402648921875999,0.7401046,0.28956667,-0.15949354,1.3051378,-0.025522007,0.11883949,-0.4859794,0.080093876,0.0,0.0,0,0,0.0,0.0,0.0,750192,0.0,0.0,0.0,0,0,0.0,0.0,0.0,0.0
377,1.5027466,3.882186,-12.644058,22.102905,1.4608612,-4.602935791015625,7.978187561035149,750192,0.0,15.828182,2.056156,12.024628,22.102905,1.4990954,0.44891462,0.54919845,2.4465883,0.80778193,3.718243,-14.7786255,17.98761,0.928421,-5.285559844970703,6.774695587158202,750192,0.0,12.9282465,1.4377935,10.316772,17.98761,0.80892557,0.31583896,0.008478877,1.5237329,280.56055,4.3633523,260.9768,294.0362,280.89804,273.1014739990234,287.24371337890625,750192,0.0,290.95627,1.0830762,288.92914,294.0362,280.56277,0.47612113,279.30722,281.8293,283.72717,4.243954,266.71796,301.76486,283.81885,276.6053192138672,290.2484130859375,750192,0.0,296.98264,2.2265606,293.3382,301.76486,283.73062,0.43759817,282.52985,284.81903,101377.32,1237.0657,94039.875,104798.125,101507.19,99118.0,103171.465625,750192,0.0,104207.375,274.94684,103483.5,104798.125,101377.97,155.10446,100986.55,101765.15,,,,,,,,0,1.0,,,,,,,,,101053.16,1233.4567,93739.04,104453.44,101183.84,98798.8125,102840.222265625,750192,0.0,103869.53,272.50247,103150.83,104453.44,101053.83,154.72908,100664.13,101439.6,0.00012874353,0.00032478228,0.0,0.009421349,1.2874603e-05,0.0,0.0006775856018066406,750168,3.1991810096609896e-05,0.004893253,0.0011720095,0.0032954216,0.009421349,0.00012872186,1.5896596e-05,9.010252e-05,0.00015897302,,,,,,,,0,1.0,,,,,,,,,,,,,,,,0,1.0,,,,,,,,,,,,,,,,0,1.0,,,,,,,,,9.1341885e-09,1.1607586,-3.4772844,3.0827157,0.0027157292,-1.8372842073440552,1.812715768814087,120277,0.8396717107087253,2.7887158,0.16973709,2.4627156,3.0827157,-0.0049220035,0.053114723,-0.14207011,0.09300244,-0.3290500502646668,1.1648165123600456,-3.525100589991057,2.7126405368154005,-0.3252602105559418,-2.185452557092179,1.5016326616067595,750192,0.0,2.244591498977603,0.24212959777824342,1.7912910359144543,2.7126405368154005,-0.327236376988833,0.2323686098628686,-0.7261134144535139,0.0628573013136873,0.00026035355,0.16458805,-1.9595695,1.3316654,-0.000983978,-0.23516382575035094,0.2637093663215637,120247,0.839711700471346,0.76475036,0.19657233,0.50627625,1.3316654,-0.004772863,0.040332913,-0.12522212,0.04074164,3.9989762620769085e-05,0.006323619488841387,0,1,0.0,0.0,0.0,750192,0.0,0.03488372093023256,0.18348527718673838,0,1,3.977445162248718e-05,0.00024214885435436647,0.0,0.0019406392694063927
382,1.9322807,5.1211085,-16.7836,23.6035,1.8447647,-6.390715026855469,10.344718170166015,750192,0.0,18.452923,1.7472999,14.614349,23.6035,1.926954,0.62894773,0.46874467,3.2134502,1.185883,5.569516,-20.299911,21.658127,1.3258972,-8.09327392578125,10.015365600585938,750192,0.0,18.004698,1.4193877,15.549332,21.658127,1.186232,0.494901,0.08119452,2.2781112,280.82272,4.293165,261.98984,292.08984,281.0772,273.2544281005859,287.1344711303711,750192,0.0,289.36154,0.8035736,287.76968,292.08984,280.8243,0.52400064,279.59528,282.13483,283.8314,3.6227942,269.44928,297.23584,283.81122,277.8560989379883,289.02311553955076,750192,0.0,292.8833,1.5207129,290.0312,297.23584,283.8322,0.50885296,282.46396,285.0508,101449.875,1170.1425,94596.81,104906.625,101574.44,99318.909375,103175.8125,750192,0.0,104199.805,285.1651,103483.81,104906.625,101450.766,145.4988,101089.41,101777.62,284.56488,2.9349716,278.81396,291.1223,284.42114,280.5791015625,288.6943359375,750192,0.0,288.88828,0.66436994,287.22314,291.1223,284.56305,0.43155444,283.57553,285.66486,101231.83,1167.8668,94390.09,104678.3,101356.87,99104.140625,102952.140625,750192,0.0,103972.24,283.84506,103258.58,104678.3,101232.695,145.24864,100872.77,101558.62,0.0001260278,0.00033902592,0.0,0.0130262375,7.1525574e-06,0.0,0.0007100105285644531,750168,3.1991810096609896e-05,0.0053126286,0.0015618831,0.003437519,0.0130262375,0.00012593322,1.8197927e-05,8.120417e-05,0.00016905672,223.43117,79.42671,4.9385228e-05,360.00168,230.895,32.279697,345.48825,750192,0.0,359.95963,0.040743273,359.81622,360.00168,223.3755,7.1344013,206.84033,236.33784,5.434998,1.3274109,2.3425856,13.738884,5.2332244,3.6312149,7.907281,750192,0.0,11.379831,0.93362546,9.598243,13.738884,5.4349833,0.15503865,5.038299,5.747482,1.2127709,0.8282538,0.06528047,10.048264,1.0001936,0.29929066,2.855312,750192,0.0,6.050352,1.0711741,4.1452117,10.048264,1.2117931,0.08702459,1.0127115,1.4068313,0.000240717,1.1801739,-4.568904,5.1730957,-0.061904192,-1.8979041576385498,1.8870959281921387,510511,0.3194928764902851,2.7693892,1.0368817,-2.5859041,5.1730957,0.0051316475,0.49158907,-2.5859036,0.23283917,0.08367152043229403,1.038824956076485,-2.5227814793154897,3.0164511094008426,0.004558096518499852,-1.4855980848992725,1.8175497534886007,750192,0.0,2.636929121172144,0.18843368458960572,2.266991931554152,3.0164511094008426,0.0821475825540155,0.17192638834243795,-0.22663777006953706,0.3764360255576364,0.073917925,0.31139916,-1.9999611,1.9132091,0.09042355,-0.31861531138420107,0.49393904209136963,498485,0.3355234393328641,0.8864379,0.3448155,-0.12961951,1.9132091,0.04244751,0.31518188,-1.4017999,0.3849438,0.016030562842578967,0.12559292932935792,0,1,0.0,0.0,0.0,750192,0.0,0.09302325581395349,0.2904650231813209,0,1,0.015943901013804242,0.09066831696298294,0.0,0.5922374429223745
383,1.3815051,4.825328,-16.48201,20.561356,1.7103729,-6.8592788696289055,8.76943664550781,750192,0.0,15.906998,1.6184673,12.435303,20.561356,1.3757782,0.57422334,-0.18409784,2.785571,0.8742723,5.1129556,-19.424149,24.852402,1.1374893,-7.736655426025391,8.94002456665039,750192,0.0,17.044886,1.6682365,13.507019,24.852402,0.87399095,0.5118532,-0.4614915,1.8253541,280.34772,4.9219193,260.6814,293.5277,280.3069,272.1139862060547,288.06178131103513,750192,0.0,290.53973,0.9965493,288.4613,293.5277,280.34863,0.68363214,278.97305,281.8783,283.3958,4.791126,266.4797,297.0636,283.19894,275.8739349365234,290.82464599609375,750192,0.0,294.1356,1.1232152,291.73218,297.0636,283.39676,0.70917785,281.97882,284.896,101470.42,1087.4144,95214.25,104821.56,101560.875,99529.75,103117.875,750192,0.0,104141.41,293.49872,103357.94,104821.56,101471.53,133.65704,101184.125,101740.336,283.86548,4.4753704,274.4048,293.72168,283.48267,277.421142578125,290.757080078125,750192,0.0,290.84583,1.2168179,288.12256,293.72168,283.86447,0.757809,282.27,285.39185,101404.766,1086.6997,95150.734,104752.734,101495.516,99464.828125,103050.578125,750192,0.0,104072.79,293.12952,103288.99,104752.734,101405.9,133.58908,101118.62,101674.61,8.46531e-05,0.00027427232,0.0,0.01154232,9.536743e-07,0.0,0.0004849433898925781,750168,3.1991810096609896e-05,0.004947773,0.0012739305,0.0030260086,0.01154232,8.45225e-05,1.2169799e-05,5.760985e-05,0.00010963495,179.00392,115.65417,5.1357865e-06,360.00345,194.70633,8.836474,351.26874,750192,0.0,359.98035,0.019017735,359.90665,360.00345,178.91635,12.334626,154.88576,207.9619,4.8495517,1.0442034,1.6887226,11.364689,4.761637,3.2775595,6.70403,750192,0.0,9.125071,0.7229518,7.9180813,11.364689,4.848184,0.09956792,4.5743175,5.075637,1.061197,0.6450914,0.034459252,6.925634,0.91000116,0.31243157,2.3351498,750192,0.0,4.6119614,0.55384433,3.6649628,6.925634,1.0602431,0.053544853,0.8678158,1.1680323,-0.00014770086,0.5976498,-4.992527,3.1134727,0.055372834,-0.9945272207260132,0.8783726692199707,527644,0.2966547230575639,1.9553598,0.31071922,1.5024729,3.1134727,-0.00032716722,0.06471837,-0.14228632,0.15903057,-0.038308932780414334,0.55541115482693,-1.7459476836928107,1.3350167297803412,0.013540189086903067,-0.973617667252886,0.7601336220682102,750192,0.0,1.146815656541866,0.08982089115451494,0.9471559997107792,1.3350167297803412,-0.03782459965376405,0.07886548420651751,-0.17335278124678316,0.09591705569833983,0.0015372747,0.2168444,-1.9954797,1.9930474,-0.011078608,-0.30395593494176865,0.3586172014474869,527356,0.29703862477872334,1.4578837,0.29620445,0.80598116,1.9930474,0.0014985868,0.029534973,-0.09339048,0.06531258,0.0003839017211593832,0.0195896488132859,0,1,0.0,0.0,0.0,750192,0.0,0.11627906976744186,0.32055927330442363,0,1,0.0003821350296028982,0.002691074976056754,0.0,0.024771689497716895
384,1.614062,5.3721557,-17.546967,22.687607,1.7319489,-7.1949012756347654,10.143189239501947,750192,0.0,17.965862,1.7642499,13.401978,22.687607,1.6082029,0.642065,-0.14916433,3.219095,0.72456825,5.135297,-21.357773,21.70987,1.1353607,-8.248648071289061,8.52631149291992,750192,0.0,15.598809,1.4691623,13.048477,21.70987,0.7242932,0.5119103,-0.57557786,1.6749442,280.18866,4.760781,261.23282,292.22052,280.14764,272.20909271240237,287.55145263671875,750192,0.0,290.0719,0.9256039,288.20743,292.22052,280.19,0.6416072,278.9338,281.5753,283.14316,4.5064096,267.95334,297.99207,282.9667,276.119401550293,290.10113525390625,750192,0.0,293.78253,1.3002529,291.03516,297.99207,283.14465,0.65461344,281.78897,284.6611,101440.02,1115.2799,95386.25,104831.31,101536.0,99448.3125,103122.6875,750192,0.0,104149.5,303.43555,103311.44,104831.31,101441.24,135.7972,101148.9,101706.516,283.33878,4.054979,274.53662,292.52246,283.02417,277.5869140625,289.544677734375,750192,0.0,289.62143,1.060533,287.33936,292.52246,283.3394,0.6442086,282.01395,284.89816,101300.85,1113.754,95252.734,104683.26,101397.516,99310.95390625,102979.909765625,750192,0.0,104003.97,302.61267,103165.99,104683.26,101302.02,135.64418,101009.914,101567.16,8.450942e-05,0.00027028017,0.0,0.010568619,9.536743e-07,0.0,0.00048724412918091375,750168,3.1991810096609896e-05,0.004794975,0.0012884408,0.0031251907,0.010568619,8.437807e-05,1.2060927e-05,5.6563636e-05,0.000109073866,182.65039,120.17761,0.00012060233,360.00363,195.22794,8.024967,352.43344,750192,0.0,359.98083,0.01928762,359.90628,360.00363,182.57431,13.015433,154.32944,214.67833,5.021036,1.1788658,1.8707743,12.85093,4.8715997,3.3473005,7.1971483,750192,0.0,10.0234995,0.88019687,8.453587,12.85093,5.019638,0.117616914,4.73905,5.3371983,1.0838242,0.6560878,0.050017953,6.82158,0.9350294,0.32727152,2.3541634,750192,0.0,4.8689194,0.6062427,3.4010468,6.82158,1.0828668,0.05746412,0.88984454,1.2114019,0.001816291,1.266243,-4.4415627,3.831437,0.038437366,-1.9355627298355103,1.89243745803833,317701,0.5765070808539681,2.9388223,0.26523516,2.4084373,3.831437,0.0011642098,0.12426411,-0.5528749,0.20258586,-0.07245630351723871,1.2053310290959975,-3.0166134905878317,2.771600313949629,-0.05578592786118855,-1.9411035114243202,1.7516430969307772,750192,0.0,2.527304633587788,0.11448538483880477,2.245738975634574,2.771600313949629,-0.0718823521266835,0.07730156966483065,-0.20423939822956852,0.058178102899986844,0.025189754,0.23461208,-1.9995334,1.9859278,0.0153381,-0.30518236160278317,0.4026606440544129,315497,0.5794449954145072,1.4639724,0.33777714,0.610013,1.9859278,0.029287538,0.06819987,-0.07957428,0.18737896,0.0029379145605391687,0.05412285301583926,0,1,0.0,0.0,0.0,750192,0.0,0.16279069767441862,0.3691746015438963,0,1,0.0029239934057172508,0.018225470018812175,0.0,0.16723744292237444
385,1.2833784,3.9657848,-14.258087,18.840271,1.3441544,-5.216439819335937,7.83730239868164,750192,0.0,14.744167,1.5382066,11.513138,18.840271,1.2793638,0.47064573,0.18299925,2.3263438,1.12137,4.0931664,-15.28006,19.251785,0.98137665,-5.399695587158203,7.95065002441406,750192,0.0,14.56994,1.2961062,12.127472,19.251785,1.1214192,0.37009192,0.24949738,2.0088317,280.10498,4.668968,258.36578,294.02396,280.42615,271.9867340087891,287.1138000488281,750192,0.0,290.4158,1.0213174,288.14624,294.02396,280.1062,0.6009581,278.5268,281.47192,283.1475,4.4497194,263.3374,303.2547,283.16083,275.71551513671875,289.83841705322266,750192,0.0,296.32715,2.0938957,292.48822,303.2547,283.1506,0.6146015,281.37863,284.50113,101438.84,1172.1074,94736.31,104888.81,101559.375,99316.346875,103173.778125,750192,0.0,104207.6,290.2223,103397.56,104888.81,101439.766,144.49994,101082.13,101758.7,,,,,,,,0,1.0,,,,,,,,,100337.836,1164.3608,93685.74,103735.3,100461.32,98230.59375,102047.828125,750192,0.0,103057.33,284.2918,102261.58,103735.3,100338.76,143.31769,99988.6,100653.02,0.00016247308,0.00038258467,0.0,0.010345459,1.5258789e-05,0.0,0.000865936279296875,750168,3.1991810096609896e-05,0.00547915,0.001364756,0.003490448,0.010345459,0.00016231363,2.4294068e-05,0.00010064655,0.00021846601,235.75847,68.74516,0.0007807531,359.9954,242.00082,73.80695,330.76822,750192,0.0,359.84525,0.17122091,358.8231,359.9954,235.70596,6.5590234,217.11356,248.08656,4.5988064,1.0734899,1.7351217,13.253108,4.5175953,3.0027614,6.4408154,750192,0.0,9.944027,1.0016726,7.876605,13.253108,4.5983605,0.107228525,4.3697186,4.807602,0.5344808,0.38088205,0.03512959,4.3343635,0.4271028,0.12965493,1.298865,750192,0.0,2.6803806,0.44792956,1.8083671,4.3343635,0.53395855,0.0442415,0.42767265,0.6487494,-1.2905173e-07,1.2254528,-3.6338048,5.116195,-0.12580466,-1.7828047275543213,2.067195415496826,261069,0.6519970887452813,3.2126195,1.0722463,-2.4838047,5.116195,-0.09202615,0.5394334,-2.6575406,0.15478787,0.15029222248710022,1.128429596687971,-2.4434528778776428,3.4119649005643673,0.016744922238337928,-1.489572758951123,2.086390582298324,750192,0.0,3.014704103818054,0.17268859971965284,2.6617715886545605,3.4119649005643673,0.1488340180778979,0.14815580941789944,-0.14662881771842576,0.40162102515844694,0.04224455,0.32188526,-1.9992764,1.8888694,0.054756895,-0.34777265787124634,0.4749439209699631,257326,0.6569864781282658,1.3941239,0.42115515,-0.21535178,1.8888694,-0.019386495,0.28069198,-1.3574286,0.22247748,0.009433585002239427,0.09666743234536102,0,1,0.0,0.0,0.0,750192,0.0,0.1511627906976744,0.3582074837383572,0,1,0.00939116619112859,0.06692690891062274,0.0,0.6158675799086758
386,1.7663779,5.846677,-17.601608,24.503235,2.1115646,-7.9242202758789055,10.92141418457031,750192,0.0,19.448273,2.0715833,15.801239,24.503235,1.7623456,0.71174103,-0.16524065,3.440174,0.6355863,5.4089923,-21.55626,21.934616,0.7048645,-8.134085845947265,9.402196502685545,750192,0.0,17.165894,1.5979674,14.035492,21.934616,0.633292,0.53158545,-0.77024823,1.6881555,280.2977,5.368276,258.5442,294.79898,280.27533,271.11021575927737,288.50494384765625,750192,0.0,291.51852,1.2845834,288.69962,294.79898,280.29935,0.7553714,278.6969,282.03375,283.4223,5.1417203,264.54126,299.665,283.2871,275.1483322143555,291.0395477294922,750192,0.0,295.1667,1.8365328,291.28296,299.665,283.42374,0.8129707,281.8174,285.10678,101464.02,1057.8885,95408.06,104948.94,101544.5,99587.75,103080.75,750192,0.0,104110.81,324.58286,103357.0,104948.94,101465.24,129.5293,101197.62,101716.12,284.2404,4.808731,273.55615,295.49146,283.9795,277.247802734375,291.51513671875,750192,0.0,291.76917,1.481411,289.14185,295.49146,284.241,0.764824,282.69635,285.67496,101484.64,1058.1132,95427.61,104971.97,101565.09,99608.122265625,103101.921875,750192,0.0,104132.45,324.7679,103378.89,104971.97,101485.875,129.54991,101218.2,101736.84,0.000102436476,0.00029170894,0.0,0.011006355,3.8146973e-06,0.0,0.0005810976028442494,750168,3.1991810096609896e-05,0.005042539,0.0016580438,0.0022420883,0.011006355,0.000102223785,1.6835655e-05,5.9517544e-05,0.00014239228,223.48152,107.72451,0.00023125949,360.00317,251.78342,17.328104,348.90854,750192,0.0,359.9697,0.03080118,359.86908,360.00317,223.44666,10.700759,197.58693,245.54198,4.801623,1.0858465,1.6455994,11.023882,4.6798916,3.2258325,6.770387,750192,0.0,9.368473,0.6760556,8.04535,11.023882,4.800039,0.118310474,4.4793177,5.036181,1.074297,0.68443674,0.03217545,5.593928,0.903722,0.29548636,2.4456418,750192,0.0,4.69474,0.41309634,3.8450723,5.593928,1.0732129,0.06812882,0.8532802,1.2273977,-4.2708495e-10,0.57879597,-1.743402,1.746598,0.10659798,-0.9334020018577576,0.8265979886054993,446597,0.40468973276174636,1.7153909,0.035432193,1.606598,1.746598,-0.0029773503,0.043610692,-0.09837116,0.0709178,-0.016136744585094773,0.5145868503844628,-1.3821050823202303,1.0924414508352491,0.07439105864845849,-0.8473711695525789,0.682831559115315,750192,0.0,0.9693041508887043,0.05208365725767332,0.8590557700755366,1.0924414508352491,-0.01603390427029084,0.04065987594947306,-0.0860373874679375,0.05376224629027191,-6.6859386e-05,0.2654711,-1.5354695,1.9771315,-0.022782242,-0.38158148229122163,0.464894390106201,446583,0.4047083946509693,1.6074743,0.23478195,1.0980895,1.9771315,0.0020042893,0.036398787,-0.083385736,0.09256766,1.8661889223025572e-05,0.0043199005725729584,0,1,0.0,0.0,0.0,750192,0.0,0.09302325581395349,0.29046502318132106,0,1,1.857253275816147e-05,6.927897434512735e-05,0.0,0.00045662100456621003
387,1.727498,5.7660747,-17.425827,24.571335,2.0121765,-7.762185668945312,10.811679077148426,750192,0.0,19.502476,2.0959806,15.804169,24.571335,1.7238289,0.69940174,-0.17447497,3.3571577,0.6118739,5.312999,-22.46431,20.669952,0.7059479,-8.030385589599609,9.172708129882807,750192,0.0,16.774082,1.5423632,13.767914,20.669952,0.6093042,0.52185404,-0.75086415,1.6469615,280.2558,5.4492345,258.46567,295.4499,280.24213,270.93025360107424,288.56168670654296,750192,0.0,291.85898,1.368381,288.93945,295.4499,280.2575,0.75244385,278.61105,281.97485,283.38367,5.284856,263.2893,300.3294,283.27014,274.8516021728516,291.2047119140625,750192,0.0,295.6517,1.8632088,291.75537,300.3294,283.38568,0.8071581,281.77792,285.0513,101466.4,1053.747,95368.94,104958.19,101545.03,99597.721875,103079.375,750192,0.0,104111.17,326.9012,103356.25,104958.19,101467.664,129.01825,101201.46,101718.11,284.2197,4.9642315,273.53076,296.58447,283.95923,277.052978515625,291.724853515625,750192,0.0,292.0596,1.6598384,289.38794,296.58447,284.2214,0.73114955,282.7156,285.58075,101477.26,1053.8617,95379.39,104969.97,101555.86,99608.41640625,103090.659765625,750192,0.0,104122.57,327.04242,103367.89,104969.97,101478.47,129.02809,101212.3,101729.01,0.0001055795,0.00030510273,0.0,0.012639523,3.8146973e-06,0.0,0.0006003379821777344,750168,3.1991810096609896e-05,0.0054933694,0.0018327346,0.002547264,0.012639523,0.0001053811,1.693949e-05,6.513615e-05,0.00014267284,223.48152,107.72451,0.00023125949,360.00317,251.78342,17.328104,348.90854,750192,0.0,359.9697,0.03080118,359.86908,360.00317,223.44666,10.700759,197.58693,245.54198,4.801623,1.0858465,1.6455994,11.023882,4.6798916,3.2258325,6.770387,750192,0.0,9.368473,0.6760556,8.04535,11.023882,4.800039,0.118310474,4.4793177,5.036181,1.074297,0.68443674,0.03217545,5.593928,0.903722,0.29548636,2.4456418,750192,0.0,4.69474,0.41309634,3.8450723,5.593928,1.0732129,0.06812882,0.8532802,1.2273977,2.2276019e-09,0.59258574,-1.795602,1.8043981,0.07439803,-0.965601921081543,0.8843980431556702,416986,0.44416096146053274,1.7672548,0.1539546,0.714398,1.8043981,0.014376093,0.11282325,-0.123601966,0.714398,-0.028206841057015958,0.5244920645691602,-1.376072083171049,1.1698406697529709,0.050409264418351474,-0.8799719891356248,0.7088952536236162,750192,0.0,1.0177969779342246,0.06983878464016771,0.8505227365432486,1.1698406697529709,-0.027912738869626526,0.06015969673404666,-0.13134650766233608,0.07438862355640503,-0.00021179109,0.27799445,-1.6241306,1.9958206,-0.026769996,-0.3892826437950134,0.4903753817081451,416945,0.44421561413611443,1.6952895,0.3225511,-0.053590767,1.9958206,-0.0016526236,0.038556874,-0.10378514,0.070742406,5.465267558171775e-05,0.007392542774091297,0,1,0.0,0.0,0.0,750192,0.0,0.22093023255813954,0.4148735529049136,0,1,5.439383837276033e-05,0.00013672343887094956,0.0,0.0009132420091324201
391,1.6603155,5.1978016,-15.375717,23.182053,1.7734756,-6.660948181152344,10.09939270019531,750192,0.0,18.360603,1.9442328,14.228973,23.182053,1.6563643,0.6182388,-0.024536105,3.150567,0.59040654,4.8997726,-19.803177,19.690125,0.5924988,-7.287726593017578,8.598814392089842,750192,0.0,15.979083,1.5470414,12.844727,19.690125,0.58805496,0.48149952,-0.6542722,1.5632697,280.37592,5.4486685,258.08728,294.08936,280.40967,271.06894836425784,288.6042785644531,750192,0.0,291.8907,1.1511803,289.34192,294.08936,280.37732,0.7677139,278.75275,282.18152,283.4504,5.3961496,261.92456,301.29938,283.39093,274.58349609375,291.39471435546875,750192,0.0,297.19516,1.8322572,294.2345,301.29938,283.45224,0.82901436,281.7784,285.18607,101492.76,1039.971,95413.125,104874.69,101569.125,99648.3125,103085.778125,750192,0.0,104110.92,312.75064,103409.75,104874.69,101493.9,128.52661,101216.73,101742.73,284.3538,4.8502398,273.30908,294.7578,284.0791,277.24560546875,291.677490234375,750192,0.0,291.8563,1.3292189,289.0315,294.7578,284.35333,0.8004166,282.7517,285.96854,101485.33,1039.8948,95406.56,104866.97,101561.75,99641.046875,103078.21875,750192,0.0,104103.19,312.77533,103401.89,104866.97,101486.45,128.51988,101209.32,101735.29,0.00011348531,0.00031299004,0.0,0.013473511,4.2915344e-06,0.0,0.0006513595581054688,750168,3.1991810096609896e-05,0.0053452556,0.0020583698,0.00300169,0.013473511,0.000113257716,1.8984054e-05,6.751003e-05,0.00016021516,,,,,,,,0,1.0,,,,,,,,,,,,,,,,0,1.0,,,,,,,,,,,,,,,,0,1.0,,,,,,,,,-7.341715e-09,0.6142477,-1.8389384,1.8510616,-0.058938444,-0.8889384865760803,1.0110615491867065,329941,0.5601912577046942,1.818241,0.070162766,1.4110616,1.8510616,0.035881486,0.22568785,-0.08669256,1.4110616,-0.021175227303171385,0.552912010559139,-1.2469080887807291,1.4147321027514042,-0.06857283727756569,-0.8095300435912773,0.9141438915779572,750192,0.0,1.3131764351253987,0.044296608571728575,1.1892503306186142,1.4147321027514042,-0.02112576568846343,0.031940512634187956,-0.07619681342734816,0.033678897064478484,-5.1443498e-05,0.26947856,-1.7977654,1.9835733,-0.021437146,-0.39413321018218994,0.47245721220970166,329927,0.5602099195939173,1.6275883,0.2557066,0.67724335,1.9835733,0.01711445,0.11146572,-0.08443466,0.67724335,1.8661889223025572e-05,0.004319900572572961,0,1,0.0,0.0,0.0,750192,0.0,0.08139534883720931,0.2734413027047639,0,1,1.8583412976531805e-05,7.148195825547553e-05,0.0,0.00045662100456621003
392,1.6603155,5.1978016,-15.375717,23.182053,1.7734756,-6.660948181152344,10.09939270019531,750192,0.0,18.360603,1.9442328,14.228973,23.182053,1.6563643,0.6182388,-0.024536105,3.150567,0.59040654,4.8997726,-19.803177,19.690125,0.5924988,-7.287726593017578,8.598814392089842,750192,0.0,15.979083,1.5470414,12.844727,19.690125,0.58805496,0.48149952,-0.6542722,1.5632697,280.37592,5.4486685,258.08728,294.08936,280.40967,271.06894836425784,288.6042785644531,750192,0.0,291.8907,1.1511803,289.34192,294.08936,280.37732,0.7677139,278.75275,282.18152,283.4504,5.3961496,261.92456,301.29938,283.39093,274.58349609375,291.39471435546875,750192,0.0,297.19516,1.8322572,294.2345,301.29938,283.45224,0.82901436,281.7784,285.18607,101492.76,1039.971,95413.125,104874.69,101569.125,99648.3125,103085.778125,750192,0.0,104110.92,312.75064,103409.75,104874.69,101493.9,128.52661,101216.73,101742.73,284.3538,4.8502398,273.30908,294.7578,284.0791,277.24560546875,291.677490234375,750192,0.0,291.8563,1.3292189,289.0315,294.7578,284.35333,0.8004166,282.7517,285.96854,101485.33,1039.8948,95406.56,104866.97,101561.75,99641.046875,103078.21875,750192,0.0,104103.19,312.77533,103401.89,104866.97,101486.45,128.51988,101209.32,101735.29,0.00011348531,0.00031299004,0.0,0.013473511,4.2915344e-06,0.0,0.0006513595581054688,750168,3.1991810096609896e-05,0.0053452556,0.0020583698,0.00300169,0.013473511,0.000113257716,1.8984054e-05,6.751003e-05,0.00016021516,,,,,,,,0,1.0,,,,,,,,,,,,,,,,0,1.0,,,,,,,,,,,,,,,,0,1.0,,,,,,,,,2.1793911e-10,0.60961884,-1.8378654,1.8421347,-0.047865286,-0.8778652548789978,1.0021346807479858,140028,0.8133437839912983,1.8084983,0.043121975,1.6521347,1.8421347,0.0008991759,0.04358378,-0.07336631,0.07851499,0.028080597809646914,0.5499984286443542,-1.2682504252427302,1.511869131268191,-0.010559934106891794,-0.7702824315605666,0.9507832587092819,750192,0.0,1.3336383899352768,0.09549833274657747,1.1381779505224203,1.511869131268191,0.028589859681183563,0.08965121702540224,-0.12569823404373864,0.18036871793833814,-0.00010149436,0.2710658,-1.7338445,1.9784065,-0.02315562,-0.38949647545814514,0.47147873044013977,140021,0.8133531149359097,1.6244271,0.20040034,1.1845421,1.9784065,0.009887687,0.043685745,-0.07564693,0.09429896,9.330944611512786e-06,0.003054645240446993,0,1,0.0,0.0,0.0,750192,0.0,0.046511627906976744,0.21059035204970747,0,1,9.284453009352345e-06,4.3363087830786384e-05,0.0,0.00022831050228310502
398,1.7663779,5.846677,-17.601608,24.503235,2.1115646,-7.9242202758789055,10.92141418457031,750192,0.0,19.448273,2.0715833,15.801239,24.503235,1.7623456,0.71174103,-0.16524065,3.440174,0.6355863,5.4089923,-21.55626,21.934616,0.7048645,-8.134085845947265,9.402196502685545,750192,0.0,17.165894,1.5979674,14.035492,21.934616,0.633292,0.53158545,-0.77024823,1.6881555,280.2977,5.368276,258.5442,294.79898,280.27533,271.11021575927737,288.50494384765625,750192,0.0,291.51852,1.2845834,288.69962,294.79898,280.29935,0.7553714,278.6969,282.03375,283.4223,5.1417203,264.54126,299.665,283.2871,275.1483322143555,291.0395477294922,750192,0.0,295.1667,1.8365328,291.28296,299.665,283.42374,0.8129707,281.8174,285.10678,101464.02,1057.8885,95408.06,104948.94,101544.5,99587.75,103080.75,750192,0.0,104110.81,324.58286,103357.0,104948.94,101465.24,129.5293,101197.62,101716.12,284.2404,4.808731,273.55615,295.49146,283.9795,277.247802734375,291.51513671875,750192,0.0,291.76917,1.481411,289.14185,295.49146,284.241,0.764824,282.69635,285.67496,101484.64,1058.1132,95427.61,104971.97,101565.09,99608.122265625,103101.921875,750192,0.0,104132.45,324.7679,103378.89,104971.97,101485.875,129.54991,101218.2,101736.84,0.000102436476,0.00029170894,0.0,0.011006355,3.8146973e-06,0.0,0.0005810976028442494,750168,3.1991810096609896e-05,0.005042539,0.0016580438,0.0022420883,0.011006355,0.000102223785,1.6835655e-05,5.9517544e-05,0.00014239228,223.48152,107.72451,0.00023125949,360.00317,251.78342,17.328104,348.90854,750192,0.0,359.9697,0.03080118,359.86908,360.00317,223.44666,10.700759,197.58693,245.54198,4.801623,1.0858465,1.6455994,11.023882,4.6798916,3.2258325,6.770387,750192,0.0,9.368473,0.6760556,8.04535,11.023882,4.800039,0.118310474,4.4793177,5.036181,1.074297,0.68443674,0.03217545,5.593928,0.903722,0.29548636,2.4456418,750192,0.0,4.69474,0.41309634,3.8450723,5.593928,1.0732129,0.06812882,0.8532802,1.2273977,-2.2672015e-09,0.55620027,-1.6846209,1.6853791,0.095379174,-0.9446208477020264,0.7953791618347168,87493,0.8833725233007017,1.5644702,0.30110264,0.61537915,1.6853791,0.055963572,0.17846142,-0.04617559,0.61537915,0.025209390878742573,0.5020330410756431,-1.404064040827607,1.2112550999352942,0.11171733482331289,-0.8094719305270192,0.7267245245748644,750192,0.0,1.0090535363115836,0.09639320317348969,0.7968620190042788,1.2112550999352942,0.02571399707566505,0.08926174688115576,-0.12773331840298505,0.17712523628658422,-8.0741826e-05,0.24642421,-1.3886036,1.9608656,-0.01928975,-0.354895082116127,0.42122710645198824,87490,0.8833765222769637,1.5006146,0.5155097,-0.01413521,1.9608656,-0.0013242804,0.022412807,-0.038306165,0.03475775,3.998976262076909e-06,0.001999740050673024,0,1,0.0,0.0,0.0,750192,0.0,0.023255813953488372,0.15071489996297355,0,1,3.978533184085751e-06,2.722104257930562e-05,0.0,0.00022831050228310502
4,1.0907832,4.999371,-16.774628,23.281296,1.0729828,-6.9008026123046875,9.406324768066405,750192,0.0,18.033855,1.7508337,14.382507,23.281296,1.083529,0.6289252,-0.50171053,2.30069,-0.08452509,4.7902727,-19.903397,23.995468,-0.6904297,-7.183195495605469,8.035368347167967,750192,0.0,15.511398,1.703042,12.257477,23.995468,-0.0858701,0.422533,-1.3526602,0.7076381,281.85303,4.6639676,260.58273,293.67688,282.0661,273.57176208496094,288.7673278808594,750192,0.0,291.20908,0.7706431,289.53888,293.67688,281.85483,0.5665382,280.64728,283.2931,285.10492,4.16446,267.5196,299.93884,285.07965,278.1467590332031,291.2628143310547,750192,0.0,295.90186,1.4665618,292.97607,299.93884,285.1056,0.5631624,283.7002,286.5094,101644.88,988.6565,95423.31,104819.375,101743.0,99853.1875,103117.903125,750192,0.0,104073.1,262.0463,103543.375,104819.375,101645.29,130.10472,101281.83,101931.26,286.0685,3.4615514,279.198,293.4414,285.81567,281.269287109375,291.20654296875,750192,0.0,291.41046,0.69991297,290.09424,293.4414,286.06644,0.45643422,285.0785,287.2555,101598.88,988.1885,95379.39,104771.06,101697.11,99807.51171875,103070.705078125,750192,0.0,104025.164,261.79916,103496.664,104771.06,101599.28,130.06357,101235.984,101885.195,0.00010470332,0.0003126226,0.0,0.011548042,2.3841858e-06,0.0,0.0006036758422851562,750168,3.1991810096609896e-05,0.0057332017,0.0016692269,0.0031700134,0.011548042,0.00010463088,1.5596142e-05,6.852833e-05,0.00014216402,231.38774,94.7435,0.000779941,360.00174,270.85223,29.81773,330.53146,750192,0.0,359.91397,0.08196038,359.637,360.00174,231.31706,8.89598,209.47118,253.99518,5.465972,1.771938,2.2613478,15.306106,4.996232,3.4316013,9.082833,750192,0.0,13.108491,0.8892403,10.235293,15.306106,5.466541,0.21952477,4.9937263,5.934349,0.81470525,0.47461247,0.07235679,4.0158577,0.69533193,0.28052223,1.757339,750192,0.0,3.2402506,0.27925178,2.6073444,4.0158577,0.8140887,0.054176915,0.6897829,0.9407472,-3.394714e-07,1.3445109,-3.723252,3.6577477,0.17574787,-2.2322521209716797,1.9797477722167969,569230,0.24122091411265378,2.936201,0.23458578,2.247748,3.6577477,-0.0046269274,0.057947397,-0.16772151,0.14548035,-0.013748711915353116,1.3565863255616029,-3.5335527849043835,2.9816101616930464,0.14950892192339127,-2.2734674005817177,1.9703179088220408,750192,0.0,2.7595167909831164,0.10679913073974608,2.5211456311411977,2.9816101616930464,-0.013429908045016927,0.04782761337895234,-0.09598694949663335,0.06713394841681815,1.0722406e-09,0.17178184,-0.85265994,1.8105942,-0.0145002855,-0.2522360756993294,0.30345649421215054,569230,0.24122091411265378,1.0374101,0.26106206,0.48089108,1.8105942,-0.00024693858,0.038915265,-0.1017455,0.08416695,0.0,0.0,0,0,0.0,0.0,0.0,750192,0.0,0.0,0.0,0,0,0.0,0.0,0.0,0.0
400,1.7636405,5.5656776,-16.34105,24.056458,2.0061035,-7.294341278076171,10.636454772949214,750192,0.0,19.081379,1.9768549,14.976044,24.056458,1.7594151,0.67121506,-0.05557882,3.3714237,0.63767135,5.2505803,-20.579697,21.897507,0.6374054,-7.792958831787109,9.250203704833982,750192,0.0,17.138624,1.6816335,13.78624,21.897507,0.6355253,0.513768,-0.7239267,1.6605133,280.36353,5.367031,258.96884,294.23685,280.34793,271.1847869873047,288.537353515625,750192,0.0,291.60703,1.183337,289.06897,294.23685,280.36493,0.75859314,278.76117,282.12778,283.4477,5.186159,263.93823,300.71216,283.3316,275.0318771362305,291.0993316650391,750192,0.0,296.1667,1.7871872,292.154,300.71216,283.44894,0.8255839,281.81708,285.16394,101477.01,1050.8572,95380.625,104908.44,101556.56,99612.5,103083.0,750192,0.0,104109.78,317.97336,103380.75,104908.44,101478.21,129.28783,101204.695,101725.99,284.28018,4.776593,273.3833,294.6748,284.011,277.261474609375,291.492431640625,750192,0.0,291.68176,1.3405116,288.9231,294.6748,284.27942,0.7988157,282.69498,285.8821,101451.36,1050.5753,95355.56,104879.97,101530.984,99587.161328125,103056.8046875,750192,0.0,104082.95,317.7365,103353.89,104879.97,101452.555,129.26219,101179.1,101700.23,0.00010926068,0.00031119827,0.0,0.012943268,2.861023e-06,0.0,0.0006351470947265625,750168,3.1991810096609896e-05,0.0051834863,0.001844587,0.003013134,0.012943268,0.0001090206,1.8879435e-05,6.082772e-05,0.0001561677,221.34775,108.690414,1.2573093e-05,360.00333,247.4411,16.169289,349.70578,750192,0.0,359.9647,0.03788532,359.7716,360.00333,221.31273,10.841481,195.05583,244.95786,4.922318,1.0982947,1.6526794,11.179576,4.815077,3.3004658,6.886124,750192,0.0,9.46406,0.7188623,8.042678,11.179576,4.920714,0.11884581,4.5961714,5.176439,1.1559881,0.7400364,0.03217545,6.647901,0.9703311,0.31661636,2.6349072,750192,0.0,5.1672497,0.55593276,4.1410794,6.647901,1.1547954,0.07281426,0.9128696,1.31956,8.8163e-09,0.6181257,-1.8511,1.8589001,0.038900033,-0.9410999417304993,0.9289000630378723,349611,0.5339713033463434,1.8118267,0.060172282,1.6189001,1.8589001,-0.00029093891,0.0432229,-0.0996284,0.06161075,-0.030724958185870805,0.5545929215952551,-1.4245340169120568,1.2655990051298067,0.021539497672382404,-0.8781805724374973,0.786246946830727,750192,0.0,1.1290648250854731,0.058177264419651424,1.0105901891547133,1.2655990051298067,-0.03051379407115572,0.051280459787509794,-0.11887725748710876,0.05693182323863532,-2.0954996e-05,0.2754378,-1.9383018,1.9359254,-0.017634217,-0.40554461777210227,0.4739587962627402,349608,0.5339753023226055,1.5622883,0.22639546,1.1463377,1.9359254,-0.0005113889,0.037594438,-0.09911426,0.07369714,3.998976262076909e-06,0.0019997400506730264,0,1,0.0,0.0,0.0,750192,0.0,0.011627906976744186,0.10720400531735916,0,1,3.98215992354253e-06,3.6713700451150396e-05,0.0,0.00034246575342465754
401,1.6079708,5.0250797,-14.76265,22.313324,1.6610336,-6.3771415710449215,9.827163696289062,750192,0.0,17.671062,1.864098,14.46666,22.313324,1.6037441,0.59492755,-0.0038071652,3.0614672,0.5740296,4.80597,-18.997513,18.653366,0.6007004,-7.1900894165039055,8.417540740966789,750192,0.0,15.385941,1.4711975,12.332138,18.653366,0.5716713,0.47481802,-0.63194627,1.5335732,280.38974,5.453125,257.32913,294.359,280.46234,271.0727264404297,288.5882232666016,750192,0.0,291.9242,1.105471,289.49554,294.359,280.39093,0.77027833,278.79248,282.20987,283.51025,5.450389,261.45386,302.06067,283.46375,274.51446533203125,291.54740447998046,750192,0.0,297.56522,1.8394341,294.0661,302.06067,283.51196,0.8260219,281.8321,285.23587,101505.195,1033.3647,95409.06,104822.44,101580.44,99670.221875,103088.5,750192,0.0,104110.24,305.701,103432.5,104822.44,101506.336,128.29881,101224.75,101760.09,284.4326,4.840165,273.36768,294.91602,284.13647,277.363037109375,291.74267578125,750192,0.0,291.91202,1.2981278,289.25708,294.91602,284.4319,0.809002,282.76523,286.0799,101493.36,1033.24,95397.55,104808.97,101568.67,99658.578125,103076.39765625,750192,0.0,104097.86,305.56912,103419.89,104808.97,101494.51,128.2875,101212.93,101748.23,0.00011127154,0.00030500794,0.0,0.011084557,4.2915344e-06,0.0,0.0006361007690429688,750168,3.1991810096609896e-05,0.0051701567,0.0018082848,0.0026307106,0.011084557,0.000111048335,1.8655677e-05,6.6203436e-05,0.00015740261,,,,,,,,0,1.0,,,,,,,,,,,,,,,,0,1.0,,,,,,,,,,,,,,,,0,1.0,,,,,,,,,-6.002943e-09,0.6570108,-1.9776689,1.9823312,-0.14766885,-0.867668867111206,1.122331142425537,441017,0.4121278286092094,1.9498745,0.041687258,1.8023311,1.9823312,0.0043822625,0.060577013,-0.10527845,0.3534122,-0.015216526219136075,0.603462741935154,-1.2292167731794637,1.5605305255129003,-0.18013136366194404,-0.7813027266757983,1.0347515692293396,750192,0.0,1.4342265159895986,0.049322977013862034,1.2977083943199637,1.5605305255129003,-0.015109855902293894,0.03763182218474266,-0.08005310416030545,0.04913927939644067,-0.00013928134,0.26020426,-1.9877183,1.9948592,-0.021092322,-0.37664311975240705,0.45303733348846414,440988,0.41216648537974276,1.637795,0.20620638,1.1204159,1.9948592,0.0076636295,0.05429462,-0.08113109,0.33483425,3.865677053341011e-05,0.006217336743936423,0,1,0.0,0.0,0.0,750192,0.0,0.12790697674418605,0.333986200380118,0,1,3.848333237587412e-05,0.00012260288580891263,0.0,0.0006849315068493151
403,1.6079708,5.0250797,-14.76265,22.313324,1.6610336,-6.3771415710449215,9.827163696289062,750192,0.0,17.671062,1.864098,14.46666,22.313324,1.6037441,0.59492755,-0.0038071652,3.0614672,0.5740296,4.80597,-18.997513,18.653366,0.6007004,-7.1900894165039055,8.417540740966789,750192,0.0,15.385941,1.4711975,12.332138,18.653366,0.5716713,0.47481802,-0.63194627,1.5335732,280.38974,5.453125,257.32913,294.359,280.46234,271.0727264404297,288.5882232666016,750192,0.0,291.9242,1.105471,289.49554,294.359,280.39093,0.77027833,278.79248,282.20987,283.51025,5.450389,261.45386,302.06067,283.46375,274.51446533203125,291.54740447998046,750192,0.0,297.56522,1.8394341,294.0661,302.06067,283.51196,0.8260219,281.8321,285.23587,101505.195,1033.3647,95409.06,104822.44,101580.44,99670.221875,103088.5,750192,0.0,104110.24,305.701,103432.5,104822.44,101506.336,128.29881,101224.75,101760.09,284.4326,4.840165,273.36768,294.91602,284.13647,277.363037109375,291.74267578125,750192,0.0,291.91202,1.2981278,289.25708,294.91602,284.4319,0.809002,282.76523,286.0799,101493.36,1033.24,95397.55,104808.97,101568.67,99658.578125,103076.39765625,750192,0.0,104097.86,305.56912,103419.89,104808.97,101494.51,128.2875,101212.93,101748.23,0.00011127154,0.00030500794,0.0,0.011084557,4.2915344e-06,0.0,0.0006361007690429688,750168,3.1991810096609896e-05,0.0051701567,0.0018082848,0.0026307106,0.011084557,0.000111048335,1.8655677e-05,6.6203436e-05,0.00015740261,,,,,,,,0,1.0,,,,,,,,,,,,,,,,0,1.0,,,,,,,,,,,,,,,,0,1.0,,,,,,,,,9.121928e-09,0.6537963,-1.9684724,1.9715277,-0.13847235,-0.8684723377227783,1.111527681350708,180658,0.7591843154819033,1.8102776,0.3871188,-0.07847236,1.9715277,0.025048673,0.09181575,-0.086081944,0.35056874,0.005420117408793449,0.5633164480443358,-1.3001227694277595,1.207824010734003,0.004473049581848786,-0.8392425895752438,0.8493554494335905,750192,0.0,1.0979333816766983,0.05294255895225476,0.9993005356706615,1.207824010734003,0.0056027858081975366,0.049702743996170536,-0.0802594434506551,0.09028501675302421,-0.00034414584,0.33439824,-1.835457,1.9794242,-0.0016771103,-0.5351557433605194,0.5509388446807861,180646,0.7592003113869517,1.4890507,0.47570175,-0.06497368,1.9794242,0.01482365,0.08061384,-0.1643522,0.3579073,1.5995905048307635e-05,0.003999456110439185,0,1,0.0,0.0,0.0,750192,0.0,0.046511627906976744,0.21059035204970747,0,1,1.5917759475799782e-05,7.812403878271993e-05,0.0,0.00045662100456621003
404,1.6603155,5.1978016,-15.375717,23.182053,1.7734756,-6.660948181152344,10.09939270019531,750192,0.0,18.360603,1.9442328,14.228973,23.182053,1.6563643,0.6182388,-0.024536105,3.150567,0.59040654,4.8997726,-19.803177,19.690125,0.5924988,-7.287726593017578,8.598814392089842,750192,0.0,15.979083,1.5470414,12.844727,19.690125,0.58805496,0.48149952,-0.6542722,1.5632697,280.37592,5.4486685,258.08728,294.08936,280.40967,271.06894836425784,288.6042785644531,750192,0.0,291.8907,1.1511803,289.34192,294.08936,280.37732,0.7677139,278.75275,282.18152,283.4504,5.3961496,261.92456,301.29938,283.39093,274.58349609375,291.39471435546875,750192,0.0,297.19516,1.8322572,294.2345,301.29938,283.45224,0.82901436,281.7784,285.18607,101492.76,1039.971,95413.125,104874.69,101569.125,99648.3125,103085.778125,750192,0.0,104110.92,312.75064,103409.75,104874.69,101493.9,128.52661,101216.73,101742.73,284.3538,4.8502398,273.30908,294.7578,284.0791,277.24560546875,291.677490234375,750192,0.0,291.8563,1.3292189,289.0315,294.7578,284.35333,0.8004166,282.7517,285.96854,101485.33,1039.8948,95406.56,104866.97,101561.75,99641.046875,103078.21875,750192,0.0,104103.19,312.77533,103401.89,104866.97,101486.45,128.51988,101209.32,101735.29,0.00011348531,0.00031299004,0.0,0.013473511,4.2915344e-06,0.0,0.0006513595581054688,750168,3.1991810096609896e-05,0.0053452556,0.0020583698,0.00300169,0.013473511,0.000113257716,1.8984054e-05,6.751003e-05,0.00016021516,,,,,,,,0,1.0,,,,,,,,,,,,,,,,0,1.0,,,,,,,,,,,,,,,,0,1.0,,,,,,,,,-2.3530524e-09,0.6136936,-1.9386067,2.9313931,-0.058606774,-0.8886067867279053,1.0213931798934937,181571,0.7579672937061446,2.2404842,0.29964992,1.6613933,2.9313931,-0.0061540175,0.06918653,-0.139204,0.11510287,-0.2951470119385624,0.5887688063147456,-1.8130829805749262,1.4369333651794036,-0.33231240361337094,-1.2014271313999147,0.6968074968723426,750192,0.0,1.0665574815708698,0.23715486355777102,0.6757544770179617,1.4369333651794036,-0.2933881840292191,0.23637891442176917,-0.6989794868831658,0.10387074253653125,-6.516431e-05,0.28886336,-1.6067009,1.9715788,-0.013550206,-0.44005716443061826,0.49466938376426667,181565,0.7579752916586687,1.6784474,0.22575502,1.038816,1.9715788,-0.004713186,0.04047978,-0.1232479,0.08016382,7.997952524153817e-06,0.002828053846182785,0,1,0.0,0.0,0.0,750192,0.0,0.046511627906976744,0.2105903520497074,0,1,7.960693107628281e-06,4.188243472327015e-05,0.0,0.00034246575342465754
405,1.7636405,5.5656776,-16.34105,24.056458,2.0061035,-7.294341278076171,10.636454772949214,750192,0.0,19.081379,1.9768549,14.976044,24.056458,1.7594151,0.67121506,-0.05557882,3.3714237,0.63767135,5.2505803,-20.579697,21.897507,0.6374054,-7.792958831787109,9.250203704833982,750192,0.0,17.138624,1.6816335,13.78624,21.897507,0.6355253,0.513768,-0.7239267,1.6605133,280.36353,5.367031,258.96884,294.23685,280.34793,271.1847869873047,288.537353515625,750192,0.0,291.60703,1.183337,289.06897,294.23685,280.36493,0.75859314,278.76117,282.12778,283.4477,5.186159,263.93823,300.71216,283.3316,275.0318771362305,291.0993316650391,750192,0.0,296.1667,1.7871872,292.154,300.71216,283.44894,0.8255839,281.81708,285.16394,101477.01,1050.8572,95380.625,104908.44,101556.56,99612.5,103083.0,750192,0.0,104109.78,317.97336,103380.75,104908.44,101478.21,129.28783,101204.695,101725.99,284.28018,4.776593,273.3833,294.6748,284.011,277.261474609375,291.492431640625,750192,0.0,291.68176,1.3405116,288.9231,294.6748,284.27942,0.7988157,282.69498,285.8821,101451.36,1050.5753,95355.56,104879.97,101530.984,99587.161328125,103056.8046875,750192,0.0,104082.95,317.7365,103353.89,104879.97,101452.555,129.26219,101179.1,101700.23,0.00010926068,0.00031119827,0.0,0.012943268,2.861023e-06,0.0,0.0006351470947265625,750168,3.1991810096609896e-05,0.0051834863,0.001844587,0.003013134,0.012943268,0.0001090206,1.8879435e-05,6.082772e-05,0.0001561677,221.34775,108.690414,1.2573093e-05,360.00333,247.4411,16.169289,349.70578,750192,0.0,359.9647,0.03788532,359.7716,360.00333,221.31273,10.841481,195.05583,244.95786,4.922318,1.0982947,1.6526794,11.179576,4.815077,3.3004658,6.886124,750192,0.0,9.46406,0.7188623,8.042678,11.179576,4.920714,0.11884581,4.5961714,5.176439,1.1559881,0.7400364,0.03217545,6.647901,0.9703311,0.31661636,2.6349072,750192,0.0,5.1672497,0.55593276,4.1410794,6.647901,1.1547954,0.07281426,0.9128696,1.31956,1.2006286e-09,0.6228651,-2.1455371,2.584463,0.044462975,-0.9455370306968689,0.9244629740715027,101672,0.8644720284940388,1.7203454,0.7575506,-0.42553702,2.584463,0.01458811,0.18024887,-0.42553702,0.55446297,-0.008698766384238778,0.5198707732749126,-1.1920066964957066,1.2123302323590173,-0.01203088137090574,-0.783078876249221,0.7917980287464806,750192,0.0,1.07377994835473,0.0632178233757372,0.9482554876143411,1.2123302323590173,-0.0084599355135563,0.057384748053490565,-0.10722577135751514,0.08928162718307661,-2.5312802e-05,0.34089166,-1.7830112,1.9549108,-0.022045169,-0.5154259502887726,0.5867604613304138,101671,0.8644733614861262,1.3659953,0.63507473,-0.13277943,1.9549108,0.0009735213,0.10258546,-0.22988236,0.2671516,1.3329920873589694e-06,0.0011545519955771001,0,1,0.0,0.0,0.0,750192,0.0,0.011627906976744186,0.10720400531735917,0,1,1.3273866411808431e-06,1.223790015038346e-05,0.0,0.00011415525114155251
41,1.435309,5.204763,-16.211533,26.093597,1.5004578,-6.847013854980469,10.088025665283194,750192,0.0,18.49585,1.8750199,14.633667,26.093597,1.4279836,0.67311877,-0.28488353,2.7142663,0.02476397,5.0576916,-21.138504,22.478455,-0.3976593,-7.518460083007812,8.77201690673828,750192,0.0,17.351213,1.4954196,13.812729,22.478455,0.02455328,0.43087268,-1.0866622,0.93566895,282.15125,4.30005,262.2034,292.80914,282.57556,274.4693939208984,288.2447509765625,750192,0.0,290.25473,0.74602973,288.60907,292.80914,282.1534,0.48663494,281.15393,283.37158,285.25388,3.4067388,268.88684,302.05457,285.27795,279.50142059326174,290.1333755493164,750192,0.0,295.0193,2.0904963,291.41077,302.05457,285.2552,0.45975253,284.0522,286.26074,101649.195,1008.56805,95393.125,104816.375,101763.875,99804.1875,103127.4375,750192,0.0,104066.125,269.75537,103484.5,104816.375,101649.45,134.31726,101262.07,101940.625,285.8856,2.222255,281.2671,291.22412,285.9099,282.75537109375,289.106201171875,750192,0.0,289.46198,0.68254447,287.8286,291.22412,285.8849,0.34119606,284.97977,286.5349,101411.51,1006.2591,95172.8,104567.3,101526.63,99569.387109375,102884.261328125,750192,0.0,103819.1,268.6959,103241.586,104567.3,101411.766,134.08437,101025.3,101702.76,0.00011351637,0.00033400676,0.0,0.0113554,4.7683716e-06,0.0,0.0006418228149414062,750168,3.1991810096609896e-05,0.0058935047,0.0017133993,0.0035586357,0.0113554,0.00011345103,1.6078984e-05,7.465547e-05,0.00014427441,,,,,,,,0,1.0,,,,,,,,,,,,,,,,0,1.0,,,,,,,,,,,,,,,,0,1.0,,,,,,,,,-3.1088527e-07,1.5950146,-3.980926,3.959074,0.019073963,-2.53092622756958,2.4990739822387695,625105,0.16673998123147138,3.7019773,0.1457682,3.3590736,3.959074,0.00040377944,0.057016324,-0.11108902,0.15639643,-0.0140284109422478,1.5874057576885698,-3.8805417461416742,3.7881924055488723,0.0026548982578371433,-2.5298677048537273,2.47635730425558,750192,0.0,3.566499280990605,0.12797477468623447,3.2666581319280836,3.7881924055488723,-0.01366031026128862,0.05603944853115772,-0.1102606331251564,0.08059403811475029,9.227942e-07,0.14749089,-1.4731936,1.4532427,-0.0113776475,-0.2185806006193161,0.2605972230434416,625105,0.16673998123147138,0.78967625,0.19802052,0.5070637,1.4532427,0.00013330558,0.031511,-0.059929367,0.08751273,0.0,0.0,0,0,0.0,0.0,0.0,750192,0.0,0.0,0.0,0,0,0.0,0.0,0.0,0.0
413,1.614062,5.3721557,-17.546967,22.687607,1.7319489,-7.1949012756347654,10.143189239501947,750192,0.0,17.965862,1.7642499,13.401978,22.687607,1.6082029,0.642065,-0.14916433,3.219095,0.72456825,5.135297,-21.357773,21.70987,1.1353607,-8.248648071289061,8.52631149291992,750192,0.0,15.598809,1.4691623,13.048477,21.70987,0.7242932,0.5119103,-0.57557786,1.6749442,280.18866,4.760781,261.23282,292.22052,280.14764,272.20909271240237,287.55145263671875,750192,0.0,290.0719,0.9256039,288.20743,292.22052,280.19,0.6416072,278.9338,281.5753,283.14316,4.5064096,267.95334,297.99207,282.9667,276.119401550293,290.10113525390625,750192,0.0,293.78253,1.3002529,291.03516,297.99207,283.14465,0.65461344,281.78897,284.6611,101440.02,1115.2799,95386.25,104831.31,101536.0,99448.3125,103122.6875,750192,0.0,104149.5,303.43555,103311.44,104831.31,101441.24,135.7972,101148.9,101706.516,283.33878,4.054979,274.53662,292.52246,283.02417,277.5869140625,289.544677734375,750192,0.0,289.62143,1.060533,287.33936,292.52246,283.3394,0.6442086,282.01395,284.89816,101300.85,1113.754,95252.734,104683.26,101397.516,99310.95390625,102979.909765625,750192,0.0,104003.97,302.61267,103165.99,104683.26,101302.02,135.64418,101009.914,101567.16,8.450942e-05,0.00027028017,0.0,0.010568619,9.536743e-07,0.0,0.00048724412918091375,750168,3.1991810096609896e-05,0.004794975,0.0012884408,0.0031251907,0.010568619,8.437807e-05,1.2060927e-05,5.6563636e-05,0.000109073866,182.65039,120.17761,0.00012060233,360.00363,195.22794,8.024967,352.43344,750192,0.0,359.98083,0.01928762,359.90628,360.00363,182.57431,13.015433,154.32944,214.67833,5.021036,1.1788658,1.8707743,12.85093,4.8715997,3.3473005,7.1971483,750192,0.0,10.0234995,0.88019687,8.453587,12.85093,5.019638,0.117616914,4.73905,5.3371983,1.0838242,0.6560878,0.050017953,6.82158,0.9350294,0.32727152,2.3541634,750192,0.0,4.8689194,0.6062427,3.4010468,6.82158,1.0828668,0.05746412,0.88984454,1.2114019,-5.342217e-07,1.2342917,-3.5686698,3.4473302,0.028330326,-1.9196696281433105,1.8673303127288818,283570,0.622003433787617,2.9213016,0.22098769,2.6223304,3.4473302,1.746331e-05,0.09007083,-0.16647774,0.17229706,-0.19357578852304994,1.2264522377159168,-3.33908963687234,2.8982808216327327,-0.17725535411084112,-2.1064140199269845,1.675680714894538,750192,0.0,2.455960799351344,0.21467631534289328,1.9456162679537865,2.8982808216327327,-0.19212108283104973,0.19389703996026486,-0.5246754589486571,0.13392257846261874,-0.00022264269,0.22110122,-1.8343297,1.9928353,-0.011044898,-0.3202342927455902,0.3598925232887269,283537,0.6220474225264998,1.5088507,0.3086069,0.75748295,1.9928353,-0.00046223807,0.042274144,-0.11977989,0.07959431,4.398873888284599e-05,0.006632254810673175,0,1,0.0,0.0,0.0,750192,0.0,0.05813953488372093,0.23400711392439655,0,1,4.376023828548648e-05,0.00020434677896075427,0.0,0.001366120218579235
414,1.9322807,5.1211085,-16.7836,23.6035,1.8447647,-6.390715026855469,10.344718170166015,750192,0.0,18.452923,1.7472999,14.614349,23.6035,1.926954,0.62894773,0.46874467,3.2134502,1.185883,5.569516,-20.299911,21.658127,1.3258972,-8.09327392578125,10.015365600585938,750192,0.0,18.004698,1.4193877,15.549332,21.658127,1.186232,0.494901,0.08119452,2.2781112,280.82272,4.293165,261.98984,292.08984,281.0772,273.2544281005859,287.1344711303711,750192,0.0,289.36154,0.8035736,287.76968,292.08984,280.8243,0.52400064,279.59528,282.13483,283.8314,3.6227942,269.44928,297.23584,283.81122,277.8560989379883,289.02311553955076,750192,0.0,292.8833,1.5207129,290.0312,297.23584,283.8322,0.50885296,282.46396,285.0508,101449.875,1170.1425,94596.81,104906.625,101574.44,99318.909375,103175.8125,750192,0.0,104199.805,285.1651,103483.81,104906.625,101450.766,145.4988,101089.41,101777.62,284.56488,2.9349716,278.81396,291.1223,284.42114,280.5791015625,288.6943359375,750192,0.0,288.88828,0.66436994,287.22314,291.1223,284.56305,0.43155444,283.57553,285.66486,101231.83,1167.8668,94390.09,104678.3,101356.87,99104.140625,102952.140625,750192,0.0,103972.24,283.84506,103258.58,104678.3,101232.695,145.24864,100872.77,101558.62,0.0001260278,0.00033902592,0.0,0.0130262375,7.1525574e-06,0.0,0.0007100105285644531,750168,3.1991810096609896e-05,0.0053126286,0.0015618831,0.003437519,0.0130262375,0.00012593322,1.8197927e-05,8.120417e-05,0.00016905672,223.43117,79.42671,4.9385228e-05,360.00168,230.895,32.279697,345.48825,750192,0.0,359.95963,0.040743273,359.81622,360.00168,223.3755,7.1344013,206.84033,236.33784,5.434998,1.3274109,2.3425856,13.738884,5.2332244,3.6312149,7.907281,750192,0.0,11.379831,0.93362546,9.598243,13.738884,5.4349833,0.15503865,5.038299,5.747482,1.2127709,0.8282538,0.06528047,10.048264,1.0001936,0.29929066,2.855312,750192,0.0,6.050352,1.0711741,4.1452117,10.048264,1.2117931,0.08702459,1.0127115,1.4068313,-1.9480763e-07,1.0707928,-3.2129576,3.1170423,-0.09095764,-1.6159576177597046,1.7800424098968506,285112,0.6199479599889095,2.8076138,0.15535772,2.5120423,3.1170423,0.0024920297,0.05389237,-0.11157808,0.0914219,-0.08535405567565515,1.0596199141369156,-2.6218843500876186,2.834403722969717,-0.17020470162909346,-1.6797750229205775,1.6849420439605924,750192,0.0,2.5651087299762385,0.12545570749185436,2.2552579437691747,2.834403722969717,-0.08478834408270006,0.08508001319676754,-0.23085705093579745,0.059202707456689006,5.1799576e-05,0.16903402,-1.9370735,1.4230692,-0.0089436285,-0.23717944920063017,0.283013916015625,285105,0.619957290933521,0.7973388,0.18746962,0.5552708,1.4230692,0.00042352866,0.038284827,-0.115770295,0.093462236,9.330944611512786e-06,0.0030546452404469904,0,1,0.0,0.0,0.0,750192,0.0,0.011627906976744186,0.10720400531735916,0,1,9.291706488265902e-06,8.566530105268425e-05,0.0,0.0007990867579908676
415,1.3815051,4.825328,-16.48201,20.561356,1.7103729,-6.8592788696289055,8.76943664550781,750192,0.0,15.906998,1.6184673,12.435303,20.561356,1.3757782,0.57422334,-0.18409784,2.785571,0.8742723,5.1129556,-19.424149,24.852402,1.1374893,-7.736655426025391,8.94002456665039,750192,0.0,17.044886,1.6682365,13.507019,24.852402,0.87399095,0.5118532,-0.4614915,1.8253541,280.34772,4.9219193,260.6814,293.5277,280.3069,272.1139862060547,288.06178131103513,750192,0.0,290.53973,0.9965493,288.4613,293.5277,280.34863,0.68363214,278.97305,281.8783,283.3958,4.791126,266.4797,297.0636,283.19894,275.8739349365234,290.82464599609375,750192,0.0,294.1356,1.1232152,291.73218,297.0636,283.39676,0.70917785,281.97882,284.896,101470.42,1087.4144,95214.25,104821.56,101560.875,99529.75,103117.875,750192,0.0,104141.41,293.49872,103357.94,104821.56,101471.53,133.65704,101184.125,101740.336,283.86548,4.4753704,274.4048,293.72168,283.48267,277.421142578125,290.757080078125,750192,0.0,290.84583,1.2168179,288.12256,293.72168,283.86447,0.757809,282.27,285.39185,101404.766,1086.6997,95150.734,104752.734,101495.516,99464.828125,103050.578125,750192,0.0,104072.79,293.12952,103288.99,104752.734,101405.9,133.58908,101118.62,101674.61,8.46531e-05,0.00027427232,0.0,0.01154232,9.536743e-07,0.0,0.0004849433898925781,750168,3.1991810096609896e-05,0.004947773,0.0012739305,0.0030260086,0.01154232,8.45225e-05,1.2169799e-05,5.760985e-05,0.00010963495,179.00392,115.65417,5.1357865e-06,360.00345,194.70633,8.836474,351.26874,750192,0.0,359.98035,0.019017735,359.90665,360.00345,178.91635,12.334626,154.88576,207.9619,4.8495517,1.0442034,1.6887226,11.364689,4.761637,3.2775595,6.70403,750192,0.0,9.125071,0.7229518,7.9180813,11.364689,4.848184,0.09956792,4.5743175,5.075637,1.061197,0.6450914,0.034459252,6.925634,0.91000116,0.31243157,2.3351498,750192,0.0,4.6119614,0.55384433,3.6649628,6.925634,1.0602431,0.053544853,0.8678158,1.1680323,-2.9535065e-07,0.5826961,-1.7460625,1.7549374,0.053937435,-0.9770625233650208,0.8619375228881836,296754,0.6044292661078764,1.6625944,0.09634371,1.4589374,1.7549374,9.5650124e-05,0.046410818,-0.106012195,0.116071254,-0.1014454906322571,0.5508495833797636,-1.8094507085456926,1.2861259174445947,-0.05060921276791614,-1.0310216313755354,0.6942152846097218,750192,0.0,1.0624280882083237,0.10973400374965134,0.8273818459602016,1.2861259174445947,-0.10077072623767123,0.1011386756351125,-0.274479954138785,0.07023649926624441,4.2180935e-05,0.20989169,-1.9812235,1.9890332,-0.013485005,-0.2977079898118973,0.35281649976968765,296736,0.6044532599654489,1.4324877,0.32692236,0.775532,1.9890332,-5.921732e-05,0.020542936,-0.053707764,0.046384294,2.399385757246145e-05,0.004898293771024787,0,1,0.0,0.0,0.0,750192,0.0,0.046511627906976744,0.21059035204970744,0,1,2.389295954125518e-05,0.0001518799483953255,0.0,0.0013698630136986301
416,1.2833784,3.9657848,-14.258087,18.840271,1.3441544,-5.216439819335937,7.83730239868164,750192,0.0,14.744167,1.5382066,11.513138,18.840271,1.2793638,0.47064573,0.18299925,2.3263438,1.12137,4.0931664,-15.28006,19.251785,0.98137665,-5.399695587158203,7.95065002441406,750192,0.0,14.56994,1.2961062,12.127472,19.251785,1.1214192,0.37009192,0.24949738,2.0088317,280.10498,4.668968,258.36578,294.02396,280.42615,271.9867340087891,287.1138000488281,750192,0.0,290.4158,1.0213174,288.14624,294.02396,280.1062,0.6009581,278.5268,281.47192,283.1475,4.4497194,263.3374,303.2547,283.16083,275.71551513671875,289.83841705322266,750192,0.0,296.32715,2.0938957,292.48822,303.2547,283.1506,0.6146015,281.37863,284.50113,101438.84,1172.1074,94736.31,104888.81,101559.375,99316.346875,103173.778125,750192,0.0,104207.6,290.2223,103397.56,104888.81,101439.766,144.49994,101082.13,101758.7,,,,,,,,0,1.0,,,,,,,,,100337.836,1164.3608,93685.74,103735.3,100461.32,98230.59375,102047.828125,750192,0.0,103057.33,284.2918,102261.58,103735.3,100338.76,143.31769,99988.6,100653.02,0.00016247308,0.00038258467,0.0,0.010345459,1.5258789e-05,0.0,0.000865936279296875,750168,3.1991810096609896e-05,0.00547915,0.001364756,0.003490448,0.010345459,0.00016231363,2.4294068e-05,0.00010064655,0.00021846601,235.75847,68.74516,0.0007807531,359.9954,242.00082,73.80695,330.76822,750192,0.0,359.84525,0.17122091,358.8231,359.9954,235.70596,6.5590234,217.11356,248.08656,4.5988064,1.0734899,1.7351217,13.253108,4.5175953,3.0027614,6.4408154,750192,0.0,9.944027,1.0016726,7.876605,13.253108,4.5983605,0.107228525,4.3697186,4.807602,0.5344808,0.38088205,0.03512959,4.3343635,0.4271028,0.12965493,1.298865,750192,0.0,2.6803806,0.44792956,1.8083671,4.3343635,0.53395855,0.0442415,0.42767265,0.6487494,-1.9651101e-07,1.1742909,-2.752603,3.4573967,-0.13310313,-1.7216031551361084,2.0103467226028267,231082,0.6919695224689146,3.2022753,0.17015244,2.7283971,3.4573967,-0.003519636,0.106895804,-0.423004,0.14281182,-0.03568191450099738,1.1334626091835254,-2.520246868353398,3.0462873362181124,-0.17390040833124693,-1.679140909779258,1.9059910221519059,750192,0.0,2.8716216881913974,0.09721207616951133,2.6276553079303446,3.0462873362181124,-0.03551470128782605,0.03460676732960007,-0.09509265181901484,0.024017787201003466,0.010512235,0.2474914,-1.9997342,1.9591565,-0.0054883496,-0.2877297461032867,0.404670691490173,230069,0.6933198434534092,1.3386973,0.36115074,0.6976673,1.9591565,0.008941411,0.058421094,-0.18838023,0.12242968,0.0013503209844946361,0.03672189561737615,0,1,0.0,0.0,0.0,750192,0.0,0.046511627906976744,0.2105903520497074,0,1,0.0013446390407767374,0.008692365658096834,0.0,0.05947488584474886
417,1.727498,5.7660747,-17.425827,24.571335,2.0121765,-7.762185668945312,10.811679077148426,750192,0.0,19.502476,2.0959806,15.804169,24.571335,1.7238289,0.69940174,-0.17447497,3.3571577,0.6118739,5.312999,-22.46431,20.669952,0.7059479,-8.030385589599609,9.172708129882807,750192,0.0,16.774082,1.5423632,13.767914,20.669952,0.6093042,0.52185404,-0.75086415,1.6469615,280.2558,5.4492345,258.46567,295.4499,280.24213,270.93025360107424,288.56168670654296,750192,0.0,291.85898,1.368381,288.93945,295.4499,280.2575,0.75244385,278.61105,281.97485,283.38367,5.284856,263.2893,300.3294,283.27014,274.8516021728516,291.2047119140625,750192,0.0,295.6517,1.8632088,291.75537,300.3294,283.38568,0.8071581,281.77792,285.0513,101466.4,1053.747,95368.94,104958.19,101545.03,99597.721875,103079.375,750192,0.0,104111.17,326.9012,103356.25,104958.19,101467.664,129.01825,101201.46,101718.11,284.2197,4.9642315,273.53076,296.58447,283.95923,277.052978515625,291.724853515625,750192,0.0,292.0596,1.6598384,289.38794,296.58447,284.2214,0.73114955,282.7156,285.58075,101477.26,1053.8617,95379.39,104969.97,101555.86,99608.41640625,103090.659765625,750192,0.0,104122.57,327.04242,103367.89,104969.97,101478.47,129.02809,101212.3,101729.01,0.0001055795,0.00030510273,0.0,0.012639523,3.8146973e-06,0.0,0.0006003379821777344,750168,3.1991810096609896e-05,0.0054933694,0.0018327346,0.002547264,0.012639523,0.0001053811,1.693949e-05,6.513615e-05,0.00014267284,223.48152,107.72451,0.00023125949,360.00317,251.78342,17.328104,348.90854,750192,0.0,359.9697,0.03080118,359.86908,360.00317,223.44666,10.700759,197.58693,245.54198,4.801623,1.0858465,1.6455994,11.023882,4.6798916,3.2258325,6.770387,750192,0.0,9.368473,0.6760556,8.04535,11.023882,4.800039,0.118310474,4.4793177,5.036181,1.074297,0.68443674,0.03217545,5.593928,0.903722,0.29548636,2.4456418,750192,0.0,4.69474,0.41309634,3.8450723,5.593928,1.0732129,0.06812882,0.8532802,1.2273977,2.019026e-08,0.11749585,-0.38964513,0.4003549,0.00035488605,-0.16964510083198547,0.22035488486289978,87667,0.8831405826775012,0.37671852,0.051921748,0.22035488,0.4003549,-0.002037811,0.035793867,-0.04780775,0.06660012,-0.28960220658571456,0.19986507871551681,-0.7236768718091227,0.12318381511603908,-0.2895239299459994,-0.5973870247673353,0.026353794287109145,750192,0.0,-0.21134796593489966,0.19639333474414156,-0.5416387317987762,0.12318381511603908,-0.28780679420882976,0.19648972779181267,-0.6237545134805829,0.07599503640899752,-2.7940882e-06,0.10601669,-0.45182964,0.4561136,-0.0077936184,-0.15874661803245543,0.20655101388692848,87667,0.8831405826775012,0.38110676,0.059316274,0.22343633,0.4561136,0.0018243436,0.023439867,-0.04022784,0.033222027,0.0,0.0,0,0,0.0,0.0,0.0,750192,0.0,0.0,0.0,0,0,0.0,0.0,0.0,0.0
418,1.727498,5.7660747,-17.425827,24.571335,2.0121765,-7.762185668945312,10.811679077148426,750192,0.0,19.502476,2.0959806,15.804169,24.571335,1.7238289,0.69940174,-0.17447497,3.3571577,0.6118739,5.312999,-22.46431,20.669952,0.7059479,-8.030385589599609,9.172708129882807,750192,0.0,16.774082,1.5423632,13.767914,20.669952,0.6093042,0.52185404,-0.75086415,1.6469615,280.2558,5.4492345,258.46567,295.4499,280.24213,270.93025360107424,288.56168670654296,750192,0.0,291.85898,1.368381,288.93945,295.4499,280.2575,0.75244385,278.61105,281.97485,283.38367,5.284856,263.2893,300.3294,283.27014,274.8516021728516,291.2047119140625,750192,0.0,295.6517,1.8632088,291.75537,300.3294,283.38568,0.8071581,281.77792,285.0513,101466.4,1053.747,95368.94,104958.19,101545.03,99597.721875,103079.375,750192,0.0,104111.17,326.9012,103356.25,104958.19,101467.664,129.01825,101201.46,101718.11,284.2197,4.9642315,273.53076,296.58447,283.95923,277.052978515625,291.724853515625,750192,0.0,292.0596,1.6598384,289.38794,296.58447,284.2214,0.73114955,282.7156,285.58075,101477.26,1053.8617,95379.39,104969.97,101555.86,99608.41640625,103090.659765625,750192,0.0,104122.57,327.04242,103367.89,104969.97,101478.47,129.02809,101212.3,101729.01,0.0001055795,0.00030510273,0.0,0.012639523,3.8146973e-06,0.0,0.0006003379821777344,750168,3.1991810096609896e-05,0.0054933694,0.0018327346,0.002547264,0.012639523,0.0001053811,1.693949e-05,6.513615e-05,0.00014267284,223.48152,107.72451,0.00023125949,360.00317,251.78342,17.328104,348.90854,750192,0.0,359.9697,0.03080118,359.86908,360.00317,223.44666,10.700759,197.58693,245.54198,4.801623,1.0858465,1.6455994,11.023882,4.6798916,3.2258325,6.770387,750192,0.0,9.368473,0.6760556,8.04535,11.023882,4.800039,0.118310474,4.4793177,5.036181,1.074297,0.68443674,0.03217545,5.593928,0.903722,0.29548636,2.4456418,750192,0.0,4.69474,0.41309634,3.8450723,5.593928,1.0732129,0.06812882,0.8532802,1.2273977,-2.06754e-09,0.57871556,-1.7373259,1.7526741,0.07267405,-0.9373259544372559,0.8726740479469299,88562,0.881947554759315,1.7508559,0.0038569423,1.7426741,1.7526741,0.0014930909,0.04149132,-0.076587506,0.07869128,-0.33734201642567346,0.557555670083783,-1.9308322014634913,1.0971383822216378,-0.28854604903212655,-1.270927075380711,0.5053841151760596,750192,0.0,0.6782336834826163,0.22827493854984954,0.24312709551728062,1.0971383822216378,-0.3356231206331179,0.22535239688282582,-0.7218502906048152,0.04285013487220315,-7.683049e-05,0.2698812,-1.6320767,1.9681894,-0.02729442,-0.3706163316965103,0.47953222990035915,88559,0.881951553735577,1.6717618,0.19979669,1.266923,1.9681894,0.0014038652,0.031149354,-0.065720595,0.036043838,3.998976262076909e-06,0.0019997400506730264,0,1,0.0,0.0,0.0,750192,0.0,0.011627906976744186,0.10720400531735916,0,1,3.98215992354253e-06,3.6713700451150396e-05,0.0,0.00034246575342465754
42,1.0907832,4.999371,-16.774628,23.281296,1.0729828,-6.9008026123046875,9.406324768066405,750192,0.0,18.033855,1.7508337,14.382507,23.281296,1.083529,0.6289252,-0.50171053,2.30069,-0.08452509,4.7902727,-19.903397,23.995468,-0.6904297,-7.183195495605469,8.035368347167967,750192,0.0,15.511398,1.703042,12.257477,23.995468,-0.0858701,0.422533,-1.3526602,0.7076381,281.85303,4.6639676,260.58273,293.67688,282.0661,273.57176208496094,288.7673278808594,750192,0.0,291.20908,0.7706431,289.53888,293.67688,281.85483,0.5665382,280.64728,283.2931,285.10492,4.16446,267.5196,299.93884,285.07965,278.1467590332031,291.2628143310547,750192,0.0,295.90186,1.4665618,292.97607,299.93884,285.1056,0.5631624,283.7002,286.5094,101644.88,988.6565,95423.31,104819.375,101743.0,99853.1875,103117.903125,750192,0.0,104073.1,262.0463,103543.375,104819.375,101645.29,130.10472,101281.83,101931.26,286.0685,3.4615514,279.198,293.4414,285.81567,281.269287109375,291.20654296875,750192,0.0,291.41046,0.69991297,290.09424,293.4414,286.06644,0.45643422,285.0785,287.2555,101598.88,988.1885,95379.39,104771.06,101697.11,99807.51171875,103070.705078125,750192,0.0,104025.164,261.79916,103496.664,104771.06,101599.28,130.06357,101235.984,101885.195,0.00010470332,0.0003126226,0.0,0.011548042,2.3841858e-06,0.0,0.0006036758422851562,750168,3.1991810096609896e-05,0.0057332017,0.0016692269,0.0031700134,0.011548042,0.00010463088,1.5596142e-05,6.852833e-05,0.00014216402,231.38774,94.7435,0.000779941,360.00174,270.85223,29.81773,330.53146,750192,0.0,359.91397,0.08196038,359.637,360.00174,231.31706,8.89598,209.47118,253.99518,5.465972,1.771938,2.2613478,15.306106,4.996232,3.4316013,9.082833,750192,0.0,13.108491,0.8892403,10.235293,15.306106,5.466541,0.21952477,4.9937263,5.934349,0.81470525,0.47461247,0.07235679,4.0158577,0.69533193,0.28052223,1.757339,750192,0.0,3.2402506,0.27925178,2.6073444,4.0158577,0.8140887,0.054176915,0.6897829,0.9407472,-7.099083e-07,1.3445189,-3.7231045,3.6578953,0.17489552,-2.2321043014526367,1.9798953533172607,568646,0.24199938149167144,2.9363494,0.23458576,2.2478955,3.6578953,-0.004495262,0.057915755,-0.1675739,0.14549838,-0.013648153127296545,1.3565676049052884,-3.5329655801363633,2.981419179633603,0.1496249245156987,-2.273256636346169,1.9703871150208163,750192,0.0,2.759689909186781,0.10671304056000475,2.521569503926773,2.981419179633603,-0.013331052939444879,0.04762055713577915,-0.09553367370962229,0.06688669730371996,2.1466838e-10,0.17170751,-0.85268146,1.8105569,-0.014479762,-0.25219519436359406,0.30338703840970993,568646,0.24199938149167144,1.0375073,0.26105872,0.48073494,1.8105569,-0.00019560606,0.038856,-0.10191881,0.08402803,0.0,0.0,0,0,0.0,0.0,0.0,750192,0.0,0.0,0.0,0,0,0.0,0.0,0.0,0.0
423,1.6603155,5.1978016,-15.375717,23.182053,1.7734756,-6.660948181152344,10.09939270019531,750192,0.0,18.360603,1.9442328,14.228973,23.182053,1.6563643,0.6182388,-0.024536105,3.150567,0.59040654,4.8997726,-19.803177,19.690125,0.5924988,-7.287726593017578,8.598814392089842,750192,0.0,15.979083,1.5470414,12.844727,19.690125,0.58805496,0.48149952,-0.6542722,1.5632697,280.37592,5.4486685,258.08728,294.08936,280.40967,271.06894836425784,288.6042785644531,750192,0.0,291.8907,1.1511803,289.34192,294.08936,280.37732,0.7677139,278.75275,282.18152,283.4504,5.3961496,261.92456,301.29938,283.39093,274.58349609375,291.39471435546875,750192,0.0,297.19516,1.8322572,294.2345,301.29938,283.45224,0.82901436,281.7784,285.18607,101492.76,1039.971,95413.125,104874.69,101569.125,99648.3125,103085.778125,750192,0.0,104110.92,312.75064,103409.75,104874.69,101493.9,128.52661,101216.73,101742.73,284.3538,4.8502398,273.30908,294.7578,284.0791,277.24560546875,291.677490234375,750192,0.0,291.8563,1.3292189,289.0315,294.7578,284.35333,0.8004166,282.7517,285.96854,101485.33,1039.8948,95406.56,104866.97,101561.75,99641.046875,103078.21875,750192,0.0,104103.19,312.77533,103401.89,104866.97,101486.45,128.51988,101209.32,101735.29,0.00011348531,0.00031299004,0.0,0.013473511,4.2915344e-06,0.0,0.0006513595581054688,750168,3.1991810096609896e-05,0.0053452556,0.0020583698,0.00300169,0.013473511,0.000113257716,1.8984054e-05,6.751003e-05,0.00016021516,,,,,,,,0,1.0,,,,,,,,,,,,,,,,0,1.0,,,,,,,,,,,,,,,,0,1.0,,,,,,,,,2.182217e-09,0.6031134,-1.7964232,1.8135768,-0.056423105,-0.8664230704307556,1.0035768747329712,83908,0.8881512999338836,1.765395,0.055402346,1.6435769,1.8135768,0.00086350366,0.037141904,-0.06855141,0.06119284,-0.34092100148788346,0.5864602461242124,-1.8768172735450817,1.377027876738513,-0.3853985824906574,-1.2326344471086896,0.6607369049870763,750192,0.0,0.9842940500012576,0.22781909789161828,0.6082918112769592,1.377027876738513,-0.33923478829475473,0.2250183425741149,-0.7252609193924813,0.038790963739756656,-6.9427238e-06,0.26108375,-1.3603343,1.779192,-0.021068875,-0.3804881438612938,0.45994424372911424,83908,0.8881512999338836,1.5398927,0.14786337,1.3608341,1.779192,0.0008808564,0.025763141,-0.053536307,0.025522733,0.0,0.0,0,0,0.0,0.0,0.0,750192,0.0,0.0,0.0,0,0,0.0,0.0,0.0,0.0
43,1.6069306,5.487989,-16.665634,28.452072,1.635025,-7.108773803710937,10.81926879882812,750192,0.0,19.829231,2.0897665,15.952316,28.452072,1.5993271,0.70241004,-0.018307008,3.0127885,-0.09705345,5.354153,-20.731873,25.86029,-0.46482086,-8.117887878417969,9.100199890136714,750192,0.0,18.265385,1.7892956,14.752884,25.86029,-0.097107686,0.45298308,-1.2798041,0.86992544,282.30017,4.3228145,262.53125,292.05508,282.68472,274.63841400146487,288.4975250244141,750192,0.0,290.34747,0.7098862,288.6515,292.05508,282.30252,0.4935865,281.30377,283.55374,285.50085,3.3506644,269.1394,296.82977,285.5268,279.8267074584961,290.2843017578125,750192,0.0,293.5607,1.3564801,290.77664,296.82977,285.50217,0.47099918,284.31805,286.5963,101657.27,997.46124,95572.125,104783.56,101769.19,99832.221875,103120.840625,750192,0.0,104058.734,270.9202,103463.625,104783.56,101657.5,133.45676,101270.586,101945.164,286.14816,2.3664694,281.3921,291.83447,286.16602,282.78466796875,289.68310546875,750192,0.0,289.97906,0.7679663,288.16943,291.83447,286.14804,0.3692127,285.1505,286.95822,101577.76,996.70734,95497.8,104700.45,101689.86,99753.551171875,103039.546875,750192,0.0,103975.98,270.5186,103380.43,104700.45,101577.93,133.38115,101191.34,101865.555,0.000107809945,0.0003218748,0.0,0.011898518,4.2915344e-06,0.0,0.0006055831909179688,750168,3.1991810096609896e-05,0.0056716898,0.0017330507,0.0034589767,0.011898518,0.00010773599,1.53489e-05,6.8540256e-05,0.00013839499,,,,,,,,0,1.0,,,,,,,,,,,,,,,,0,1.0,,,,,,,,,,,,,,,,0,1.0,,,,,,,,,-5.768959e-07,1.56723,-3.8661418,3.862858,0.0038583279,-2.466141700744629,2.4638583660125732,456418,0.3915984174717939,3.604876,0.16415146,3.033858,3.862858,-0.0009444914,0.057918232,-0.10586159,0.14132722,-0.05180465956485234,1.562668866410897,-3.8542942059772543,3.7098672500677243,-0.052060199337173194,-2.5114143256778307,2.4043047092335397,750192,0.0,3.461390130738262,0.13630513519964238,3.15348683357095,3.7098672500677243,-0.05123053556302941,0.08098600406129045,-0.1907672888928073,0.08515399761950647,1.5044225e-08,0.13967362,-1.3087795,1.3523905,-0.011070743,-0.2082934007048607,0.24730958119034743,456418,0.3915984174717939,0.6677491,0.18001392,0.3253397,1.3523905,-0.00016512688,0.025862103,-0.062482465,0.054749534,0.0,0.0,0,0,0.0,0.0,0.0,750192,0.0,0.0,0.0,0,0,0.0,0.0,0.0,0.0
44,1.6632124,5.5760856,-17.507294,26.900314,1.7137222,-7.283705139160157,10.965247344970702,750192,0.0,19.935993,1.9592458,16.335236,26.900314,1.6554796,0.7130315,0.0899138,3.1000962,-0.22108386,5.326105,-22.845657,26.785095,-0.5044174,-8.303466796875,8.85979614257812,750192,0.0,18.147633,1.965071,14.493561,26.785095,-0.22111724,0.4490649,-1.4427168,0.71911544,282.40076,4.3605475,262.74005,292.6508,282.76837,274.71124877929685,288.7220458984375,750192,0.0,290.67038,0.7524096,289.07996,292.6508,282.40335,0.49960974,281.39294,283.6674,285.68762,3.4023092,269.1394,297.27444,285.69586,279.9453598022461,290.59806671142576,750192,0.0,293.4826,1.3187027,291.0567,297.27444,285.6888,0.4773072,284.5128,286.8033,101667.695,987.4434,95469.625,104767.19,101776.375,99861.5,103117.0625,750192,0.0,104052.805,271.0169,103420.625,104767.19,101667.88,132.67436,101281.64,101952.45,286.40042,2.476032,281.38818,292.4214,286.34473,282.87548828125,290.15576171875,750192,0.0,290.45697,0.84840685,288.48145,292.4214,286.39944,0.38281286,285.35135,287.23206,101597.58,986.77246,95402.11,104693.81,101706.375,99792.098046875,103045.1875,750192,0.0,103979.766,270.6933,103347.43,104693.81,101597.734,132.60765,101211.75,101882.25,0.00010113141,0.00030775327,0.0,0.013497829,3.8146973e-06,0.0,0.0005655288696289062,750168,3.1991810096609896e-05,0.0053688427,0.0016556964,0.003312111,0.013497829,0.00010107278,1.4034738e-05,6.3789514e-05,0.00013003057,259.96176,59.681072,0.0057727695,359.9962,273.20038,103.002785,319.53436,750192,0.0,359.83234,0.23130481,358.60397,359.9962,259.9459,5.039441,249.29378,269.32343,7.8214417,1.9716512,3.1057491,16.284964,7.6376686,4.91264,11.318827,750192,0.0,14.257678,0.7369676,12.603947,16.284964,7.8220873,0.25498652,7.324038,8.448923,1.4740012,0.85889626,0.17448582,8.65596,1.242645,0.5345435,3.2045624,750192,0.0,6.0725203,0.90911466,4.164204,8.65596,1.4734765,0.11438653,1.2064391,1.7336985,-2.4925706e-07,1.164977,-3.132554,2.998446,0.06744599,-1.8857040643691996,1.7674460411071777,431458,0.42486989997227376,2.6581008,0.14843333,2.2974458,2.998446,-0.0020674295,0.05233158,-0.14192773,0.14445841,-0.03617440228164842,1.1567562780535456,-2.9558611956938527,2.675449006177381,0.030011488114731658,-1.9072332311190818,1.7180410309084888,750192,0.0,2.4704229687974495,0.09807781527625067,2.2673764027707306,2.675449006177381,-0.03583498290075446,0.05270809767612247,-0.12688053177533437,0.053024012191013006,3.197054e-08,0.14109778,-0.6818587,1.2812964,-0.009683078,-0.2117104135453701,0.24841462597250927,431458,0.42486989997227376,0.67330164,0.15941033,0.19601896,1.2812964,0.0009544536,0.04339725,-0.12721615,0.17825261,0.0,0.0,0,0,0.0,0.0,0.0,750192,0.0,0.0,0.0,0,0,0.0,0.0,0.0,0.0
448,1.3917935,5.3561172,-19.975769,23.920578,1.543747,-8.04517593383789,9.80373306274414,750192,0.0,17.733746,1.7867556,14.668793,23.920578,1.3858553,0.6435047,-0.09786756,2.8459344,1.4727405,5.8899307,-21.86905,23.728409,1.8260803,-8.292877197265625,10.703295135498042,750192,0.0,19.184345,1.8271708,15.100586,23.728409,1.4745052,0.54883265,0.14641854,2.6911952,280.0212,4.088004,263.23633,289.66718,280.23486,272.8709716796875,286.11151123046875,750192,0.0,288.1154,0.6186543,286.70703,289.66718,280.02313,0.49750668,278.81827,281.21497,283.04443,3.3611083,271.2068,292.55322,283.05115,277.6342498779297,287.8788116455078,750192,0.0,290.3083,0.90466684,288.60712,292.55322,283.04602,0.46462193,282.03094,284.22244,101280.38,1251.8369,94420.75,104964.06,101398.56,99032.0,103132.8125,750192,0.0,104178.91,320.23053,103219.25,104964.06,101281.58,148.90501,100898.47,101614.02,283.7255,2.8264005,278.6609,289.16724,283.74268,280.13134765625,287.32275390625,750192,0.0,287.43762,0.65226996,285.87622,289.16724,283.72473,0.410723,282.74646,284.9233,101266.266,1251.7147,94406.664,104948.984,101384.49,99018.027734375,103118.323828125,750192,0.0,104164.14,320.112,103204.86,104948.984,101267.42,148.89496,100884.36,101599.8,0.00012744336,0.00032603217,0.0,0.0088095665,9.536743e-06,0.0,0.00070953369140625,750168,3.1991810096609896e-05,0.0047629545,0.0008992356,0.0031895638,0.0088095665,0.00012729011,1.4257128e-05,9.6473355e-05,0.00015567354,226.16576,80.543045,0.00021898026,359.99664,234.2904,59.55078,331.5643,750192,0.0,359.85675,0.13494836,359.2855,359.99664,226.1181,7.232317,201.35286,240.84845,4.817011,1.2178204,1.8285732,14.044417,4.637227,3.2269025,6.975945,750192,0.0,11.558168,1.1127863,9.18791,14.044417,4.8161855,0.15611126,4.4477053,5.3167524,0.86831796,0.60490346,0.03495242,6.2726645,0.71777785,0.20006034,2.0639045,750192,0.0,4.3495884,0.5954943,3.386212,6.2726645,0.867576,0.06207445,0.71646345,1.0452349,-0.0025813377,1.047415,-3.914589,3.0804107,0.009410858,-1.585589051246643,1.566411018371582,478295,0.36243654957664173,2.4627967,0.29167745,0.99041104,3.0804107,-0.0048727174,0.08175479,-0.35798243,0.15960903,-0.043168151972820104,1.0149566581234164,-2.402575284147274,2.2541192541261585,-0.04001407210274201,-1.5871153727069285,1.4813243314378146,750192,0.0,2.0712770198517134,0.0942107727249616,1.8342999569668181,2.2541192541261585,-0.042776126622926444,0.07155016931976999,-0.16609787172504953,0.07941930804734668,0.008224465,0.19621839,-1.998107,1.638607,-0.005725261,-0.27509978562593457,0.3431150078773498,477192,0.36390683984899863,1.0321809,0.2479702,-0.04053919,1.638607,0.0046652043,0.043099094,-0.1577519,0.13618805,0.0014702902723569434,0.03831616524225718,0,1,0.0,0.0,0.0,750192,0.0,0.06976744186046512,0.2547546779093796,0,1,0.0014641002117435566,0.010624018182773847,0.0,0.09509132420091324
449,1.2590396,4.711406,-18.553894,21.406616,1.4050293,-7.009259033203125,8.616708374023432,750192,0.0,15.801517,1.6321753,12.869522,21.406616,1.2540044,0.5635149,-0.07233144,2.5253947,1.3046334,5.148628,-20.20694,21.22406,1.7092819,-7.380072784423828,9.252686309814447,750192,0.0,16.824127,1.6064866,13.221222,21.22406,1.3061517,0.48098072,0.1456351,2.3881445,279.88968,4.0511346,262.77917,290.20276,280.09723,272.85350494384767,285.9486968994141,750192,0.0,288.19794,0.6971274,286.67578,290.20276,279.8917,0.4922961,278.66873,281.0955,282.80136,3.4769773,271.04858,292.58832,282.84503,277.1607360839844,287.88502349853513,750192,0.0,290.60303,0.8228892,288.97235,292.58832,282.8035,0.46307728,281.76285,283.9828,101275.13,1255.6377,94442.56,104986.56,101393.375,99020.596875,103134.375,750192,0.0,104179.65,322.04852,103224.0,104986.56,101276.29,149.31432,100890.91,101612.36,283.51572,2.785136,278.64526,288.9934,283.57568,280.00390625,287.020263671875,750192,0.0,287.10834,0.66106653,285.49536,288.9934,283.5152,0.41040844,282.49677,284.67435,100910.68,1251.953,94097.734,104598.984,101029.56,98662.372265625,102762.06640625,750192,0.0,103800.47,319.9671,102855.86,104598.984,100911.88,148.88269,100528.695,101246.32,0.00013581263,0.00034388047,0.0,0.008719921,1.04904175e-05,0.0,0.0007600784301757812,750168,3.1991810096609896e-05,0.0048582833,0.0009979326,0.0031046867,0.008719921,0.00013565912,1.4982387e-05,0.000104904975,0.00016232506,225.65146,86.59991,8.032884e-05,360.00253,237.74352,54.40043,337.90677,750192,0.0,359.88376,0.109450035,359.55457,360.00253,225.60068,7.6076884,200.86192,241.43784,4.7284465,1.1997496,1.9508572,14.467867,4.5348716,3.203019,6.8949375,750192,0.0,11.6873455,1.0841299,9.333672,14.467867,4.727573,0.14362697,4.3832035,5.184511,0.8665302,0.59084725,0.040519226,5.7899985,0.7252798,0.20419152,2.0315847,750192,0.0,4.151569,0.5339201,3.232628,5.7899985,0.8657911,0.053131446,0.7156756,1.0024453,-3.3806646e-07,1.3873539,-4.2688704,8.83613,-0.09487009,-1.5538702011108398,1.334129810333252,243551,0.6753484441316356,5.083582,2.9774017,1.2271299,8.83613,-0.023249025,0.2905944,-0.3381656,1.0532743,0.23370509907591583,0.9101196307137295,-2.1351732474670166,2.6053640366174293,0.2528343330199191,-1.1995365240160951,1.6329060512423292,750192,0.0,2.157950922875947,0.22176342331008428,1.5453871495729086,2.6053640366174293,0.23136187306762349,0.20958627937427624,-0.243391325554377,0.5870718780038385,-0.15748346,0.27953684,-1.9677715,1.9997755,-0.15250875,-0.6220697581768035,0.2713226452469825,237508,0.6834037153155459,1.3346207,0.70401084,-0.24210572,1.9997755,-0.19209084,0.1634205,-0.66593325,0.100785285,0.008055271183910253,0.08938894668841288,0,1,0.0,0.0,0.0,750192,0.0,0.2441860465116279,0.4296035628351434,0,1,0.008013864734804109,0.0271075873245813,0.0,0.18055555555555555
45,1.0907832,4.999371,-16.774628,23.281296,1.0729828,-6.9008026123046875,9.406324768066405,750192,0.0,18.033855,1.7508337,14.382507,23.281296,1.083529,0.6289252,-0.50171053,2.30069,-0.08452509,4.7902727,-19.903397,23.995468,-0.6904297,-7.183195495605469,8.035368347167967,750192,0.0,15.511398,1.703042,12.257477,23.995468,-0.0858701,0.422533,-1.3526602,0.7076381,281.85303,4.6639676,260.58273,293.67688,282.0661,273.57176208496094,288.7673278808594,750192,0.0,291.20908,0.7706431,289.53888,293.67688,281.85483,0.5665382,280.64728,283.2931,285.10492,4.16446,267.5196,299.93884,285.07965,278.1467590332031,291.2628143310547,750192,0.0,295.90186,1.4665618,292.97607,299.93884,285.1056,0.5631624,283.7002,286.5094,101644.88,988.6565,95423.31,104819.375,101743.0,99853.1875,103117.903125,750192,0.0,104073.1,262.0463,103543.375,104819.375,101645.29,130.10472,101281.83,101931.26,286.0685,3.4615514,279.198,293.4414,285.81567,281.269287109375,291.20654296875,750192,0.0,291.41046,0.69991297,290.09424,293.4414,286.06644,0.45643422,285.0785,287.2555,101598.88,988.1885,95379.39,104771.06,101697.11,99807.51171875,103070.705078125,750192,0.0,104025.164,261.79916,103496.664,104771.06,101599.28,130.06357,101235.984,101885.195,0.00010470332,0.0003126226,0.0,0.011548042,2.3841858e-06,0.0,0.0006036758422851562,750168,3.1991810096609896e-05,0.0057332017,0.0016692269,0.0031700134,0.011548042,0.00010463088,1.5596142e-05,6.852833e-05,0.00014216402,231.38774,94.7435,0.000779941,360.00174,270.85223,29.81773,330.53146,750192,0.0,359.91397,0.08196038,359.637,360.00174,231.31706,8.89598,209.47118,253.99518,5.465972,1.771938,2.2613478,15.306106,4.996232,3.4316013,9.082833,750192,0.0,13.108491,0.8892403,10.235293,15.306106,5.466541,0.21952477,4.9937263,5.934349,0.81470525,0.47461247,0.07235679,4.0158577,0.69533193,0.28052223,1.757339,750192,0.0,3.2402506,0.27925178,2.6073444,4.0158577,0.8140887,0.054176915,0.6897829,0.9407472,3.74619e-07,1.3187957,-3.4698985,3.5381014,0.18010163,-2.2098984718322754,1.9271013736724854,400472,0.46617399279117877,2.8435118,0.19224542,2.2001016,3.5381014,0.0012127027,0.050806396,-0.117570564,0.14049768,-0.013851519271232971,1.317264614229775,-3.428763139788312,2.862438553618878,0.1531011455400661,-2.2177669532171653,1.8998305361723704,750192,0.0,2.6668744012343777,0.09839178467566297,2.4436349130591486,2.862438553618878,-0.01364695315763491,0.03602819286912843,-0.07610390056443346,0.047289383370164174,6.6869035e-08,0.1566347,-1.5155499,1.4832165,-0.010463454,-0.23327773958444595,0.2724305644631385,400472,0.46617399279117877,0.8149032,0.21057367,0.3276319,1.4832165,0.0009538194,0.039958008,-0.10681769,0.14565136,0.0,0.0,0,0,0.0,0.0,0.0,750192,0.0,0.0,0.0,0,0,0.0,0.0,0.0,0.0
450,1.1956564,3.7696743,-12.427826,20.625244,1.0147018,-4.704077911376953,7.57442398071289,750192,0.0,15.112977,1.8149407,11.104034,20.625244,1.1926005,0.4274384,0.18095185,2.239381,1.0403428,3.6195204,-14.351059,16.385925,1.1740189,-5.007704162597657,6.770575714111327,750192,0.0,12.422796,1.4195403,10.112488,16.385925,1.0414702,0.33159283,0.27901533,1.7756735,279.79852,4.456031,259.74368,295.23383,280.0592,272.28184661865237,286.69659423828125,750192,0.0,290.63092,1.0436096,288.7414,295.23383,279.8003,0.52119464,278.34515,281.12415,282.74112,4.5659304,261.3232,302.00482,282.83582,275.1889984130859,289.8699035644531,750192,0.0,297.22742,2.080036,293.48608,302.00482,282.74527,0.48859593,281.40738,283.89355,101253.83,1281.6926,94304.44,105078.56,101377.19,98930.75,103142.028125,750192,0.0,104195.74,327.7092,103295.81,105078.56,101254.79,155.34187,100849.22,101634.69,,,,,,,,0,1.0,,,,,,,,,100270.84,1274.1609,93376.805,104035.984,100395.484,97963.36796875,102136.984375,750192,0.0,103172.45,321.47147,102280.625,104035.984,100271.766,154.16597,99871.92,100647.2,0.00015465778,0.00034434925,0.0,0.009331703,2.2411346e-05,0.0,0.0007781982421875,750168,3.1991810096609896e-05,0.0051005385,0.0012299019,0.0033926964,0.009331703,0.00015454834,1.8084562e-05,0.000120916,0.0001941799,279.65567,57.694164,0.00059154537,360.0007,289.0775,169.02171,341.45392,750192,0.0,359.86667,0.15219577,359.2163,360.0007,279.657,4.9171677,263.25772,290.10156,8.145233,2.126452,2.805935,17.155369,7.949555,5.0123353,11.966391,750192,0.0,15.292393,0.7788716,13.494646,17.155369,8.144998,0.27038878,7.565644,8.759872,1.2227715,0.7265398,0.112353444,7.769272,1.0437002,0.4133083,2.6670659,750192,0.0,5.2699957,0.8044004,3.5424602,7.769272,1.2218904,0.10178874,0.9801885,1.443377,-6.9572086e-09,0.9638728,-2.5718234,2.8121767,-0.007823372,-1.5068234205245972,1.518176555633545,140367,0.8128918996736836,2.4007874,0.18097611,2.1291766,2.8121767,-0.0035076423,0.04567865,-0.10687438,0.0732363,-0.02534160705735811,0.9472191734836101,-2.3389179670625997,2.3450177707406086,-0.0322408242214352,-1.5016210289250123,1.4630850136827884,750192,0.0,2.208767683048127,0.07571854682413821,2.017461957131247,2.3450177707406086,-0.0253582932928305,0.021206073209712753,-0.06198159166572338,0.011600576323283832,-3.8973412e-06,0.16488722,-1.6278255,1.2844259,-0.011938741,-0.24100215435028077,0.278566801548004,140367,0.8128918996736836,0.9337301,0.20979425,0.5028055,1.2844259,0.00016407442,0.038409054,-0.048580006,0.060076863,0.0,0.0,0,0,0.0,0.0,0.0,750192,0.0,0.0,0.0,0,0,0.0,0.0,0.0,0.0
451,1.1956564,3.7696743,-12.427826,20.625244,1.0147018,-4.704077911376953,7.57442398071289,750192,0.0,15.112977,1.8149407,11.104034,20.625244,1.1926005,0.4274384,0.18095185,2.239381,1.0403428,3.6195204,-14.351059,16.385925,1.1740189,-5.007704162597657,6.770575714111327,750192,0.0,12.422796,1.4195403,10.112488,16.385925,1.0414702,0.33159283,0.27901533,1.7756735,279.79852,4.456031,259.74368,295.23383,280.0592,272.28184661865237,286.69659423828125,750192,0.0,290.63092,1.0436096,288.7414,295.23383,279.8003,0.52119464,278.34515,281.12415,282.74112,4.5659304,261.3232,302.00482,282.83582,275.1889984130859,289.8699035644531,750192,0.0,297.22742,2.080036,293.48608,302.00482,282.74527,0.48859593,281.40738,283.89355,101253.83,1281.6926,94304.44,105078.56,101377.19,98930.75,103142.028125,750192,0.0,104195.74,327.7092,103295.81,105078.56,101254.79,155.34187,100849.22,101634.69,,,,,,,,0,1.0,,,,,,,,,100270.84,1274.1609,93376.805,104035.984,100395.484,97963.36796875,102136.984375,750192,0.0,103172.45,321.47147,102280.625,104035.984,100271.766,154.16597,99871.92,100647.2,0.00015465778,0.00034434925,0.0,0.009331703,2.2411346e-05,0.0,0.0007781982421875,750168,3.1991810096609896e-05,0.0051005385,0.0012299019,0.0033926964,0.009331703,0.00015454834,1.8084562e-05,0.000120916,0.0001941799,279.65567,57.694164,0.00059154537,360.0007,289.0775,169.02171,341.45392,750192,0.0,359.86667,0.15219577,359.2163,360.0007,279.657,4.9171677,263.25772,290.10156,8.145233,2.126452,2.805935,17.155369,7.949555,5.0123353,11.966391,750192,0.0,15.292393,0.7788716,13.494646,17.155369,8.144998,0.27038878,7.565644,8.759872,1.2227715,0.7265398,0.112353444,7.769272,1.0437002,0.4133083,2.6670659,750192,0.0,5.2699957,0.8044004,3.5424602,7.769272,1.2218904,0.10178874,0.9801885,1.443377,-5.0087787e-09,0.94840395,-2.484613,2.821387,-0.0016129985,-1.4896130561828613,1.490386962890625,134042,0.821323074626229,2.3775046,0.24791291,1.721387,2.821387,-0.0021377748,0.023870535,-0.058494627,0.0434453,-0.03126478919677656,0.9290631496980024,-2.2769915559106186,2.3094726907009813,-0.03238056856391404,-1.487325747875022,1.4249003260680346,750192,0.0,2.1712439177242735,0.07707758149664388,1.9922361676659923,2.3094726907009813,-0.031271752530883275,0.021401613235192466,-0.06823034754405617,0.00597850031423428,3.5844641e-06,0.1669038,-1.7577331,1.2092433,-0.00969612,-0.24969885721802712,0.28442980796098705,134042,0.821323074626229,0.85995024,0.22829235,0.19107272,1.2092433,0.0015890433,0.01820385,-0.029103704,0.038610447,0.0,0.0,0,0,0.0,0.0,0.0,750192,0.0,0.0,0.0,0,0,0.0,0.0,0.0,0.0
452,2.4275196,6.1203074,-19.50412,28.759262,2.6466293,-7.4912841796875,12.29299621582031,750192,0.0,21.793272,2.2517803,16.445587,28.759262,2.4224114,0.73993814,0.808401,4.197948,1.4511526,6.055737,-23.285828,22.459824,1.7020187,-8.616221618652343,10.900326538085935,750192,0.0,18.771606,1.5556439,15.683533,22.459824,1.4534432,0.5721062,0.14780407,2.6766288,280.38565,3.9827607,265.10913,290.52615,280.69775,273.5640899658203,286.50225830078125,750192,0.0,288.73087,0.76613885,287.32098,290.52615,280.38812,0.42772773,279.08905,281.47943,283.71512,3.1428702,272.67334,293.74426,283.68845,278.6629867553711,288.2881134033203,750192,0.0,291.09753,1.1319773,288.73563,293.74426,283.7171,0.38299972,282.70578,284.7281,101213.06,1304.7928,94122.56,105152.81,101338.375,98842.9375,103127.125,750192,0.0,104168.53,337.79092,103183.94,105152.81,101213.98,158.91261,100803.26,101613.12,284.77164,2.3971179,280.46777,290.74072,284.43115,281.924560546875,288.2841796875,750192,0.0,288.5842,0.8663708,286.9497,290.74072,284.7716,0.3179908,283.96634,285.57703,101118.99,1303.7297,94035.06,105052.984,101244.36,98750.21953125,103030.97578125,750192,0.0,104070.86,337.20963,103088.34,105052.984,101119.91,158.79211,100709.68,101518.58,0.00015948644,0.00035528277,0.0,0.009477615,2.9563904e-05,0.0,0.0008072853088378906,750168,3.1991810096609896e-05,0.0051571936,0.0011848693,0.003303051,0.009477615,0.0001594005,1.779424e-05,0.00011880844,0.00020879463,260.99164,73.4738,1.0154001e-05,360.00232,274.672,48.059044,345.50897,750192,0.0,359.9552,0.047652863,359.75113,360.00232,260.97943,6.311943,235.94548,274.87286,8.570666,1.8474478,3.8645802,16.471434,8.433648,5.7954035,11.80955,750192,0.0,14.84194,0.70823884,12.970977,16.471434,8.56996,0.24220425,7.9226284,9.17151,2.5596645,1.3733425,0.37196517,13.664002,2.2584615,0.94585764,5.2378,750192,0.0,9.7930765,1.3340008,6.964244,13.664002,2.558173,0.18202265,2.0877645,2.954982,1.2757774e-08,0.8978609,-2.3762348,2.878765,-0.00723489,-1.403234839439392,1.4197651147842407,124388,0.8341917802375926,2.2795298,0.19387063,1.9127651,2.878765,-0.0014147351,0.04284606,-0.15040249,0.040483557,0.02026017042770219,0.8793878023574502,-2.1701541678489837,2.231241634483456,0.01292350012509887,-1.3505017255779657,1.4123901497441032,750192,0.0,2.1169744879449706,0.06815197282817424,1.9688796338194787,2.231241634483456,0.019989726181338183,0.0158325036265803,-0.0347973697315637,0.04566123596008308,2.5270207e-08,0.15678702,-0.82418096,0.9633665,-0.0059837676,-0.23404224961996078,0.2665956690907478,124388,0.8341917802375926,0.6794272,0.1535469,0.388765,0.9633665,-0.0022774597,0.043596007,-0.15323617,0.038409136,0.0,0.0,0,0,0.0,0.0,0.0,750192,0.0,0.0,0.0,0,0,0.0,0.0,0.0,0.0
453,1.1956564,3.7696743,-12.427826,20.625244,1.0147018,-4.704077911376953,7.57442398071289,750192,0.0,15.112977,1.8149407,11.104034,20.625244,1.1926005,0.4274384,0.18095185,2.239381,1.0403428,3.6195204,-14.351059,16.385925,1.1740189,-5.007704162597657,6.770575714111327,750192,0.0,12.422796,1.4195403,10.112488,16.385925,1.0414702,0.33159283,0.27901533,1.7756735,279.79852,4.456031,259.74368,295.23383,280.0592,272.28184661865237,286.69659423828125,750192,0.0,290.63092,1.0436096,288.7414,295.23383,279.8003,0.52119464,278.34515,281.12415,282.74112,4.5659304,261.3232,302.00482,282.83582,275.1889984130859,289.8699035644531,750192,0.0,297.22742,2.080036,293.48608,302.00482,282.74527,0.48859593,281.40738,283.89355,101253.83,1281.6926,94304.44,105078.56,101377.19,98930.75,103142.028125,750192,0.0,104195.74,327.7092,103295.81,105078.56,101254.79,155.34187,100849.22,101634.69,,,,,,,,0,1.0,,,,,,,,,100270.84,1274.1609,93376.805,104035.984,100395.484,97963.36796875,102136.984375,750192,0.0,103172.45,321.47147,102280.625,104035.984,100271.766,154.16597,99871.92,100647.2,0.00015465778,0.00034434925,0.0,0.009331703,2.2411346e-05,0.0,0.0007781982421875,750168,3.1991810096609896e-05,0.0051005385,0.0012299019,0.0033926964,0.009331703,0.00015454834,1.8084562e-05,0.000120916,0.0001941799,279.65567,57.694164,0.00059154537,360.0007,289.0775,169.02171,341.45392,750192,0.0,359.86667,0.15219577,359.2163,360.0007,279.657,4.9171677,263.25772,290.10156,8.145233,2.126452,2.805935,17.155369,7.949555,5.0123353,11.966391,750192,0.0,15.292393,0.7788716,13.494646,17.155369,8.144998,0.27038878,7.565644,8.759872,1.2227715,0.7265398,0.112353444,7.769272,1.0437002,0.4133083,2.6670659,750192,0.0,5.2699957,0.8044004,3.5424602,7.769272,1.2218904,0.10178874,0.9801885,1.443377,5.742807e-09,0.9624585,-2.4876714,2.7423286,-0.012671415,-1.497671365737915,1.528328537940979,100967,0.8654117879156269,2.4166858,0.17812143,2.1393285,2.7423286,-0.0018230869,0.053559214,-0.0967786,0.093343355,-0.23970850481286024,0.9673402421501908,-2.822231398369249,2.4325174030120316,-0.24943170439720497,-1.7544649282562952,1.296981182023535,750192,0.0,2.044288598411596,0.18864519860036325,1.6247188748095307,2.4325174030120316,-0.23842174146422485,0.17379471444558123,-0.53682191487498,0.05402639445237629,4.773784e-06,0.15758815,-0.8174626,1.3370447,-0.01154779,-0.2317430019378662,0.2712987661361693,100967,0.8654117879156269,0.87531525,0.22085832,0.57562035,1.3370447,-0.0057274015,0.037389852,-0.059243586,0.074220404,0.0,0.0,0,0,0.0,0.0,0.0,750192,0.0,0.0,0.0,0,0,0.0,0.0,0.0,0.0
455,1.3917935,5.3561172,-19.975769,23.920578,1.543747,-8.04517593383789,9.80373306274414,750192,0.0,17.733746,1.7867556,14.668793,23.920578,1.3858553,0.6435047,-0.09786756,2.8459344,1.4727405,5.8899307,-21.86905,23.728409,1.8260803,-8.292877197265625,10.703295135498042,750192,0.0,19.184345,1.8271708,15.100586,23.728409,1.4745052,0.54883265,0.14641854,2.6911952,280.0212,4.088004,263.23633,289.66718,280.23486,272.8709716796875,286.11151123046875,750192,0.0,288.1154,0.6186543,286.70703,289.66718,280.02313,0.49750668,278.81827,281.21497,283.04443,3.3611083,271.2068,292.55322,283.05115,277.6342498779297,287.8788116455078,750192,0.0,290.3083,0.90466684,288.60712,292.55322,283.04602,0.46462193,282.03094,284.22244,101280.38,1251.8369,94420.75,104964.06,101398.56,99032.0,103132.8125,750192,0.0,104178.91,320.23053,103219.25,104964.06,101281.58,148.90501,100898.47,101614.02,283.7255,2.8264005,278.6609,289.16724,283.74268,280.13134765625,287.32275390625,750192,0.0,287.43762,0.65226996,285.87622,289.16724,283.72473,0.410723,282.74646,284.9233,101266.266,1251.7147,94406.664,104948.984,101384.49,99018.027734375,103118.323828125,750192,0.0,104164.14,320.112,103204.86,104948.984,101267.42,148.89496,100884.36,101599.8,0.00012744336,0.00032603217,0.0,0.0088095665,9.536743e-06,0.0,0.00070953369140625,750168,3.1991810096609896e-05,0.0047629545,0.0008992356,0.0031895638,0.0088095665,0.00012729011,1.4257128e-05,9.6473355e-05,0.00015567354,226.16576,80.543045,0.00021898026,359.99664,234.2904,59.55078,331.5643,750192,0.0,359.85675,0.13494836,359.2855,359.99664,226.1181,7.232317,201.35286,240.84845,4.817011,1.2178204,1.8285732,14.044417,4.637227,3.2269025,6.975945,750192,0.0,11.558168,1.1127863,9.18791,14.044417,4.8161855,0.15611126,4.4477053,5.3167524,0.86831796,0.60490346,0.03495242,6.2726645,0.71777785,0.20006034,2.0639045,750192,0.0,4.3495884,0.5954943,3.386212,6.2726645,0.867576,0.06207445,0.71646345,1.0452349,1.3648895e-07,1.0352805,-2.7747788,3.0132213,0.007221222,-1.581778883934021,1.5632212162017822,275463,0.6328100006398363,2.5034785,0.21660268,2.0542212,3.0132213,0.0017111718,0.0624162,-0.09568625,0.16211057,-0.12402059696177392,1.0209088956721823,-2.56305730204573,2.2384115650844643,-0.11950925866714239,-1.682205331692366,1.4136258429548862,750192,0.0,1.977422029340714,0.13666974672935311,1.6807098349328697,2.2384115650844643,-0.12318550979433503,0.12265269497443185,-0.3341777386326718,0.0843389590939332,1.451303e-08,0.19407097,-1.2387569,1.5546051,-0.016576184,-0.28150072097778317,0.3399047940969466,275463,0.6328100006398363,1.064179,0.19858502,0.6684277,1.5546051,-0.0023818745,0.03174431,-0.11140292,0.045286484,0.0,0.0,0,0,0.0,0.0,0.0,750192,0.0,0.0,0.0,0,0,0.0,0.0,0.0,0.0
456,1.2590396,4.711406,-18.553894,21.406616,1.4050293,-7.009259033203125,8.616708374023432,750192,0.0,15.801517,1.6321753,12.869522,21.406616,1.2540044,0.5635149,-0.07233144,2.5253947,1.3046334,5.148628,-20.20694,21.22406,1.7092819,-7.380072784423828,9.252686309814447,750192,0.0,16.824127,1.6064866,13.221222,21.22406,1.3061517,0.48098072,0.1456351,2.3881445,279.88968,4.0511346,262.77917,290.20276,280.09723,272.85350494384767,285.9486968994141,750192,0.0,288.19794,0.6971274,286.67578,290.20276,279.8917,0.4922961,278.66873,281.0955,282.80136,3.4769773,271.04858,292.58832,282.84503,277.1607360839844,287.88502349853513,750192,0.0,290.60303,0.8228892,288.97235,292.58832,282.8035,0.46307728,281.76285,283.9828,101275.13,1255.6377,94442.56,104986.56,101393.375,99020.596875,103134.375,750192,0.0,104179.65,322.04852,103224.0,104986.56,101276.29,149.31432,100890.91,101612.36,283.51572,2.785136,278.64526,288.9934,283.57568,280.00390625,287.020263671875,750192,0.0,287.10834,0.66106653,285.49536,288.9934,283.5152,0.41040844,282.49677,284.67435,100910.68,1251.953,94097.734,104598.984,101029.56,98662.372265625,102762.06640625,750192,0.0,103800.47,319.9671,102855.86,104598.984,100911.88,148.88269,100528.695,101246.32,0.00013581263,0.00034388047,0.0,0.008719921,1.04904175e-05,0.0,0.0007600784301757812,750168,3.1991810096609896e-05,0.0048582833,0.0009979326,0.0031046867,0.008719921,0.00013565912,1.4982387e-05,0.000104904975,0.00016232506,225.65146,86.59991,8.032884e-05,360.00253,237.74352,54.40043,337.90677,750192,0.0,359.88376,0.109450035,359.55457,360.00253,225.60068,7.6076884,200.86192,241.43784,4.7284465,1.1997496,1.9508572,14.467867,4.5348716,3.203019,6.8949375,750192,0.0,11.6873455,1.0841299,9.333672,14.467867,4.727573,0.14362697,4.3832035,5.184511,0.8665302,0.59084725,0.040519226,5.7899985,0.7252798,0.20419152,2.0315847,750192,0.0,4.151569,0.5339201,3.232628,5.7899985,0.8657911,0.053131446,0.7156756,1.0024453,-1.7004655e-07,0.8990815,-2.3629313,2.639069,0.022068739,-1.3849310874938965,1.3420689105987549,221820,0.7043156951820334,2.133843,0.26805547,1.4050689,2.639069,-0.008293421,0.07237152,-0.1631839,0.16664219,-0.15325566699774285,0.8890601064660821,-2.303462342144483,1.9200863982120318,-0.13511578183409248,-1.5190695609521703,1.1709975257453968,750192,0.0,1.6355326313648328,0.14738559001381607,1.3164120582874126,1.9200863982120318,-0.15228464940845501,0.13739600613231653,-0.38842070352846125,0.07968583224230522,-6.078834e-06,0.18009025,-1.3433114,1.7503556,-0.0137019325,-0.26854108572006224,0.31206285357475266,221817,0.7043196941582954,0.9294965,0.28284112,0.3074598,1.7503556,-0.0046893293,0.049289763,-0.17392984,0.08500502,3.998976262076909e-06,0.0019997400506730273,0,1,0.0,0.0,0.0,750192,0.0,0.023255813953488372,0.1507148999629735,0,1,3.974906444628973e-06,2.7175969708039676e-05,0.0,0.00022768670309653916
457,1.1956564,3.7696743,-12.427826,20.625244,1.0147018,-4.704077911376953,7.57442398071289,750192,0.0,15.112977,1.8149407,11.104034,20.625244,1.1926005,0.4274384,0.18095185,2.239381,1.0403428,3.6195204,-14.351059,16.385925,1.1740189,-5.007704162597657,6.770575714111327,750192,0.0,12.422796,1.4195403,10.112488,16.385925,1.0414702,0.33159283,0.27901533,1.7756735,279.79852,4.456031,259.74368,295.23383,280.0592,272.28184661865237,286.69659423828125,750192,0.0,290.63092,1.0436096,288.7414,295.23383,279.8003,0.52119464,278.34515,281.12415,282.74112,4.5659304,261.3232,302.00482,282.83582,275.1889984130859,289.8699035644531,750192,0.0,297.22742,2.080036,293.48608,302.00482,282.74527,0.48859593,281.40738,283.89355,101253.83,1281.6926,94304.44,105078.56,101377.19,98930.75,103142.028125,750192,0.0,104195.74,327.7092,103295.81,105078.56,101254.79,155.34187,100849.22,101634.69,,,,,,,,0,1.0,,,,,,,,,100270.84,1274.1609,93376.805,104035.984,100395.484,97963.36796875,102136.984375,750192,0.0,103172.45,321.47147,102280.625,104035.984,100271.766,154.16597,99871.92,100647.2,0.00015465778,0.00034434925,0.0,0.009331703,2.2411346e-05,0.0,0.0007781982421875,750168,3.1991810096609896e-05,0.0051005385,0.0012299019,0.0033926964,0.009331703,0.00015454834,1.8084562e-05,0.000120916,0.0001941799,279.65567,57.694164,0.00059154537,360.0007,289.0775,169.02171,341.45392,750192,0.0,359.86667,0.15219577,359.2163,360.0007,279.657,4.9171677,263.25772,290.10156,8.145233,2.126452,2.805935,17.155369,7.949555,5.0123353,11.966391,750192,0.0,15.292393,0.7788716,13.494646,17.155369,8.144998,0.27038878,7.565644,8.759872,1.2227715,0.7265398,0.112353444,7.769272,1.0437002,0.4133083,2.6670659,750192,0.0,5.2699957,0.8044004,3.5424602,7.769272,1.2218904,0.10178874,0.9801885,1.443377,1.9317097e-08,0.96723485,-2.899441,2.830559,-0.010440934,-1.5094408988952637,1.5215591192245483,142184,0.8104698530509523,2.4020033,0.17375018,2.1305592,2.830559,-0.0020725417,0.060780108,-0.16468665,0.095165335,0.03017605104703577,0.94336686482478,-2.2594606652286577,2.410521320966018,0.02386622960770434,-1.4371487629347595,1.5129531966649945,750192,0.0,2.2750022559035576,0.0830999596239451,2.0933664254329236,2.410521320966018,0.029830692700175274,0.022222869970611996,-0.040134867006475755,0.06635493195968846,5.7542955e-05,0.20523436,-1.9106594,1.2672304,-0.0043371255,-0.2447488270699978,0.30606505721807475,142180,0.8104751850193017,0.9268619,0.21164721,0.44516048,1.2672304,-0.00022625344,0.057065982,-0.16164404,0.09819859,5.3319683494358774e-06,0.0023090993741174074,0,1,0.0,0.0,0.0,750192,0.0,0.011627906976744186,0.10720400531735916,0,1,5.3095465647233726e-06,4.895160060153386e-05,0.0,0.00045662100456621003
458,1.1956564,3.7696743,-12.427826,20.625244,1.0147018,-4.704077911376953,7.57442398071289,750192,0.0,15.112977,1.8149407,11.104034,20.625244,1.1926005,0.4274384,0.18095185,2.239381,1.0403428,3.6195204,-14.351059,16.385925,1.1740189,-5.007704162597657,6.770575714111327,750192,0.0,12.422796,1.4195403,10.112488,16.385925,1.0414702,0.33159283,0.27901533,1.7756735,279.79852,4.456031,259.74368,295.23383,280.0592,272.28184661865237,286.69659423828125,750192,0.0,290.63092,1.0436096,288.7414,295.23383,279.8003,0.52119464,278.34515,281.12415,282.74112,4.5659304,261.3232,302.00482,282.83582,275.1889984130859,289.8699035644531,750192,0.0,297.22742,2.080036,293.48608,302.00482,282.74527,0.48859593,281.40738,283.89355,101253.83,1281.6926,94304.44,105078.56,101377.19,98930.75,103142.028125,750192,0.0,104195.74,327.7092,103295.81,105078.56,101254.79,155.34187,100849.22,101634.69,,,,,,,,0,1.0,,,,,,,,,100270.84,1274.1609,93376.805,104035.984,100395.484,97963.36796875,102136.984375,750192,0.0,103172.45,321.47147,102280.625,104035.984,100271.766,154.16597,99871.92,100647.2,0.00015465778,0.00034434925,0.0,0.009331703,2.2411346e-05,0.0,0.0007781982421875,750168,3.1991810096609896e-05,0.0051005385,0.0012299019,0.0033926964,0.009331703,0.00015454834,1.8084562e-05,0.000120916,0.0001941799,279.65567,57.694164,0.00059154537,360.0007,289.0775,169.02171,341.45392,750192,0.0,359.86667,0.15219577,359.2163,360.0007,279.657,4.9171677,263.25772,290.10156,8.145233,2.126452,2.805935,17.155369,7.949555,5.0123353,11.966391,750192,0.0,15.292393,0.7788716,13.494646,17.155369,8.144998,0.27038878,7.565644,8.759872,1.2227715,0.7265398,0.112353444,7.769272,1.0437002,0.4133083,2.6670659,750192,0.0,5.2699957,0.8044004,3.5424602,7.769272,1.2218904,0.10178874,0.9801885,1.443377,-7.7949e-09,0.9468079,-2.8488836,2.8081162,-0.001883829,-1.4838838577270508,1.4881161451339722,132623,0.8232145903981913,2.3459399,0.2297196,1.6901162,2.8081162,-0.0035283226,0.03246854,-0.07458869,0.04290154,-0.13073095088107184,0.9303691555314575,-2.4935328097603913,2.301887415807446,-0.13113560668691449,-1.5917268478435018,1.3290554978639675,750192,0.0,2.062442343857739,0.11869840026521959,1.7940534388232947,2.301887415807446,-0.13013629913323177,0.09314557859878599,-0.2905256882115204,0.027702931663424978,0.0010388151,0.16349776,-1.9632355,1.1409507,-0.009175954,-0.24090315103530885,0.2798662468791007,132582,0.8232692430737731,0.8023838,0.21519084,0.15614806,1.1409507,0.0021862334,0.023150085,-0.042894267,0.046634194,5.465267558171775e-05,0.0073925427740913026,0,1,0.0,0.0,0.0,750192,0.0,0.023255813953488372,0.1507148999629735,0,1,5.433943728090867e-05,0.00035477220364854356,0.0,0.0026183970856102005
459,2.4275196,6.1203074,-19.50412,28.759262,2.6466293,-7.4912841796875,12.29299621582031,750192,0.0,21.793272,2.2517803,16.445587,28.759262,2.4224114,0.73993814,0.808401,4.197948,1.4511526,6.055737,-23.285828,22.459824,1.7020187,-8.616221618652343,10.900326538085935,750192,0.0,18.771606,1.5556439,15.683533,22.459824,1.4534432,0.5721062,0.14780407,2.6766288,280.38565,3.9827607,265.10913,290.52615,280.69775,273.5640899658203,286.50225830078125,750192,0.0,288.73087,0.76613885,287.32098,290.52615,280.38812,0.42772773,279.08905,281.47943,283.71512,3.1428702,272.67334,293.74426,283.68845,278.6629867553711,288.2881134033203,750192,0.0,291.09753,1.1319773,288.73563,293.74426,283.7171,0.38299972,282.70578,284.7281,101213.06,1304.7928,94122.56,105152.81,101338.375,98842.9375,103127.125,750192,0.0,104168.53,337.79092,103183.94,105152.81,101213.98,158.91261,100803.26,101613.12,284.77164,2.3971179,280.46777,290.74072,284.43115,281.924560546875,288.2841796875,750192,0.0,288.5842,0.8663708,286.9497,290.74072,284.7716,0.3179908,283.96634,285.57703,101118.99,1303.7297,94035.06,105052.984,101244.36,98750.21953125,103030.97578125,750192,0.0,104070.86,337.20963,103088.34,105052.984,101119.91,158.79211,100709.68,101518.58,0.00015948644,0.00035528277,0.0,0.009477615,2.9563904e-05,0.0,0.0008072853088378906,750168,3.1991810096609896e-05,0.0051571936,0.0011848693,0.003303051,0.009477615,0.0001594005,1.779424e-05,0.00011880844,0.00020879463,260.99164,73.4738,1.0154001e-05,360.00232,274.672,48.059044,345.50897,750192,0.0,359.9552,0.047652863,359.75113,360.00232,260.97943,6.311943,235.94548,274.87286,8.570666,1.8474478,3.8645802,16.471434,8.433648,5.7954035,11.80955,750192,0.0,14.84194,0.70823884,12.970977,16.471434,8.56996,0.24220425,7.9226284,9.17151,2.5596645,1.3733425,0.37196517,13.664002,2.2584615,0.94585764,5.2378,750192,0.0,9.7930765,1.3340008,6.964244,13.664002,2.558173,0.18202265,2.0877645,2.954982,9.090729e-09,0.89726764,-2.7063587,2.4956415,-0.006358497,-1.4013584852218628,1.420641541481018,120852,0.8389052402584938,2.243759,0.15563864,1.8936416,2.4956415,-0.0042970725,0.053613633,-0.14486669,0.053480007,-0.1313687487113665,0.8814434283018152,-2.4231037224678698,2.202330761221977,-0.13862584755768112,-1.507725470567673,1.2652792718217785,750192,0.0,1.9624898414125207,0.11728967090527105,1.6793172379562682,2.202330761221977,-0.13068305701202673,0.09564912644768969,-0.2950599766152469,0.03049200624843729,0.0013469537,0.15951088,-1.9761673,0.8674728,-0.0028895685,-0.23753833547234535,0.26697439551353447,120798,0.8389772218312113,0.6255641,0.17057571,0.32141322,0.8674728,-0.0031444838,0.054042052,-0.17446673,0.063465856,7.198157271738436e-05,0.008483890108350855,0,1,0.0,0.0,0.0,750192,0.0,0.011627906976744186,0.10720400531735916,0,1,7.167887862376553e-05,0.0006608466081207072,0.0,0.0061643835616438354
46,1.3825079,5.7611356,-19.213684,28.212402,1.7075577,-8.146815490722656,10.605242156982417,750192,0.0,19.611557,2.0044563,16.246368,28.212402,1.3742741,0.7464921,-0.62717277,2.7529132,0.13824558,4.8872538,-20.865372,24.13707,-0.24518585,-7.377484130859375,8.43235626220703,750192,0.0,16.829355,1.6951977,13.972275,24.13707,0.1378674,0.4240385,-0.97618663,1.0003588,282.01813,4.3227434,262.66367,293.0196,282.36523,274.30943450927737,288.22401275634763,750192,0.0,290.24725,0.7224204,288.6585,293.0196,282.0203,0.5060271,281.00375,283.27292,285.06512,3.4313004,269.5181,300.62482,285.0938,279.2828567504883,289.987060546875,750192,0.0,294.1321,1.8232167,290.84412,300.62482,285.06616,0.47528923,283.8317,286.20197,101639.67,1012.42816,95432.56,104851.125,101751.56,99792.375,103128.375,750192,0.0,104074.305,268.37173,103500.5,104851.125,101639.98,133.76527,101258.555,101933.79,285.8481,2.3896854,280.8667,290.93774,285.74487,282.5205078125,289.302490234375,750192,0.0,289.65442,0.58135223,288.47607,290.93774,285.84756,0.3415509,284.93723,286.6617,101432.6,1010.38916,95233.39,104634.3,101544.97,99587.989453125,102916.60078125,750192,0.0,103859.234,267.3614,103288.56,104634.3,101432.93,133.56523,101052.336,101726.52,0.00011049782,0.00032497328,0.0,0.010900497,3.8146973e-06,0.0,0.0006365776062011719,750168,3.1991810096609896e-05,0.005747335,0.0017164084,0.002943039,0.010900497,0.000110433306,1.5095323e-05,6.622386e-05,0.00014713855,250.19154,82.26035,0.00050794636,359.99875,276.76984,38.370575,322.6254,750192,0.0,359.88788,0.09177013,359.55893,359.99875,250.15094,7.5508075,228.80226,265.28354,7.9403334,2.011523,3.1244764,17.177856,7.6906714,5.091672,11.572464,750192,0.0,14.732143,0.7982414,12.56014,17.177856,7.9405937,0.27200902,7.349273,8.629137,1.8331652,1.026066,0.20707864,10.652237,1.5790141,0.66668135,3.8426461,750192,0.0,7.3956704,1.1485842,4.7831583,10.652237,1.8322995,0.12953226,1.5354666,2.0879402,0.00035341244,2.0987065,-4.9972076,4.6627917,0.08279228,-3.3772077560424805,3.1727919578552246,430358,0.42633619126836864,4.400177,0.14316931,3.9927926,4.6627917,-0.001218321,0.045420725,-0.106419936,0.11555096,-0.04059746599697939,2.0917992726064725,-5.153935942386196,4.586582149410298,0.04162520330877176,-3.4130833722212643,3.131421380828492,750192,0.0,4.323745070102907,0.14471044027910393,3.974270730759851,4.586582149410298,-0.040200343543626914,0.06098413570523889,-0.145236199764694,0.06269335991460996,-7.658504e-09,0.14552869,-1.1225102,1.3395007,-0.008302787,-0.2226327806711197,0.25280370116233813,430358,0.42633619126836864,0.69462615,0.15500033,0.4906156,1.3395007,-0.00032974064,0.026075207,-0.059651665,0.05501642,0.0,0.0,0,0,0.0,0.0,0.0,750192,0.0,0.0,0.0,0,0,0.0,0.0,0.0,0.0
460,1.1956564,3.7696743,-12.427826,20.625244,1.0147018,-4.704077911376953,7.57442398071289,750192,0.0,15.112977,1.8149407,11.104034,20.625244,1.1926005,0.4274384,0.18095185,2.239381,1.0403428,3.6195204,-14.351059,16.385925,1.1740189,-5.007704162597657,6.770575714111327,750192,0.0,12.422796,1.4195403,10.112488,16.385925,1.0414702,0.33159283,0.27901533,1.7756735,279.79852,4.456031,259.74368,295.23383,280.0592,272.28184661865237,286.69659423828125,750192,0.0,290.63092,1.0436096,288.7414,295.23383,279.8003,0.52119464,278.34515,281.12415,282.74112,4.5659304,261.3232,302.00482,282.83582,275.1889984130859,289.8699035644531,750192,0.0,297.22742,2.080036,293.48608,302.00482,282.74527,0.48859593,281.40738,283.89355,101253.83,1281.6926,94304.44,105078.56,101377.19,98930.75,103142.028125,750192,0.0,104195.74,327.7092,103295.81,105078.56,101254.79,155.34187,100849.22,101634.69,,,,,,,,0,1.0,,,,,,,,,100270.84,1274.1609,93376.805,104035.984,100395.484,97963.36796875,102136.984375,750192,0.0,103172.45,321.47147,102280.625,104035.984,100271.766,154.16597,99871.92,100647.2,0.00015465778,0.00034434925,0.0,0.009331703,2.2411346e-05,0.0,0.0007781982421875,750168,3.1991810096609896e-05,0.0051005385,0.0012299019,0.0033926964,0.009331703,0.00015454834,1.8084562e-05,0.000120916,0.0001941799,279.65567,57.694164,0.00059154537,360.0007,289.0775,169.02171,341.45392,750192,0.0,359.86667,0.15219577,359.2163,360.0007,279.657,4.9171677,263.25772,290.10156,8.145233,2.126452,2.805935,17.155369,7.949555,5.0123353,11.966391,750192,0.0,15.292393,0.7788716,13.494646,17.155369,8.144998,0.27038878,7.565644,8.759872,1.2227715,0.7265398,0.112353444,7.769272,1.0437002,0.4133083,2.6670659,750192,0.0,5.2699957,0.8044004,3.5424602,7.769272,1.2218904,0.10178874,0.9801885,1.443377,1.7015655e-08,0.9590564,-2.8411274,2.7288725,-0.011127371,-1.491127371788025,1.521872639656067,93262,0.8756824919487278,2.4239495,0.17887402,2.1258726,2.7288725,-0.0019980946,0.05380772,-0.09761315,0.09198992,-0.22466606161687705,0.9611913632586561,-2.7830198556917054,2.4296914273579415,-0.23486513056371214,-1.7287963399511608,1.3032742411689588,750192,0.0,2.056626719716813,0.17859089193363065,1.6537826145458918,2.4296914273579415,-0.22348434867297418,0.16217059043190774,-0.5019294441768445,0.04951433173987512,0.00017756702,0.16194704,-1.9592135,1.9734174,-0.010526964,-0.22917404174804684,0.2683357670903206,93248,0.8757011538379508,0.9903975,0.38589936,0.5763911,1.9734174,-0.0022586447,0.034341488,-0.057013936,0.074412875,1.8661889223025572e-05,0.004319900572572961,0,1,0.0,0.0,0.0,750192,0.0,0.03488372093023256,0.18348527718673838,0,1,1.8583412976531805e-05,9.97926416545211e-05,0.0,0.0006849315068493151
462,1.5254173,5.0224276,-14.864868,23.41072,1.4642563,-6.38056640625,9.87978286743164,750192,0.0,17.495075,1.8427147,14.348022,23.41072,1.520664,0.5723186,0.14689262,2.9071126,0.8975575,3.9184809,-17.354752,20.092178,0.67217255,-5.244483184814453,7.610582733154292,750192,0.0,14.217944,1.5160898,11.614609,20.092178,0.89761966,0.36510113,0.028633276,1.7401819,279.89853,4.6765356,257.87537,293.34985,280.01227,271.8538986206055,287.1128677368164,750192,0.0,290.53198,1.0789802,288.10483,293.34985,279.8995,0.58514696,278.504,281.1385,282.95053,4.5688677,265.82678,299.94348,282.90594,275.43560791015625,289.8393829345703,750192,0.0,295.69046,1.6805384,291.67508,299.94348,282.95303,0.60849905,281.36423,284.19742,101369.914,1198.917,94865.31,104770.375,101482.25,99217.25,103151.9375,750192,0.0,104201.26,313.3019,103218.31,104770.375,101371.07,144.01884,101019.73,101672.086,284.00214,4.0134444,275.3374,293.2312,283.8086,278.220703125,290.06396484375,750192,0.0,290.4896,1.2270646,288.15845,293.2312,284.00177,0.53236145,282.7686,285.17346,100821.23,1193.5022,94344.29,104193.01,100935.125,98676.176953125,102589.720703125,750192,0.0,103627.97,310.28912,102644.336,104193.01,100822.4,143.37544,100474.96,101121.14,0.00016062193,0.00037146526,0.0,0.010247707,1.335144e-05,0.0,0.0008883476257324219,750168,3.1991810096609896e-05,0.0049938853,0.0012229112,0.0031609535,0.010247707,0.00016038016,2.3337481e-05,0.00011200589,0.00021581013,219.13292,77.71576,0.001696286,360.00058,237.89107,65.33975,315.99588,750192,0.0,359.75027,0.24727285,358.6954,360.00058,219.07343,7.5454407,202.81789,236.5672,4.0512924,1.062903,1.6221962,12.043385,3.956934,2.5139625,5.9534388,750192,0.0,8.5285425,0.82163966,7.2639303,12.043385,4.050217,0.11223322,3.8058496,4.2915387,0.75967646,0.62333983,0.03187016,6.967843,0.57905364,0.13572977,2.013624,750192,0.0,4.666975,0.7991854,2.983458,6.967843,0.75880307,0.07144567,0.58106387,0.9647716,0.01978607,2.4196415,-4.9987216,6.8142786,-0.107721806,-3.5487217903137207,3.842278480529785,494422,0.3409393861838036,5.592929,0.2968568,4.9952784,6.8142786,0.01719631,0.103873916,-0.14378622,0.64746386,-0.013919739080307513,2.4040166509183245,-5.153077930976176,5.6381084280053635,-0.14533476672953538,-3.5415257812446916,3.7977960670093736,750192,0.0,5.279190757124348,0.17140781341659322,4.907776169782479,5.6381084280053635,-0.013620370385221138,0.06031993611998353,-0.11770586958709085,0.08997599732225436,-0.0039081383,0.24734405,-1.990449,1.9996203,-0.02716387,-0.3468399107456207,0.4148517325520515,492820,0.34307483950775264,1.5850633,0.29417297,0.9037915,1.9996203,-0.0042626807,0.057709385,-0.1544434,0.2195729,0.0021354533239490692,0.0461615983589206,0,1,0.0,0.0,0.0,750192,0.0,0.29069767441860467,0.45408428348294483,0,1,0.0021259765358661326,0.015088006631207818,0.0,0.14029680365296804
463,1.7801516,4.9794564,-19.368912,21.168076,2.0236816,-6.625263214111328,9.532445526123045,750192,0.0,17.21059,1.808419,14.261169,21.168076,1.7763095,0.6058203,0.041992202,3.2851167,1.0410488,5.3339577,-22.488327,19.709427,1.6525955,-8.577474212646484,9.01957550048828,750192,0.0,16.57622,1.2520765,13.993973,19.709427,1.0416192,0.5255479,-0.33852544,2.1693838,279.5289,4.445093,261.7893,291.85925,279.54523,272.08783264160155,286.4520980834961,750192,0.0,289.08606,1.0138173,286.77386,291.85925,279.53024,0.58399767,278.34,280.7354,282.46982,4.0934663,269.53094,295.77975,282.29858,276.0504623413086,288.9389343261719,750192,0.0,292.44434,1.1922221,290.05756,295.77975,282.47107,0.6039214,281.29828,283.70337,101336.12,1194.6366,94980.5,104838.19,101442.25,99199.0625,103118.965625,750192,0.0,104160.76,322.48215,103289.56,104838.19,101337.49,140.95734,101026.97,101608.32,282.86057,3.2942288,276.02417,291.45068,282.5813,278.343994140625,288.12060546875,750192,0.0,288.51065,1.2771858,286.07788,291.45068,282.8593,0.6244114,281.5448,284.65482,100693.03,1188.3477,94367.01,104152.33,100800.625,98564.903515625,102460.15625,750192,0.0,103489.38,318.69006,102618.42,104152.33,100694.35,140.20522,100385.9,100964.88,9.628987e-05,0.00027938286,0.0,0.008154869,1.9073486e-06,0.0,0.0005645751953125,750168,3.1991810096609896e-05,0.004585632,0.0010086242,0.0025372505,0.008154869,9.6135285e-05,1.3916312e-05,6.546539e-05,0.00012658535,,,,,,,,0,1.0,,,,,,,,,,,,,,,,0,1.0,,,,,,,,,,,,,,,,0,1.0,,,,,,,,,0.0048300535,1.3084387,-4.3990116,9.9619875,0.042988062,-2.063011884689331,1.9759881496429443,377281,0.4970874122891207,3.2002103,1.137843,2.5989883,9.9619875,0.003119683,0.12359408,-0.39506868,0.20199719,-0.14519560897524872,1.28389906617134,-3.5480693047203156,3.0361699318760227,-0.1149677436891834,-2.184458036661451,1.803072656518317,750192,0.0,2.6005280212811677,0.20529023796528775,2.184400124627933,3.0361699318760227,-0.1438441482528156,0.18231439490065793,-0.45724196836997694,0.1624481113555869,0.013936493,0.18696216,-1.9965471,1.9643689,-0.00097591017,-0.2390480875968933,0.3288338005542756,375717,0.49917221191375005,1.2074424,0.27457988,0.7447026,1.9643689,0.016691614,0.050432906,-0.0763068,0.22029185,0.002084799624629428,0.04561198565239814,0,1,0.0,0.0,0.0,750192,0.0,0.10465116279069768,0.30610340886251586,0,1,0.0020726598391120348,0.011936706984902009,0.0,0.10462204007285975
464,1.4170537,4.013523,-12.132874,19.733047,1.4591751,-4.9219970703125,8.089353942871092,750192,0.0,14.7122345,1.5786008,10.946259,19.733047,1.4134363,0.47185007,0.29439998,2.6568089,1.2818056,3.6762476,-15.249695,18.950485,0.9877777,-4.232257843017578,7.717558288574217,750192,0.0,14.310346,1.4790107,11.824524,18.950485,1.282011,0.35382032,0.52484,2.1771615,279.48538,4.7425566,257.93005,293.71143,279.70062,271.2589584350586,286.748762512207,750192,0.0,290.24997,1.0062548,287.7636,293.71143,279.4868,0.6062577,278.04266,280.76068,282.4742,4.7836595,260.64294,301.076,282.51508,274.4740051269531,289.6905014038086,750192,0.0,296.07376,2.0766087,291.83795,301.076,282.47742,0.631694,280.76236,283.7423,101315.76,1226.9442,94628.875,104832.125,101428.375,99117.5,103136.4375,750192,0.0,104197.08,321.29028,103168.25,104832.125,101317.01,145.56673,100953.94,101622.67,283.53378,3.908111,275.61963,292.04858,283.38354,277.9140625,289.365478515625,750192,0.0,289.64014,1.0050172,287.32275,292.04858,283.534,0.5598325,282.36853,284.75262,100550.11,1220.2555,93902.3,104019.44,100664.48,98362.287109375,102353.1875,750192,0.0,103396.98,316.19376,102392.86,104019.44,100551.35,144.6355,100193.85,100853.8,0.00015055349,0.00035886478,0.0,0.008342743,1.0967255e-05,0.0,0.0008268356323242188,750168,3.1991810096609896e-05,0.0047785295,0.0010666257,0.003317833,0.008342743,0.00015034628,2.0360701e-05,0.000105083505,0.00019152663,,,,,,,,0,1.0,,,,,,,,,,,,,,,,0,1.0,,,,,,,,,,,,,,,,0,1.0,,,,,,,,,-0.020851176,2.1219184,-4.998136,9.841865,-0.10413599,-3.1951358318328857,3.304863929748535,283540,0.6220434235502378,4.9253488,0.8947005,4.394864,9.841865,-0.020761322,0.06792085,-0.28607866,0.11572797,-0.04191561665890189,2.0758840939943712,-4.5116670315125305,4.786782475809897,-0.11904314476176013,-3.144824280841298,3.2218097672889727,750192,0.0,4.537772212565904,0.14567791908215488,4.202180574527934,4.786782475809897,-0.041967587006872434,0.019265995735975268,-0.07576853699921399,-0.007171138390223852,0.0126655875,0.2399982,-1.999119,1.9168992,0.0016605887,-0.3379052057862282,0.4065440833568572,281990,0.6241095612856442,1.4021413,0.28216162,0.94110096,1.9168992,0.0126217,0.04985856,-0.06975877,0.16060774,0.0020661377354064024,0.04540780560944045,0,1,0.0,0.0,0.0,750192,0.0,0.12790697674418605,0.33398620038011795,0,1,0.002056988697919296,0.009408561699357092,0.0,0.059931506849315065
465,2.0281165,5.8746924,-20.440338,23.831573,2.4522324,-8.28903579711914,11.165679931640625,750192,0.0,19.341028,1.753041,16.085007,23.831573,2.0213397,0.71533555,0.3882859,3.5968268,1.5795568,5.9423766,-20.585709,23.522354,1.7647324,-8.257217407226562,11.14777145385742,750192,0.0,19.643553,1.5185992,16.869095,23.522354,1.581026,0.5470609,0.3187382,2.818698,280.27597,4.1784406,263.04034,290.4475,280.4819,272.9705978393555,286.50885009765625,750192,0.0,288.4829,0.7144811,286.8708,290.4475,280.27808,0.5208626,279.04926,281.51758,283.31146,3.461248,271.16382,293.42603,283.27838,277.7171356201172,288.30348052978513,750192,0.0,290.84717,1.1052067,288.87082,293.42603,283.31293,0.508983,282.12634,284.52432,101335.56,1225.9385,94560.75,104833.625,101455.25,99126.096875,103147.403125,750192,0.0,104187.59,306.53397,103250.375,104833.625,101336.65,147.44392,100961.85,101665.71,284.0193,2.9323099,278.6814,289.88696,283.96924,280.15380859375,287.96728515625,750192,0.0,288.08694,0.695024,285.87622,289.88696,284.01895,0.48307773,282.70084,285.23145,101119.41,1223.6058,94356.664,104606.05,101239.34,98913.525,102926.515625,750192,0.0,103962.51,305.03632,103032.39,104606.05,101120.47,147.17963,100747.086,101448.59,0.00011316154,0.00031547455,0.0,0.01043272,4.7683716e-06,0.0,0.0006537437438964844,750168,3.1991810096609896e-05,0.0049294815,0.00137773,0.0031414032,0.01043272,0.00011304125,1.4263948e-05,8.1223196e-05,0.00014608614,208.2703,82.2167,0.00031390716,360.00174,213.61206,47.26606,336.16406,750192,0.0,359.9007,0.10907156,359.53162,360.00174,208.20653,7.6723304,188.12643,224.8644,4.4625874,1.048873,1.8422651,11.296795,4.3549876,2.9372647,6.3608828,750192,0.0,8.58081,0.65679365,7.258333,11.296795,4.461664,0.1043043,4.1941824,4.663366,1.1436256,0.8109013,0.03970514,7.486381,0.94877183,0.22389865,2.7439272,750192,0.0,5.598507,0.8090674,4.155282,7.486381,1.1427363,0.07906749,0.9543352,1.367688,-0.0388025,1.4134197,-4.9994054,9.727595,-0.024405241,-2.2064054012298584,2.092594861984253,256898,0.6575569987416554,3.3220463,1.1817368,2.7205946,9.727595,-0.041062754,0.065990105,-0.2236256,0.06876495,-0.1658679450151921,1.394616567090654,-3.4817372812553917,3.021758082664289,-0.15179378331933874,-2.311809609063974,1.9433687437213698,750192,0.0,2.7238553383966453,0.14223464582145046,2.4245669030333103,3.021758082664289,-0.16508014568176232,0.1153007393065156,-0.36323339703762497,0.030006838248734707,0.007010687,0.18778887,-1.9932337,1.9642564,-0.0030344122,-0.2738854929804802,0.3236348167061804,256388,0.6582368247062085,0.97719526,0.24905019,0.5025207,1.9642564,0.0087889815,0.045986872,-0.16168599,0.09555423,0.0006798259645530745,0.026064608211346554,0,1,0.0,0.0,0.0,750192,0.0,0.11627906976744186,0.32055927330442363,0,1,0.0006761584241033685,0.003968000289936474,0.0,0.0273972602739726
466,1.5459086,4.4635544,-17.020096,20.179794,1.7191238,-5.949500274658203,8.593714904785152,750192,0.0,15.93539,1.785423,12.951623,20.179794,1.542154,0.5404615,0.02940712,2.8999097,0.92734617,4.8205433,-21.823288,18.703201,1.4213486,-7.602772521972655,8.24227600097656,750192,0.0,15.265736,1.2350084,13.264191,18.703201,0.9275518,0.47497648,-0.2860871,1.9268129,279.492,4.6477594,261.2268,291.76996,279.60025,271.69708251953125,286.7293701171875,750192,0.0,289.8528,0.9096878,287.45074,291.76996,279.49332,0.611621,278.07584,280.84964,282.6155,4.538515,267.1423,300.98102,282.50735,275.4775390625,289.87933349609375,750192,0.0,294.60934,1.4973068,291.6479,300.98102,282.61774,0.61090314,281.28064,283.9347,101355.19,1181.1675,95179.75,104859.56,101459.875,99240.5625,103123.3125,750192,0.0,104159.95,324.85696,103307.56,104859.56,101356.47,140.22067,101049.55,101626.93,,,,,,,,0,1.0,,,,,,,,,100905.82,1176.4612,94750.01,104380.74,101011.95,98797.703125,102663.234375,750192,0.0,103690.57,321.95236,102838.42,104380.74,100907.14,139.71014,100600.48,101175.89,8.141272e-05,0.00024829505,0.0,0.010085583,1.9073486e-06,0.0,0.0004582405090332031,750168,3.1991810096609896e-05,0.004276869,0.0011360203,0.002617836,0.010085583,8.1305865e-05,1.1738806e-05,5.7094934e-05,0.00010890188,166.99959,120.59261,3.142422e-05,360.0023,157.03922,6.102742,353.06598,750192,0.0,359.98532,0.014558211,359.937,360.0023,166.94812,12.659042,137.04341,201.4986,5.610872,1.4570462,2.0969982,13.863446,5.401591,3.5805893,8.342757,750192,0.0,11.302545,0.9020061,9.255911,13.863446,5.609618,0.15849853,5.3091955,6.0958023,1.3162969,0.81394345,0.077044524,9.541764,1.1290433,0.3936654,2.883322,750192,0.0,6.015067,0.86650604,4.1151032,9.541764,1.3153156,0.07099479,1.1174772,1.4871371,,,,,,,,0,1.0,,,,,,,,,,,,,,,,0,1.0,,,,,,,,,,,,,,,,0,1.0,,,,,,,,,0.0,0.0,0,0,0.0,0.0,0.0,750192,0.0,0.0,0.0,0,0,0.0,0.0,0.0,0.0
467,1.7801516,4.9794564,-19.368912,21.168076,2.0236816,-6.625263214111328,9.532445526123045,750192,0.0,17.21059,1.808419,14.261169,21.168076,1.7763095,0.6058203,0.041992202,3.2851167,1.0410488,5.3339577,-22.488327,19.709427,1.6525955,-8.577474212646484,9.01957550048828,750192,0.0,16.57622,1.2520765,13.993973,19.709427,1.0416192,0.5255479,-0.33852544,2.1693838,279.5289,4.445093,261.7893,291.85925,279.54523,272.08783264160155,286.4520980834961,750192,0.0,289.08606,1.0138173,286.77386,291.85925,279.53024,0.58399767,278.34,280.7354,282.46982,4.0934663,269.53094,295.77975,282.29858,276.0504623413086,288.9389343261719,750192,0.0,292.44434,1.1922221,290.05756,295.77975,282.47107,0.6039214,281.29828,283.70337,101336.12,1194.6366,94980.5,104838.19,101442.25,99199.0625,103118.965625,750192,0.0,104160.76,322.48215,103289.56,104838.19,101337.49,140.95734,101026.97,101608.32,282.86057,3.2942288,276.02417,291.45068,282.5813,278.343994140625,288.12060546875,750192,0.0,288.51065,1.2771858,286.07788,291.45068,282.8593,0.6244114,281.5448,284.65482,100693.03,1188.3477,94367.01,104152.33,100800.625,98564.903515625,102460.15625,750192,0.0,103489.38,318.69006,102618.42,104152.33,100694.35,140.20522,100385.9,100964.88,9.628987e-05,0.00027938286,0.0,0.008154869,1.9073486e-06,0.0,0.0005645751953125,750168,3.1991810096609896e-05,0.004585632,0.0010086242,0.0025372505,0.008154869,9.6135285e-05,1.3916312e-05,6.546539e-05,0.00012658535,,,,,,,,0,1.0,,,,,,,,,,,,,,,,0,1.0,,,,,,,,,,,,,,,,0,1.0,,,,,,,,,0.00031378106,1.3041496,-4.210527,7.9214725,0.040472984,-2.049527168273926,1.9384729862213135,91447,0.8781018725872843,3.7331088,1.6828512,2.748473,7.9214725,0.009529307,0.091825254,-0.077075444,0.26911718,-0.6237424661422588,1.3326998284099036,-4.326289435296474,2.9258588439488205,-0.5955355477769517,-2.768479634193651,1.443006949354718,750192,0.0,2.091685116341688,0.43439668822978694,1.237438203682135,2.9258588439488205,-0.6203642017459816,0.4209604335273433,-1.3426996080544173,0.08521170178571046,-0.0061480287,0.21780601,-1.8565996,1.7763816,-0.02771978,-0.2724067449569702,0.31148390769958495,91349,0.8782325058118455,1.1983086,0.26274014,0.6725134,1.7763816,0.00089435553,0.063417956,-0.052028887,0.1936055,0.000130633224561179,0.011428742692082088,0,1,0.0,0.0,0.0,750192,0.0,0.03488372093023256,0.18348527718673838,0,1,0.00013007301061735232,0.0011504310637448973,0.0,0.010730593607305937
468,1.1838225,4.1210017,-14.573532,19.743958,1.597908,-5.862677764892578,7.4392547607421875,750192,0.0,13.387791,1.6473283,10.917496,19.743958,1.1851002,0.5134945,-0.08642887,2.2914824,0.76236445,2.9692266,-13.492096,14.796692,0.82159424,-4.058322906494141,5.585871124267566,750192,0.0,10.966563,1.1061535,7.975342,14.796692,0.76058,0.2965676,-0.001978612,1.3674561,278.62347,6.079863,247.618,295.7295,278.8507,268.1651947021484,287.7446563720703,750192,0.0,292.8366,1.1563642,290.10858,295.7295,278.62503,0.91189814,276.15894,280.62692,281.83606,6.873028,252.2704,306.74646,281.6902,270.9846694946289,292.74793853759763,750192,0.0,300.92773,2.1901937,295.78403,306.74646,281.84042,0.93565834,279.80453,283.661,101385.03,1072.9221,96003.625,105072.44,101448.25,99502.75,103051.4375,750192,0.0,104172.19,371.6466,103361.25,105072.44,101386.21,126.85598,101145.97,101657.09,,,,,,,,0,1.0,,,,,,,,,101164.22,1070.5598,95788.17,104832.97,101228.586,99283.66484375,102823.45078125,750192,0.0,103938.336,369.51758,103129.97,104832.97,101165.375,126.603745,100925.86,101435.11,7.867968e-05,0.00025948093,0.0,0.009102821,9.536743e-07,0.0,0.0004429817199707031,750168,3.1991810096609896e-05,0.0050769267,0.001295953,0.0026650429,0.009102821,7.8634526e-05,1.1989063e-05,5.2112424e-05,0.00010729401,196.67578,88.76964,0.0006742177,360.0022,215.1831,40.103436,321.67508,747528,0.0035510909207242536,359.87952,0.13178924,359.24762,360.0022,196.75562,9.21808,173.48865,219.08983,2.7348328,0.5833891,1.6147671,5.5688686,2.6702204,1.8897518,3.8054888,747528,0.0035510909207242536,4.858492,0.2874005,4.2425013,5.5688686,2.7341104,0.051958907,2.6056125,2.837206,0.36516726,0.27060482,0.031175599,2.8901143,0.28310993,0.08210927,0.9011171,747528,0.0035510909207242536,1.9181638,0.32168594,1.3738245,2.8901143,0.36486137,0.022184048,0.31099445,0.40897095,2.2922093e-07,0.24005167,-2.0787096,2.1212902,0.0012903214,-0.3787097930908203,0.3712902069091797,219142,0.7078854479919807,1.2504903,0.27047983,0.8512902,2.1212902,-7.146001e-06,0.03332702,-0.04679432,0.08205666,-0.08275992786631879,0.0886083464036166,-0.3837645849171777,0.19264167739745547,-0.08238086885199483,-0.22931065054026065,0.06146559906564644,750192,0.0,0.07165637673271584,0.0686069158917823,-0.05048809076557162,0.19264167739745547,-0.08226678166991767,0.06870699940952466,-0.20046410216760358,0.03338171913667939,8.8235365e-06,0.232294,-1.913779,1.9883186,0.0035152764,-0.3716396629810333,0.35942939519882167,219137,0.7078921129524175,1.255563,0.2451035,0.8830681,1.9883186,1.3576448e-06,0.026515719,-0.04978153,0.063835755,6.664960436794847e-06,0.0025816498629940544,0,1,0.0,0.0,0.0,750192,0.0,0.023255813953488372,0.1507148999629735,0,1,6.636933205904215e-06,4.388413309657146e-05,0.0,0.00034246575342465754
469,1.1838225,4.1210017,-14.573532,19.743958,1.597908,-5.862677764892578,7.4392547607421875,750192,0.0,13.387791,1.6473283,10.917496,19.743958,1.1851002,0.5134945,-0.08642887,2.2914824,0.76236445,2.9692266,-13.492096,14.796692,0.82159424,-4.058322906494141,5.585871124267566,750192,0.0,10.966563,1.1061535,7.975342,14.796692,0.76058,0.2965676,-0.001978612,1.3674561,278.62347,6.079863,247.618,295.7295,278.8507,268.1651947021484,287.7446563720703,750192,0.0,292.8366,1.1563642,290.10858,295.7295,278.62503,0.91189814,276.15894,280.62692,281.83606,6.873028,252.2704,306.74646,281.6902,270.9846694946289,292.74793853759763,750192,0.0,300.92773,2.1901937,295.78403,306.74646,281.84042,0.93565834,279.80453,283.661,101385.03,1072.9221,96003.625,105072.44,101448.25,99502.75,103051.4375,750192,0.0,104172.19,371.6466,103361.25,105072.44,101386.21,126.85598,101145.97,101657.09,,,,,,,,0,1.0,,,,,,,,,101164.22,1070.5598,95788.17,104832.97,101228.586,99283.66484375,102823.45078125,750192,0.0,103938.336,369.51758,103129.97,104832.97,101165.375,126.603745,100925.86,101435.11,7.867968e-05,0.00025948093,0.0,0.009102821,9.536743e-07,0.0,0.0004429817199707031,750168,3.1991810096609896e-05,0.0050769267,0.001295953,0.0026650429,0.009102821,7.8634526e-05,1.1989063e-05,5.2112424e-05,0.00010729401,196.67578,88.76964,0.0006742177,360.0022,215.1831,40.103436,321.67508,747528,0.0035510909207242536,359.87952,0.13178924,359.24762,360.0022,196.75562,9.21808,173.48865,219.08983,2.7348328,0.5833891,1.6147671,5.5688686,2.6702204,1.8897518,3.8054888,747528,0.0035510909207242536,4.858492,0.2874005,4.2425013,5.5688686,2.7341104,0.051958907,2.6056125,2.837206,0.36516726,0.27060482,0.031175599,2.8901143,0.28310993,0.08210927,0.9011171,747528,0.0035510909207242536,1.9181638,0.32168594,1.3738245,2.8901143,0.36486137,0.022184048,0.31099445,0.40897095,4.0942258e-08,0.2497543,-2.0876493,2.2123508,0.0023508072,-0.39764928817749023,0.38235044479370117,219142,0.7078854479919807,1.2987504,0.27347955,0.9023504,2.2123508,-8.434951e-06,0.034634177,-0.05823849,0.08632421,-0.10557391754075002,0.10576345746563118,-0.4454680413148936,0.20934739789111548,-0.10536642362180493,-0.2788420355214461,0.06591729816610786,750192,0.0,0.05703360312118724,0.08754301990477979,-0.0965878632577585,0.20934739789111548,-0.10492163613950324,0.08775490133209699,-0.25575126969978784,0.0425809746933058,-1.9173653e-05,0.24089137,-1.958056,1.9949673,0.0045262147,-0.38766662776470184,0.3710962623357759,219134,0.7078961119286795,1.298285,0.238614,0.92635244,1.9949673,-2.724737e-05,0.023213064,-0.036929984,0.05339245,1.0663936698871755e-05,0.003265550945755684,0,1,0.0,0.0,0.0,750192,0.0,0.023255813953488372,0.1507148999629735,0,1,1.0619093129446745e-05,7.098726747966941e-05,0.0,0.0005707762557077625
47,1.0332261,4.597254,-15.020645,23.730011,0.9199753,-6.038169097900391,8.888404083251952,750192,0.0,17.695318,1.8329372,14.150085,23.730011,1.0269675,0.56728345,-0.3614349,2.150139,0.08506171,4.6769853,-18.914139,23.10289,-0.5806656,-6.722510528564453,8.094175720214842,750192,0.0,15.327111,1.6884001,11.722275,23.10289,0.08329221,0.4194688,-1.1445751,0.890798,281.7003,4.844345,259.4296,294.14856,281.91772,273.13165893554685,288.8838165283203,750192,0.0,291.71588,0.8779604,290.03452,294.14856,281.70212,0.58065534,280.39294,283.2018,284.9958,4.5213914,266.29077,303.95996,284.94934,277.466650390625,291.76441802978513,750192,0.0,297.4667,2.0169768,293.63196,303.95996,284.9973,0.57614565,283.50958,286.5127,101649.54,978.7478,95451.31,104816.375,101742.69,99879.221875,103114.9375,750192,0.0,104070.26,260.47693,103559.125,104816.375,101649.875,128.89194,101292.29,101932.15,286.0044,3.799328,278.6775,294.18262,285.66553,280.784912109375,291.62890625,750192,0.0,291.93045,0.74717706,290.74072,294.18262,286.0032,0.4359435,285.10413,287.2526,101420.85,976.4266,95232.39,104575.06,101515.06,99653.078125,102880.144140625,750192,0.0,103831.55,259.4455,103325.664,104575.06,101421.24,128.69534,101064.43,101703.234,0.00012844574,0.00035494356,0.0,0.013268471,3.33786e-06,0.0,0.0007448196411132812,750168,3.1991810096609896e-05,0.0057744067,0.0015485011,0.003818512,0.013268471,0.00012835507,2.0539403e-05,8.7500106e-05,0.0001802285,224.71579,95.473785,0.0009625582,360.00043,264.31268,30.122328,328.90186,750192,0.0,359.9016,0.11704597,359.16153,360.00043,224.6515,9.194406,201.44576,247.77014,4.591778,1.4878529,1.883174,14.735894,4.178319,2.9674497,7.665413,750192,0.0,12.051696,0.94177425,9.752068,14.735894,4.5922413,0.17432332,4.2408404,4.968542,0.61040556,0.37338102,0.045530524,2.758045,0.51080406,0.19679491,1.360147,750192,0.0,2.3489962,0.1268349,2.0227745,2.758045,0.60989624,0.042014334,0.5071869,0.71578294,4.183228e-08,1.3740512,-3.8365576,4.0754423,0.22444248,-2.3865575790405273,1.9534425735473633,328285,0.5623986926013607,2.8905332,0.25966486,2.1134424,4.0754423,0.0034927065,0.065313704,-0.11481306,0.1828629,-0.04964383080379911,1.3691015376098543,-3.8738084532678374,2.9207233876956495,0.1694610612281602,-2.4210949968988706,1.888565965069757,750192,0.0,2.7048500967882183,0.11162482938052043,2.4492516252514984,2.9207233876956495,-0.049247862009817275,0.05782578568189444,-0.14913720920670204,0.0480758791891385,1.3107448e-08,0.15740955,-1.4077287,1.5187653,-0.009568746,-0.23641871213912963,0.2706314504146572,328285,0.5623986926013607,0.8875468,0.25137386,0.36656138,1.5187653,0.0046692346,0.041709576,-0.09054549,0.13511565,0.0,0.0,0,0,0.0,0.0,0.0,750192,0.0,0.0,0.0,0,0,0.0,0.0,0.0,0.0
470,1.8909669,5.999265,-19.057098,26.64711,2.4381104,-8.278678131103515,10.965993499755857,750192,0.0,19.3146,2.4784107,15.056122,26.64711,1.8918918,0.77225035,0.064417005,3.5558524,0.5336271,5.2146792,-20.648651,21.813782,0.52188873,-7.874176025390625,9.114959716796875,750192,0.0,17.105833,1.6591475,13.496826,21.813782,0.5307797,0.50287896,-0.7119413,1.5736017,279.39493,5.779074,256.7066,294.40054,279.29626,269.46625366210935,288.19683837890625,750192,0.0,291.37198,1.2738215,288.65497,294.40054,279.3968,0.82441175,277.75848,281.15637,282.3466,5.762111,261.42014,298.99747,282.17172,273.0986663818359,290.8812530517578,750192,0.0,295.4719,1.6834116,291.5727,298.99747,282.34827,0.9034441,280.62018,284.16287,101389.62,1078.6958,95865.25,105055.44,101463.31,99483.375,103051.25,750192,0.0,104143.555,368.9088,103321.75,105055.44,101390.875,128.63493,101139.25,101660.18,282.888,5.6169643,271.78955,295.37842,282.51294,274.88623046875,291.359619140625,750192,0.0,291.87082,1.5097092,288.73706,295.37842,282.8884,0.85615027,281.4046,284.6163,101384.125,1078.6343,95860.66,105049.97,101457.84,99477.980859375,103045.67890625,750192,0.0,104137.766,368.89746,103316.336,105049.97,101385.375,128.62868,101133.77,101654.66,0.00010658211,0.00029488272,0.0,0.011520863,4.7683716e-06,0.0,0.0006022453308105469,750168,3.1991810096609896e-05,0.0049703424,0.0015153214,0.0026187897,0.011520863,0.000106460044,1.5777481e-05,7.2231116e-05,0.00013952127,236.77946,84.36666,0.0006550329,360.002,259.80084,60.428265,329.9283,750192,0.0,359.88367,0.13555898,359.12952,360.002,236.84859,9.02053,211.75475,259.19476,4.680589,1.0509565,1.7223339,10.204273,4.6190066,3.0982397,6.495397,750192,0.0,8.756166,0.592402,7.6858997,10.204273,4.6794696,0.13523427,4.343242,4.9399347,1.0099736,0.66223174,0.040320992,6.197746,0.84226495,0.2658717,2.3286316,750192,0.0,4.6427007,0.66413176,3.5209892,6.197746,1.0091424,0.07040385,0.8400542,1.1788012,-3.8186315e-07,0.7958975,-3.1695123,3.320488,0.0704875,-1.2995123863220215,1.1504878997802734,219134,0.7078961119286795,2.7196882,0.34645545,2.0604877,3.320488,-1.47172805e-05,0.04783268,-0.083649784,0.099010915,-0.09559514187224179,0.7194900511539267,-1.823871331420337,1.3438687939304825,-0.0501811811457503,-1.213889103856226,0.9350732237681205,750192,0.0,1.2091946671471867,0.0812080951609636,1.059480262519841,1.3438687939304825,-0.09519191248578249,0.0786786993954189,-0.2308674966879497,0.03878097079978712,-0.0008069408,0.34989724,-1.9975863,1.9951335,-0.024737414,-0.5132485955953597,0.5996260195970529,219034,0.7080294111374155,1.8555053,0.17680603,1.4128164,1.9951335,-0.00082087965,0.04167186,-0.10267305,0.06030514,0.00013329920873589695,0.011544758120326615,0,1,0.0,0.0,0.0,750192,0.0,0.18604651162790697,0.3891441983879422,0,1,0.0001326226084554674,0.00035430723674359553,0.0,0.0015981735159817352
471,1.4700671,4.6346436,-14.660614,22.973404,1.764534,-6.169939422607421,8.72701721191406,750192,0.0,16.039932,2.22365,12.561996,22.973404,1.47078,0.5762507,0.10904299,2.7574892,0.51758814,3.7756968,-15.615448,17.346878,0.42902374,-5.4422561645507805,6.857703399658202,750192,0.0,13.397536,1.3546406,9.629639,17.346878,0.51541567,0.36225674,-0.32674003,1.3147594,279.0378,6.065754,250.79713,294.88702,279.19128,268.39312744140625,288.0145263671875,750192,0.0,292.50192,1.0866754,289.44348,294.88702,279.0393,0.88597256,276.86847,280.9522,282.0499,6.52874,254.1468,303.95123,281.9717,271.3679534912109,291.99334106445315,750192,0.0,300.16608,2.024514,294.92508,303.95123,282.05286,0.929885,280.04242,283.89914,101411.055,1061.2129,95930.44,105043.69,101478.94,99541.75,103054.125,750192,0.0,104143.99,375.0133,103347.94,105043.69,101412.266,127.01331,101166.88,101680.52,,,,,,,,0,1.0,,,,,,,,,101420.87,1061.326,95939.22,105053.97,101488.72,99551.53125,103064.15625,750192,0.0,104154.35,375.05725,103358.336,105053.97,101422.08,127.02371,101176.64,101690.38,0.00010052461,0.00028228975,0.0,0.01050806,3.8146973e-06,0.0,0.0005621910095214844,750168,3.1991810096609896e-05,0.0050123706,0.0014458596,0.0027098656,0.01050806,0.00010043075,1.4853532e-05,6.811205e-05,0.00012987651,,,,,,,,0,1.0,,,,,,,,,,,,,,,,0,1.0,,,,,,,,,,,,,,,,0,1.0,,,,,,,,,2.395305e-08,1.059354,-3.8518815,4.198118,0.12811852,-1.8218815326690674,1.468118667602539,219138,0.7078907799603302,3.240118,0.42177722,2.4881186,4.198118,-1.7258375e-05,0.04660304,-0.09322866,0.0676059,-0.038998466051532336,0.9785447975105507,-2.365559512130514,1.7987821491243423,0.045906524413013475,-1.6019936905218406,1.3240139260952306,750192,0.0,1.703639929356204,0.04388043567091199,1.600611941665678,1.7987821491243423,-0.03898552746667383,0.031722068323214204,-0.09384653185762952,0.015843093018116056,-0.002658293,0.40428862,-1.987223,1.9957943,-0.026620958,-0.6064513444900512,0.6940636157989498,218787,0.7083586601829932,1.9325523,0.08532758,1.635444,1.9957943,-0.0026737647,0.0443148,-0.092784554,0.06626907,0.0004678802226629983,0.021625478278184715,0,1,0.0,0.0,0.0,750192,0.0,0.2558139534883721,0.43631774509985405,0,1,0.00046552827667205744,0.0009587698199033192,0.0,0.0038812785388127853
472,1.2323226,4.4135528,-15.786423,19.2361,1.7531815,-6.392071533203125,7.805084228515625,750192,0.0,13.764953,1.6971316,11.317657,19.2361,1.233457,0.5480934,-0.08173918,2.4280455,0.86392474,3.1387522,-14.081848,14.3172,0.90078735,-4.291353607177734,5.932080078124997,750192,0.0,11.196898,1.1084846,8.037842,14.3172,0.8619935,0.31021756,0.09195165,1.5107735,278.84882,6.0905323,250.04768,294.61407,278.883,268.50189514160155,288.0732116699219,750192,0.0,292.41296,1.0252031,289.893,294.61407,278.8509,0.9079038,276.54117,280.85107,281.904,6.690268,254.37791,303.641,281.68814,271.38153686523435,292.3537872314453,750192,0.0,299.14676,1.9101667,294.618,303.641,281.90823,0.96070844,279.88644,283.7598,101401.086,1060.5986,96000.0,105041.94,101462.0,99541.5625,103052.0,750192,0.0,104166.86,372.4192,103404.0,105041.94,101402.26,125.8744,101161.57,101672.38,,,,,,,,0,1.0,,,,,,,,,101299.29,1059.4952,95900.91,104931.97,101360.766,99440.848046875,102947.25,750192,0.0,104059.02,371.3907,103297.125,104931.97,101300.445,125.7642,101060.086,101570.055,8.651267e-05,0.0002626408,0.0,0.008710861,1.9073486e-06,0.0,0.0004901885986328125,750168,3.1991810096609896e-05,0.0045662066,0.0012866559,0.0029821396,0.008710861,8.645336e-05,1.27295325e-05,5.6383815e-05,0.00011199979,196.67578,88.76964,0.0006742177,360.0022,215.1831,40.103436,321.67508,747528,0.0035510909207242536,359.87952,0.13178924,359.24762,360.0022,196.75562,9.21808,173.48865,219.08983,2.7348328,0.5833891,1.6147671,5.5688686,2.6702204,1.8897518,3.8054888,747528,0.0035510909207242536,4.858492,0.2874005,4.2425013,5.5688686,2.7341104,0.051958907,2.6056125,2.837206,0.36516726,0.27060482,0.031175599,2.8901143,0.28310993,0.08210927,0.9011171,747528,0.0035510909207242536,1.9181638,0.32168594,1.3738245,2.8901143,0.36486137,0.022184048,0.31099445,0.40897095,,,,,,,,0,1.0,,,,,,,,,,,,,,,,0,1.0,,,,,,,,,,,,,,,,0,1.0,,,,,,,,,0.0,0.0,0,0,0.0,0.0,0.0,750192,0.0,0.0,0.0,0,0,0.0,0.0,0.0,0.0
473,1.8909669,5.999265,-19.057098,26.64711,2.4381104,-8.278678131103515,10.965993499755857,750192,0.0,19.3146,2.4784107,15.056122,26.64711,1.8918918,0.77225035,0.064417005,3.5558524,0.5336271,5.2146792,-20.648651,21.813782,0.52188873,-7.874176025390625,9.114959716796875,750192,0.0,17.105833,1.6591475,13.496826,21.813782,0.5307797,0.50287896,-0.7119413,1.5736017,279.39493,5.779074,256.7066,294.40054,279.29626,269.46625366210935,288.19683837890625,750192,0.0,291.37198,1.2738215,288.65497,294.40054,279.3968,0.82441175,277.75848,281.15637,282.3466,5.762111,261.42014,298.99747,282.17172,273.0986663818359,290.8812530517578,750192,0.0,295.4719,1.6834116,291.5727,298.99747,282.34827,0.9034441,280.62018,284.16287,101389.62,1078.6958,95865.25,105055.44,101463.31,99483.375,103051.25,750192,0.0,104143.555,368.9088,103321.75,105055.44,101390.875,128.63493,101139.25,101660.18,282.888,5.6169643,271.78955,295.37842,282.51294,274.88623046875,291.359619140625,750192,0.0,291.87082,1.5097092,288.73706,295.37842,282.8884,0.85615027,281.4046,284.6163,101384.125,1078.6343,95860.66,105049.97,101457.84,99477.980859375,103045.67890625,750192,0.0,104137.766,368.89746,103316.336,105049.97,101385.375,128.62868,101133.77,101654.66,0.00010658211,0.00029488272,0.0,0.011520863,4.7683716e-06,0.0,0.0006022453308105469,750168,3.1991810096609896e-05,0.0049703424,0.0015153214,0.0026187897,0.011520863,0.000106460044,1.5777481e-05,7.2231116e-05,0.00013952127,236.77946,84.36666,0.0006550329,360.002,259.80084,60.428265,329.9283,750192,0.0,359.88367,0.13555898,359.12952,360.002,236.84859,9.02053,211.75475,259.19476,4.680589,1.0509565,1.7223339,10.204273,4.6190066,3.0982397,6.495397,750192,0.0,8.756166,0.592402,7.6858997,10.204273,4.6794696,0.13523427,4.343242,4.9399347,1.0099736,0.66223174,0.040320992,6.197746,0.84226495,0.2658717,2.3286316,750192,0.0,4.6427007,0.66413176,3.5209892,6.197746,1.0091424,0.07040385,0.8400542,1.1788012,2.6265278e-07,0.9786806,-3.2028828,3.687117,0.107117176,-1.622882604598999,1.3571171760559082,219134,0.7078961119286795,2.8935175,0.37697616,2.2571173,3.687117,-9.897053e-06,0.04830002,-0.1032982,0.09484821,-0.04684410433228424,0.9110804285176395,-2.1585729488680037,1.677419616115846,0.019305440393008164,-1.472451354110331,1.2306175990083261,750192,0.0,1.5761441287592937,0.04811196856783481,1.4782322141144328,1.677419616115846,-0.046774197683421635,0.03821053853816055,-0.11281841697512651,0.01922481473038668,-0.0013543813,0.362297,-1.9933394,1.9987952,-0.022915535,-0.5429552793502808,0.6182806193828583,218991,0.7080867297971719,1.9065853,0.11993827,1.5321398,1.9987952,-0.0013594734,0.04673915,-0.11247378,0.07562106,0.00019061786849233262,0.013805127066439627,0,1,0.0,0.0,0.0,750192,0.0,0.19767441860465115,0.3982452044079932,0,1,0.00018964583293439204,0.0004752655945443704,0.0,0.002054794520547945
474,1.4700671,4.6346436,-14.660614,22.973404,1.764534,-6.169939422607421,8.72701721191406,750192,0.0,16.039932,2.22365,12.561996,22.973404,1.47078,0.5762507,0.10904299,2.7574892,0.51758814,3.7756968,-15.615448,17.346878,0.42902374,-5.4422561645507805,6.857703399658202,750192,0.0,13.397536,1.3546406,9.629639,17.346878,0.51541567,0.36225674,-0.32674003,1.3147594,279.0378,6.065754,250.79713,294.88702,279.19128,268.39312744140625,288.0145263671875,750192,0.0,292.50192,1.0866754,289.44348,294.88702,279.0393,0.88597256,276.86847,280.9522,282.0499,6.52874,254.1468,303.95123,281.9717,271.3679534912109,291.99334106445315,750192,0.0,300.16608,2.024514,294.92508,303.95123,282.05286,0.929885,280.04242,283.89914,101411.055,1061.2129,95930.44,105043.69,101478.94,99541.75,103054.125,750192,0.0,104143.99,375.0133,103347.94,105043.69,101412.266,127.01331,101166.88,101680.52,,,,,,,,0,1.0,,,,,,,,,101420.87,1061.326,95939.22,105053.97,101488.72,99551.53125,103064.15625,750192,0.0,104154.35,375.05725,103358.336,105053.97,101422.08,127.02371,101176.64,101690.38,0.00010052461,0.00028228975,0.0,0.01050806,3.8146973e-06,0.0,0.0005621910095214844,750168,3.1991810096609896e-05,0.0050123706,0.0014458596,0.0027098656,0.01050806,0.00010043075,1.4853532e-05,6.811205e-05,0.00012987651,,,,,,,,0,1.0,,,,,,,,,,,,,,,,0,1.0,,,,,,,,,,,,,,,,0,1.0,,,,,,,,,-2.389702e-07,1.1500834,-3.4813032,4.228697,0.16869688,-1.951303243637085,1.5786967277526855,219141,0.7078867809840681,3.2842965,0.42838377,2.6386967,4.228697,-1.6727448e-05,0.05491127,-0.10070509,0.11511247,-0.12268586706560297,1.086168893902799,-2.7968724193319954,1.9562434158235247,-0.018139402125330502,-1.865379710585812,1.3857463275080761,750192,0.0,1.7468055865313326,0.10875925894243565,1.531663217319975,1.9562434158235247,-0.12208944817387445,0.10128146104553745,-0.2965613940479345,0.04997356463048597,-0.0022237226,0.39170006,-1.9973035,1.9993242,-0.025164953,-0.5893043637275696,0.6691915512084959,218865,0.7082546868001791,1.9413993,0.08847859,1.5719169,1.9993242,-0.0022406492,0.04540942,-0.11405951,0.068242095,0.00036790581611107555,0.01917734239725482,0,1,0.0,0.0,0.0,750192,0.0,0.2558139534883721,0.43631774509985405,0,1,0.0003660867075066544,0.0008001170396898808,0.0,0.0031963470319634705
475,1.2147868,4.146695,-14.458237,18.518326,1.6686478,-5.8390457153320305,7.49078369140625,750192,0.0,13.352528,1.6383873,10.740463,18.518326,1.2156396,0.51012254,0.001962818,2.3474944,0.8426378,2.9775832,-13.710754,13.342636,0.8452835,-3.964212036132812,5.69045715332031,750192,0.0,10.755872,1.0405498,7.792755,13.342636,0.84081954,0.29293954,0.14325865,1.4506887,278.86017,6.1850305,250.19417,295.0274,278.93176,268.2847106933594,288.169905090332,750192,0.0,292.6144,1.0295818,290.05853,295.0274,278.8623,0.9074725,276.52792,280.90756,281.86752,6.789273,253.19716,304.33557,281.71582,271.1136642456055,292.45989379882815,750192,0.0,299.71823,2.0175934,294.5321,304.33557,281.87158,0.95931107,279.7964,283.83258,101417.48,1049.5435,95905.31,105015.69,101477.125,99577.75,103054.1875,750192,0.0,104160.24,375.02255,103410.75,105015.69,101418.62,125.19273,101177.0,101687.31,,,,,,,,0,1.0,,,,,,,,,101286.73,1048.0973,95780.34,104873.97,101347.07,99448.06328125,102919.40625,750192,0.0,104021.57,373.78522,103271.336,104873.97,101287.88,125.05474,101046.67,101555.92,9.078695e-05,0.00027501286,0.0,0.013118744,2.3841858e-06,0.0,0.0005154609680175781,750168,3.1991810096609896e-05,0.0049294373,0.0015119363,0.0031013489,0.013118744,9.072588e-05,1.3250612e-05,5.9316473e-05,0.000118052005,,,,,,,,0,1.0,,,,,,,,,,,,,,,,0,1.0,,,,,,,,,,,,,,,,0,1.0,,,,,,,,,-2.3506982e-07,0.24145472,-1.8979602,2.0520396,0.0020399094,-0.38796043395996094,0.372039794921875,219142,0.7078854479919807,1.2592397,0.24996829,0.9020395,2.0520396,-6.4623355e-06,0.034265906,-0.07201326,0.07970452,-0.08332531687029991,0.08631788505198834,-0.3660972984341764,0.18589534445391068,-0.08312674709974698,-0.22524372670539208,0.05729239900960344,750192,0.0,0.06494744272842683,0.06936723820360641,-0.06176131364664797,0.18589534445391068,-0.08281156618845191,0.06925421857355954,-0.20177047726537872,0.03349627584545637,2.1000314e-07,0.23495393,-1.9385142,1.9195204,0.0026743892,-0.37502736896276473,0.36447350978851306,219142,0.7078854479919807,1.268996,0.22921026,0.9370951,1.9195204,-5.929768e-06,0.027640907,-0.055163696,0.060227547,0.0,0.0,0,0,0.0,0.0,0.0,750192,0.0,0.0,0.0,0,0,0.0,0.0,0.0,0.0
476,1.4700671,4.6346436,-14.660614,22.973404,1.764534,-6.169939422607421,8.72701721191406,750192,0.0,16.039932,2.22365,12.561996,22.973404,1.47078,0.5762507,0.10904299,2.7574892,0.51758814,3.7756968,-15.615448,17.346878,0.42902374,-5.4422561645507805,6.857703399658202,750192,0.0,13.397536,1.3546406,9.629639,17.346878,0.51541567,0.36225674,-0.32674003,1.3147594,279.0378,6.065754,250.79713,294.88702,279.19128,268.39312744140625,288.0145263671875,750192,0.0,292.50192,1.0866754,289.44348,294.88702,279.0393,0.88597256,276.86847,280.9522,282.0499,6.52874,254.1468,303.95123,281.9717,271.3679534912109,291.99334106445315,750192,0.0,300.16608,2.024514,294.92508,303.95123,282.05286,0.929885,280.04242,283.89914,101411.055,1061.2129,95930.44,105043.69,101478.94,99541.75,103054.125,750192,0.0,104143.99,375.0133,103347.94,105043.69,101412.266,127.01331,101166.88,101680.52,,,,,,,,0,1.0,,,,,,,,,101420.87,1061.326,95939.22,105053.97,101488.72,99551.53125,103064.15625,750192,0.0,104154.35,375.05725,103358.336,105053.97,101422.08,127.02371,101176.64,101690.38,0.00010052461,0.00028228975,0.0,0.01050806,3.8146973e-06,0.0,0.0005621910095214844,750168,3.1991810096609896e-05,0.0050123706,0.0014458596,0.0027098656,0.01050806,0.00010043075,1.4853532e-05,6.811205e-05,0.00012987651,,,,,,,,0,1.0,,,,,,,,,,,,,,,,0,1.0,,,,,,,,,,,,,,,,0,1.0,,,,,,,,,-2.9926977e-07,1.2890568,-3.2554913,4.884509,0.21450901,-2.1154911518096924,1.734508991241455,219141,0.7078867809840681,3.6641083,0.50535125,2.9445086,4.884509,-1.8130242e-05,0.052989163,-0.10037637,0.09506907,-0.10166079006264923,1.2140466422684635,-2.921476412468418,2.1589212219146123,0.03150076559732634,-2.0318205664202127,1.5645449543666412,750192,0.0,1.9705437314097278,0.0946511395363193,1.774365662603947,2.1589212219146123,-0.1011826393517796,0.08386407326176887,-0.24579542632670423,0.04123056674142676,-0.005005559,0.4345144,-1.99294,1.9997925,-0.030791178,-0.65806645154953,0.7506842017173767,218566,0.7086532514342995,1.9689004,0.02878102,1.9006386,1.9997925,-0.005015569,0.04483447,-0.11658426,0.05158371,0.0007664704502314074,0.027674590751812927,0,1,0.0,0.0,0.0,750192,0.0,0.27906976744186046,0.44854189586013743,0,1,0.0007626851740631841,0.001432941900231688,0.0,0.005365296803652968
477,1.5001425,4.7766256,-14.6362,21.821915,1.7346115,-6.285139465332032,9.039815521240232,750192,0.0,16.2454,2.0511343,12.986786,21.821915,1.5005729,0.5869775,0.08571066,2.8057208,0.5402325,3.917157,-15.862808,16.408401,0.4602661,-5.671164703369141,7.0630950927734375,750192,0.0,13.277291,1.2576841,9.502686,16.408401,0.53772277,0.37108487,-0.31873813,1.3713313,279.14722,6.0889673,251.13698,294.85324,279.284,268.4711029052734,288.1601226806641,750192,0.0,292.5497,1.050832,289.53333,294.85324,279.14874,0.88550323,277.03653,281.1011,282.18533,6.493322,255.39876,303.21283,282.11768,271.5640151977539,292.01605224609375,750192,0.0,299.78732,1.9631459,294.7747,303.21283,282.18823,0.939821,280.20438,284.10638,101425.91,1050.9832,95779.31,105021.19,101491.5,99574.25,103056.1875,750192,0.0,104137.49,374.7549,103389.44,105021.19,101427.14,126.34806,101181.79,101693.76,,,,,,,,0,1.0,,,,,,,,,101429.695,1051.0239,95782.3,105024.97,101495.305,99577.984375,103060.159765625,750192,0.0,104141.49,374.8167,103393.5,105024.97,101430.93,126.351875,101185.57,101697.58,0.000105934225,0.00029049325,0.0,0.010293961,3.8146973e-06,0.0,0.0006031990051269531,750168,3.1991810096609896e-05,0.0049007135,0.0013952379,0.0025901794,0.010293961,0.00010581075,1.6151847e-05,7.1146555e-05,0.00014266325,,,,,,,,0,1.0,,,,,,,,,,,,,,,,0,1.0,,,,,,,,,,,,,,,,0,1.0,,,,,,,,,0.0017710282,1.1398048,-4.980096,4.359904,0.19990396,-1.8300957679748535,1.5599040985107422,214649,0.7138745814404845,3.3915043,0.44207397,2.779904,4.359904,-0.0035979038,0.07122988,-0.26069495,0.14129584,-0.021877702085693257,1.037443714555898,-2.382802537317498,2.007138367138193,0.05971384541052638,-1.6353685918294256,1.4271734948204513,750192,0.0,1.9053507297813213,0.04661496227831011,1.7947797250790163,2.007138367138193,-0.02196105003114029,0.019383864855539258,-0.05497473464901396,0.011487829677023548,0.0030054115,0.43174055,-1.99978,1.9996539,-0.019535914,-0.6572379171848296,0.7508506745100016,213822,0.7149769658967304,1.9632705,0.028263675,1.8812822,1.9996539,0.004912729,0.049119186,-0.10203749,0.13142551,0.0011023844562458678,0.033183869647111605,0,1,0.0,0.0,0.0,750192,0.0,0.27906976744186046,0.44854189586013743,0,1,0.0010959571429649088,0.004542653051812692,0.0,0.04143897996357013
478,1.5001425,4.7766256,-14.6362,21.821915,1.7346115,-6.285139465332032,9.039815521240232,750192,0.0,16.2454,2.0511343,12.986786,21.821915,1.5005729,0.5869775,0.08571066,2.8057208,0.5402325,3.917157,-15.862808,16.408401,0.4602661,-5.671164703369141,7.0630950927734375,750192,0.0,13.277291,1.2576841,9.502686,16.408401,0.53772277,0.37108487,-0.31873813,1.3713313,279.14722,6.0889673,251.13698,294.85324,279.284,268.4711029052734,288.1601226806641,750192,0.0,292.5497,1.050832,289.53333,294.85324,279.14874,0.88550323,277.03653,281.1011,282.18533,6.493322,255.39876,303.21283,282.11768,271.5640151977539,292.01605224609375,750192,0.0,299.78732,1.9631459,294.7747,303.21283,282.18823,0.939821,280.20438,284.10638,101425.91,1050.9832,95779.31,105021.19,101491.5,99574.25,103056.1875,750192,0.0,104137.49,374.7549,103389.44,105021.19,101427.14,126.34806,101181.79,101693.76,,,,,,,,0,1.0,,,,,,,,,101429.695,1051.0239,95782.3,105024.97,101495.305,99577.984375,103060.159765625,750192,0.0,104141.49,374.8167,103393.5,105024.97,101430.93,126.351875,101185.57,101697.58,0.000105934225,0.00029049325,0.0,0.010293961,3.8146973e-06,0.0,0.0006031990051269531,750168,3.1991810096609896e-05,0.0049007135,0.0013952379,0.0025901794,0.010293961,0.00010581075,1.6151847e-05,7.1146555e-05,0.00014266325,,,,,,,,0,1.0,,,,,,,,,,,,,,,,0,1.0,,,,,,,,,,,,,,,,0,1.0,,,,,,,,,1.9048761e-07,0.9728712,-3.1379118,1.8020883,0.03208828,-1.5579118728637695,1.3920879364013672,219084,0.7079627615330475,1.7692882,0.015625637,1.7320881,1.8020883,-1.2513511e-05,0.039982293,-0.082190916,0.0666564,-0.009489795357546878,0.8121943729833729,-1.7874844465773314,1.6883073635636194,0.06685304740958324,-1.2734551232153295,1.1417627289138734,750192,0.0,1.5911130300910872,0.04874984312396544,1.4738993252673311,1.6883073635636194,-0.00954802550874138,0.007785478066379564,-0.022761125580151885,0.0037376911052400493,-0.0024819437,0.5137377,-1.9991697,1.999642,0.01947503,-0.8963351547718048,0.7642430812120438,217886,0.7095596860537036,1.9880614,0.0080360165,1.9713213,1.999642,-0.0025435432,0.037570555,-0.075283825,0.060731757,0.0015969245206560454,0.039929617487917075,0,1,0.0,0.0,0.0,750192,0.0,0.29069767441860467,0.45408428348294483,0,1,0.0015889869849377155,0.002965867527261133,0.0,0.012295081967213115
479,1.8187294,6.25701,-19.926025,24.340317,2.3470306,-8.800564575195313,11.29093780517578,750192,0.0,19.346054,2.1939206,15.240692,24.340317,1.8187122,0.7927828,-0.13058826,3.5172827,0.63771796,5.357776,-20.586945,20.934875,0.63838196,-8.010099792480469,9.36855773925781,750192,0.0,16.724709,1.5144045,12.911865,20.934875,0.63447267,0.51059574,-0.6029462,1.732206,279.59485,5.7380023,257.28052,294.28583,279.5451,269.6612274169922,288.32606048583983,750192,0.0,291.31735,1.1380999,288.68463,294.28583,279.59637,0.8328757,277.8845,281.4387,282.62198,5.627759,262.22717,297.8444,282.46924,273.58831787109375,290.9599273681641,750192,0.0,294.87735,1.5688224,291.43695,297.8444,282.62308,0.9070402,280.8989,284.56476,101416.63,1062.0602,95738.375,105009.69,101488.5,99538.846875,103055.5,750192,0.0,104126.71,365.56506,103377.69,105009.69,101417.91,127.63931,101169.63,101684.234,283.29428,5.351115,272.3081,294.8755,282.99316,275.51708984375,291.27001953125,750192,0.0,291.72137,1.3297869,288.72192,294.8755,283.2935,0.8932051,281.72824,285.13705,101414.27,1062.0347,95736.34,105006.97,101486.09,99536.5703125,103052.96875,750192,0.0,104124.234,365.56082,103375.11,105006.97,101415.53,127.63509,101167.26,101681.836,0.00010149654,0.00028267907,0.0,0.009444714,4.2915344e-06,0.0,0.000576019287109375,750168,3.1991810096609896e-05,0.004748239,0.0013125908,0.0026593208,0.009444714,0.00010133724,1.5716872e-05,6.695978e-05,0.00014383836,236.29546,90.672714,0.0027076819,360.00272,261.3911,50.69516,337.27396,750192,0.0,359.91165,0.09798594,359.52505,360.00272,236.36143,9.559313,212.20387,258.71808,4.9964933,1.1797613,1.8570375,12.571217,4.8656597,3.3059978,7.1334596,750192,0.0,9.980256,0.7756598,8.61555,12.571217,4.995161,0.14138682,4.6628304,5.2719607,1.2460048,0.8032858,0.03467997,7.243324,1.0477548,0.33605608,2.8331203,750192,0.0,5.6454678,0.7598695,4.3811445,7.243324,1.24484,0.08097409,1.0082227,1.4439679,3.304625e-07,0.889542,-2.6446733,3.3753266,0.04532671,-1.4146733283996582,1.2853264808654785,219142,0.7078854479919807,2.6801267,0.28288683,2.1853266,3.3753266,6.263256e-06,0.05759529,-0.19732203,0.08387603,-0.12070335442757064,0.8353937381190953,-2.1273462154240836,1.596992273543457,-0.09509416436145254,-1.4102175586043983,1.096562131045415,750192,0.0,1.4200979866694294,0.10243833537097284,1.243409184146541,1.596992273543457,-0.12012092939496594,0.0996357375954329,-0.29155364114513843,0.049283343756132796,-0.0006205621,0.32488176,-1.7312639,1.9986639,-0.019240323,-0.48164936900138855,0.553365507721901,219082,0.7079654275172222,1.7906713,0.17725931,1.4103945,1.9986639,-0.0006133491,0.049557224,-0.14985421,0.07707945,7.997952524153817e-05,0.008942769622274768,0,1,0.0,0.0,0.0,750192,0.0,0.12790697674418605,0.33398620038011795,0,1,7.96069310762828e-05,0.0002702322203893156,0.0,0.0014840182648401827
48,1.0332261,4.597254,-15.020645,23.730011,0.9199753,-6.038169097900391,8.888404083251952,750192,0.0,17.695318,1.8329372,14.150085,23.730011,1.0269675,0.56728345,-0.3614349,2.150139,0.08506171,4.6769853,-18.914139,23.10289,-0.5806656,-6.722510528564453,8.094175720214842,750192,0.0,15.327111,1.6884001,11.722275,23.10289,0.08329221,0.4194688,-1.1445751,0.890798,281.7003,4.844345,259.4296,294.14856,281.91772,273.13165893554685,288.8838165283203,750192,0.0,291.71588,0.8779604,290.03452,294.14856,281.70212,0.58065534,280.39294,283.2018,284.9958,4.5213914,266.29077,303.95996,284.94934,277.466650390625,291.76441802978513,750192,0.0,297.4667,2.0169768,293.63196,303.95996,284.9973,0.57614565,283.50958,286.5127,101649.54,978.7478,95451.31,104816.375,101742.69,99879.221875,103114.9375,750192,0.0,104070.26,260.47693,103559.125,104816.375,101649.875,128.89194,101292.29,101932.15,286.0044,3.799328,278.6775,294.18262,285.66553,280.784912109375,291.62890625,750192,0.0,291.93045,0.74717706,290.74072,294.18262,286.0032,0.4359435,285.10413,287.2526,101420.85,976.4266,95232.39,104575.06,101515.06,99653.078125,102880.144140625,750192,0.0,103831.55,259.4455,103325.664,104575.06,101421.24,128.69534,101064.43,101703.234,0.00012844574,0.00035494356,0.0,0.013268471,3.33786e-06,0.0,0.0007448196411132812,750168,3.1991810096609896e-05,0.0057744067,0.0015485011,0.003818512,0.013268471,0.00012835507,2.0539403e-05,8.7500106e-05,0.0001802285,224.71579,95.473785,0.0009625582,360.00043,264.31268,30.122328,328.90186,750192,0.0,359.9016,0.11704597,359.16153,360.00043,224.6515,9.194406,201.44576,247.77014,4.591778,1.4878529,1.883174,14.735894,4.178319,2.9674497,7.665413,750192,0.0,12.051696,0.94177425,9.752068,14.735894,4.5922413,0.17432332,4.2408404,4.968542,0.61040556,0.37338102,0.045530524,2.758045,0.51080406,0.19679491,1.360147,750192,0.0,2.3489962,0.1268349,2.0227745,2.758045,0.60989624,0.042014334,0.5071869,0.71578294,6.36096e-07,1.172806,-2.9575758,3.3094242,0.042424202,-1.8635756969451904,1.7744243144989014,314725,0.5804740653059484,2.6656241,0.2841515,1.1524241,3.3094242,-0.007613154,0.07465741,-0.22608633,0.1484489,-0.03257914338301529,1.1628570735197608,-2.794786667040399,2.6601914900364387,0.016651087813504734,-1.8684556930411842,1.7284781142290115,750192,0.0,2.471382563403885,0.09902294615471943,2.2591390821679775,2.6601914900364387,-0.03222807403463688,0.05364028985480761,-0.12478162003488787,0.058118589169013815,-3.2386595e-08,0.18714646,-1.6114551,1.5874904,-0.01172155,-0.2448876142501831,0.29946815967559787,314725,0.5804740653059484,0.8348997,0.281546,0.021044785,1.5874904,0.0011747,0.05579723,-0.17378657,0.1579196,0.0,0.0,0,0,0.0,0.0,0.0,750192,0.0,0.0,0.0,0,0,0.0,0.0,0.0,0.0
480,1.8187294,6.25701,-19.926025,24.340317,2.3470306,-8.800564575195313,11.29093780517578,750192,0.0,19.346054,2.1939206,15.240692,24.340317,1.8187122,0.7927828,-0.13058826,3.5172827,0.63771796,5.357776,-20.586945,20.934875,0.63838196,-8.010099792480469,9.36855773925781,750192,0.0,16.724709,1.5144045,12.911865,20.934875,0.63447267,0.51059574,-0.6029462,1.732206,279.59485,5.7380023,257.28052,294.28583,279.5451,269.6612274169922,288.32606048583983,750192,0.0,291.31735,1.1380999,288.68463,294.28583,279.59637,0.8328757,277.8845,281.4387,282.62198,5.627759,262.22717,297.8444,282.46924,273.58831787109375,290.9599273681641,750192,0.0,294.87735,1.5688224,291.43695,297.8444,282.62308,0.9070402,280.8989,284.56476,101416.63,1062.0602,95738.375,105009.69,101488.5,99538.846875,103055.5,750192,0.0,104126.71,365.56506,103377.69,105009.69,101417.91,127.63931,101169.63,101684.234,283.29428,5.351115,272.3081,294.8755,282.99316,275.51708984375,291.27001953125,750192,0.0,291.72137,1.3297869,288.72192,294.8755,283.2935,0.8932051,281.72824,285.13705,101414.27,1062.0347,95736.34,105006.97,101486.09,99536.5703125,103052.96875,750192,0.0,104124.234,365.56082,103375.11,105006.97,101415.53,127.63509,101167.26,101681.836,0.00010149654,0.00028267907,0.0,0.009444714,4.2915344e-06,0.0,0.000576019287109375,750168,3.1991810096609896e-05,0.004748239,0.0013125908,0.0026593208,0.009444714,0.00010133724,1.5716872e-05,6.695978e-05,0.00014383836,236.29546,90.672714,0.0027076819,360.00272,261.3911,50.69516,337.27396,750192,0.0,359.91165,0.09798594,359.52505,360.00272,236.36143,9.559313,212.20387,258.71808,4.9964933,1.1797613,1.8570375,12.571217,4.8656597,3.3059978,7.1334596,750192,0.0,9.980256,0.7756598,8.61555,12.571217,4.995161,0.14138682,4.6628304,5.2719607,1.2460048,0.8032858,0.03467997,7.243324,1.0477548,0.33605608,2.8331203,750192,0.0,5.6454678,0.7598695,4.3811445,7.243324,1.24484,0.08097409,1.0082227,1.4439679,,,,,,,,0,1.0,,,,,,,,,,,,,,,,0,1.0,,,,,,,,,,,,,,,,0,1.0,,,,,,,,,0.0,0.0,0,0,0.0,0.0,0.0,750192,0.0,0.0,0.0,0,0,0.0,0.0,0.0,0.0
481,1.4345399,4.656011,-14.238235,20.43129,1.6114578,-6.092322635650635,8.84351654052734,750192,0.0,15.81722,1.8880075,12.458679,20.43129,1.4347324,0.56566703,0.0489695,2.6954863,0.5373363,3.8281217,-16.955826,14.954056,0.5065918,-5.600196075439453,6.78416290283203,750192,0.0,12.4918,1.160364,9.710739,14.954056,0.5346404,0.35988697,-0.2893842,1.3335334,279.21564,6.104673,252.98167,294.76535,279.33997,268.5328094482422,288.25579223632815,750192,0.0,292.50903,1.0195433,289.99658,294.76535,279.2172,0.87293035,277.17557,281.20248,282.32974,6.471259,256.70657,302.92587,282.28842,271.82318115234375,292.1171401977539,750192,0.0,299.6567,1.8804188,294.70828,302.92587,282.3326,0.93960714,280.3797,284.33615,101441.586,1040.778,95750.56,104996.19,101505.25,99610.625,103058.625,750192,0.0,104133.55,372.14175,103370.5,104996.19,101442.79,125.70692,101197.914,101707.12,,,,,,,,0,1.0,,,,,,,,,101422.83,1040.5676,95732.3,104975.97,101486.555,99591.99453125,103039.3578125,750192,0.0,104113.664,371.97852,103351.06,104975.97,101424.01,125.68827,101179.2,101688.25,0.00011398675,0.00029797913,0.0,0.00922966,5.722046e-06,0.0,0.0006351470947265625,750168,3.1991810096609896e-05,0.0048089554,0.0012595702,0.0028181076,0.00922966,0.00011384565,1.7339658e-05,7.498629e-05,0.00016070218,,,,,,,,0,1.0,,,,,,,,,,,,,,,,0,1.0,,,,,,,,,,,,,,,,0,1.0,,,,,,,,,-2.2838641e-07,1.2514962,-3.1901402,4.4598594,0.15985966,-1.9001402854919434,1.709859848022461,219141,0.7078867809840681,3.5082595,0.42934063,2.8798594,4.4598594,-1.367569e-05,0.050256588,-0.08135508,0.12428869,-0.08519209415052466,1.1839384165454334,-2.6350505919235565,2.16869376707107,-0.02064396198490792,-1.8763011103397094,1.5731474356838318,750192,0.0,2.00288459974794,0.07881458612366929,1.8335241692530435,2.16869376707107,-0.0848424673752044,0.07010302457172396,-0.20568993998053467,0.034938971050487794,-0.0040118233,0.40928903,-1.98566,1.9999225,-0.027574202,-0.6202409893274308,0.7013855963945385,218728,0.7084373067161474,1.9676864,0.03948809,1.8654279,1.9999225,-0.004021477,0.044750825,-0.09353867,0.088688925,0.0005505257320792544,0.02345682530730817,0,1,0.0,0.0,0.0,750192,0.0,0.27906976744186046,0.44854189586013743,0,1,0.0005477899810307019,0.0010976954988760972,0.0,0.0046803652968036525
486,1.5001425,4.7766256,-14.6362,21.821915,1.7346115,-6.285139465332032,9.039815521240232,750192,0.0,16.2454,2.0511343,12.986786,21.821915,1.5005729,0.5869775,0.08571066,2.8057208,0.5402325,3.917157,-15.862808,16.408401,0.4602661,-5.671164703369141,7.0630950927734375,750192,0.0,13.277291,1.2576841,9.502686,16.408401,0.53772277,0.37108487,-0.31873813,1.3713313,279.14722,6.0889673,251.13698,294.85324,279.284,268.4711029052734,288.1601226806641,750192,0.0,292.5497,1.050832,289.53333,294.85324,279.14874,0.88550323,277.03653,281.1011,282.18533,6.493322,255.39876,303.21283,282.11768,271.5640151977539,292.01605224609375,750192,0.0,299.78732,1.9631459,294.7747,303.21283,282.18823,0.939821,280.20438,284.10638,101425.91,1050.9832,95779.31,105021.19,101491.5,99574.25,103056.1875,750192,0.0,104137.49,374.7549,103389.44,105021.19,101427.14,126.34806,101181.79,101693.76,,,,,,,,0,1.0,,,,,,,,,101429.695,1051.0239,95782.3,105024.97,101495.305,99577.984375,103060.159765625,750192,0.0,104141.49,374.8167,103393.5,105024.97,101430.93,126.351875,101185.57,101697.58,0.000105934225,0.00029049325,0.0,0.010293961,3.8146973e-06,0.0,0.0006031990051269531,750168,3.1991810096609896e-05,0.0049007135,0.0013952379,0.0025901794,0.010293961,0.00010581075,1.6151847e-05,7.1146555e-05,0.00014266325,,,,,,,,0,1.0,,,,,,,,,,,,,,,,0,1.0,,,,,,,,,,,,,,,,0,1.0,,,,,,,,,4.6237026e-05,0.94619596,-2.6803372,1.9096627,-0.00033712387,-1.470337152481079,1.399662971496582,218749,0.7084093138823129,1.8176625,0.046647664,1.6996627,1.9096627,-2.8223098e-05,0.04542433,-0.063340984,0.095863864,0.045810310542616875,0.7839254232068301,-1.6530431356982949,1.733215097498819,0.0990652225457205,-1.1412230407038395,1.1857199990536145,750192,0.0,1.6180205742736231,0.06094593857835675,1.4709912345370113,1.733215097498819,0.045394016045394746,0.03880169461424055,-0.038970925352912814,0.11115537987949874,-0.0013326431,0.5107086,-1.9997184,1.9998616,0.014586973,-0.8836074590682983,0.774084651470184,217632,0.7098982660438928,1.9877733,0.015204121,1.9466509,1.9998616,-0.00140704,0.04107475,-0.07286106,0.10386785,0.0014889521615799688,0.03855820513250709,0,1,0.0,0.0,0.0,750192,0.0,0.29069767441860467,0.45408428348294483,0,1,0.0014815629622279439,0.0027778155772172713,0.0,0.011643835616438357
49,1.0332261,4.597254,-15.020645,23.730011,0.9199753,-6.038169097900391,8.888404083251952,750192,0.0,17.695318,1.8329372,14.150085,23.730011,1.0269675,0.56728345,-0.3614349,2.150139,0.08506171,4.6769853,-18.914139,23.10289,-0.5806656,-6.722510528564453,8.094175720214842,750192,0.0,15.327111,1.6884001,11.722275,23.10289,0.08329221,0.4194688,-1.1445751,0.890798,281.7003,4.844345,259.4296,294.14856,281.91772,273.13165893554685,288.8838165283203,750192,0.0,291.71588,0.8779604,290.03452,294.14856,281.70212,0.58065534,280.39294,283.2018,284.9958,4.5213914,266.29077,303.95996,284.94934,277.466650390625,291.76441802978513,750192,0.0,297.4667,2.0169768,293.63196,303.95996,284.9973,0.57614565,283.50958,286.5127,101649.54,978.7478,95451.31,104816.375,101742.69,99879.221875,103114.9375,750192,0.0,104070.26,260.47693,103559.125,104816.375,101649.875,128.89194,101292.29,101932.15,286.0044,3.799328,278.6775,294.18262,285.66553,280.784912109375,291.62890625,750192,0.0,291.93045,0.74717706,290.74072,294.18262,286.0032,0.4359435,285.10413,287.2526,101420.85,976.4266,95232.39,104575.06,101515.06,99653.078125,102880.144140625,750192,0.0,103831.55,259.4455,103325.664,104575.06,101421.24,128.69534,101064.43,101703.234,0.00012844574,0.00035494356,0.0,0.013268471,3.33786e-06,0.0,0.0007448196411132812,750168,3.1991810096609896e-05,0.0057744067,0.0015485011,0.003818512,0.013268471,0.00012835507,2.0539403e-05,8.7500106e-05,0.0001802285,224.71579,95.473785,0.0009625582,360.00043,264.31268,30.122328,328.90186,750192,0.0,359.9016,0.11704597,359.16153,360.00043,224.6515,9.194406,201.44576,247.77014,4.591778,1.4878529,1.883174,14.735894,4.178319,2.9674497,7.665413,750192,0.0,12.051696,0.94177425,9.752068,14.735894,4.5922413,0.17432332,4.2408404,4.968542,0.61040556,0.37338102,0.045530524,2.758045,0.51080406,0.19679491,1.360147,750192,0.0,2.3489962,0.1268349,2.0227745,2.758045,0.60989624,0.042014334,0.5071869,0.71578294,1.7919584e-07,1.2217304,-3.3171659,3.051834,0.14683414,-2.043165922164917,1.7818341255187988,300755,0.5990959647663532,2.670966,0.15191638,2.302834,3.051834,-0.0033676166,0.052783486,-0.09452389,0.13071375,-0.08630494986649352,1.2154245552236205,-3.3863448015796607,2.671001057581422,0.05006504057120211,-2.1220142630233862,1.6856535276784839,750192,0.0,2.4265648024895827,0.12346485020929739,2.1636308877269776,2.671001057581422,-0.08568654699081281,0.08819326805379143,-0.2377554608138098,0.0627223683336074,1.0552869e-08,0.1446799,-0.5933679,1.232086,-0.010720799,-0.21583017706871033,0.25627378225326536,300755,0.5990959647663532,0.774004,0.1649996,0.50098795,1.232086,0.0038787562,0.037689738,-0.056246035,0.11057334,0.0,0.0,0,0,0.0,0.0,0.0,750192,0.0,0.0,0.0,0,0,0.0,0.0,0.0,0.0
492,1.5254173,5.0224276,-14.864868,23.41072,1.4642563,-6.38056640625,9.87978286743164,750192,0.0,17.495075,1.8427147,14.348022,23.41072,1.520664,0.5723186,0.14689262,2.9071126,0.8975575,3.9184809,-17.354752,20.092178,0.67217255,-5.244483184814453,7.610582733154292,750192,0.0,14.217944,1.5160898,11.614609,20.092178,0.89761966,0.36510113,0.028633276,1.7401819,279.89853,4.6765356,257.87537,293.34985,280.01227,271.8538986206055,287.1128677368164,750192,0.0,290.53198,1.0789802,288.10483,293.34985,279.8995,0.58514696,278.504,281.1385,282.95053,4.5688677,265.82678,299.94348,282.90594,275.43560791015625,289.8393829345703,750192,0.0,295.69046,1.6805384,291.67508,299.94348,282.95303,0.60849905,281.36423,284.19742,101369.914,1198.917,94865.31,104770.375,101482.25,99217.25,103151.9375,750192,0.0,104201.26,313.3019,103218.31,104770.375,101371.07,144.01884,101019.73,101672.086,284.00214,4.0134444,275.3374,293.2312,283.8086,278.220703125,290.06396484375,750192,0.0,290.4896,1.2270646,288.15845,293.2312,284.00177,0.53236145,282.7686,285.17346,100821.23,1193.5022,94344.29,104193.01,100935.125,98676.176953125,102589.720703125,750192,0.0,103627.97,310.28912,102644.336,104193.01,100822.4,143.37544,100474.96,101121.14,0.00016062193,0.00037146526,0.0,0.010247707,1.335144e-05,0.0,0.0008883476257324219,750168,3.1991810096609896e-05,0.0049938853,0.0012229112,0.0031609535,0.010247707,0.00016038016,2.3337481e-05,0.00011200589,0.00021581013,219.13292,77.71576,0.001696286,360.00058,237.89107,65.33975,315.99588,750192,0.0,359.75027,0.24727285,358.6954,360.00058,219.07343,7.5454407,202.81789,236.5672,4.0512924,1.062903,1.6221962,12.043385,3.956934,2.5139625,5.9534388,750192,0.0,8.5285425,0.82163966,7.2639303,12.043385,4.050217,0.11223322,3.8058496,4.2915387,0.75967646,0.62333983,0.03187016,6.967843,0.57905364,0.13572977,2.013624,750192,0.0,4.666975,0.7991854,2.983458,6.967843,0.75880307,0.07144567,0.58106387,0.9647716,0.0043648174,2.4304016,-4.9884243,6.021576,-0.12542439,-3.5614242553710938,3.8485755920410156,265864,0.645605391686395,5.5247765,0.25845006,4.7015753,6.021576,0.004416484,0.060348094,-0.10614143,0.13455546,-0.0911102606801076,2.41672801445847,-5.305010165522535,5.633347534303725,-0.221305617411233,-3.641858438904574,3.737864250937175,750192,0.0,5.225569935595259,0.18838052546107048,4.810020128451953,5.633347534303725,-0.0905333274945599,0.09393429715728384,-0.2522689408287059,0.06941277573031268,0.0021121127,0.23554035,-1.97089,1.9897605,-0.01956648,-0.33339589536190034,0.4126102179288864,265703,0.6458200034124597,1.5680281,0.3242622,0.5956795,1.9897605,9.996072e-06,0.04650598,-0.0867,0.1475648,0.00021461172606479409,0.014648060208499607,0,1,0.0,0.0,0.0,750192,0.0,0.1511627906976744,0.3582074837383572,0,1,0.0002134843913837955,0.0008560464102137172,0.0,0.005479452054794521
494,1.7801516,4.9794564,-19.368912,21.168076,2.0236816,-6.625263214111328,9.532445526123045,750192,0.0,17.21059,1.808419,14.261169,21.168076,1.7763095,0.6058203,0.041992202,3.2851167,1.0410488,5.3339577,-22.488327,19.709427,1.6525955,-8.577474212646484,9.01957550048828,750192,0.0,16.57622,1.2520765,13.993973,19.709427,1.0416192,0.5255479,-0.33852544,2.1693838,279.5289,4.445093,261.7893,291.85925,279.54523,272.08783264160155,286.4520980834961,750192,0.0,289.08606,1.0138173,286.77386,291.85925,279.53024,0.58399767,278.34,280.7354,282.46982,4.0934663,269.53094,295.77975,282.29858,276.0504623413086,288.9389343261719,750192,0.0,292.44434,1.1922221,290.05756,295.77975,282.47107,0.6039214,281.29828,283.70337,101336.12,1194.6366,94980.5,104838.19,101442.25,99199.0625,103118.965625,750192,0.0,104160.76,322.48215,103289.56,104838.19,101337.49,140.95734,101026.97,101608.32,282.86057,3.2942288,276.02417,291.45068,282.5813,278.343994140625,288.12060546875,750192,0.0,288.51065,1.2771858,286.07788,291.45068,282.8593,0.6244114,281.5448,284.65482,100693.03,1188.3477,94367.01,104152.33,100800.625,98564.903515625,102460.15625,750192,0.0,103489.38,318.69006,102618.42,104152.33,100694.35,140.20522,100385.9,100964.88,9.628987e-05,0.00027938286,0.0,0.008154869,1.9073486e-06,0.0,0.0005645751953125,750168,3.1991810096609896e-05,0.004585632,0.0010086242,0.0025372505,0.008154869,9.6135285e-05,1.3916312e-05,6.546539e-05,0.00012658535,,,,,,,,0,1.0,,,,,,,,,,,,,,,,0,1.0,,,,,,,,,,,,,,,,0,1.0,,,,,,,,,3.771449e-07,1.2901379,-3.4840777,3.854922,0.036922216,-2.0470776557922363,1.9519221782684326,282078,0.6239922579819566,2.9066076,0.20982108,2.577922,3.854922,0.0020185886,0.09890616,-0.1745799,0.16076268,-0.22587478794009178,1.293210139828341,-3.692792554721674,3.009484792821387,-0.19568151289913097,-2.282571285323989,1.7412454864392148,750192,0.0,2.506053131685827,0.2443626093183737,2.0064054559415947,3.009484792821387,-0.2241653482731084,0.22450398498301044,-0.6097194859192784,0.15269709434860887,-2.1511985e-05,0.17419258,-1.7714503,1.8504773,-0.011696937,-0.2509797245264053,0.2932541191577909,282075,0.6239962569582187,1.1623033,0.24321274,0.62325764,1.8504773,0.0013886297,0.033218443,-0.06289904,0.08199801,3.998976262076909e-06,0.0019997400506730273,0,1,0.0,0.0,0.0,750192,0.0,0.011627906976744186,0.10720400531735916,0,1,3.971279705172195e-06,3.661338979418004e-05,0.0,0.00034153005464480874
495,1.4170537,4.013523,-12.132874,19.733047,1.4591751,-4.9219970703125,8.089353942871092,750192,0.0,14.7122345,1.5786008,10.946259,19.733047,1.4134363,0.47185007,0.29439998,2.6568089,1.2818056,3.6762476,-15.249695,18.950485,0.9877777,-4.232257843017578,7.717558288574217,750192,0.0,14.310346,1.4790107,11.824524,18.950485,1.282011,0.35382032,0.52484,2.1771615,279.48538,4.7425566,257.93005,293.71143,279.70062,271.2589584350586,286.748762512207,750192,0.0,290.24997,1.0062548,287.7636,293.71143,279.4868,0.6062577,278.04266,280.76068,282.4742,4.7836595,260.64294,301.076,282.51508,274.4740051269531,289.6905014038086,750192,0.0,296.07376,2.0766087,291.83795,301.076,282.47742,0.631694,280.76236,283.7423,101315.76,1226.9442,94628.875,104832.125,101428.375,99117.5,103136.4375,750192,0.0,104197.08,321.29028,103168.25,104832.125,101317.01,145.56673,100953.94,101622.67,283.53378,3.908111,275.61963,292.04858,283.38354,277.9140625,289.365478515625,750192,0.0,289.64014,1.0050172,287.32275,292.04858,283.534,0.5598325,282.36853,284.75262,100550.11,1220.2555,93902.3,104019.44,100664.48,98362.287109375,102353.1875,750192,0.0,103396.98,316.19376,102392.86,104019.44,100551.35,144.6355,100193.85,100853.8,0.00015055349,0.00035886478,0.0,0.008342743,1.0967255e-05,0.0,0.0008268356323242188,750168,3.1991810096609896e-05,0.0047785295,0.0010666257,0.003317833,0.008342743,0.00015034628,2.0360701e-05,0.000105083505,0.00019152663,,,,,,,,0,1.0,,,,,,,,,,,,,,,,0,1.0,,,,,,,,,,,,,,,,0,1.0,,,,,,,,,3.766348e-07,2.0979595,-4.6489215,5.268079,-0.08192158,-3.1439216136932373,3.2940783500671387,276383,0.631583647919466,4.745836,0.22201495,4.375078,5.268079,0.00018481357,0.04576089,-0.08678389,0.12127266,0.03361267876343222,2.082040707344075,-4.489095251922899,4.840600717365621,-0.04424985223618628,-3.07776556363155,3.3059931130016573,750192,0.0,4.586931213903482,0.13900665635226553,4.236115457195309,4.840600717365621,0.03312547473880842,0.03483510146152821,-0.06556205522928954,0.0912726803232617,1.5147598e-05,0.22730744,-1.6438591,1.8620459,-0.020069543,-0.3287228897213936,0.39392816573381423,276382,0.6315849809115532,1.3962249,0.27444488,0.91618675,1.8620459,-6.978439e-05,0.044407852,-0.082562566,0.1055778,1.3329920873589694e-06,0.0011545519955771003,0,1,0.0,0.0,0.0,750192,0.0,0.011627906976744186,0.10720400531735916,0,1,1.3273866411808431e-06,1.2237900150383463e-05,0.0,0.00011415525114155251
496,2.0281165,5.8746924,-20.440338,23.831573,2.4522324,-8.28903579711914,11.165679931640625,750192,0.0,19.341028,1.753041,16.085007,23.831573,2.0213397,0.71533555,0.3882859,3.5968268,1.5795568,5.9423766,-20.585709,23.522354,1.7647324,-8.257217407226562,11.14777145385742,750192,0.0,19.643553,1.5185992,16.869095,23.522354,1.581026,0.5470609,0.3187382,2.818698,280.27597,4.1784406,263.04034,290.4475,280.4819,272.9705978393555,286.50885009765625,750192,0.0,288.4829,0.7144811,286.8708,290.4475,280.27808,0.5208626,279.04926,281.51758,283.31146,3.461248,271.16382,293.42603,283.27838,277.7171356201172,288.30348052978513,750192,0.0,290.84717,1.1052067,288.87082,293.42603,283.31293,0.508983,282.12634,284.52432,101335.56,1225.9385,94560.75,104833.625,101455.25,99126.096875,103147.403125,750192,0.0,104187.59,306.53397,103250.375,104833.625,101336.65,147.44392,100961.85,101665.71,284.0193,2.9323099,278.6814,289.88696,283.96924,280.15380859375,287.96728515625,750192,0.0,288.08694,0.695024,285.87622,289.88696,284.01895,0.48307773,282.70084,285.23145,101119.41,1223.6058,94356.664,104606.05,101239.34,98913.525,102926.515625,750192,0.0,103962.51,305.03632,103032.39,104606.05,101120.47,147.17963,100747.086,101448.59,0.00011316154,0.00031547455,0.0,0.01043272,4.7683716e-06,0.0,0.0006537437438964844,750168,3.1991810096609896e-05,0.0049294815,0.00137773,0.0031414032,0.01043272,0.00011304125,1.4263948e-05,8.1223196e-05,0.00014608614,208.2703,82.2167,0.00031390716,360.00174,213.61206,47.26606,336.16406,750192,0.0,359.9007,0.10907156,359.53162,360.00174,208.20653,7.6723304,188.12643,224.8644,4.4625874,1.048873,1.8422651,11.296795,4.3549876,2.9372647,6.3608828,750192,0.0,8.58081,0.65679365,7.258333,11.296795,4.461664,0.1043043,4.1941824,4.663366,1.1436256,0.8109013,0.03970514,7.486381,0.94877183,0.22389865,2.7439272,750192,0.0,5.598507,0.8090674,4.155282,7.486381,1.1427363,0.07906749,0.9543352,1.367688,2.9042698e-07,1.3985734,-3.524578,3.693422,0.013422012,-2.150578022003174,2.117421865463257,167705,0.776450561989464,3.1664693,0.21381581,2.7754219,3.693422,-0.0007219304,0.057247404,-0.17633723,0.093329795,-0.0641387875287994,1.390958114232098,-3.3147371126851164,3.069335573273638,-0.04974770820324976,-2.20103899442557,2.0375678634715335,750192,0.0,2.8349946256578633,0.11465858536578412,2.5832261594444255,3.069335573273638,-0.06371956608499625,0.07248518013370181,-0.18844985791175295,0.059616173924794034,5.0835183e-06,0.18517615,-0.9686904,1.226951,-0.010758771,-0.2805046677589417,0.3162015855312347,167705,0.776450561989464,0.92580765,0.19060192,0.45669943,1.226951,0.0017376707,0.054272797,-0.17762774,0.0709428,0.0,0.0,0,0,0.0,0.0,0.0,750192,0.0,0.0,0.0,0,0,0.0,0.0,0.0,0.0
498,1.5459086,4.4635544,-17.020096,20.179794,1.7191238,-5.949500274658203,8.593714904785152,750192,0.0,15.93539,1.785423,12.951623,20.179794,1.542154,0.5404615,0.02940712,2.8999097,0.92734617,4.8205433,-21.823288,18.703201,1.4213486,-7.602772521972655,8.24227600097656,750192,0.0,15.265736,1.2350084,13.264191,18.703201,0.9275518,0.47497648,-0.2860871,1.9268129,279.492,4.6477594,261.2268,291.76996,279.60025,271.69708251953125,286.7293701171875,750192,0.0,289.8528,0.9096878,287.45074,291.76996,279.49332,0.611621,278.07584,280.84964,282.6155,4.538515,267.1423,300.98102,282.50735,275.4775390625,289.87933349609375,750192,0.0,294.60934,1.4973068,291.6479,300.98102,282.61774,0.61090314,281.28064,283.9347,101355.19,1181.1675,95179.75,104859.56,101459.875,99240.5625,103123.3125,750192,0.0,104159.95,324.85696,103307.56,104859.56,101356.47,140.22067,101049.55,101626.93,,,,,,,,0,1.0,,,,,,,,,100905.82,1176.4612,94750.01,104380.74,101011.95,98797.703125,102663.234375,750192,0.0,103690.57,321.95236,102838.42,104380.74,100907.14,139.71014,100600.48,101175.89,8.141272e-05,0.00024829505,0.0,0.010085583,1.9073486e-06,0.0,0.0004582405090332031,750168,3.1991810096609896e-05,0.004276869,0.0011360203,0.002617836,0.010085583,8.1305865e-05,1.1738806e-05,5.7094934e-05,0.00010890188,166.99959,120.59261,3.142422e-05,360.0023,157.03922,6.102742,353.06598,750192,0.0,359.98532,0.014558211,359.937,360.0023,166.94812,12.659042,137.04341,201.4986,5.610872,1.4570462,2.0969982,13.863446,5.401591,3.5805893,8.342757,750192,0.0,11.302545,0.9020061,9.255911,13.863446,5.609618,0.15849853,5.3091955,6.0958023,1.3162969,0.81394345,0.077044524,9.541764,1.1290433,0.3936654,2.883322,750192,0.0,6.015067,0.86650604,4.1151032,9.541764,1.3153156,0.07099479,1.1174772,1.4871371,2.2270837,1.3456191,-4.9922686,9.971731,2.2697315,0.1017313003540039,4.255731105804443,103713,0.8617513916437392,6.0051923,1.5746303,4.794731,9.971731,2.220868,0.112519994,1.9111077,2.368254,1.3687693865215214,1.4350313972558528,-2.8046727224152708,5.362977344243814,1.395435430044865,-0.9685910043868954,3.644140542131255,750192,0.0,4.22289208684902,0.6038797260620049,3.0691061305650993,5.362977344243814,1.3735465465310368,0.5929340057512115,0.35700485329544923,2.3667506291262947,0.0026361283,0.19454728,-1.987581,1.9583935,-0.0014657348,-0.28431327641010284,0.31429340541362755,103543,0.8619780002985902,1.453441,0.38663307,0.8059859,1.9583935,-0.0013884907,0.06693658,-0.1854489,0.093689434,0.0002266086548510248,0.015051820599800255,0,1,0.0,0.0,0.0,750192,0.0,0.06976744186046512,0.2547546779093796,0,1,0.00022565210226128653,0.00131015445893801,0.0,0.011529680365296804
499,1.1838225,4.1210017,-14.573532,19.743958,1.597908,-5.862677764892578,7.4392547607421875,750192,0.0,13.387791,1.6473283,10.917496,19.743958,1.1851002,0.5134945,-0.08642887,2.2914824,0.76236445,2.9692266,-13.492096,14.796692,0.82159424,-4.058322906494141,5.585871124267566,750192,0.0,10.966563,1.1061535,7.975342,14.796692,0.76058,0.2965676,-0.001978612,1.3674561,278.62347,6.079863,247.618,295.7295,278.8507,268.1651947021484,287.7446563720703,750192,0.0,292.8366,1.1563642,290.10858,295.7295,278.62503,0.91189814,276.15894,280.62692,281.83606,6.873028,252.2704,306.74646,281.6902,270.9846694946289,292.74793853759763,750192,0.0,300.92773,2.1901937,295.78403,306.74646,281.84042,0.93565834,279.80453,283.661,101385.03,1072.9221,96003.625,105072.44,101448.25,99502.75,103051.4375,750192,0.0,104172.19,371.6466,103361.25,105072.44,101386.21,126.85598,101145.97,101657.09,,,,,,,,0,1.0,,,,,,,,,101164.22,1070.5598,95788.17,104832.97,101228.586,99283.66484375,102823.45078125,750192,0.0,103938.336,369.51758,103129.97,104832.97,101165.375,126.603745,100925.86,101435.11,7.867968e-05,0.00025948093,0.0,0.009102821,9.536743e-07,0.0,0.0004429817199707031,750168,3.1991810096609896e-05,0.0050769267,0.001295953,0.0026650429,0.009102821,7.8634526e-05,1.1989063e-05,5.2112424e-05,0.00010729401,196.67578,88.76964,0.0006742177,360.0022,215.1831,40.103436,321.67508,747528,0.0035510909207242536,359.87952,0.13178924,359.24762,360.0022,196.75562,9.21808,173.48865,219.08983,2.7348328,0.5833891,1.6147671,5.5688686,2.6702204,1.8897518,3.8054888,747528,0.0035510909207242536,4.858492,0.2874005,4.2425013,5.5688686,2.7341104,0.051958907,2.6056125,2.837206,0.36516726,0.27060482,0.031175599,2.8901143,0.28310993,0.08210927,0.9011171,747528,0.0035510909207242536,1.9181638,0.32168594,1.3738245,2.8901143,0.36486137,0.022184048,0.31099445,0.40897095,4.7188657e-09,0.2024408,-0.6776568,0.6823431,0.0023431703,-0.34765684604644775,0.3223431706428528,90540,0.879310896410519,0.6805249,0.003856942,0.67234313,0.6823431,0.000114552335,0.022134395,-0.041009158,0.034710567,-0.19484135240480024,0.14087256801705544,-0.5734954117454023,0.18725764735554673,-0.19472975856504715,-0.4186988024488697,0.028937985090912232,750192,0.0,-0.04050762824965222,0.1312278102718849,-0.2655205495088231,0.18725764735554673,-0.19380186646650477,0.131553237586139,-0.41943388665032766,0.026636766867867732,1.6562797e-05,0.19492911,-0.76740813,0.8056036,0.004832195,-0.33545351177453997,0.3168946117162705,90540,0.879310896410519,0.7413784,0.02263778,0.7196698,0.8056036,0.0005486508,0.014847834,-0.0143629275,0.029722327,0.0,0.0,0,0,0.0,0.0,0.0,750192,0.0,0.0,0.0,0,0,0.0,0.0,0.0,0.0
5,1.0907832,4.999371,-16.774628,23.281296,1.0729828,-6.9008026123046875,9.406324768066405,750192,0.0,18.033855,1.7508337,14.382507,23.281296,1.083529,0.6289252,-0.50171053,2.30069,-0.08452509,4.7902727,-19.903397,23.995468,-0.6904297,-7.183195495605469,8.035368347167967,750192,0.0,15.511398,1.703042,12.257477,23.995468,-0.0858701,0.422533,-1.3526602,0.7076381,281.85303,4.6639676,260.58273,293.67688,282.0661,273.57176208496094,288.7673278808594,750192,0.0,291.20908,0.7706431,289.53888,293.67688,281.85483,0.5665382,280.64728,283.2931,285.10492,4.16446,267.5196,299.93884,285.07965,278.1467590332031,291.2628143310547,750192,0.0,295.90186,1.4665618,292.97607,299.93884,285.1056,0.5631624,283.7002,286.5094,101644.88,988.6565,95423.31,104819.375,101743.0,99853.1875,103117.903125,750192,0.0,104073.1,262.0463,103543.375,104819.375,101645.29,130.10472,101281.83,101931.26,286.0685,3.4615514,279.198,293.4414,285.81567,281.269287109375,291.20654296875,750192,0.0,291.41046,0.69991297,290.09424,293.4414,286.06644,0.45643422,285.0785,287.2555,101598.88,988.1885,95379.39,104771.06,101697.11,99807.51171875,103070.705078125,750192,0.0,104025.164,261.79916,103496.664,104771.06,101599.28,130.06357,101235.984,101885.195,0.00010470332,0.0003126226,0.0,0.011548042,2.3841858e-06,0.0,0.0006036758422851562,750168,3.1991810096609896e-05,0.0057332017,0.0016692269,0.0031700134,0.011548042,0.00010463088,1.5596142e-05,6.852833e-05,0.00014216402,231.38774,94.7435,0.000779941,360.00174,270.85223,29.81773,330.53146,750192,0.0,359.91397,0.08196038,359.637,360.00174,231.31706,8.89598,209.47118,253.99518,5.465972,1.771938,2.2613478,15.306106,4.996232,3.4316013,9.082833,750192,0.0,13.108491,0.8892403,10.235293,15.306106,5.466541,0.21952477,4.9937263,5.934349,0.81470525,0.47461247,0.07235679,4.0158577,0.69533193,0.28052223,1.757339,750192,0.0,3.2402506,0.27925178,2.6073444,4.0158577,0.8140887,0.054176915,0.6897829,0.9407472,2.8111594e-07,1.3187957,-3.469901,3.5380988,0.18009901,-2.2099010944366455,1.9270987510681152,400473,0.4661726597990914,2.8435094,0.19224542,2.200099,3.5380988,0.0012122247,0.05080748,-0.11757319,0.14049505,-0.013854308443026557,1.3172642596898292,-3.428764148895696,2.862433373239253,0.15310125485414644,-2.217769627984777,1.8998290840320724,750192,0.0,2.6668697249264377,0.09839142772510585,2.4436239103039177,2.862433373239253,-0.013649749442547798,0.03602749435850612,-0.07610546910572456,0.04728540181226663,6.740229e-08,0.15663463,-1.515551,1.4832124,-0.010464123,-0.233276429772377,0.2724290072917938,400473,0.4661726597990914,0.8149043,0.21057323,0.32762825,1.4832124,0.0009538294,0.039957903,-0.10681641,0.14565112,0.0,0.0,0,0,0.0,0.0,0.0,750192,0.0,0.0,0.0,0,0,0.0,0.0,0.0,0.0
50,1.1117421,4.935603,-16.31955,24.205582,1.0268402,-6.6006317138671875,9.457803344726557,750192,0.0,18.485594,1.854295,14.7369995,24.205582,1.1047642,0.6137635,-0.4226201,2.309168,-0.04901295,4.9338717,-20.297928,23.831406,-0.72148895,-7.278983306884766,8.326097869873042,750192,0.0,15.781456,1.7337073,12.016754,23.831406,-0.050733905,0.43797728,-1.3510716,0.7913765,281.82324,4.7470045,260.1179,293.82727,282.034,273.4035369873047,288.8741455078125,750192,0.0,291.48422,0.8175206,289.72433,293.82727,281.8251,0.574774,280.5684,283.3046,285.1182,4.3200264,267.13257,303.71844,285.07574,277.9197250366211,291.5219528198242,750192,0.0,296.71066,1.867789,293.24365,303.71844,285.11908,0.5632731,283.68353,286.56964,101645.96,984.5413,95418.81,104818.875,101741.69,99863.4375,103116.125,750192,0.0,104072.03,261.29715,103549.625,104818.875,101646.336,129.57574,101285.69,101930.56,286.09164,3.6386633,278.96558,293.99512,285.8047,281.08642578125,291.478271484375,750192,0.0,291.74197,0.7080361,290.53076,293.99512,286.09003,0.44401544,285.1489,287.355,101602.55,984.0923,95377.39,104773.06,101698.445,99820.489453125,103071.80390625,750192,0.0,104026.734,261.02963,103505.664,104773.06,101602.9,129.53868,101242.43,101887.11,0.00010983912,0.0003368235,0.0,0.011703491,1.9073486e-06,0.0,0.0006489753723144531,750168,3.1991810096609896e-05,0.005986361,0.0016228937,0.003464222,0.011703491,0.00010976962,1.6928554e-05,7.2430965e-05,0.00015270541,231.38774,94.7435,0.000779941,360.00174,270.85223,29.81773,330.53146,750192,0.0,359.91397,0.08196038,359.637,360.00174,231.31706,8.89598,209.47118,253.99518,5.465972,1.771938,2.2613478,15.306106,4.996232,3.4316013,9.082833,750192,0.0,13.108491,0.8892403,10.235293,15.306106,5.466541,0.21952477,4.9937263,5.934349,0.81470525,0.47461247,0.07235679,4.0158577,0.69533193,0.28052223,1.757339,750192,0.0,3.2402506,0.27925178,2.6073444,4.0158577,0.8140887,0.054176915,0.6897829,0.9407472,-9.531519e-08,1.4728768,-3.561075,3.3909252,0.1939249,-2.429075002670288,2.202924966812134,293881,0.6082589523748587,3.103786,0.12798789,2.865925,3.3909252,-0.0010465814,0.054129582,-0.12846978,0.11616102,-0.03240846814577119,1.4533998912546828,-3.553464805196294,3.112079241687815,0.11607659758924485,-2.3853213853597333,2.1300963720067587,750192,0.0,2.908562959254627,0.10026694585905621,2.671657137576242,3.112079241687815,-0.03206109905687543,0.040175173569486924,-0.10085486446142411,0.03830460347553005,8.435647e-08,0.23810412,-1.0298258,1.9769005,-0.015562983,-0.35298123955726624,0.4050396680831909,293881,0.6082589523748587,1.3738217,0.2644809,0.8705443,1.9769005,-0.0009824841,0.05038417,-0.11382238,0.09600049,0.0,0.0,0,0,0.0,0.0,0.0,750192,0.0,0.0,0.0,0,0,0.0,0.0,0.0,0.0
500,1.4345399,4.656011,-14.238235,20.43129,1.6114578,-6.092322635650635,8.84351654052734,750192,0.0,15.81722,1.8880075,12.458679,20.43129,1.4347324,0.56566703,0.0489695,2.6954863,0.5373363,3.8281217,-16.955826,14.954056,0.5065918,-5.600196075439453,6.78416290283203,750192,0.0,12.4918,1.160364,9.710739,14.954056,0.5346404,0.35988697,-0.2893842,1.3335334,279.21564,6.104673,252.98167,294.76535,279.33997,268.5328094482422,288.25579223632815,750192,0.0,292.50903,1.0195433,289.99658,294.76535,279.2172,0.87293035,277.17557,281.20248,282.32974,6.471259,256.70657,302.92587,282.28842,271.82318115234375,292.1171401977539,750192,0.0,299.6567,1.8804188,294.70828,302.92587,282.3326,0.93960714,280.3797,284.33615,101441.586,1040.778,95750.56,104996.19,101505.25,99610.625,103058.625,750192,0.0,104133.55,372.14175,103370.5,104996.19,101442.79,125.70692,101197.914,101707.12,,,,,,,,0,1.0,,,,,,,,,101422.83,1040.5676,95732.3,104975.97,101486.555,99591.99453125,103039.3578125,750192,0.0,104113.664,371.97852,103351.06,104975.97,101424.01,125.68827,101179.2,101688.25,0.00011398675,0.00029797913,0.0,0.00922966,5.722046e-06,0.0,0.0006351470947265625,750168,3.1991810096609896e-05,0.0048089554,0.0012595702,0.0028181076,0.00922966,0.00011384565,1.7339658e-05,7.498629e-05,0.00016070218,,,,,,,,0,1.0,,,,,,,,,,,,,,,,0,1.0,,,,,,,,,,,,,,,,0,1.0,,,,,,,,,-2.4299585e-08,1.2441103,-3.2567375,3.7132626,0.16326241,-1.886737585067749,1.7022624015808105,90424,0.8794655234926525,3.3828084,0.27146453,2.8622625,3.7132626,0.0004213974,0.0545912,-0.09909278,0.08664291,-0.21524631404541833,1.183254213171418,-2.8172730213856334,1.9688417630313346,-0.13423360692154937,-2.0072681667517536,1.4131973600572496,750192,0.0,1.69323532843202,0.14587281311416953,1.3976960517856134,1.9688417630313346,-0.2142763059483375,0.14169098720194293,-0.4574212524280159,0.02542179082563086,-0.0025511624,0.38271752,-1.9828146,1.9977349,-0.03603889,-0.538447591662407,0.6759185761213302,90218,0.8797401198626484,1.9675636,0.02471018,1.915027,1.9977349,-0.0015881081,0.050972577,-0.08631689,0.07011724,0.0002745963699959477,0.016568674262883335,0,1,0.0,0.0,0.0,750192,0.0,0.12790697674418605,0.3339862003801179,0,1,0.00027317326936345215,0.0008310847584861906,0.0,0.004098360655737705
501,1.4700671,4.6346436,-14.660614,22.973404,1.764534,-6.169939422607421,8.72701721191406,750192,0.0,16.039932,2.22365,12.561996,22.973404,1.47078,0.5762507,0.10904299,2.7574892,0.51758814,3.7756968,-15.615448,17.346878,0.42902374,-5.4422561645507805,6.857703399658202,750192,0.0,13.397536,1.3546406,9.629639,17.346878,0.51541567,0.36225674,-0.32674003,1.3147594,279.0378,6.065754,250.79713,294.88702,279.19128,268.39312744140625,288.0145263671875,750192,0.0,292.50192,1.0866754,289.44348,294.88702,279.0393,0.88597256,276.86847,280.9522,282.0499,6.52874,254.1468,303.95123,281.9717,271.3679534912109,291.99334106445315,750192,0.0,300.16608,2.024514,294.92508,303.95123,282.05286,0.929885,280.04242,283.89914,101411.055,1061.2129,95930.44,105043.69,101478.94,99541.75,103054.125,750192,0.0,104143.99,375.0133,103347.94,105043.69,101412.266,127.01331,101166.88,101680.52,,,,,,,,0,1.0,,,,,,,,,101420.87,1061.326,95939.22,105053.97,101488.72,99551.53125,103064.15625,750192,0.0,104154.35,375.05725,103358.336,105053.97,101422.08,127.02371,101176.64,101690.38,0.00010052461,0.00028228975,0.0,0.01050806,3.8146973e-06,0.0,0.0005621910095214844,750168,3.1991810096609896e-05,0.0050123706,0.0014458596,0.0027098656,0.01050806,0.00010043075,1.4853532e-05,6.811205e-05,0.00012987651,,,,,,,,0,1.0,,,,,,,,,,,,,,,,0,1.0,,,,,,,,,,,,,,,,0,1.0,,,,,,,,,-1.1555311e-08,1.05701,-2.9814463,3.1225538,0.13255365,-1.8274463415145874,1.46255362033844,92435,0.8767848764049737,2.9929175,0.15087096,2.6925538,3.1225538,0.0003556587,0.04820794,-0.10239083,0.06210802,-0.09685193619835032,0.9817183337785365,-2.5433312370192858,1.7235087982978425,0.012961557036852735,-1.7046225368832053,1.248183765259469,750192,0.0,1.574306095506635,0.07064998553398111,1.418790919401459,1.7235087982978425,-0.09657174256759236,0.061109532660107276,-0.2021609296118587,0.008066716033354198,-0.0012618245,0.38144442,-1.9973166,1.9990544,-0.03641863,-0.5422528594732284,0.6706888347864151,92312,0.8769488344317188,1.9759185,0.01910438,1.9330851,1.9990544,-0.00093549583,0.042639278,-0.09412034,0.05410716,0.00016395802674515323,0.012803559837428773,0,1,0.0,0.0,0.0,750192,0.0,0.11627906976744186,0.32055927330442374,0,1,0.00016312711402642936,0.0005267355361433619,0.0,0.00273224043715847
502,1.2147868,4.146695,-14.458237,18.518326,1.6686478,-5.8390457153320305,7.49078369140625,750192,0.0,13.352528,1.6383873,10.740463,18.518326,1.2156396,0.51012254,0.001962818,2.3474944,0.8426378,2.9775832,-13.710754,13.342636,0.8452835,-3.964212036132812,5.69045715332031,750192,0.0,10.755872,1.0405498,7.792755,13.342636,0.84081954,0.29293954,0.14325865,1.4506887,278.86017,6.1850305,250.19417,295.0274,278.93176,268.2847106933594,288.169905090332,750192,0.0,292.6144,1.0295818,290.05853,295.0274,278.8623,0.9074725,276.52792,280.90756,281.86752,6.789273,253.19716,304.33557,281.71582,271.1136642456055,292.45989379882815,750192,0.0,299.71823,2.0175934,294.5321,304.33557,281.87158,0.95931107,279.7964,283.83258,101417.48,1049.5435,95905.31,105015.69,101477.125,99577.75,103054.1875,750192,0.0,104160.24,375.02255,103410.75,105015.69,101418.62,125.19273,101177.0,101687.31,,,,,,,,0,1.0,,,,,,,,,101286.73,1048.0973,95780.34,104873.97,101347.07,99448.06328125,102919.40625,750192,0.0,104021.57,373.78522,103271.336,104873.97,101287.88,125.05474,101046.67,101555.92,9.078695e-05,0.00027501286,0.0,0.013118744,2.3841858e-06,0.0,0.0005154609680175781,750168,3.1991810096609896e-05,0.0049294373,0.0015119363,0.0031013489,0.013118744,9.072588e-05,1.3250612e-05,5.9316473e-05,0.000118052005,,,,,,,,0,1.0,,,,,,,,,,,,,,,,0,1.0,,,,,,,,,,,,,,,,0,1.0,,,,,,,,,-2.9833074e-09,0.21325088,-0.71286756,0.71813244,0.007132437,-0.3628675639629364,0.33813244104385376,92065,0.8772780834772965,0.71467793,0.0066245324,0.6971324,0.71813244,-0.0006416911,0.031897314,-0.064201966,0.054509435,-0.32195827435635493,0.2220848372973361,-0.8354405000217133,0.21197235574105044,-0.322112974696633,-0.6691191949973533,0.024562683705404414,750192,0.0,-0.15698212005257522,0.21642550949063982,-0.5277300839902801,0.21197235574105044,-0.320191950133987,0.21675879017790417,-0.691630464849653,0.042675235017102436,-4.317509e-08,0.20490895,-0.8256798,0.8232979,0.0044256793,-0.3530887961387634,0.33568742871284507,92065,0.8772780834772965,0.7685873,0.029058792,0.7253359,0.8232979,0.00019016372,0.015695639,-0.02126699,0.030652186,0.0,0.0,0,0,0.0,0.0,0.0,750192,0.0,0.0,0.0,0,0,0.0,0.0,0.0,0.0
503,1.5001425,4.7766256,-14.6362,21.821915,1.7346115,-6.285139465332032,9.039815521240232,750192,0.0,16.2454,2.0511343,12.986786,21.821915,1.5005729,0.5869775,0.08571066,2.8057208,0.5402325,3.917157,-15.862808,16.408401,0.4602661,-5.671164703369141,7.0630950927734375,750192,0.0,13.277291,1.2576841,9.502686,16.408401,0.53772277,0.37108487,-0.31873813,1.3713313,279.14722,6.0889673,251.13698,294.85324,279.284,268.4711029052734,288.1601226806641,750192,0.0,292.5497,1.050832,289.53333,294.85324,279.14874,0.88550323,277.03653,281.1011,282.18533,6.493322,255.39876,303.21283,282.11768,271.5640151977539,292.01605224609375,750192,0.0,299.78732,1.9631459,294.7747,303.21283,282.18823,0.939821,280.20438,284.10638,101425.91,1050.9832,95779.31,105021.19,101491.5,99574.25,103056.1875,750192,0.0,104137.49,374.7549,103389.44,105021.19,101427.14,126.34806,101181.79,101693.76,,,,,,,,0,1.0,,,,,,,,,101429.695,1051.0239,95782.3,105024.97,101495.305,99577.984375,103060.159765625,750192,0.0,104141.49,374.8167,103393.5,105024.97,101430.93,126.351875,101185.57,101697.58,0.000105934225,0.00029049325,0.0,0.010293961,3.8146973e-06,0.0,0.0006031990051269531,750168,3.1991810096609896e-05,0.0049007135,0.0013952379,0.0025901794,0.010293961,0.00010581075,1.6151847e-05,7.1146555e-05,0.00014266325,,,,,,,,0,1.0,,,,,,,,,,,,,,,,0,1.0,,,,,,,,,,,,,,,,0,1.0,,,,,,,,,3.212446e-08,1.1213657,-3.3461313,3.4138687,0.19386867,-1.8361313343048096,1.5438686609268188,92623,0.8765342738925501,3.2038686,0.20780237,2.7538686,3.4138687,0.0005344572,0.0617904,-0.12451459,0.09664077,-0.1936420358791176,1.044700390179259,-2.7997668732672194,1.8017279807837874,-0.0810256709330285,-1.8591272244145964,1.2351303337651034,750192,0.0,1.5358027853001022,0.1345377944026625,1.2678595940661246,1.8017279807837874,-0.19274326437554787,0.12841553915558637,-0.41334071387500815,0.02392937329958057,-0.0019563076,0.40715346,-1.988177,1.9968082,-0.032645382,-0.5948330342769623,0.7095117449760441,92430,0.8767915413654105,1.9868134,0.009481268,1.9681648,1.9968082,-0.0011909946,0.055670593,-0.110472485,0.077544555,0.0002572674728602811,0.01603749626056665,0,1,0.0,0.0,0.0,750192,0.0,0.12790697674418605,0.3339862003801179,0,1,0.000256033298690718,0.000802052118056272,0.0,0.004452054794520548
504,1.1838225,4.1210017,-14.573532,19.743958,1.597908,-5.862677764892578,7.4392547607421875,750192,0.0,13.387791,1.6473283,10.917496,19.743958,1.1851002,0.5134945,-0.08642887,2.2914824,0.76236445,2.9692266,-13.492096,14.796692,0.82159424,-4.058322906494141,5.585871124267566,750192,0.0,10.966563,1.1061535,7.975342,14.796692,0.76058,0.2965676,-0.001978612,1.3674561,278.62347,6.079863,247.618,295.7295,278.8507,268.1651947021484,287.7446563720703,750192,0.0,292.8366,1.1563642,290.10858,295.7295,278.62503,0.91189814,276.15894,280.62692,281.83606,6.873028,252.2704,306.74646,281.6902,270.9846694946289,292.74793853759763,750192,0.0,300.92773,2.1901937,295.78403,306.74646,281.84042,0.93565834,279.80453,283.661,101385.03,1072.9221,96003.625,105072.44,101448.25,99502.75,103051.4375,750192,0.0,104172.19,371.6466,103361.25,105072.44,101386.21,126.85598,101145.97,101657.09,,,,,,,,0,1.0,,,,,,,,,101164.22,1070.5598,95788.17,104832.97,101228.586,99283.66484375,102823.45078125,750192,0.0,103938.336,369.51758,103129.97,104832.97,101165.375,126.603745,100925.86,101435.11,7.867968e-05,0.00025948093,0.0,0.009102821,9.536743e-07,0.0,0.0004429817199707031,750168,3.1991810096609896e-05,0.0050769267,0.001295953,0.0026650429,0.009102821,7.8634526e-05,1.1989063e-05,5.2112424e-05,0.00010729401,196.67578,88.76964,0.0006742177,360.0022,215.1831,40.103436,321.67508,747528,0.0035510909207242536,359.87952,0.13178924,359.24762,360.0022,196.75562,9.21808,173.48865,219.08983,2.7348328,0.5833891,1.6147671,5.5688686,2.6702204,1.8897518,3.8054888,747528,0.0035510909207242536,4.858492,0.2874005,4.2425013,5.5688686,2.7341104,0.051958907,2.6056125,2.837206,0.36516726,0.27060482,0.031175599,2.8901143,0.28310993,0.08210927,0.9011171,747528,0.0035510909207242536,1.9181638,0.32168594,1.3738245,2.8901143,0.36486137,0.022184048,0.31099445,0.40897095,2.3281137e-09,0.22124667,-0.7520993,0.75090075,0.0059007406,-0.3820992410182953,0.35590073466300964,91758,0.8776873120481157,0.7472643,0.0014937829,0.74590075,0.75090075,-0.00071403215,0.031436257,-0.054299403,0.058160376,-0.32617958133019365,0.22656289138109006,-0.8643360319493227,0.23342197648457827,-0.32617507993765293,-0.6813899667252185,0.028600633972615377,750192,0.0,-0.14192409765549874,0.2192097694480578,-0.5171471873916894,0.23342197648457827,-0.32440748112902007,0.21956641514165773,-0.7006881553361581,0.04329807824769534,-5.945836e-07,0.21126238,-0.8566774,0.87620944,0.0058201905,-0.36522563397884367,0.34158203601837145,91758,0.8776873120481157,0.8041804,0.034300514,0.7624362,0.87620944,0.00019273967,0.013825132,-0.018359268,0.022457777,0.0,0.0,0,0,0.0,0.0,0.0,750192,0.0,0.0,0.0,0,0,0.0,0.0,0.0,0.0
505,1.8187294,6.25701,-19.926025,24.340317,2.3470306,-8.800564575195313,11.29093780517578,750192,0.0,19.346054,2.1939206,15.240692,24.340317,1.8187122,0.7927828,-0.13058826,3.5172827,0.63771796,5.357776,-20.586945,20.934875,0.63838196,-8.010099792480469,9.36855773925781,750192,0.0,16.724709,1.5144045,12.911865,20.934875,0.63447267,0.51059574,-0.6029462,1.732206,279.59485,5.7380023,257.28052,294.28583,279.5451,269.6612274169922,288.32606048583983,750192,0.0,291.31735,1.1380999,288.68463,294.28583,279.59637,0.8328757,277.8845,281.4387,282.62198,5.627759,262.22717,297.8444,282.46924,273.58831787109375,290.9599273681641,750192,0.0,294.87735,1.5688224,291.43695,297.8444,282.62308,0.9070402,280.8989,284.56476,101416.63,1062.0602,95738.375,105009.69,101488.5,99538.846875,103055.5,750192,0.0,104126.71,365.56506,103377.69,105009.69,101417.91,127.63931,101169.63,101684.234,283.29428,5.351115,272.3081,294.8755,282.99316,275.51708984375,291.27001953125,750192,0.0,291.72137,1.3297869,288.72192,294.8755,283.2935,0.8932051,281.72824,285.13705,101414.27,1062.0347,95736.34,105006.97,101486.09,99536.5703125,103052.96875,750192,0.0,104124.234,365.56082,103375.11,105006.97,101415.53,127.63509,101167.26,101681.836,0.00010149654,0.00028267907,0.0,0.009444714,4.2915344e-06,0.0,0.000576019287109375,750168,3.1991810096609896e-05,0.004748239,0.0013125908,0.0026593208,0.009444714,0.00010133724,1.5716872e-05,6.695978e-05,0.00014383836,236.29546,90.672714,0.0027076819,360.00272,261.3911,50.69516,337.27396,750192,0.0,359.91165,0.09798594,359.52505,360.00272,236.36143,9.559313,212.20387,258.71808,4.9964933,1.1797613,1.8570375,12.571217,4.8656597,3.3059978,7.1334596,750192,0.0,9.980256,0.7756598,8.61555,12.571217,4.995161,0.14138682,4.6628304,5.2719607,1.2460048,0.8032858,0.03467997,7.243324,1.0477548,0.33605608,2.8331203,750192,0.0,5.6454678,0.7598695,4.3811445,7.243324,1.24484,0.08097409,1.0082227,1.4439679,9.756051e-09,0.8795388,-2.6334398,2.6265602,0.056560114,-1.4034398794174194,1.263560175895691,93842,0.8749093565380596,2.4463782,0.1381882,2.23656,2.6265602,-0.00022077323,0.039716687,-0.088584,0.048548736,-0.2286557462380692,0.8365372881658979,-2.3391787195776543,1.5803676227969887,-0.19240142974028518,-1.539846231944901,0.9890613696062164,750192,0.0,1.2667896151875877,0.15838062529475938,0.9609530153055701,1.5803676227969887,-0.22758960066837128,0.15403894857626407,-0.49218312140504505,0.03286578030489335,-0.00013602251,0.30393475,-1.8203008,1.9768714,-0.025734216,-0.4254065826535225,0.5246177911758423,93836,0.8749173544905837,1.7167169,0.21398649,1.3457872,1.9768714,0.00017141584,0.03399549,-0.081101984,0.041994486,7.997952524153817e-06,0.0028280538461827845,0,1,0.0,0.0,0.0,750192,0.0,0.03488372093023256,0.18348527718673838,0,1,7.96431984708506e-06,4.536478573493433e-05,0.0,0.00034246575342465754
506,1.8909669,5.999265,-19.057098,26.64711,2.4381104,-8.278678131103515,10.965993499755857,750192,0.0,19.3146,2.4784107,15.056122,26.64711,1.8918918,0.77225035,0.064417005,3.5558524,0.5336271,5.2146792,-20.648651,21.813782,0.52188873,-7.874176025390625,9.114959716796875,750192,0.0,17.105833,1.6591475,13.496826,21.813782,0.5307797,0.50287896,-0.7119413,1.5736017,279.39493,5.779074,256.7066,294.40054,279.29626,269.46625366210935,288.19683837890625,750192,0.0,291.37198,1.2738215,288.65497,294.40054,279.3968,0.82441175,277.75848,281.15637,282.3466,5.762111,261.42014,298.99747,282.17172,273.0986663818359,290.8812530517578,750192,0.0,295.4719,1.6834116,291.5727,298.99747,282.34827,0.9034441,280.62018,284.16287,101389.62,1078.6958,95865.25,105055.44,101463.31,99483.375,103051.25,750192,0.0,104143.555,368.9088,103321.75,105055.44,101390.875,128.63493,101139.25,101660.18,282.888,5.6169643,271.78955,295.37842,282.51294,274.88623046875,291.359619140625,750192,0.0,291.87082,1.5097092,288.73706,295.37842,282.8884,0.85615027,281.4046,284.6163,101384.125,1078.6343,95860.66,105049.97,101457.84,99477.980859375,103045.67890625,750192,0.0,104137.766,368.89746,103316.336,105049.97,101385.375,128.62868,101133.77,101654.66,0.00010658211,0.00029488272,0.0,0.011520863,4.7683716e-06,0.0,0.0006022453308105469,750168,3.1991810096609896e-05,0.0049703424,0.0015153214,0.0026187897,0.011520863,0.000106460044,1.5777481e-05,7.2231116e-05,0.00013952127,236.77946,84.36666,0.0006550329,360.002,259.80084,60.428265,329.9283,750192,0.0,359.88367,0.13555898,359.12952,360.002,236.84859,9.02053,211.75475,259.19476,4.680589,1.0509565,1.7223339,10.204273,4.6190066,3.0982397,6.495397,750192,0.0,8.756166,0.592402,7.6858997,10.204273,4.6794696,0.13523427,4.343242,4.9399347,1.0099736,0.66223174,0.040320992,6.197746,0.84226495,0.2658717,2.3286316,750192,0.0,4.6427007,0.66413176,3.5209892,6.197746,1.0091424,0.07040385,0.8400542,1.1788012,-2.61099e-09,0.7899113,-2.3660073,2.3639927,0.07699281,-1.2960071563720703,1.1439927816390991,93505,0.8753585748714996,2.307811,0.047707144,2.1939926,2.3639927,-0.00045986677,0.051538266,-0.10268971,0.075531706,-0.38453547501992263,0.7568939646382633,-2.4068258445383717,1.3352547449587915,-0.3336867185225066,-1.6148535320395527,0.7540446019099679,750192,0.0,0.8875135472021005,0.2606791307963034,0.4301037032302556,1.3352547449587915,-0.3826102776017193,0.25679599827078303,-0.8234140363011088,0.04951366491484389,-3.6112673e-05,0.3352791,-1.9776157,1.9965533,-0.031265207,-0.4697015106678009,0.5851314187049864,93497,0.8753692388081984,1.8333573,0.15956175,1.4535941,1.9965533,0.00035287507,0.040182162,-0.09282258,0.058257304,1.0663936698871755e-05,0.003265550945755684,0,1,0.0,0.0,0.0,750192,0.0,0.046511627906976744,0.21059035204970736,0,1,1.0604586171619633e-05,5.1072834431309065e-05,0.0,0.00034246575342465754
507,1.4700671,4.6346436,-14.660614,22.973404,1.764534,-6.169939422607421,8.72701721191406,750192,0.0,16.039932,2.22365,12.561996,22.973404,1.47078,0.5762507,0.10904299,2.7574892,0.51758814,3.7756968,-15.615448,17.346878,0.42902374,-5.4422561645507805,6.857703399658202,750192,0.0,13.397536,1.3546406,9.629639,17.346878,0.51541567,0.36225674,-0.32674003,1.3147594,279.0378,6.065754,250.79713,294.88702,279.19128,268.39312744140625,288.0145263671875,750192,0.0,292.50192,1.0866754,289.44348,294.88702,279.0393,0.88597256,276.86847,280.9522,282.0499,6.52874,254.1468,303.95123,281.9717,271.3679534912109,291.99334106445315,750192,0.0,300.16608,2.024514,294.92508,303.95123,282.05286,0.929885,280.04242,283.89914,101411.055,1061.2129,95930.44,105043.69,101478.94,99541.75,103054.125,750192,0.0,104143.99,375.0133,103347.94,105043.69,101412.266,127.01331,101166.88,101680.52,,,,,,,,0,1.0,,,,,,,,,101420.87,1061.326,95939.22,105053.97,101488.72,99551.53125,103064.15625,750192,0.0,104154.35,375.05725,103358.336,105053.97,101422.08,127.02371,101176.64,101690.38,0.00010052461,0.00028228975,0.0,0.01050806,3.8146973e-06,0.0,0.0005621910095214844,750168,3.1991810096609896e-05,0.0050123706,0.0014458596,0.0027098656,0.01050806,0.00010043075,1.4853532e-05,6.811205e-05,0.00012987651,,,,,,,,0,1.0,,,,,,,,,,,,,,,,0,1.0,,,,,,,,,,,,,,,,0,1.0,,,,,,,,,-1.7063634e-08,1.2843791,-2.8540998,3.7959003,0.22590035,-2.104099750518799,1.7299003601074219,93894,0.874840040949517,3.4939003,0.26290822,3.0099003,3.7959003,0.0002613877,0.056377,-0.11546991,0.06275807,-0.2649753382604048,1.219200642036774,-3.2647893974914792,2.066263349612878,-0.10270985870671596,-2.240435061420542,1.3903234760757301,750192,0.0,1.7203411920271872,0.17662859369121311,1.4011914956891132,2.066263349612878,-0.2637169447229067,0.17440377127422382,-0.563333691028942,0.030475618732336493,-0.0028318353,0.4047216,-1.9920543,1.9986324,-0.0361154,-0.585034191608429,0.711650013923645,93581,0.8752572674728603,1.9741927,0.018556705,1.9241053,1.9986324,-0.0024485493,0.04580273,-0.101110205,0.063751444,0.00041722652334335745,0.020421861946736796,0,1,0.0,0.0,0.0,750192,0.0,0.12790697674418605,0.3339862003801179,0,1,0.0004152072667092591,0.0013017316380709665,0.0,0.007762557077625571
508,1.1838225,4.1210017,-14.573532,19.743958,1.597908,-5.862677764892578,7.4392547607421875,750192,0.0,13.387791,1.6473283,10.917496,19.743958,1.1851002,0.5134945,-0.08642887,2.2914824,0.76236445,2.9692266,-13.492096,14.796692,0.82159424,-4.058322906494141,5.585871124267566,750192,0.0,10.966563,1.1061535,7.975342,14.796692,0.76058,0.2965676,-0.001978612,1.3674561,278.62347,6.079863,247.618,295.7295,278.8507,268.1651947021484,287.7446563720703,750192,0.0,292.8366,1.1563642,290.10858,295.7295,278.62503,0.91189814,276.15894,280.62692,281.83606,6.873028,252.2704,306.74646,281.6902,270.9846694946289,292.74793853759763,750192,0.0,300.92773,2.1901937,295.78403,306.74646,281.84042,0.93565834,279.80453,283.661,101385.03,1072.9221,96003.625,105072.44,101448.25,99502.75,103051.4375,750192,0.0,104172.19,371.6466,103361.25,105072.44,101386.21,126.85598,101145.97,101657.09,,,,,,,,0,1.0,,,,,,,,,101164.22,1070.5598,95788.17,104832.97,101228.586,99283.66484375,102823.45078125,750192,0.0,103938.336,369.51758,103129.97,104832.97,101165.375,126.603745,100925.86,101435.11,7.867968e-05,0.00025948093,0.0,0.009102821,9.536743e-07,0.0,0.0004429817199707031,750168,3.1991810096609896e-05,0.0050769267,0.001295953,0.0026650429,0.009102821,7.8634526e-05,1.1989063e-05,5.2112424e-05,0.00010729401,196.67578,88.76964,0.0006742177,360.0022,215.1831,40.103436,321.67508,747528,0.0035510909207242536,359.87952,0.13178924,359.24762,360.0022,196.75562,9.21808,173.48865,219.08983,2.7348328,0.5833891,1.6147671,5.5688686,2.6702204,1.8897518,3.8054888,747528,0.0035510909207242536,4.858492,0.2874005,4.2425013,5.5688686,2.7341104,0.051958907,2.6056125,2.837206,0.36516726,0.27060482,0.031175599,2.8901143,0.28310993,0.08210927,0.9011171,747528,0.0035510909207242536,1.9181638,0.32168594,1.3738245,2.8901143,0.36486137,0.022184048,0.31099445,0.40897095,-5.311562e-09,0.2126701,-0.71296394,0.7190361,0.0070360973,-0.3629639148712158,0.33903610706329346,91928,0.8774607033932647,0.71621794,0.00440699,0.7070361,0.7190361,-0.00081481785,0.03470157,-0.06366006,0.05766146,-0.3596384694893839,0.24764785859963104,-0.9342430307553257,0.22938506355749538,-0.3596784516138959,-0.7462208694563967,0.026711876520936956,750192,0.0,-0.18411374283297713,0.2417431638384832,-0.5964967304363202,0.22938506355749538,-0.3576720818822726,0.2421961273531589,-0.772696692341351,0.047856730947585115,3.188597e-07,0.20275688,-0.8148449,0.8671076,0.0048093637,-0.34901362359523774,0.3294401764869688,91928,0.8774607033932647,0.7774204,0.034110676,0.73382807,0.8671076,0.0001036838,0.015073505,-0.01650128,0.03364282,0.0,0.0,0,0,0.0,0.0,0.0,750192,0.0,0.0,0.0,0,0,0.0,0.0,0.0,0.0
509,1.7552831,5.439461,-17.14183,25.578873,2.2392807,-7.34075927734375,10.0723762512207,750192,0.0,18.189953,2.3283508,13.945572,25.578873,1.7567059,0.6983053,0.07865111,3.2572362,0.51885307,4.69008,-18.969406,20.695618,0.4747696,-6.977110290527344,8.331011199951167,750192,0.0,16.181973,1.6297251,12.851318,20.695618,0.51645875,0.450796,-0.5544405,1.4348133,279.18292,5.865325,255.03406,294.44647,279.0905,269.0854522705078,288.0849548339844,750192,0.0,291.5156,1.2049966,288.92047,294.44647,279.18503,0.8362876,277.4812,280.98254,282.1507,5.9715443,259.9894,300.4513,281.95996,272.5853775024414,291.0369140625,750192,0.0,296.76788,1.8670958,292.11844,300.4513,282.15353,0.91111404,280.40955,283.98105,101378.66,1084.7656,95912.5,105080.19,101450.81,99463.25,103049.8125,750192,0.0,104156.65,368.30493,103364.5,105080.19,101379.91,128.85805,101128.89,101649.836,282.65625,5.8436356,271.47925,295.86133,282.1582,274.45166015625,291.46142578125,750192,0.0,292.05347,1.5933566,288.9297,295.86133,282.6591,0.8889639,281.13998,284.60577,101391.44,1084.9117,95924.66,105093.97,101463.516,99475.8609375,103062.96796875,750192,0.0,104170.14,368.34683,103377.336,105093.97,101392.69,128.87543,101141.68,101662.67,0.00011224923,0.00030734984,0.0,0.011301994,5.2452087e-06,0.0,0.0006380081176757812,750168,3.1991810096609896e-05,0.0050930507,0.0015569659,0.0027325153,0.011301994,0.000112138885,1.7164275e-05,7.339278e-05,0.00014742145,236.77946,84.36666,0.0006550329,360.002,259.80084,60.428265,329.9283,750192,0.0,359.88367,0.13555898,359.12952,360.002,236.84859,9.02053,211.75475,259.19476,4.680589,1.0509565,1.7223339,10.204273,4.6190066,3.0982397,6.495397,750192,0.0,8.756166,0.592402,7.6858997,10.204273,4.6794696,0.13523427,4.343242,4.9399347,1.0099736,0.66223174,0.040320992,6.197746,0.84226495,0.2658717,2.3286316,750192,0.0,4.6427007,0.66413176,3.5209892,6.197746,1.0091424,0.07040385,0.8400542,1.1788012,-1.2575781e-08,0.5754223,-1.2199309,1.770069,-0.04993087,-0.8099308609962463,0.9700690507888794,87361,0.8835484782562331,1.7627963,0.008624386,1.750069,1.770069,0.0026720467,0.049464628,-0.09268866,0.06296076,-0.18260797020353664,0.4958829200445778,-1.2791311701273163,1.0780695681849894,-0.2131912176984977,-0.9260885963891392,0.6012869408862209,750192,0.0,0.8356887295733574,0.12340001985010182,0.5952247878996157,1.0780695681849894,-0.18173575006945006,0.12129375159147435,-0.38965215951536186,0.022385679695225567,-7.250514e-05,0.31541514,-1.6137503,1.9908668,-0.039730653,-0.42245293259620664,0.5777406096458433,87357,0.8835538102245825,1.8176162,0.16605823,1.3943988,1.9908668,0.0017361214,0.046277802,-0.08390691,0.05207376,5.3319683494358774e-06,0.002309099374117407,0,1,0.0,0.0,0.0,750192,0.0,0.03488372093023256,0.18348527718673838,0,1,5.3022930858098154e-06,2.962679621953676e-05,0.0,0.00022768670309653916
51,1.0332261,4.597254,-15.020645,23.730011,0.9199753,-6.038169097900391,8.888404083251952,750192,0.0,17.695318,1.8329372,14.150085,23.730011,1.0269675,0.56728345,-0.3614349,2.150139,0.08506171,4.6769853,-18.914139,23.10289,-0.5806656,-6.722510528564453,8.094175720214842,750192,0.0,15.327111,1.6884001,11.722275,23.10289,0.08329221,0.4194688,-1.1445751,0.890798,281.7003,4.844345,259.4296,294.14856,281.91772,273.13165893554685,288.8838165283203,750192,0.0,291.71588,0.8779604,290.03452,294.14856,281.70212,0.58065534,280.39294,283.2018,284.9958,4.5213914,266.29077,303.95996,284.94934,277.466650390625,291.76441802978513,750192,0.0,297.4667,2.0169768,293.63196,303.95996,284.9973,0.57614565,283.50958,286.5127,101649.54,978.7478,95451.31,104816.375,101742.69,99879.221875,103114.9375,750192,0.0,104070.26,260.47693,103559.125,104816.375,101649.875,128.89194,101292.29,101932.15,286.0044,3.799328,278.6775,294.18262,285.66553,280.784912109375,291.62890625,750192,0.0,291.93045,0.74717706,290.74072,294.18262,286.0032,0.4359435,285.10413,287.2526,101420.85,976.4266,95232.39,104575.06,101515.06,99653.078125,102880.144140625,750192,0.0,103831.55,259.4455,103325.664,104575.06,101421.24,128.69534,101064.43,101703.234,0.00012844574,0.00035494356,0.0,0.013268471,3.33786e-06,0.0,0.0007448196411132812,750168,3.1991810096609896e-05,0.0057744067,0.0015485011,0.003818512,0.013268471,0.00012835507,2.0539403e-05,8.7500106e-05,0.0001802285,224.71579,95.473785,0.0009625582,360.00043,264.31268,30.122328,328.90186,750192,0.0,359.9016,0.11704597,359.16153,360.00043,224.6515,9.194406,201.44576,247.77014,4.591778,1.4878529,1.883174,14.735894,4.178319,2.9674497,7.665413,750192,0.0,12.051696,0.94177425,9.752068,14.735894,4.5922413,0.17432332,4.2408404,4.968542,0.61040556,0.37338102,0.045530524,2.758045,0.51080406,0.19679491,1.360147,750192,0.0,2.3489962,0.1268349,2.0227745,2.758045,0.60989624,0.042014334,0.5071869,0.71578294,1.2822787e-07,1.443794,-3.6817548,3.623245,0.17324519,-2.409754753112793,2.1642448902130127,297092,0.603978714782349,3.0592175,0.1593885,2.6652453,3.623245,-0.0012041256,0.110410504,-0.27902326,0.17182541,-0.07777710021468993,1.4083775372753702,-3.621517592996778,3.1241473995848796,0.030213160486239968,-2.3275695513660986,2.0470485571316006,750192,0.0,2.8036111864351123,0.12934963006827593,2.515865132900744,3.1241473995848796,-0.07676989457654211,0.09274541916933689,-0.23372178252702863,0.12729347295981017,-0.0014384699,0.32193822,-1.5325358,1.9996012,-0.017158363,-0.4800518825650215,0.5264025539159775,296902,0.6042319832789473,1.6306291,0.3506353,0.94701797,1.9996012,-0.0030824547,0.092295535,-0.15098979,0.19115186,0.0002532684965982042,0.01591239616358376,0,1,0.0,0.0,0.0,750192,0.0,0.13953488372093023,0.3465038238546824,0,1,0.00025192420288618826,0.00093473141386485,0.0,0.006735159817351598
510,1.7801516,4.9794564,-19.368912,21.168076,2.0236816,-6.625263214111328,9.532445526123045,750192,0.0,17.21059,1.808419,14.261169,21.168076,1.7763095,0.6058203,0.041992202,3.2851167,1.0410488,5.3339577,-22.488327,19.709427,1.6525955,-8.577474212646484,9.01957550048828,750192,0.0,16.57622,1.2520765,13.993973,19.709427,1.0416192,0.5255479,-0.33852544,2.1693838,279.5289,4.445093,261.7893,291.85925,279.54523,272.08783264160155,286.4520980834961,750192,0.0,289.08606,1.0138173,286.77386,291.85925,279.53024,0.58399767,278.34,280.7354,282.46982,4.0934663,269.53094,295.77975,282.29858,276.0504623413086,288.9389343261719,750192,0.0,292.44434,1.1922221,290.05756,295.77975,282.47107,0.6039214,281.29828,283.70337,101336.12,1194.6366,94980.5,104838.19,101442.25,99199.0625,103118.965625,750192,0.0,104160.76,322.48215,103289.56,104838.19,101337.49,140.95734,101026.97,101608.32,282.86057,3.2942288,276.02417,291.45068,282.5813,278.343994140625,288.12060546875,750192,0.0,288.51065,1.2771858,286.07788,291.45068,282.8593,0.6244114,281.5448,284.65482,100693.03,1188.3477,94367.01,104152.33,100800.625,98564.903515625,102460.15625,750192,0.0,103489.38,318.69006,102618.42,104152.33,100694.35,140.20522,100385.9,100964.88,9.628987e-05,0.00027938286,0.0,0.008154869,1.9073486e-06,0.0,0.0005645751953125,750168,3.1991810096609896e-05,0.004585632,0.0010086242,0.0025372505,0.008154869,9.6135285e-05,1.3916312e-05,6.546539e-05,0.00012658535,,,,,,,,0,1.0,,,,,,,,,,,,,,,,0,1.0,,,,,,,,,,,,,,,,0,1.0,,,,,,,,,2.6694488e-07,1.2897308,-3.37656,3.9114401,0.04444003,-2.043560028076172,1.9374401569366455,91343,0.8782405037643697,3.0250764,0.38801485,2.75444,3.9114401,0.009404586,0.093991436,-0.07110831,0.27297235,-0.6434206539383154,1.3364555502110431,-4.356136129740272,2.8993530896133746,-0.6167687778575613,-2.794562099525914,1.4348783172543382,750192,0.0,2.04755013714559,0.44747204970302334,1.1760692306085527,2.8993530896133746,-0.6398954438672046,0.43439219179844846,-1.384855639652184,0.08755199037649009,-4.285578e-06,0.21651551,-1.3835516,1.7785672,-0.02085208,-0.26614299416542053,0.31316980719566345,91341,0.8782431697485443,1.200734,0.2538013,0.72590995,1.7785672,0.0069851996,0.06317422,-0.04596543,0.197842,2.6659841747179387e-06,0.001632782002364773,0,1,0.0,0.0,0.0,750192,0.0,0.023255813953488372,0.1507148999629735,0,1,2.6547732823616863e-06,1.72048972560472e-05,0.0,0.00011415525114155251
511,1.8909669,5.999265,-19.057098,26.64711,2.4381104,-8.278678131103515,10.965993499755857,750192,0.0,19.3146,2.4784107,15.056122,26.64711,1.8918918,0.77225035,0.064417005,3.5558524,0.5336271,5.2146792,-20.648651,21.813782,0.52188873,-7.874176025390625,9.114959716796875,750192,0.0,17.105833,1.6591475,13.496826,21.813782,0.5307797,0.50287896,-0.7119413,1.5736017,279.39493,5.779074,256.7066,294.40054,279.29626,269.46625366210935,288.19683837890625,750192,0.0,291.37198,1.2738215,288.65497,294.40054,279.3968,0.82441175,277.75848,281.15637,282.3466,5.762111,261.42014,298.99747,282.17172,273.0986663818359,290.8812530517578,750192,0.0,295.4719,1.6834116,291.5727,298.99747,282.34827,0.9034441,280.62018,284.16287,101389.62,1078.6958,95865.25,105055.44,101463.31,99483.375,103051.25,750192,0.0,104143.555,368.9088,103321.75,105055.44,101390.875,128.63493,101139.25,101660.18,282.888,5.6169643,271.78955,295.37842,282.51294,274.88623046875,291.359619140625,750192,0.0,291.87082,1.5097092,288.73706,295.37842,282.8884,0.85615027,281.4046,284.6163,101384.125,1078.6343,95860.66,105049.97,101457.84,99477.980859375,103045.67890625,750192,0.0,104137.766,368.89746,103316.336,105049.97,101385.375,128.62868,101133.77,101654.66,0.00010658211,0.00029488272,0.0,0.011520863,4.7683716e-06,0.0,0.0006022453308105469,750168,3.1991810096609896e-05,0.0049703424,0.0015153214,0.0026187897,0.011520863,0.000106460044,1.5777481e-05,7.2231116e-05,0.00013952127,236.77946,84.36666,0.0006550329,360.002,259.80084,60.428265,329.9283,750192,0.0,359.88367,0.13555898,359.12952,360.002,236.84859,9.02053,211.75475,259.19476,4.680589,1.0509565,1.7223339,10.204273,4.6190066,3.0982397,6.495397,750192,0.0,8.756166,0.592402,7.6858997,10.204273,4.6794696,0.13523427,4.343242,4.9399347,1.0099736,0.66223174,0.040320992,6.197746,0.84226495,0.2658717,2.3286316,750192,0.0,4.6427007,0.66413176,3.5209892,6.197746,1.0091424,0.07040385,0.8400542,1.1788012,1.958913e-09,0.971246,-2.9202945,2.9197054,0.10070536,-1.6052945852279663,1.349705457687378,93473,0.875401230618295,2.7424328,0.15134795,2.4597054,2.9197054,-3.9746137e-05,0.04913363,-0.10477918,0.07046878,-0.31791722974881315,0.8769021306114487,-2.5442760466369,1.5397284060196237,-0.255415715331086,-1.713923992661943,0.9526791983210025,750192,0.0,1.1610887831543326,0.21633219264594153,0.7564765187390874,1.5397284060196237,-0.31635108121928934,0.21183575519961306,-0.6800980209050141,0.04070806888810451,-0.0010332626,0.45530376,-1.9835889,1.9969634,-0.016139915,-0.7310678064823151,0.8045601844787598,93371,0.8755371958112057,1.8590627,0.11796504,1.5815207,1.9969634,-0.00058389065,0.040275417,-0.09460912,0.06250594,0.00013596519291061488,0.011659618620560952,0,1,0.0,0.0,0.0,750192,0.0,0.08139534883720931,0.27344130270476386,0,1,0.0001353571700058782,0.0005698159532806352,0.0,0.003538812785388128
518,1.9008678,6.2826166,-22.858429,27.635666,1.8350601,-8.371955108642577,12.176300048828125,750192,0.0,21.481392,1.933337,17.723328,27.635666,1.8953096,0.7617991,0.058860682,3.7105765,1.3369323,5.600314,-24.865875,22.372559,1.7793732,-8.471762084960936,9.705520629882812,750192,0.0,17.057781,1.6065496,14.052185,22.372559,1.339116,0.53287065,0.06769861,2.3413167,279.92773,4.0079546,263.14566,289.61078,280.1698,272.9606216430664,286.01282806396483,750192,0.0,288.3539,0.6486555,286.74313,289.61078,279.92987,0.45535377,278.68237,281.01956,283.1701,3.2915301,272.2107,292.89642,283.13922,277.9090606689453,288.01563873291013,750192,0.0,291.00467,0.876751,288.43512,292.89642,283.1719,0.42176545,282.18918,284.26813,101189.42,1296.9395,94546.06,105139.56,101310.75,98862.534375,103110.25,750192,0.0,104158.72,345.9373,103224.375,105139.56,101190.53,154.12105,100788.88,101548.266,284.00507,2.726885,279.46533,289.76904,283.81348,280.672119140625,287.740478515625,750192,0.0,287.9371,0.6947024,286.11768,289.76904,284.0043,0.3735542,283.13235,285.05908,101098.91,1295.9536,94460.61,105043.984,101220.41,98773.443359375,103017.58515625,750192,0.0,104064.734,345.43008,103133.31,105043.984,101100.07,154.00253,100698.945,101457.37,0.00014849124,0.00034566782,0.0,0.009475231,1.66893e-05,0.0,0.00079345703125,750168,3.1991810096609896e-05,0.0049255197,0.0010994329,0.0033802986,0.009475231,0.00014831754,1.753008e-05,0.00010919465,0.00018736476,258.1277,70.47935,0.00029973895,359.99307,278.21912,95.43644,335.4175,750192,0.0,359.81406,0.20727116,358.932,359.99307,258.09924,6.4601293,234.5109,268.1925,7.7327623,1.9697238,3.041605,16.446438,7.50285,4.933032,11.32347,750192,0.0,14.679685,0.7753121,12.955554,16.446438,7.7321095,0.2663778,7.167839,8.388331,1.8759154,1.0764638,0.13769102,10.420395,1.6296008,0.6284753,3.9690845,750192,0.0,7.8069706,1.0722393,5.4653835,10.420395,1.8746324,0.13721378,1.5667479,2.200021,,,,,,,,0,1.0,,,,,,,,,,,,,,,,0,1.0,,,,,,,,,,,,,,,,0,1.0,,,,,,,,,0.0,0.0,0,0,0.0,0.0,0.0,750192,0.0,0.0,0.0,0,0,0.0,0.0,0.0,0.0
519,1.5611105,5.656328,-21.025421,25.565353,1.6476669,-7.836697387695312,10.84222412109375,750192,0.0,19.960352,1.9148134,15.983643,25.565353,1.5559628,0.6789381,-0.116202176,3.1468842,1.4138992,5.3787966,-24.22319,23.364746,1.8167572,-7.9300895690917965,9.509170532226562,750192,0.0,16.931839,1.7422048,13.538956,23.364746,1.4157128,0.5085575,0.17863077,2.37501,279.78284,3.9685512,263.6734,290.0893,279.9933,272.92157592773435,285.7747467041016,750192,0.0,288.27,0.72377336,286.27313,290.0893,279.78485,0.46133718,278.5517,280.9409,282.798,3.3554366,270.89886,292.90503,282.80206,277.403564453125,287.8043212890625,750192,0.0,291.0268,0.8674697,288.9779,292.90503,282.8003,0.4344601,281.8111,283.96912,101218.0,1284.423,94413.81,105106.06,101338.125,98912.5625,103122.3125,750192,0.0,104169.49,337.79935,103238.625,105106.06,101219.12,152.65536,100821.984,101572.04,283.58252,2.7709312,279.07178,288.93774,283.4541,280.203369140625,287.23974609375,750192,0.0,287.35168,0.6377058,285.87842,288.93774,283.58215,0.37689847,282.6832,284.7151,100782.38,1279.9626,93999.61,104642.984,100903.42,98484.3609375,102676.855078125,750192,0.0,103716.59,335.05975,102798.31,104642.984,100783.48,152.11552,100388.9,101134.445,0.00015269665,0.00034202315,0.0,0.007153988,1.9073486e-05,0.0,0.0008044242858886719,750168,3.1991810096609896e-05,0.004548408,0.00085453957,0.002998352,0.007153988,0.00015252612,1.7333965e-05,0.000118270254,0.00018979367,254.59857,68.5925,9.1625974e-05,359.99942,276.2115,96.29781,328.2816,750192,0.0,359.75067,0.2803254,358.6468,359.99942,254.56711,6.157447,232.36438,265.60007,7.3976917,1.9487579,2.9459019,16.382954,7.1336017,4.6920877,10.987245,750192,0.0,14.44349,0.7861454,12.6879015,16.382954,7.397236,0.26360187,6.8723674,8.043361,1.6031297,0.93552846,0.10326719,9.234522,1.3878279,0.5243562,3.4198427,750192,0.0,6.904749,0.9928332,4.9883466,9.234522,1.6019986,0.11929268,1.3284637,1.8900228,-0.016496575,0.6845634,-2.2638743,9.9991255,-0.05887437,-0.8168743252754211,0.786125659942627,255337,0.6596377993900229,2.3738925,2.3181148,1.2901256,9.9991255,-0.017086066,0.15536569,-0.10578552,0.6784818,-0.13023939616907895,0.46399771333131457,-1.590154181594929,1.4016517751553763,-0.14155926637530278,-0.8674461611180609,0.6330668425960491,750192,0.0,1.1339085301907592,0.1104183917336066,0.9213285336664832,1.4016517751553763,-0.1297668511339454,0.09943936638573277,-0.3008321926041001,0.03955014953058367,-0.033707086,0.22040647,-1.9530033,1.9985704,-0.04934798,-0.3355283081531525,0.2984354257583617,253723,0.6617892486190202,1.0600345,0.3910047,0.5688784,1.9985704,-0.033110235,0.053969394,-0.109211184,0.12670429,0.0021514492289973768,0.04633379431055074,0,1,0.0,0.0,0.0,750192,0.0,0.06976744186046512,0.2547546779093796,0,1,0.002142391158647511,0.013451935199574277,0.0,0.1184931506849315
52,1.0332261,4.597254,-15.020645,23.730011,0.9199753,-6.038169097900391,8.888404083251952,750192,0.0,17.695318,1.8329372,14.150085,23.730011,1.0269675,0.56728345,-0.3614349,2.150139,0.08506171,4.6769853,-18.914139,23.10289,-0.5806656,-6.722510528564453,8.094175720214842,750192,0.0,15.327111,1.6884001,11.722275,23.10289,0.08329221,0.4194688,-1.1445751,0.890798,281.7003,4.844345,259.4296,294.14856,281.91772,273.13165893554685,288.8838165283203,750192,0.0,291.71588,0.8779604,290.03452,294.14856,281.70212,0.58065534,280.39294,283.2018,284.9958,4.5213914,266.29077,303.95996,284.94934,277.466650390625,291.76441802978513,750192,0.0,297.4667,2.0169768,293.63196,303.95996,284.9973,0.57614565,283.50958,286.5127,101649.54,978.7478,95451.31,104816.375,101742.69,99879.221875,103114.9375,750192,0.0,104070.26,260.47693,103559.125,104816.375,101649.875,128.89194,101292.29,101932.15,286.0044,3.799328,278.6775,294.18262,285.66553,280.784912109375,291.62890625,750192,0.0,291.93045,0.74717706,290.74072,294.18262,286.0032,0.4359435,285.10413,287.2526,101420.85,976.4266,95232.39,104575.06,101515.06,99653.078125,102880.144140625,750192,0.0,103831.55,259.4455,103325.664,104575.06,101421.24,128.69534,101064.43,101703.234,0.00012844574,0.00035494356,0.0,0.013268471,3.33786e-06,0.0,0.0007448196411132812,750168,3.1991810096609896e-05,0.0057744067,0.0015485011,0.003818512,0.013268471,0.00012835507,2.0539403e-05,8.7500106e-05,0.0001802285,224.71579,95.473785,0.0009625582,360.00043,264.31268,30.122328,328.90186,750192,0.0,359.9016,0.11704597,359.16153,360.00043,224.6515,9.194406,201.44576,247.77014,4.591778,1.4878529,1.883174,14.735894,4.178319,2.9674497,7.665413,750192,0.0,12.051696,0.94177425,9.752068,14.735894,4.5922413,0.17432332,4.2408404,4.968542,0.61040556,0.37338102,0.045530524,2.758045,0.51080406,0.19679491,1.360147,750192,0.0,2.3489962,0.1268349,2.0227745,2.758045,0.60989624,0.042014334,0.5071869,0.71578294,-8.704186e-07,1.317364,-3.5770237,3.2929764,0.20797634,-2.269823837280273,1.8829760551452637,162165,0.7838353381534328,2.6575704,0.30614758,1.6539764,3.2929764,0.024165286,0.2463868,-0.21468243,1.0965762,-0.09002676295692963,1.3394115528022474,-3.5343044820927054,2.75645478159491,0.11590704441579774,-2.3492103634188437,1.8122813224526861,750192,0.0,2.5660985182290292,0.10320174167255709,2.348506706193689,2.75645478159491,-0.08982721654053442,0.037270979702217336,-0.15453842714775282,-0.026991656131890078,0.0001775736,0.19148274,-1.3686229,1.9572785,-0.0076407627,-0.29029289484024046,0.31934204101562486,162165,0.7838353381534328,0.8633487,0.35258874,0.10622831,1.9572785,-0.011387655,0.070846386,-0.19072735,0.10301088,0.0,0.0,0,0,0.0,0.0,0.0,750192,0.0,0.0,0.0,0,0,0.0,0.0,0.0,0.0
520,1.5326196,6.026337,-21.140976,26.782013,1.7247086,-8.513495635986327,11.399960327148435,750192,0.0,20.690102,1.8329946,16.64325,26.782013,1.5268238,0.72201306,-0.18413115,3.2091,1.4405882,5.254137,-21.318146,23.62236,1.5626831,-7.365877532958984,9.672400665283202,750192,0.0,17.283186,1.8129503,14.535141,23.62236,1.4427787,0.4983678,0.2081451,2.4172142,279.78833,3.993304,263.28473,289.68872,280.0476,272.68560791015625,285.6744079589844,750192,0.0,287.84576,0.70188963,286.10065,289.68872,279.79004,0.48191074,278.5594,280.89023,282.84732,3.2708645,271.1552,294.28455,282.8761,277.56505279541017,287.57763671875,750192,0.0,290.49988,1.0379875,288.61737,294.28455,282.84888,0.44976604,281.77887,283.96878,101214.43,1282.4358,94559.06,105074.06,101333.625,98919.25,103114.9375,750192,0.0,104162.72,341.42755,103197.125,105074.06,101215.625,151.86797,100822.59,101557.48,283.47754,2.7296512,278.8435,288.53442,283.4209,280.1083984375,286.982421875,750192,0.0,287.0264,0.5790895,285.44775,288.53442,283.47617,0.42649347,282.3579,284.65054,101045.94,1280.6548,94399.39,104894.984,101165.45,98753.54765625,102942.792578125,750192,0.0,103987.6,340.38962,103027.31,104894.984,101047.14,151.65082,100655.13,101388.22,0.0001571596,0.00036840403,0.0,0.009279728,1.1444092e-05,0.0,0.0008788108825683594,750168,3.1991810096609896e-05,0.0050934358,0.0010443112,0.0033869743,0.009279728,0.0001569588,1.9929334e-05,0.000113997914,0.00020142861,243.28972,72.79181,0.0046090856,360.00073,266.30243,82.50206,328.05582,750192,0.0,359.72998,0.28571108,358.3241,360.00073,243.25269,6.4933753,219.47023,254.86516,6.3921723,1.6773871,2.6084995,15.955707,6.1143312,4.1772895,9.565607,750192,0.0,13.41801,0.8985122,11.186985,15.955707,6.3915205,0.22257987,5.951057,7.0011077,1.3543254,0.81033725,0.072749615,8.127102,1.1704412,0.41056687,2.9298544,750192,0.0,5.9650664,0.8341987,4.3871593,8.127102,1.3533266,0.09601455,1.1279272,1.5892055,9.8574295,0.12141418,8.907783,9.999783,9.887782,9.619782447814941,9.991782188415527,29244,0.9610179793972743,9.999304,0.00049972924,9.998782,9.999783,9.858528,0.019482093,9.805511,9.906336,9.883748025885163,0.08647285479262368,9.608234293088213,10.147838267526595,9.883778643356706,9.744908422412305,10.023927890553074,750192,0.0,10.007565780644445,0.0755941371842375,9.860630114369844,10.147838267526595,9.884337657568084,0.07403960777305053,9.757316915174112,10.008543840656117,-0.045528825,0.111964226,-0.9890645,0.23957628,-0.02635143,-0.25200485438108444,0.09756824187934397,29244,0.9610179793972743,0.18346329,0.020050496,0.14083359,0.23957628,-0.045855936,0.017469564,-0.10084975,-0.004682894,0.0,0.0,0,0,0.0,0.0,0.0,750192,0.0,0.0,0.0,0,0,0.0,0.0,0.0,0.0
521,1.9008678,6.2826166,-22.858429,27.635666,1.8350601,-8.371955108642577,12.176300048828125,750192,0.0,21.481392,1.933337,17.723328,27.635666,1.8953096,0.7617991,0.058860682,3.7105765,1.3369323,5.600314,-24.865875,22.372559,1.7793732,-8.471762084960936,9.705520629882812,750192,0.0,17.057781,1.6065496,14.052185,22.372559,1.339116,0.53287065,0.06769861,2.3413167,279.92773,4.0079546,263.14566,289.61078,280.1698,272.9606216430664,286.01282806396483,750192,0.0,288.3539,0.6486555,286.74313,289.61078,279.92987,0.45535377,278.68237,281.01956,283.1701,3.2915301,272.2107,292.89642,283.13922,277.9090606689453,288.01563873291013,750192,0.0,291.00467,0.876751,288.43512,292.89642,283.1719,0.42176545,282.18918,284.26813,101189.42,1296.9395,94546.06,105139.56,101310.75,98862.534375,103110.25,750192,0.0,104158.72,345.9373,103224.375,105139.56,101190.53,154.12105,100788.88,101548.266,284.00507,2.726885,279.46533,289.76904,283.81348,280.672119140625,287.740478515625,750192,0.0,287.9371,0.6947024,286.11768,289.76904,284.0043,0.3735542,283.13235,285.05908,101098.91,1295.9536,94460.61,105043.984,101220.41,98773.443359375,103017.58515625,750192,0.0,104064.734,345.43008,103133.31,105043.984,101100.07,154.00253,100698.945,101457.37,0.00014849124,0.00034566782,0.0,0.009475231,1.66893e-05,0.0,0.00079345703125,750168,3.1991810096609896e-05,0.0049255197,0.0010994329,0.0033802986,0.009475231,0.00014831754,1.753008e-05,0.00010919465,0.00018736476,258.1277,70.47935,0.00029973895,359.99307,278.21912,95.43644,335.4175,750192,0.0,359.81406,0.20727116,358.932,359.99307,258.09924,6.4601293,234.5109,268.1925,7.7327623,1.9697238,3.041605,16.446438,7.50285,4.933032,11.32347,750192,0.0,14.679685,0.7753121,12.955554,16.446438,7.7321095,0.2663778,7.167839,8.388331,1.8759154,1.0764638,0.13769102,10.420395,1.6296008,0.6284753,3.9690845,750192,0.0,7.8069706,1.0722393,5.4653835,10.420395,1.8746324,0.13721378,1.5667479,2.200021,3.2799408e-09,0.8694495,-2.3839393,3.0180607,0.02281058,-1.3969393968582153,1.3540606498718262,120956,0.8387666090814085,2.2849724,0.26947525,1.9430606,3.0180607,0.0031950725,0.057513654,-0.1186738,0.15573245,-0.17681316368859537,0.8593176944341707,-2.5143160518766283,2.190328777880866,-0.1590747117420765,-1.5590393892957797,1.1607117749729317,750192,0.0,1.8354645026679741,0.1567953136520396,1.5101802474713724,2.190328777880866,-0.17587935027920193,0.1330273316764217,-0.40460078500887514,0.04882947464362285,-0.0008697361,0.17594759,-0.9619531,1.9700332,-0.013212664,-0.25859895050525666,0.29850288331508634,120920,0.8388145967965535,0.9965387,0.29673564,0.6290436,1.9700332,-0.0009975308,0.038801994,-0.1004254,0.06771123,4.79877151449229e-05,0.0069271503754515145,0,1,0.0,0.0,0.0,750192,0.0,0.011627906976744186,0.10720400531735916,0,1,4.778591908251035e-05,0.0004405644054138047,0.0,0.00410958904109589
522,1.5611105,5.656328,-21.025421,25.565353,1.6476669,-7.836697387695312,10.84222412109375,750192,0.0,19.960352,1.9148134,15.983643,25.565353,1.5559628,0.6789381,-0.116202176,3.1468842,1.4138992,5.3787966,-24.22319,23.364746,1.8167572,-7.9300895690917965,9.509170532226562,750192,0.0,16.931839,1.7422048,13.538956,23.364746,1.4157128,0.5085575,0.17863077,2.37501,279.78284,3.9685512,263.6734,290.0893,279.9933,272.92157592773435,285.7747467041016,750192,0.0,288.27,0.72377336,286.27313,290.0893,279.78485,0.46133718,278.5517,280.9409,282.798,3.3554366,270.89886,292.90503,282.80206,277.403564453125,287.8043212890625,750192,0.0,291.0268,0.8674697,288.9779,292.90503,282.8003,0.4344601,281.8111,283.96912,101218.0,1284.423,94413.81,105106.06,101338.125,98912.5625,103122.3125,750192,0.0,104169.49,337.79935,103238.625,105106.06,101219.12,152.65536,100821.984,101572.04,283.58252,2.7709312,279.07178,288.93774,283.4541,280.203369140625,287.23974609375,750192,0.0,287.35168,0.6377058,285.87842,288.93774,283.58215,0.37689847,282.6832,284.7151,100782.38,1279.9626,93999.61,104642.984,100903.42,98484.3609375,102676.855078125,750192,0.0,103716.59,335.05975,102798.31,104642.984,100783.48,152.11552,100388.9,101134.445,0.00015269665,0.00034202315,0.0,0.007153988,1.9073486e-05,0.0,0.0008044242858886719,750168,3.1991810096609896e-05,0.004548408,0.00085453957,0.002998352,0.007153988,0.00015252612,1.7333965e-05,0.000118270254,0.00018979367,254.59857,68.5925,9.1625974e-05,359.99942,276.2115,96.29781,328.2816,750192,0.0,359.75067,0.2803254,358.6468,359.99942,254.56711,6.157447,232.36438,265.60007,7.3976917,1.9487579,2.9459019,16.382954,7.1336017,4.6920877,10.987245,750192,0.0,14.44349,0.7861454,12.6879015,16.382954,7.397236,0.26360187,6.8723674,8.043361,1.6031297,0.93552846,0.10326719,9.234522,1.3878279,0.5243562,3.4198427,750192,0.0,6.904749,0.9928332,4.9883466,9.234522,1.6019986,0.11929268,1.3284637,1.8900228,-1.2417989e-07,0.47790876,-1.4419128,1.4460871,-0.008912802,-0.754912793636322,0.7850871086120605,246736,0.6711028643333974,1.4164873,0.03810914,1.2450871,1.4460871,0.0007009186,0.025957068,-0.0453194,0.06445959,-0.049934732270575106,0.445933708918524,-1.3431913785981118,1.3079086258426171,-0.06319337545026127,-0.7531323930687313,0.6751462915103336,750192,0.0,1.1523649152430293,0.06489329142084753,1.0228163466436169,1.3079086258426171,-0.04975420010473244,0.044037891699591145,-0.1256462251571001,0.025698747608128715,2.714518e-06,0.17722167,-1.9781853,1.7234241,-0.013091387,-0.25604553520679474,0.30344749987125397,246736,0.6711028643333974,0.95284265,0.24378291,0.6591127,1.7234241,0.0006388136,0.021730503,-0.03900788,0.04647383,0.0,0.0,0,0,0.0,0.0,0.0,750192,0.0,0.0,0.0,0,0,0.0,0.0,0.0,0.0
523,1.5326196,6.026337,-21.140976,26.782013,1.7247086,-8.513495635986327,11.399960327148435,750192,0.0,20.690102,1.8329946,16.64325,26.782013,1.5268238,0.72201306,-0.18413115,3.2091,1.4405882,5.254137,-21.318146,23.62236,1.5626831,-7.365877532958984,9.672400665283202,750192,0.0,17.283186,1.8129503,14.535141,23.62236,1.4427787,0.4983678,0.2081451,2.4172142,279.78833,3.993304,263.28473,289.68872,280.0476,272.68560791015625,285.6744079589844,750192,0.0,287.84576,0.70188963,286.10065,289.68872,279.79004,0.48191074,278.5594,280.89023,282.84732,3.2708645,271.1552,294.28455,282.8761,277.56505279541017,287.57763671875,750192,0.0,290.49988,1.0379875,288.61737,294.28455,282.84888,0.44976604,281.77887,283.96878,101214.43,1282.4358,94559.06,105074.06,101333.625,98919.25,103114.9375,750192,0.0,104162.72,341.42755,103197.125,105074.06,101215.625,151.86797,100822.59,101557.48,283.47754,2.7296512,278.8435,288.53442,283.4209,280.1083984375,286.982421875,750192,0.0,287.0264,0.5790895,285.44775,288.53442,283.47617,0.42649347,282.3579,284.65054,101045.94,1280.6548,94399.39,104894.984,101165.45,98753.54765625,102942.792578125,750192,0.0,103987.6,340.38962,103027.31,104894.984,101047.14,151.65082,100655.13,101388.22,0.0001571596,0.00036840403,0.0,0.009279728,1.1444092e-05,0.0,0.0008788108825683594,750168,3.1991810096609896e-05,0.0050934358,0.0010443112,0.0033869743,0.009279728,0.0001569588,1.9929334e-05,0.000113997914,0.00020142861,243.28972,72.79181,0.0046090856,360.00073,266.30243,82.50206,328.05582,750192,0.0,359.72998,0.28571108,358.3241,360.00073,243.25269,6.4933753,219.47023,254.86516,6.3921723,1.6773871,2.6084995,15.955707,6.1143312,4.1772895,9.565607,750192,0.0,13.41801,0.8985122,11.186985,15.955707,6.3915205,0.22257987,5.951057,7.0011077,1.3543254,0.81033725,0.072749615,8.127102,1.1704412,0.41056687,2.9298544,750192,0.0,5.9650664,0.8341987,4.3871593,8.127102,1.3533266,0.09601455,1.1279272,1.5892055,-3.229597e-08,0.27472183,-0.84580195,0.852198,-0.0028019547,-0.4488019645214081,0.4641980230808258,169852,0.7735886279779043,0.84705514,0.0050359345,0.831198,0.852198,0.0033672513,0.054518346,-0.066133946,0.11909039,-0.1483229880691715,0.2795432981408763,-1.1320666796533971,0.7668778425949931,-0.14498814026626028,-0.6187145109829111,0.30288276310651535,750192,0.0,0.3805857763500117,0.20021359689250995,0.001637817145832221,0.7668778425949931,-0.14683298271432174,0.19828857902592395,-0.48699016716127036,0.18637284826117018,-2.4033163e-05,0.18637092,-0.8597505,1.1627275,-0.014527227,-0.2754349082708359,0.3304067537188524,169852,0.7735886279779043,0.884465,0.116020694,0.6820791,1.1627275,-0.0012368147,0.026856909,-0.061599165,0.056785513,0.0,0.0,0,0,0.0,0.0,0.0,750192,0.0,0.0,0.0,0,0,0.0,0.0,0.0,0.0
524,1.9008678,6.2826166,-22.858429,27.635666,1.8350601,-8.371955108642577,12.176300048828125,750192,0.0,21.481392,1.933337,17.723328,27.635666,1.8953096,0.7617991,0.058860682,3.7105765,1.3369323,5.600314,-24.865875,22.372559,1.7793732,-8.471762084960936,9.705520629882812,750192,0.0,17.057781,1.6065496,14.052185,22.372559,1.339116,0.53287065,0.06769861,2.3413167,279.92773,4.0079546,263.14566,289.61078,280.1698,272.9606216430664,286.01282806396483,750192,0.0,288.3539,0.6486555,286.74313,289.61078,279.92987,0.45535377,278.68237,281.01956,283.1701,3.2915301,272.2107,292.89642,283.13922,277.9090606689453,288.01563873291013,750192,0.0,291.00467,0.876751,288.43512,292.89642,283.1719,0.42176545,282.18918,284.26813,101189.42,1296.9395,94546.06,105139.56,101310.75,98862.534375,103110.25,750192,0.0,104158.72,345.9373,103224.375,105139.56,101190.53,154.12105,100788.88,101548.266,284.00507,2.726885,279.46533,289.76904,283.81348,280.672119140625,287.740478515625,750192,0.0,287.9371,0.6947024,286.11768,289.76904,284.0043,0.3735542,283.13235,285.05908,101098.91,1295.9536,94460.61,105043.984,101220.41,98773.443359375,103017.58515625,750192,0.0,104064.734,345.43008,103133.31,105043.984,101100.07,154.00253,100698.945,101457.37,0.00014849124,0.00034566782,0.0,0.009475231,1.66893e-05,0.0,0.00079345703125,750168,3.1991810096609896e-05,0.0049255197,0.0010994329,0.0033802986,0.009475231,0.00014831754,1.753008e-05,0.00010919465,0.00018736476,258.1277,70.47935,0.00029973895,359.99307,278.21912,95.43644,335.4175,750192,0.0,359.81406,0.20727116,358.932,359.99307,258.09924,6.4601293,234.5109,268.1925,7.7327623,1.9697238,3.041605,16.446438,7.50285,4.933032,11.32347,750192,0.0,14.679685,0.7753121,12.955554,16.446438,7.7321095,0.2663778,7.167839,8.388331,1.8759154,1.0764638,0.13769102,10.420395,1.6296008,0.6284753,3.9690845,750192,0.0,7.8069706,1.0722393,5.4653835,10.420395,1.8746324,0.13721378,1.5667479,2.200021,-1.10028004e-08,1.0398705,-4.4749694,7.315031,0.064030856,-1.4749691486358643,1.4350308179855347,116492,0.8447170857593789,2.8067951,1.359773,1.9570309,7.315031,0.02412476,0.2979247,-0.9880073,0.5749315,0.1817521615189313,0.8369404765865507,-2.0772600941867427,2.484387567909624,0.1951183163819909,-1.1615465370461149,1.4916297689941846,750192,0.0,2.1889749169690864,0.15264782498257665,1.8771519521241489,2.484387567909624,0.18079011479407925,0.1337772601797576,-0.043407995546246365,0.4101205417676227,0.07651592,0.2358557,-1.9972428,1.9975911,0.061600182,-0.24316257387399673,0.44954101443290656,113639,0.8485201121846141,1.1344149,0.3661543,0.47579432,1.9975911,0.07304534,0.08084772,-0.0943148,0.23093526,0.00380302642523514,0.06155130717737929,0,1,0.0,0.0,0.0,750192,0.0,0.03488372093023256,0.18348527718673838,0,1,0.0037870340872889455,0.02887284180044097,0.0,0.26621004566210044
525,1.5452749,4.178051,-16.54956,20.486435,1.5199661,-5.266864776611328,8.347776794433592,750192,0.0,15.428557,1.6873478,12.253891,20.486435,1.5425122,0.49634707,0.18196811,2.7705412,0.94523084,4.2460046,-19.098633,18.449783,1.2800293,-6.674491119384766,7.436803436279295,750192,0.0,14.008775,1.2978654,11.507217,18.449783,0.9455468,0.4226142,-0.098458946,1.9464551,279.32394,4.637551,258.95233,292.09042,279.44962,271.5790130615234,286.6093276977539,750192,0.0,290.17252,0.90440273,287.69632,292.09042,279.3249,0.5931184,277.86118,280.65314,282.87143,4.7596245,262.81274,303.9029,282.815,275.35286102294924,290.5522735595703,750192,0.0,296.31024,1.8582934,292.38873,303.9029,282.87482,0.61300665,281.41183,284.2028,101298.305,1217.2731,94715.5,104802.19,101404.56,99126.375,103111.590625,750192,0.0,104161.05,325.6618,103236.75,104802.19,101299.664,142.119,100975.59,101574.08,,,,,,,,0,1.0,,,,,,,,,101195.05,1216.2186,94617.3,104691.33,101301.5,99024.600390625,103005.683203125,750192,0.0,104053.02,325.14948,103129.06,104691.33,101196.42,141.99992,100873.0,101470.83,8.0618345e-05,0.00024588086,0.0,0.008692265,1.4305115e-06,0.0,0.000453948974609375,750168,3.1991810096609896e-05,0.0043386417,0.001134956,0.002357483,0.008692265,8.0482794e-05,1.1617758e-05,5.3510328e-05,0.00010539163,143.68088,116.470924,5.599855e-05,360.00208,113.94083,6.6394033,349.455,750192,0.0,359.97864,0.018723184,359.9146,360.00208,143.63336,12.367272,113.73764,176.19151,5.6308637,1.552846,2.055293,13.884929,5.4111505,3.4778109,8.500978,750192,0.0,11.341656,0.8406547,9.424139,13.884929,5.6297464,0.18090388,5.282787,6.219313,1.1199325,0.7091234,0.071105964,7.5080466,0.94971204,0.3351044,2.4932215,750192,0.0,5.1486187,0.7588577,3.5329185,7.5080466,1.1191835,0.06473476,0.9685288,1.2875761,4.193782,0.0,4.193782,4.193782,4.193782,4.193781852722168,4.193781852722168,1,0.9999986670079126,4.193782,0.0,4.193782,4.193782,4.193782,0.0,4.193782,4.193782,,,,,,,,0,1.0,,,,,,,,,,,,,,,,0,1.0,,,,,,,,,0.0,0.0,0,0,0.0,0.0,0.0,750192,0.0,0.0,0.0,0,0,0.0,0.0,0.0,0.0
526,1.3314509,4.5493097,-13.978165,21.560577,1.4532242,-6.27099609375,8.755878448486325,750192,0.0,16.484634,1.7672802,13.169647,21.560577,1.3280578,0.5446839,-0.092717506,2.6686559,1.0279032,4.0817866,-13.595612,22.30693,0.51852417,-4.999433898925782,8.299230194091795,750192,0.0,15.394128,1.6366421,12.652969,22.30693,1.0290161,0.38650596,0.15579005,1.8800519,279.32288,4.5375743,259.29218,293.3974,279.62,271.3711410522461,286.1645782470703,750192,0.0,289.50064,1.0837554,287.51416,293.3974,279.32504,0.59312165,277.8946,280.4863,282.22897,4.2822886,262.39716,298.8022,282.3554,275.02510223388674,288.60693359375,750192,0.0,294.49426,1.9371237,290.54852,298.8022,282.23282,0.6052035,280.61255,283.46085,101231.46,1269.4824,94798.25,105002.19,101347.19,98970.125,103116.0,750192,0.0,104175.445,346.66125,103126.25,105002.19,101232.72,149.3048,100852.24,101549.27,,,,,,,,0,1.0,,,,,,,,,100153.77,1262.6982,93762.664,103850.64,100271.56,97909.125,102014.13203125,750192,0.0,103052.69,338.7393,102035.86,103850.64,100155.05,147.92403,99781.7,100466.84,0.00016863657,0.00037640662,0.0,0.0078029633,1.7642975e-05,0.0,0.0008950233459472656,750168,3.1991810096609896e-05,0.004857451,0.0009650727,0.0030918121,0.0078029633,0.00016842701,2.162402e-05,0.000120990706,0.00021566988,205.59258,81.62901,8.114141e-05,359.99457,204.791,67.591934,330.621,750192,0.0,359.8418,0.16417603,359.08856,359.99457,205.54585,7.584388,185.3075,223.02992,3.3481336,0.770851,1.6288261,10.4703,3.272718,2.2270508,4.7034917,750192,0.0,6.5165663,0.86532104,5.453738,10.4703,3.3473394,0.07860521,3.131311,3.5232015,0.5505921,0.41921884,0.03131151,4.3511477,0.4402262,0.106083244,1.3803167,750192,0.0,3.0023162,0.45973054,2.2702303,4.3511477,0.5502034,0.041895293,0.45082945,0.66135615,-3.431351e-07,1.0099318,-3.6139114,5.7090883,0.087088585,-1.4679113626480103,1.3890886306762695,368557,0.5087164352592404,2.5814297,0.6494524,2.0390887,5.7090883,0.0015637634,0.3566769,-2.2768,0.23750399,0.05510369400075732,0.8385940858423491,-2.089341629202167,1.9427554545367642,0.10366219986753505,-1.2874319361678757,1.295595962406231,750192,0.0,1.7992026438451942,0.08084242051832898,1.5726445516814433,1.9427554545367642,0.05426301519806713,0.06789759416457596,-0.11605537335542758,0.1685704370843745,0.068317406,0.2577063,-1.9987344,1.9998581,0.051803082,-0.2783311605453491,0.4736509382724761,360945,0.5188631710282168,1.3611412,0.29163948,0.80125403,1.9998581,0.07525127,0.1119933,-0.095119804,0.59014475,0.010146735768976475,0.1002186585532407,0,1,0.0,0.0,0.0,750192,0.0,0.09302325581395349,0.2904650231813209,0,1,0.010100161114273629,0.08067661444820787,0.0,0.7447488584474886
527,1.551125,3.611558,-12.575912,17.436096,1.7481766,-4.457975769042969,7.212162017822262,750192,0.0,13.02972,1.3175691,10.82666,17.436096,1.5494976,0.43614402,0.45032912,2.591473,1.1759778,2.6173644,-12.993973,14.776245,1.0845184,-3.054740142822266,5.66143798828125,750192,0.0,11.344544,1.1722399,9.4105835,14.776245,1.1761552,0.27947003,0.5471783,1.8491282,278.65002,4.8813834,251.65855,293.3327,278.89346,270.3961380004883,286.21434326171874,750192,0.0,290.73703,1.1150758,287.98773,293.3327,278.65244,0.66083103,277.0114,279.94055,281.91702,5.23945,255.12119,303.149,282.05368,273.4434875488281,290.17103118896483,750192,0.0,297.62595,2.0320842,292.98062,303.149,281.92212,0.71879065,279.92984,283.28958,101224.32,1261.0814,94851.625,104935.375,101334.125,98987.346875,103100.5,750192,0.0,104168.52,352.03064,103093.125,104935.375,101225.695,145.9972,100867.03,101506.31,,,,,,,,0,1.0,,,,,,,,,99712.17,1255.5974,93420.76,103337.44,99825.66,97497.567578125,101554.72578125,750192,0.0,102590.31,341.312,101564.266,103337.44,99713.5,144.15567,99365.13,99988.484,9.346335e-05,0.0002693576,0.0,0.0066280365,2.3841858e-06,0.0,0.0005373954772949219,750168,3.1991810096609896e-05,0.004147327,0.00085995946,0.0026240349,0.0066280365,9.332642e-05,1.2603777e-05,6.250529e-05,0.00012109471,,,,,,,,0,1.0,,,,,,,,,,,,,,,,0,1.0,,,,,,,,,,,,,,,,0,1.0,,,,,,,,,0.021006174,1.602952,-4.9973483,8.913651,0.05765176,-2.333348274230957,2.2576515674591064,296695,0.6045079126410305,3.6721926,1.5626467,2.8006518,8.913651,0.032440126,0.4043819,-2.3323135,0.33759287,0.1922036802867283,1.3478710665339644,-3.2386151461800283,3.468140486682115,0.19722675893412583,-1.9061387273176604,2.2425210381469043,750192,0.0,3.0627819148844835,0.20696830330634022,2.536859954952213,3.468140486682115,0.19032859398395707,0.17858533769268653,-0.189580905339002,0.49274207806963755,0.09656001,0.24767996,-1.9992865,1.9980862,0.087665364,-0.243585704267025,0.4583729833364485,286704,0.617825836585834,1.1529447,0.30924466,0.7367308,1.9980862,0.10545846,0.13212292,-0.1270794,0.5293533,0.013317923944803464,0.11463226791180524,0,1,0.0,0.0,0.0,750192,0.0,0.06976744186046512,0.2547546779093796,0,1,0.01325709274182083,0.08556297023958492,0.0,0.7577625570776255
528,1.7552831,5.439461,-17.14183,25.578873,2.2392807,-7.34075927734375,10.0723762512207,750192,0.0,18.189953,2.3283508,13.945572,25.578873,1.7567059,0.6983053,0.07865111,3.2572362,0.51885307,4.69008,-18.969406,20.695618,0.4747696,-6.977110290527344,8.331011199951167,750192,0.0,16.181973,1.6297251,12.851318,20.695618,0.51645875,0.450796,-0.5544405,1.4348133,279.18292,5.865325,255.03406,294.44647,279.0905,269.0854522705078,288.0849548339844,750192,0.0,291.5156,1.2049966,288.92047,294.44647,279.18503,0.8362876,277.4812,280.98254,282.1507,5.9715443,259.9894,300.4513,281.95996,272.5853775024414,291.0369140625,750192,0.0,296.76788,1.8670958,292.11844,300.4513,282.15353,0.91111404,280.40955,283.98105,101378.66,1084.7656,95912.5,105080.19,101450.81,99463.25,103049.8125,750192,0.0,104156.65,368.30493,103364.5,105080.19,101379.91,128.85805,101128.89,101649.836,282.65625,5.8436356,271.47925,295.86133,282.1582,274.45166015625,291.46142578125,750192,0.0,292.05347,1.5933566,288.9297,295.86133,282.6591,0.8889639,281.13998,284.60577,101391.44,1084.9117,95924.66,105093.97,101463.516,99475.8609375,103062.96796875,750192,0.0,104170.14,368.34683,103377.336,105093.97,101392.69,128.87543,101141.68,101662.67,0.00011224923,0.00030734984,0.0,0.011301994,5.2452087e-06,0.0,0.0006380081176757812,750168,3.1991810096609896e-05,0.0050930507,0.0015569659,0.0027325153,0.011301994,0.000112138885,1.7164275e-05,7.339278e-05,0.00014742145,236.77946,84.36666,0.0006550329,360.002,259.80084,60.428265,329.9283,750192,0.0,359.88367,0.13555898,359.12952,360.002,236.84859,9.02053,211.75475,259.19476,4.680589,1.0509565,1.7223339,10.204273,4.6190066,3.0982397,6.495397,750192,0.0,8.756166,0.592402,7.6858997,10.204273,4.6794696,0.13523427,4.343242,4.9399347,1.0099736,0.66223174,0.040320992,6.197746,0.84226495,0.2658717,2.3286316,750192,0.0,4.6427007,0.66413176,3.5209892,6.197746,1.0091424,0.07040385,0.8400542,1.1788012,-1.3033777e-07,0.707055,-2.664929,3.4850707,0.055070877,-1.1549289226531982,1.0350708961486816,218923,0.7081773732591123,2.6398711,0.3800328,1.9050708,3.4850707,5.3310396e-05,0.050501637,-0.095780686,0.10141078,-0.10731968975253593,0.6197342475932779,-1.6321967865015958,1.1897865687996352,-0.06792080098547215,-1.0792358636807995,0.7885195395143265,750192,0.0,1.0254738975648459,0.09077899614102869,0.8565070442452402,1.1897865687996352,-0.10682941933120788,0.08855482033264371,-0.25942164321961214,0.043677834886094315,-0.0012969748,0.34969008,-1.9815885,1.9929098,-0.028038602,-0.508521220088005,0.6002954691648477,218794,0.7083493292383816,1.8530853,0.17962955,1.3793819,1.9929098,-0.0012840466,0.043036625,-0.08982626,0.06191884,0.00017195597926930706,0.01311207117165326,0,1,0.0,0.0,0.0,750192,0.0,0.16279069767441862,0.3691746015438963,0,1,0.0001710624199578602,0.00047088399693605293,0.0,0.00228310502283105
53,1.0332261,4.597254,-15.020645,23.730011,0.9199753,-6.038169097900391,8.888404083251952,750192,0.0,17.695318,1.8329372,14.150085,23.730011,1.0269675,0.56728345,-0.3614349,2.150139,0.08506171,4.6769853,-18.914139,23.10289,-0.5806656,-6.722510528564453,8.094175720214842,750192,0.0,15.327111,1.6884001,11.722275,23.10289,0.08329221,0.4194688,-1.1445751,0.890798,281.7003,4.844345,259.4296,294.14856,281.91772,273.13165893554685,288.8838165283203,750192,0.0,291.71588,0.8779604,290.03452,294.14856,281.70212,0.58065534,280.39294,283.2018,284.9958,4.5213914,266.29077,303.95996,284.94934,277.466650390625,291.76441802978513,750192,0.0,297.4667,2.0169768,293.63196,303.95996,284.9973,0.57614565,283.50958,286.5127,101649.54,978.7478,95451.31,104816.375,101742.69,99879.221875,103114.9375,750192,0.0,104070.26,260.47693,103559.125,104816.375,101649.875,128.89194,101292.29,101932.15,286.0044,3.799328,278.6775,294.18262,285.66553,280.784912109375,291.62890625,750192,0.0,291.93045,0.74717706,290.74072,294.18262,286.0032,0.4359435,285.10413,287.2526,101420.85,976.4266,95232.39,104575.06,101515.06,99653.078125,102880.144140625,750192,0.0,103831.55,259.4455,103325.664,104575.06,101421.24,128.69534,101064.43,101703.234,0.00012844574,0.00035494356,0.0,0.013268471,3.33786e-06,0.0,0.0007448196411132812,750168,3.1991810096609896e-05,0.0057744067,0.0015485011,0.003818512,0.013268471,0.00012835507,2.0539403e-05,8.7500106e-05,0.0001802285,224.71579,95.473785,0.0009625582,360.00043,264.31268,30.122328,328.90186,750192,0.0,359.9016,0.11704597,359.16153,360.00043,224.6515,9.194406,201.44576,247.77014,4.591778,1.4878529,1.883174,14.735894,4.178319,2.9674497,7.665413,750192,0.0,12.051696,0.94177425,9.752068,14.735894,4.5922413,0.17432332,4.2408404,4.968542,0.61040556,0.37338102,0.045530524,2.758045,0.51080406,0.19679491,1.360147,750192,0.0,2.3489962,0.1268349,2.0227745,2.758045,0.60989624,0.042014334,0.5071869,0.71578294,-5.6834747e-08,1.4439931,-3.9510877,3.4939122,0.19491243,-2.4700875282287598,2.1309123039245605,284585,0.6206504468189478,3.0205698,0.1747043,2.6229124,3.4939122,0.0063926005,0.15944181,-0.3550449,0.30651614,-0.009953451516284639,1.3751137566867706,-3.4948891570252094,2.900385575596648,0.09560333709900531,-2.2480846865357464,2.0567443528387606,750192,0.0,2.762019996532238,0.08628569564208513,2.580651408351241,2.900385575596648,-0.00940528737400339,0.01632849180435619,-0.0316635457357973,0.1016538373578661,-0.01068659,0.40140504,-1.9318955,1.9999139,-0.032699686,-0.613282510638237,0.6619691580533983,283372,0.6222673662209142,1.7391872,0.34597856,1.0125008,1.9999139,-0.012355751,0.12820835,-0.21966772,0.24568845,0.0016169194019664298,0.04017841427450781,0,1,0.0,0.0,0.0,750192,0.0,0.20930232558139536,0.4068105973147886,0,1,0.0016082594784110353,0.0049380158616123574,0.0,0.03016848816029144
530,1.7166855,5.411111,-17.354782,23.620117,2.1949997,-7.321592712402344,10.00226364135742,750192,0.0,18.222778,2.279515,14.301605,23.620117,1.7182847,0.7026326,-0.10467171,3.1283698,0.5046828,4.812995,-18.807297,21.537415,0.51595306,-7.237250518798828,8.430583953857411,750192,0.0,16.420137,1.7151904,12.686859,21.537415,0.5024949,0.46553686,-0.68088263,1.4851798,279.09457,5.7949142,254.9699,294.30835,279.03323,269.11946258544924,287.8707275390625,750192,0.0,291.21942,1.175989,288.50067,294.30835,279.0969,0.8316052,277.39948,280.90488,282.06903,5.8193035,260.132,300.89325,281.92017,272.6850784301758,290.7136505126953,750192,0.0,296.27786,1.8634725,291.24344,300.89325,282.07153,0.88945216,280.36935,283.8518,101346.375,1107.7255,95749.625,105091.44,101421.56,99385.9375,103046.875,750192,0.0,104170.95,364.36264,103379.5,105091.44,101347.64,130.73645,101089.38,101617.695,282.60455,5.6223884,271.51025,295.29443,282.208,274.65478515625,291.07177734375,750192,0.0,291.62494,1.5511581,288.45312,295.29443,282.606,0.8608684,281.07132,284.5017,101300.78,1107.2344,95705.734,105041.97,101376.23,99340.69765625,102999.877734375,750192,0.0,104122.805,363.96402,103331.336,105041.97,101302.08,130.67479,101043.77,101571.87,0.00010760947,0.00030361328,0.0,0.0095973015,4.2915344e-06,0.0,0.0006171822547912653,750168,3.1991810096609896e-05,0.004974906,0.0013349856,0.0031533241,0.0095973015,0.00010747383,1.6142967e-05,7.4015494e-05,0.00013927098,239.22083,79.40436,4.0290106e-05,359.995,259.4441,71.319855,326.282,750192,0.0,359.84207,0.1480105,359.218,359.995,239.304,8.988861,213.25345,262.30658,5.063855,1.2383939,1.8158398,13.231617,4.954602,3.2503493,7.258742,750192,0.0,10.115975,0.8101753,8.669235,13.231617,5.062633,0.1635727,4.6286654,5.383359,1.1113026,0.76324165,0.035656534,7.5224385,0.91414857,0.27018136,2.6354744,750192,0.0,5.4836693,0.8054662,3.9753313,7.5224385,1.1103696,0.0855146,0.92056996,1.3151246,3.4692371e-09,0.66266966,-3.3019557,4.148044,0.048044275,-1.0919556617736816,0.9980442523956299,633357,0.1557401305265852,2.5871105,0.4379472,1.7680442,4.148044,0.0001484996,0.08743775,-0.16914347,0.22987312,-0.014567206625826494,0.5480868864536393,-1.44973344440641,1.1699562484622146,0.04260698954071265,-0.9063345534410971,0.7650228366618226,750192,0.0,1.0113612307386664,0.07517732272978896,0.8673158030674732,1.1699562484622146,-0.014279180411811377,0.071281598139534,-0.13713556184819495,0.1074271474001645,-0.0014877542,0.36848962,-1.9978807,1.9995053,-0.034144044,-0.5203998953104019,0.6391780883073807,632802,0.15647994113506947,1.8970158,0.1431693,1.3717996,1.9995053,-0.0024807414,0.0597718,-0.19431435,0.12906301,0.000739810608484228,0.02718939662345971,0,1,0.0,0.0,0.0,750192,0.0,0.6162790697674418,0.4862912480541044,0,1,0.0007360213855769504,0.000899561297763617,0.0,0.003870673952641166
531,1.551125,3.611558,-12.575912,17.436096,1.7481766,-4.457975769042969,7.212162017822262,750192,0.0,13.02972,1.3175691,10.82666,17.436096,1.5494976,0.43614402,0.45032912,2.591473,1.1759778,2.6173644,-12.993973,14.776245,1.0845184,-3.054740142822266,5.66143798828125,750192,0.0,11.344544,1.1722399,9.4105835,14.776245,1.1761552,0.27947003,0.5471783,1.8491282,278.65002,4.8813834,251.65855,293.3327,278.89346,270.3961380004883,286.21434326171874,750192,0.0,290.73703,1.1150758,287.98773,293.3327,278.65244,0.66083103,277.0114,279.94055,281.91702,5.23945,255.12119,303.149,282.05368,273.4434875488281,290.17103118896483,750192,0.0,297.62595,2.0320842,292.98062,303.149,281.92212,0.71879065,279.92984,283.28958,101224.32,1261.0814,94851.625,104935.375,101334.125,98987.346875,103100.5,750192,0.0,104168.52,352.03064,103093.125,104935.375,101225.695,145.9972,100867.03,101506.31,,,,,,,,0,1.0,,,,,,,,,99712.17,1255.5974,93420.76,103337.44,99825.66,97497.567578125,101554.72578125,750192,0.0,102590.31,341.312,101564.266,103337.44,99713.5,144.15567,99365.13,99988.484,9.346335e-05,0.0002693576,0.0,0.0066280365,2.3841858e-06,0.0,0.0005373954772949219,750168,3.1991810096609896e-05,0.004147327,0.00085995946,0.0026240349,0.0066280365,9.332642e-05,1.2603777e-05,6.250529e-05,0.00012109471,,,,,,,,0,1.0,,,,,,,,,,,,,,,,0,1.0,,,,,,,,,,,,,,,,0,1.0,,,,,,,,,7.422371e-08,1.3986886,-4.289466,4.320534,0.0005340576,-2.165465831756592,2.110534191131592,275475,0.632794004734788,3.2409055,0.43028796,2.664534,4.320534,0.0046156305,0.061189763,-0.0850686,0.2292553,-0.09397637285678112,1.3836850588358292,-3.4959155389396197,3.03534213632541,-0.09451563147964015,-2.241915046408693,2.001880509228869,750192,0.0,2.7905181677437088,0.13101109149131046,2.5036039946319963,3.03534213632541,-0.09336187899716684,0.09271820400424449,-0.2532589978307807,0.0629067533030068,-0.002537615,0.16917352,-1.9721495,1.9895248,-0.012714961,-0.24560397267341613,0.27242736816406243,275193,0.6331699085034231,1.0486498,0.33258912,0.633828,1.9895248,0.0019277589,0.036956277,-0.044990573,0.16931662,0.0003759037686352294,0.019384593495659252,0,1,0.0,0.0,0.0,750192,0.0,0.05813953488372093,0.2340071139243966,0,1,0.0003742178573687513,0.002745174855562655,0.0,0.025342465753424658
532,1.3314509,4.5493097,-13.978165,21.560577,1.4532242,-6.27099609375,8.755878448486325,750192,0.0,16.484634,1.7672802,13.169647,21.560577,1.3280578,0.5446839,-0.092717506,2.6686559,1.0279032,4.0817866,-13.595612,22.30693,0.51852417,-4.999433898925782,8.299230194091795,750192,0.0,15.394128,1.6366421,12.652969,22.30693,1.0290161,0.38650596,0.15579005,1.8800519,279.32288,4.5375743,259.29218,293.3974,279.62,271.3711410522461,286.1645782470703,750192,0.0,289.50064,1.0837554,287.51416,293.3974,279.32504,0.59312165,277.8946,280.4863,282.22897,4.2822886,262.39716,298.8022,282.3554,275.02510223388674,288.60693359375,750192,0.0,294.49426,1.9371237,290.54852,298.8022,282.23282,0.6052035,280.61255,283.46085,101231.46,1269.4824,94798.25,105002.19,101347.19,98970.125,103116.0,750192,0.0,104175.445,346.66125,103126.25,105002.19,101232.72,149.3048,100852.24,101549.27,,,,,,,,0,1.0,,,,,,,,,100153.77,1262.6982,93762.664,103850.64,100271.56,97909.125,102014.13203125,750192,0.0,103052.69,338.7393,102035.86,103850.64,100155.05,147.92403,99781.7,100466.84,0.00016863657,0.00037640662,0.0,0.0078029633,1.7642975e-05,0.0,0.0008950233459472656,750168,3.1991810096609896e-05,0.004857451,0.0009650727,0.0030918121,0.0078029633,0.00016842701,2.162402e-05,0.000120990706,0.00021566988,205.59258,81.62901,8.114141e-05,359.99457,204.791,67.591934,330.621,750192,0.0,359.8418,0.16417603,359.08856,359.99457,205.54585,7.584388,185.3075,223.02992,3.3481336,0.770851,1.6288261,10.4703,3.272718,2.2270508,4.7034917,750192,0.0,6.5165663,0.86532104,5.453738,10.4703,3.3473394,0.07860521,3.131311,3.5232015,0.5505921,0.41921884,0.03131151,4.3511477,0.4402262,0.106083244,1.3803167,750192,0.0,3.0023162,0.45973054,2.2702303,4.3511477,0.5502034,0.041895293,0.45082945,0.66135615,1.5786851e-07,0.88112116,-2.4172847,2.6297154,0.050715208,-1.4172847270965576,1.3137152194976807,283006,0.6227552413248876,2.3432581,0.1895347,1.9627154,2.6297154,-0.0018479424,0.052878577,-0.067259185,0.16145979,-0.09730373182965886,0.85776542285203,-2.3097477749843844,1.8762033506667988,-0.04589638762940319,-1.4718495776343492,1.168385503923309,750192,0.0,1.6721219820835656,0.10859204545496945,1.4506987491667434,1.8762033506667988,-0.09667959089851474,0.09590330278121481,-0.2617571262191488,0.06582188414451975,4.443179e-06,0.21700773,-1.4380496,1.7781012,-0.020290188,-0.3091643154621124,0.37945903092622757,283006,0.6227552413248876,1.2708416,0.23382482,0.8553297,1.7781012,-0.0009518615,0.03578953,-0.064180225,0.09433174,0.0,0.0,0,0,0.0,0.0,0.0,750192,0.0,0.0,0.0,0,0,0.0,0.0,0.0,0.0
533,1.5452749,4.178051,-16.54956,20.486435,1.5199661,-5.266864776611328,8.347776794433592,750192,0.0,15.428557,1.6873478,12.253891,20.486435,1.5425122,0.49634707,0.18196811,2.7705412,0.94523084,4.2460046,-19.098633,18.449783,1.2800293,-6.674491119384766,7.436803436279295,750192,0.0,14.008775,1.2978654,11.507217,18.449783,0.9455468,0.4226142,-0.098458946,1.9464551,279.32394,4.637551,258.95233,292.09042,279.44962,271.5790130615234,286.6093276977539,750192,0.0,290.17252,0.90440273,287.69632,292.09042,279.3249,0.5931184,277.86118,280.65314,282.87143,4.7596245,262.81274,303.9029,282.815,275.35286102294924,290.5522735595703,750192,0.0,296.31024,1.8582934,292.38873,303.9029,282.87482,0.61300665,281.41183,284.2028,101298.305,1217.2731,94715.5,104802.19,101404.56,99126.375,103111.590625,750192,0.0,104161.05,325.6618,103236.75,104802.19,101299.664,142.119,100975.59,101574.08,,,,,,,,0,1.0,,,,,,,,,101195.05,1216.2186,94617.3,104691.33,101301.5,99024.600390625,103005.683203125,750192,0.0,104053.02,325.14948,103129.06,104691.33,101196.42,141.99992,100873.0,101470.83,8.0618345e-05,0.00024588086,0.0,0.008692265,1.4305115e-06,0.0,0.000453948974609375,750168,3.1991810096609896e-05,0.0043386417,0.001134956,0.002357483,0.008692265,8.0482794e-05,1.1617758e-05,5.3510328e-05,0.00010539163,143.68088,116.470924,5.599855e-05,360.00208,113.94083,6.6394033,349.455,750192,0.0,359.97864,0.018723184,359.9146,360.00208,143.63336,12.367272,113.73764,176.19151,5.6308637,1.552846,2.055293,13.884929,5.4111505,3.4778109,8.500978,750192,0.0,11.341656,0.8406547,9.424139,13.884929,5.6297464,0.18090388,5.282787,6.219313,1.1199325,0.7091234,0.071105964,7.5080466,0.94971204,0.3351044,2.4932215,750192,0.0,5.1486187,0.7588577,3.5329185,7.5080466,1.1191835,0.06473476,0.9685288,1.2875761,2.8257307e-07,1.2479553,-4.0073996,4.0926003,0.002600193,-1.9373998641967773,1.9026002883911133,292893,0.6095759485571693,2.9650002,0.40725172,2.5636,4.0926003,0.00089379324,0.046826817,-0.09564474,0.16281483,-0.08501647204217778,1.2311579129417003,-3.180971556990478,2.820044876118497,-0.08491047388194797,-1.9991731022592056,1.7956131780069553,750192,0.0,2.5730075453337533,0.12440079340715857,2.269541604286488,2.820044876118497,-0.08449629204409538,0.08510947743968483,-0.23145149768203835,0.059478757499029845,-0.0023886191,0.17219819,-1.9971682,1.9994017,-0.013263196,-0.24158951938152312,0.27106603980064375,292485,0.6101198093288118,1.1030991,0.335139,0.5883422,1.9994017,-0.0015633481,0.027020207,-0.042374358,0.09581596,0.0005438607716424595,0.023314480202301917,0,1,0.0,0.0,0.0,750192,0.0,0.05813953488372093,0.2340071139243966,0,1,0.0005415519891650434,0.0041093001618247365,0.0,0.03789954337899543
534,1.2451333,3.916092,-13.293198,17.90895,1.583046,-5.2998779296875,7.324408721923827,750192,0.0,13.314979,1.5360065,10.480743,17.90895,1.2466556,0.49396527,-0.07215212,2.2263236,0.75988966,3.015193,-12.881348,14.588684,0.75206757,-4.041493988037109,5.7223663330078125,750192,0.0,11.348876,1.1332995,8.3376465,14.588684,0.7581277,0.3040075,-0.0072461413,1.3665941,278.36026,6.130664,247.0367,295.19965,278.64362,267.73358459472655,287.4917877197266,750192,0.0,292.516,1.0068204,289.55853,295.19965,278.36194,0.8998662,276.17816,280.31677,281.4681,7.0297165,252.52235,306.3988,281.35663,270.2615219116211,292.6916168212891,750192,0.0,301.03235,1.9698501,295.16098,306.3988,281.4729,0.9162579,279.6257,283.35336,101355.16,1093.0184,95774.5,105103.19,101419.5,99435.375,103051.0,750192,0.0,104187.67,368.82434,103345.75,105103.19,101356.33,128.28874,101116.67,101626.586,,,,,,,,0,1.0,,,,,,,,,100993.69,1089.2532,95427.97,104709.97,101059.97,99077.58828125,102678.33515625,750192,0.0,103805.12,365.5168,102966.75,104709.97,100994.83,127.84466,100755.04,101263.26,8.0986196e-05,0.00026880883,0.0,0.009527206,9.536743e-07,0.0,0.00046539306640625,750168,3.1991810096609896e-05,0.0054412386,0.0013408241,0.003159523,0.009527206,8.0941034e-05,1.24140415e-05,5.1707004e-05,0.00011538992,,,,,,,,0,1.0,,,,,,,,,,,,,,,,0,1.0,,,,,,,,,,,,,,,,0,1.0,,,,,,,,,-4.4829216e-09,0.18938212,-0.61002153,0.6099785,-2.1509826e-05,-0.3000214993953705,0.30997851490974426,170188,0.7731407426365517,0.60697854,0.009000007,0.5699785,0.6099785,0.000107630345,0.028310878,-0.039043397,0.068841316,-0.0877849886206271,0.1339177894340686,-0.5305591225238848,0.30903614045429195,-0.08622371598489194,-0.3096325530932802,0.12961471912749054,750192,0.0,0.18529295333803383,0.06736086014957994,0.07238033816227304,0.30903614045429195,-0.08737055142258195,0.06730832919372774,-0.20325686628729592,0.02669344061631954,-2.5525756e-06,0.14920604,-0.7963487,0.80455846,-0.0034156647,-0.23519352078437805,0.25256098061799986,170188,0.7731407426365517,0.68992996,0.054739952,0.60164,0.80455846,-3.767256e-05,0.023327831,-0.035879977,0.059571255,0.0,0.0,0,0,0.0,0.0,0.0,750192,0.0,0.0,0.0,0,0,0.0,0.0,0.0,0.0
535,1.2237581,4.3075833,-15.272751,20.117981,1.6678772,-6.1589813232421875,7.72943115234375,750192,0.0,13.704119,1.6702634,11.143829,20.117981,1.2251292,0.5386531,-0.102692075,2.3724532,0.8222816,3.1285574,-13.683502,15.110168,0.8851776,-4.267432403564453,5.907613372802732,750192,0.0,11.363083,1.1340282,8.272217,15.110168,0.8203353,0.3114418,0.02690859,1.4670019,278.64722,6.0712156,248.85823,295.22678,278.79633,268.2465103149414,287.8029586791992,750192,0.0,292.53503,1.0517068,290.05,295.22678,278.64893,0.9078291,276.28738,280.63675,281.8283,6.804404,253.60516,304.9945,281.64417,271.11924896240237,292.5857955932617,750192,0.0,300.0199,2.0148034,295.3641,304.9945,281.8327,0.944687,279.8339,283.6764,101386.69,1070.6019,96006.75,105066.94,101448.81,99509.9375,103051.625,750192,0.0,104174.305,371.1583,103346.5,105066.94,101387.86,126.555466,101147.875,101658.74,,,,,,,,0,1.0,,,,,,,,,101163.76,1068.2014,95789.91,104824.97,101227.2,99289.3453125,102821.901171875,750192,0.0,103938.29,369.0252,103113.125,104824.97,101164.93,126.30476,100925.66,101434.625,7.9886806e-05,0.00025312434,0.0,0.008143425,1.4305115e-06,0.0,0.0004515647888183594,750168,3.1991810096609896e-05,0.004546343,0.0011876277,0.002626419,0.008143425,7.985024e-05,1.2037743e-05,5.243606e-05,0.00010829968,196.67578,88.76964,0.0006742177,360.0022,215.1831,40.103436,321.67508,747528,0.0035510909207242536,359.87952,0.13178924,359.24762,360.0022,196.75562,9.21808,173.48865,219.08983,2.7348328,0.5833891,1.6147671,5.5688686,2.6702204,1.8897518,3.8054888,747528,0.0035510909207242536,4.858492,0.2874005,4.2425013,5.5688686,2.7341104,0.051958907,2.6056125,2.837206,0.36516726,0.27060482,0.031175599,2.8901143,0.28310993,0.08210927,0.9011171,747528,0.0035510909207242536,1.9181638,0.32168594,1.3738245,2.8901143,0.36486137,0.022184048,0.31099445,0.40897095,-6.744742e-09,0.21290253,-0.79306215,0.7969379,-0.0030621253,-0.3430621325969696,0.3469378650188446,153838,0.7949351632648709,0.79325366,0.0058133514,0.77693784,0.7969379,0.002780779,0.03321228,-0.052383207,0.07858264,-0.08653682796106617,0.08428668253921161,-0.37150670906735517,0.19020944570820156,-0.08611916280914475,-0.22601411058615264,0.050050274619173725,750192,0.0,0.07049112264164616,0.06473856634229302,-0.04437256023596178,0.19020944570820156,-0.08607820773053879,0.06498462567975974,-0.1979262140291065,0.023469895330352857,6.3229973e-06,0.20541744,-0.9040454,0.90273416,0.0023093633,-0.3418691724538803,0.3338198140263555,153838,0.7949351632648709,0.8334789,0.040518824,0.7645859,0.90273416,0.002631887,0.027804501,-0.039188854,0.070690446,0.0,0.0,0,0,0.0,0.0,0.0,750192,0.0,0.0,0.0,0,0,0.0,0.0,0.0,0.0
536,1.321693,4.386988,-14.886215,20.80841,1.7412567,-6.030951690673828,8.0433349609375,750192,0.0,14.264793,1.7296377,11.578033,20.80841,1.3231426,0.549539,-0.07331835,2.4595826,0.8618638,3.3740408,-14.637604,16.419739,0.9427948,-4.575934600830078,6.3260040283203125,750192,0.0,12.26312,1.1810987,9.439209,16.419739,0.85993195,0.3388303,-0.028064523,1.555487,278.76593,6.0138464,252.7201,294.25064,278.6496,268.6419876098633,287.9263442993164,750192,0.0,291.7676,0.9453323,289.50128,294.25064,278.7679,0.86717814,276.96677,280.61435,281.76154,6.521748,258.10406,303.68396,281.45764,271.5236541748047,291.8568832397461,750192,0.0,298.1202,1.8637258,293.06897,303.68396,281.76532,0.9292932,280.03082,283.63535,101370.695,1082.5454,95917.0,105087.94,101434.97,99469.875,103050.778125,750192,0.0,104178.43,369.75623,103353.5,105087.94,101371.9,127.59018,101132.43,101642.83,282.27585,6.3140492,271.36182,296.28955,281.50854,273.60107421875,291.54052734375,750192,0.0,292.4648,1.5364999,289.6748,296.28955,282.2764,1.0557952,280.44855,284.30075,101136.34,1080.0385,95692.97,104832.97,101201.75,99237.44609375,102809.5296875,750192,0.0,103930.33,367.48413,103107.75,104832.97,101137.49,127.31151,100898.8,101407.21,0.00010026617,0.00029944157,0.0,0.009158134,2.861023e-06,0.0,0.0005769729614257812,750168,3.1991810096609896e-05,0.004950479,0.0011585173,0.0030093193,0.009158134,0.0001001748,1.5870417e-05,6.291888e-05,0.00014163306,,,,,,,,0,1.0,,,,,,,,,,,,,,,,0,1.0,,,,,,,,,,,,,,,,0,1.0,,,,,,,,,2.7699185e-09,0.18397328,-0.6207978,0.61920214,-0.0007978156,-0.3107978105545044,0.29920217394828796,88140,0.8825100774201804,0.61920214,0.0,0.61920214,0.61920214,0.0014778588,0.025027115,-0.052174214,0.03899673,-0.21047381876122637,0.14741434724584443,-0.5892444393509152,0.16248152238148178,-0.21049378859469442,-0.4414127172064327,0.02016166690224141,750192,0.0,-0.08113296761403507,0.14134333922908057,-0.3180961200782202,0.16248152238148178,-0.2093566933352643,0.1419274061836165,-0.4528124113498927,0.028688397932427348,6.009858e-07,0.1781166,-0.691763,0.72621864,0.0013307462,-0.3069293349981308,0.292113633453846,88140,0.8825100774201804,0.65571415,0.035356,0.6122651,0.72621864,0.0024596823,0.020216564,-0.023077028,0.05751415,0.0,0.0,0,0,0.0,0.0,0.0,750192,0.0,0.0,0.0,0,0,0.0,0.0,0.0,0.0
537,1.7166855,5.411111,-17.354782,23.620117,2.1949997,-7.321592712402344,10.00226364135742,750192,0.0,18.222778,2.279515,14.301605,23.620117,1.7182847,0.7026326,-0.10467171,3.1283698,0.5046828,4.812995,-18.807297,21.537415,0.51595306,-7.237250518798828,8.430583953857411,750192,0.0,16.420137,1.7151904,12.686859,21.537415,0.5024949,0.46553686,-0.68088263,1.4851798,279.09457,5.7949142,254.9699,294.30835,279.03323,269.11946258544924,287.8707275390625,750192,0.0,291.21942,1.175989,288.50067,294.30835,279.0969,0.8316052,277.39948,280.90488,282.06903,5.8193035,260.132,300.89325,281.92017,272.6850784301758,290.7136505126953,750192,0.0,296.27786,1.8634725,291.24344,300.89325,282.07153,0.88945216,280.36935,283.8518,101346.375,1107.7255,95749.625,105091.44,101421.56,99385.9375,103046.875,750192,0.0,104170.95,364.36264,103379.5,105091.44,101347.64,130.73645,101089.38,101617.695,282.60455,5.6223884,271.51025,295.29443,282.208,274.65478515625,291.07177734375,750192,0.0,291.62494,1.5511581,288.45312,295.29443,282.606,0.8608684,281.07132,284.5017,101300.78,1107.2344,95705.734,105041.97,101376.23,99340.69765625,102999.877734375,750192,0.0,104122.805,363.96402,103331.336,105041.97,101302.08,130.67479,101043.77,101571.87,0.00010760947,0.00030361328,0.0,0.0095973015,4.2915344e-06,0.0,0.0006171822547912653,750168,3.1991810096609896e-05,0.004974906,0.0013349856,0.0031533241,0.0095973015,0.00010747383,1.6142967e-05,7.4015494e-05,0.00013927098,239.22083,79.40436,4.0290106e-05,359.995,259.4441,71.319855,326.282,750192,0.0,359.84207,0.1480105,359.218,359.995,239.304,8.988861,213.25345,262.30658,5.063855,1.2383939,1.8158398,13.231617,4.954602,3.2503493,7.258742,750192,0.0,10.115975,0.8101753,8.669235,13.231617,5.062633,0.1635727,4.6286654,5.383359,1.1113026,0.76324165,0.035656534,7.5224385,0.91414857,0.27018136,2.6354744,750192,0.0,5.4836693,0.8054662,3.9753313,7.5224385,1.1103696,0.0855146,0.92056996,1.3151246,-4.97171e-09,0.66382515,-2.007458,2.0125422,0.062542126,-1.1074578762054443,0.9925420880317688,87470,0.8834031821187109,1.999815,0.009620905,1.9825423,2.0125422,0.0026380422,0.05128534,-0.08907459,0.08479107,-0.030407517973614427,0.5632127606527233,-1.459617792742397,1.0772454925240915,0.0328499148017459,-0.9504227574860468,0.7560379455624469,750192,0.0,1.0076153927167524,0.03215392118587977,0.9371144889216159,1.0772454925240915,-0.030510243534370325,0.019115116963107043,-0.06292454599192004,0.0028413565853795115,-0.00030242445,0.34903893,-1.9846969,1.9925144,-0.034617476,-0.4903836250305176,0.6097092628479004,87446,0.8834351739288075,1.8637288,0.13544169,1.569196,1.9925144,-0.0005320581,0.051859807,-0.08770472,0.08885686,3.199181009661527e-05,0.0056560398354946195,0,1,0.0,0.0,0.0,750192,0.0,0.06976744186046512,0.2547546779093796,0,1,3.181013177540212e-05,0.0001439950573664722,0.0,0.0009107468123861566
538,1.7552831,5.439461,-17.14183,25.578873,2.2392807,-7.34075927734375,10.0723762512207,750192,0.0,18.189953,2.3283508,13.945572,25.578873,1.7567059,0.6983053,0.07865111,3.2572362,0.51885307,4.69008,-18.969406,20.695618,0.4747696,-6.977110290527344,8.331011199951167,750192,0.0,16.181973,1.6297251,12.851318,20.695618,0.51645875,0.450796,-0.5544405,1.4348133,279.18292,5.865325,255.03406,294.44647,279.0905,269.0854522705078,288.0849548339844,750192,0.0,291.5156,1.2049966,288.92047,294.44647,279.18503,0.8362876,277.4812,280.98254,282.1507,5.9715443,259.9894,300.4513,281.95996,272.5853775024414,291.0369140625,750192,0.0,296.76788,1.8670958,292.11844,300.4513,282.15353,0.91111404,280.40955,283.98105,101378.66,1084.7656,95912.5,105080.19,101450.81,99463.25,103049.8125,750192,0.0,104156.65,368.30493,103364.5,105080.19,101379.91,128.85805,101128.89,101649.836,282.65625,5.8436356,271.47925,295.86133,282.1582,274.45166015625,291.46142578125,750192,0.0,292.05347,1.5933566,288.9297,295.86133,282.6591,0.8889639,281.13998,284.60577,101391.44,1084.9117,95924.66,105093.97,101463.516,99475.8609375,103062.96796875,750192,0.0,104170.14,368.34683,103377.336,105093.97,101392.69,128.87543,101141.68,101662.67,0.00011224923,0.00030734984,0.0,0.011301994,5.2452087e-06,0.0,0.0006380081176757812,750168,3.1991810096609896e-05,0.0050930507,0.0015569659,0.0027325153,0.011301994,0.000112138885,1.7164275e-05,7.339278e-05,0.00014742145,236.77946,84.36666,0.0006550329,360.002,259.80084,60.428265,329.9283,750192,0.0,359.88367,0.13555898,359.12952,360.002,236.84859,9.02053,211.75475,259.19476,4.680589,1.0509565,1.7223339,10.204273,4.6190066,3.0982397,6.495397,750192,0.0,8.756166,0.592402,7.6858997,10.204273,4.6794696,0.13523427,4.343242,4.9399347,1.0099736,0.66223174,0.040320992,6.197746,0.84226495,0.2658717,2.3286316,750192,0.0,4.6427007,0.66413176,3.5209892,6.197746,1.0091424,0.07040385,0.8400542,1.1788012,1.1981611e-09,0.6975032,-2.1047974,2.1052027,0.061202653,-1.1447973251342773,1.0352026224136353,92330,0.8769248405741463,2.0682936,0.031534854,2.0152028,2.1052027,5.6074423e-05,0.05394391,-0.08992196,0.07494342,-0.16635745033432556,0.6154194197643671,-1.7599765508102967,1.1276589260975387,-0.11915574438016491,-1.1476869975098227,0.7206935211174983,750192,0.0,0.9323606456882314,0.11127824314096016,0.7318519636594276,1.1276589260975387,-0.16567229630251748,0.11000358451243689,-0.354965294448621,0.020945139012460933,0.00022998032,0.34017095,-1.9983133,1.9975121,-0.0291549,-0.47597442120313643,0.5889166355133058,92290,0.8769781602576407,1.8100407,0.18481912,1.3226161,1.9975121,0.00054285617,0.050505362,-0.09261768,0.060185086,5.3319683494358776e-05,0.007301838159375408,0,1,0.0,0.0,0.0,750192,0.0,0.06976744186046512,0.2547546779093796,0,1,5.3048318034295606e-05,0.0002798981071317948,0.0,0.002397260273972603
54,1.1117421,4.935603,-16.31955,24.205582,1.0268402,-6.6006317138671875,9.457803344726557,750192,0.0,18.485594,1.854295,14.7369995,24.205582,1.1047642,0.6137635,-0.4226201,2.309168,-0.04901295,4.9338717,-20.297928,23.831406,-0.72148895,-7.278983306884766,8.326097869873042,750192,0.0,15.781456,1.7337073,12.016754,23.831406,-0.050733905,0.43797728,-1.3510716,0.7913765,281.82324,4.7470045,260.1179,293.82727,282.034,273.4035369873047,288.8741455078125,750192,0.0,291.48422,0.8175206,289.72433,293.82727,281.8251,0.574774,280.5684,283.3046,285.1182,4.3200264,267.13257,303.71844,285.07574,277.9197250366211,291.5219528198242,750192,0.0,296.71066,1.867789,293.24365,303.71844,285.11908,0.5632731,283.68353,286.56964,101645.96,984.5413,95418.81,104818.875,101741.69,99863.4375,103116.125,750192,0.0,104072.03,261.29715,103549.625,104818.875,101646.336,129.57574,101285.69,101930.56,286.09164,3.6386633,278.96558,293.99512,285.8047,281.08642578125,291.478271484375,750192,0.0,291.74197,0.7080361,290.53076,293.99512,286.09003,0.44401544,285.1489,287.355,101602.55,984.0923,95377.39,104773.06,101698.445,99820.489453125,103071.80390625,750192,0.0,104026.734,261.02963,103505.664,104773.06,101602.9,129.53868,101242.43,101887.11,0.00010983912,0.0003368235,0.0,0.011703491,1.9073486e-06,0.0,0.0006489753723144531,750168,3.1991810096609896e-05,0.005986361,0.0016228937,0.003464222,0.011703491,0.00010976962,1.6928554e-05,7.2430965e-05,0.00015270541,231.38774,94.7435,0.000779941,360.00174,270.85223,29.81773,330.53146,750192,0.0,359.91397,0.08196038,359.637,360.00174,231.31706,8.89598,209.47118,253.99518,5.465972,1.771938,2.2613478,15.306106,4.996232,3.4316013,9.082833,750192,0.0,13.108491,0.8892403,10.235293,15.306106,5.466541,0.21952477,4.9937263,5.934349,0.81470525,0.47461247,0.07235679,4.0158577,0.69533193,0.28052223,1.757339,750192,0.0,3.2402506,0.27925178,2.6073444,4.0158577,0.8140887,0.054176915,0.6897829,0.9407472,0.124935135,2.7989516,-4.9993305,6.6876693,0.08166933,-4.186330795288086,4.635669231414795,260211,0.6531407959562352,6.4203744,0.20645799,5.686669,6.6876693,0.12135402,0.04100214,-0.010641813,0.2032533,-0.08815579763567494,2.8811937590102676,-6.901050967586306,6.7740004973499985,-0.15441405713444262,-4.579727451582463,4.515871015158725,750192,0.0,6.381854199020976,0.2007168988767217,5.938483254323527,6.7740004973499985,-0.08764979865246075,0.0798565000807821,-0.2247194660026312,0.04771274483633958,-2.0770427e-05,0.18545191,-0.79731077,1.4457333,-0.0054633073,-0.29278403520584106,0.30976831912994385,260211,0.6531407959562352,0.95525026,0.20621656,0.360165,1.4457333,0.0009952241,0.031562038,-0.05564196,0.10427615,0.0,0.0,0,0,0.0,0.0,0.0,750192,0.0,0.0,0.0,0,0,0.0,0.0,0.0,0.0
540,1.6437955,5.182246,-16.786423,24.225357,2.1050491,-7.0012672424316404,9.59261779785156,750192,0.0,17.592623,2.2820969,14.000488,24.225357,1.6453902,0.6661524,-0.03406015,3.0488412,0.51583487,4.4240894,-17.8405,20.071594,0.49158478,-6.533118438720703,7.904486846923827,750192,0.0,15.63371,1.6023673,12.365967,20.071594,0.51375276,0.42679733,-0.50345826,1.377995,279.08127,5.859999,254.49158,294.2732,278.991,269.02069396972655,287.9666580200195,750192,0.0,291.43335,1.1548839,288.82086,294.2732,279.08344,0.8375207,277.3704,280.89856,282.03827,6.02559,259.19214,301.36633,281.858,272.3868469238281,291.0312026977539,750192,0.0,297.16376,1.983845,291.97195,301.36633,282.04138,0.9085601,280.3202,283.86142,101363.84,1094.1548,95882.875,105092.69,101436.81,99430.9375,103048.215625,750192,0.0,104164.36,366.89963,103380.25,105092.69,101365.09,129.53265,101111.89,101635.26,282.54376,5.8815284,271.46704,295.53247,282.04224,274.278076171875,291.372802734375,750192,0.0,291.979,1.5682453,288.88965,295.53247,282.54645,0.8960175,281.02158,284.51572,101329.44,1093.7826,95849.734,105055.97,101402.625,99396.859375,103012.823828125,750192,0.0,104128.08,366.67276,103343.336,105055.97,101330.67,129.48924,101077.48,101600.69,0.000115064504,0.00031718184,0.0,0.010924816,4.7683716e-06,0.0,0.0006604194641113281,750168,3.1991810096609896e-05,0.005132606,0.0014613321,0.0028133392,0.010924816,0.000114937226,1.8121398e-05,7.4452735e-05,0.00014949833,239.22083,79.40436,4.0290106e-05,359.995,259.4441,71.319855,326.282,750192,0.0,359.84207,0.1480105,359.218,359.995,239.304,8.988861,213.25345,262.30658,5.063855,1.2383939,1.8158398,13.231617,4.954602,3.2503493,7.258742,750192,0.0,10.115975,0.8101753,8.669235,13.231617,5.062633,0.1635727,4.6286654,5.383359,1.1113026,0.76324165,0.035656534,7.5224385,0.91414857,0.27018136,2.6354744,750192,0.0,5.4836693,0.8054662,3.9753313,7.5224385,1.1103696,0.0855146,0.92056996,1.3151246,5.813841e-09,0.4851896,-0.8944136,1.5255865,-0.06441358,-0.664413571357727,0.8655864000320435,83986,0.8880473265510695,1.5255864,1.1920929e-07,1.5255865,1.5255865,-0.00019812732,0.05982953,-0.104180075,0.116575256,-0.43301177378268013,0.48092479408360866,-1.6288482323900229,0.9790105217550624,-0.44172099453386526,-1.2103259738419685,0.38293413779821284,750192,0.0,0.4624731604615144,0.2906010352128811,-0.058230402060016395,0.9790105217550624,-0.43071856947069437,0.2897025433259892,-0.9268840483610654,0.05486718505966437,1.8713665e-05,0.294312,-1.3814538,1.7630386,-0.03430465,-0.4046148583292961,0.540751725435257,83986,0.8880473265510695,1.6134217,0.11609953,1.3982899,1.7630386,0.00012015402,0.051178623,-0.09214889,0.07081954,0.0,0.0,0,0,0.0,0.0,0.0,750192,0.0,0.0,0.0,0,0,0.0,0.0,0.0,0.0
541,1.6437955,5.182246,-16.786423,24.225357,2.1050491,-7.0012672424316404,9.59261779785156,750192,0.0,17.592623,2.2820969,14.000488,24.225357,1.6453902,0.6661524,-0.03406015,3.0488412,0.51583487,4.4240894,-17.8405,20.071594,0.49158478,-6.533118438720703,7.904486846923827,750192,0.0,15.63371,1.6023673,12.365967,20.071594,0.51375276,0.42679733,-0.50345826,1.377995,279.08127,5.859999,254.49158,294.2732,278.991,269.02069396972655,287.9666580200195,750192,0.0,291.43335,1.1548839,288.82086,294.2732,279.08344,0.8375207,277.3704,280.89856,282.03827,6.02559,259.19214,301.36633,281.858,272.3868469238281,291.0312026977539,750192,0.0,297.16376,1.983845,291.97195,301.36633,282.04138,0.9085601,280.3202,283.86142,101363.84,1094.1548,95882.875,105092.69,101436.81,99430.9375,103048.215625,750192,0.0,104164.36,366.89963,103380.25,105092.69,101365.09,129.53265,101111.89,101635.26,282.54376,5.8815284,271.46704,295.53247,282.04224,274.278076171875,291.372802734375,750192,0.0,291.979,1.5682453,288.88965,295.53247,282.54645,0.8960175,281.02158,284.51572,101329.44,1093.7826,95849.734,105055.97,101402.625,99396.859375,103012.823828125,750192,0.0,104128.08,366.67276,103343.336,105055.97,101330.67,129.48924,101077.48,101600.69,0.000115064504,0.00031718184,0.0,0.010924816,4.7683716e-06,0.0,0.0006604194641113281,750168,3.1991810096609896e-05,0.005132606,0.0014613321,0.0028133392,0.010924816,0.000114937226,1.8121398e-05,7.4452735e-05,0.00014949833,239.22083,79.40436,4.0290106e-05,359.995,259.4441,71.319855,326.282,750192,0.0,359.84207,0.1480105,359.218,359.995,239.304,8.988861,213.25345,262.30658,5.063855,1.2383939,1.8158398,13.231617,4.954602,3.2503493,7.258742,750192,0.0,10.115975,0.8101753,8.669235,13.231617,5.062633,0.1635727,4.6286654,5.383359,1.1113026,0.76324165,0.035656534,7.5224385,0.91414857,0.27018136,2.6354744,750192,0.0,5.4836693,0.8054662,3.9753313,7.5224385,1.1103696,0.0855146,0.92056996,1.3151246,1.5347082e-08,0.29480934,-0.5853921,1.1046079,-0.12539211,-0.26539212465286255,0.6246079206466675,80534,0.8926488152366328,1.1046078,1.1920929e-07,1.1046079,1.1046079,0.00015073549,0.02198017,-0.043081474,0.027146362,-0.12766043006411432,0.22193837936228805,-0.5892318430102913,0.7081644570847121,-0.16813759449193044,-0.4351928496912775,0.2863666899232538,750192,0.0,0.5287096332792323,0.08920199074147665,0.357920165015816,0.7081644570847121,-0.1269872111035051,0.08727837668913069,-0.2763052919781208,0.019290059340506004,-4.9644023e-06,0.21432447,-1.1192007,1.2888207,-0.030613197,-0.28333989083766936,0.432274371385574,80534,0.8926488152366328,1.2064546,0.048841298,1.129755,1.2888207,0.0004163486,0.020660045,-0.03960298,0.029195217,0.0,0.0,0,0,0.0,0.0,0.0,750192,0.0,0.0,0.0,0,0,0.0,0.0,0.0,0.0
542,1.7552831,5.439461,-17.14183,25.578873,2.2392807,-7.34075927734375,10.0723762512207,750192,0.0,18.189953,2.3283508,13.945572,25.578873,1.7567059,0.6983053,0.07865111,3.2572362,0.51885307,4.69008,-18.969406,20.695618,0.4747696,-6.977110290527344,8.331011199951167,750192,0.0,16.181973,1.6297251,12.851318,20.695618,0.51645875,0.450796,-0.5544405,1.4348133,279.18292,5.865325,255.03406,294.44647,279.0905,269.0854522705078,288.0849548339844,750192,0.0,291.5156,1.2049966,288.92047,294.44647,279.18503,0.8362876,277.4812,280.98254,282.1507,5.9715443,259.9894,300.4513,281.95996,272.5853775024414,291.0369140625,750192,0.0,296.76788,1.8670958,292.11844,300.4513,282.15353,0.91111404,280.40955,283.98105,101378.66,1084.7656,95912.5,105080.19,101450.81,99463.25,103049.8125,750192,0.0,104156.65,368.30493,103364.5,105080.19,101379.91,128.85805,101128.89,101649.836,282.65625,5.8436356,271.47925,295.86133,282.1582,274.45166015625,291.46142578125,750192,0.0,292.05347,1.5933566,288.9297,295.86133,282.6591,0.8889639,281.13998,284.60577,101391.44,1084.9117,95924.66,105093.97,101463.516,99475.8609375,103062.96796875,750192,0.0,104170.14,368.34683,103377.336,105093.97,101392.69,128.87543,101141.68,101662.67,0.00011224923,0.00030734984,0.0,0.011301994,5.2452087e-06,0.0,0.0006380081176757812,750168,3.1991810096609896e-05,0.0050930507,0.0015569659,0.0027325153,0.011301994,0.000112138885,1.7164275e-05,7.339278e-05,0.00014742145,236.77946,84.36666,0.0006550329,360.002,259.80084,60.428265,329.9283,750192,0.0,359.88367,0.13555898,359.12952,360.002,236.84859,9.02053,211.75475,259.19476,4.680589,1.0509565,1.7223339,10.204273,4.6190066,3.0982397,6.495397,750192,0.0,8.756166,0.592402,7.6858997,10.204273,4.6794696,0.13523427,4.343242,4.9399347,1.0099736,0.66223174,0.040320992,6.197746,0.84226495,0.2658717,2.3286316,750192,0.0,4.6427007,0.66413176,3.5209892,6.197746,1.0091424,0.07040385,0.8400542,1.1788012,-5.8314074e-09,0.7186394,-2.19355,2.1864498,0.0764499,-1.1935501098632812,1.0564498901367188,83733,0.8883845735491714,2.1494498,0.026851417,2.1164498,2.1864498,-1.9215047e-06,0.048724215,-0.10457478,0.06382172,-0.3021902794712368,0.6527373413232128,-2.0984239497763943,1.1543424683446193,-0.23510252057157363,-1.3833960089522004,0.6532313095085736,750192,0.0,0.800862692686512,0.2025976062622841,0.44823335736183867,1.1543424683446193,-0.3007177516130609,0.20072826893410847,-0.6449433963285679,0.03718817725785266,0.00013891298,0.3568659,-1.987745,1.9797771,-0.029828329,-0.5074169635772705,0.6239597856998439,83699,0.8884298952801416,1.8200567,0.17009406,1.36083,1.9797771,0.00037836804,0.0439403,-0.094942115,0.069525145,4.532173097020496e-05,0.006731989075370429,0,1,0.0,0.0,0.0,750192,0.0,0.06976744186046512,0.2547546779093796,0,1,4.509125166612411e-05,0.00021329058081644739,0.0,0.0017123287671232876
544,1.6437955,5.182246,-16.786423,24.225357,2.1050491,-7.0012672424316404,9.59261779785156,750192,0.0,17.592623,2.2820969,14.000488,24.225357,1.6453902,0.6661524,-0.03406015,3.0488412,0.51583487,4.4240894,-17.8405,20.071594,0.49158478,-6.533118438720703,7.904486846923827,750192,0.0,15.63371,1.6023673,12.365967,20.071594,0.51375276,0.42679733,-0.50345826,1.377995,279.08127,5.859999,254.49158,294.2732,278.991,269.02069396972655,287.9666580200195,750192,0.0,291.43335,1.1548839,288.82086,294.2732,279.08344,0.8375207,277.3704,280.89856,282.03827,6.02559,259.19214,301.36633,281.858,272.3868469238281,291.0312026977539,750192,0.0,297.16376,1.983845,291.97195,301.36633,282.04138,0.9085601,280.3202,283.86142,101363.84,1094.1548,95882.875,105092.69,101436.81,99430.9375,103048.215625,750192,0.0,104164.36,366.89963,103380.25,105092.69,101365.09,129.53265,101111.89,101635.26,282.54376,5.8815284,271.46704,295.53247,282.04224,274.278076171875,291.372802734375,750192,0.0,291.979,1.5682453,288.88965,295.53247,282.54645,0.8960175,281.02158,284.51572,101329.44,1093.7826,95849.734,105055.97,101402.625,99396.859375,103012.823828125,750192,0.0,104128.08,366.67276,103343.336,105055.97,101330.67,129.48924,101077.48,101600.69,0.000115064504,0.00031718184,0.0,0.010924816,4.7683716e-06,0.0,0.0006604194641113281,750168,3.1991810096609896e-05,0.005132606,0.0014613321,0.0028133392,0.010924816,0.000114937226,1.8121398e-05,7.4452735e-05,0.00014949833,239.22083,79.40436,4.0290106e-05,359.995,259.4441,71.319855,326.282,750192,0.0,359.84207,0.1480105,359.218,359.995,239.304,8.988861,213.25345,262.30658,5.063855,1.2383939,1.8158398,13.231617,4.954602,3.2503493,7.258742,750192,0.0,10.115975,0.8101753,8.669235,13.231617,5.062633,0.1635727,4.6286654,5.383359,1.1113026,0.76324165,0.035656534,7.5224385,0.91414857,0.27018136,2.6354744,750192,0.0,5.4836693,0.8054662,3.9753313,7.5224385,1.1103696,0.0855146,0.92056996,1.3151246,-2.2422908e-09,0.57724464,-1.5627093,1.7772906,0.017290592,-0.8227094411849976,0.9372906684875488,81660,0.8911478661462665,1.7732904,0.0066332435,1.7572906,1.7772906,0.0002490539,0.04268404,-0.08061962,0.061978012,-0.28037515606892244,0.5195613407327568,-1.524232942519423,0.9898323787888583,-0.26544491677113985,-1.1092603562160053,0.5255561667264363,750192,0.0,0.6529237748924712,0.18702316474551342,0.3197279124530097,0.9898323787888583,-0.2789903085748419,0.18590234926905116,-0.5976380686042546,0.03352044472098029,-0.00012614424,0.31213123,-1.5286229,1.9961553,-0.04330918,-0.4099977314472198,0.579278057813645,81655,0.8911545311067034,1.8081913,0.16299137,1.4679168,1.9961553,0.0004325697,0.03619648,-0.07145452,0.046459664,6.664960436794847e-06,0.002581649862994055,0,1,0.0,0.0,0.0,750192,0.0,0.03488372093023256,0.18348527718673838,0,1,6.626052987533881e-06,4.019282407713539e-05,0.0,0.00034153005464480874
545,1.6437955,5.182246,-16.786423,24.225357,2.1050491,-7.0012672424316404,9.59261779785156,750192,0.0,17.592623,2.2820969,14.000488,24.225357,1.6453902,0.6661524,-0.03406015,3.0488412,0.51583487,4.4240894,-17.8405,20.071594,0.49158478,-6.533118438720703,7.904486846923827,750192,0.0,15.63371,1.6023673,12.365967,20.071594,0.51375276,0.42679733,-0.50345826,1.377995,279.08127,5.859999,254.49158,294.2732,278.991,269.02069396972655,287.9666580200195,750192,0.0,291.43335,1.1548839,288.82086,294.2732,279.08344,0.8375207,277.3704,280.89856,282.03827,6.02559,259.19214,301.36633,281.858,272.3868469238281,291.0312026977539,750192,0.0,297.16376,1.983845,291.97195,301.36633,282.04138,0.9085601,280.3202,283.86142,101363.84,1094.1548,95882.875,105092.69,101436.81,99430.9375,103048.215625,750192,0.0,104164.36,366.89963,103380.25,105092.69,101365.09,129.53265,101111.89,101635.26,282.54376,5.8815284,271.46704,295.53247,282.04224,274.278076171875,291.372802734375,750192,0.0,291.979,1.5682453,288.88965,295.53247,282.54645,0.8960175,281.02158,284.51572,101329.44,1093.7826,95849.734,105055.97,101402.625,99396.859375,103012.823828125,750192,0.0,104128.08,366.67276,103343.336,105055.97,101330.67,129.48924,101077.48,101600.69,0.000115064504,0.00031718184,0.0,0.010924816,4.7683716e-06,0.0,0.0006604194641113281,750168,3.1991810096609896e-05,0.005132606,0.0014613321,0.0028133392,0.010924816,0.000114937226,1.8121398e-05,7.4452735e-05,0.00014949833,239.22083,79.40436,4.0290106e-05,359.995,259.4441,71.319855,326.282,750192,0.0,359.84207,0.1480105,359.218,359.995,239.304,8.988861,213.25345,262.30658,5.063855,1.2383939,1.8158398,13.231617,4.954602,3.2503493,7.258742,750192,0.0,10.115975,0.8101753,8.669235,13.231617,5.062633,0.1635727,4.6286654,5.383359,1.1113026,0.76324165,0.035656534,7.5224385,0.91414857,0.27018136,2.6354744,750192,0.0,5.4836693,0.8054662,3.9753313,7.5224385,1.1103696,0.0855146,0.92056996,1.3151246,2.3723471e-08,0.62107265,-1.4823229,1.8976772,0.03767708,-0.972322940826416,0.9776771068572998,82972,0.8893989805276517,1.8956773,0.0059999945,1.8776772,1.8976772,0.00089305674,0.05171595,-0.08835951,0.06408481,-0.24873390748979146,0.5349373321742472,-1.5834274338492205,1.032725340230511,-0.21963855975510205,-1.1088882276854302,0.559895210146652,750192,0.0,0.71760719936312,0.16837062771558983,0.4118752432699626,1.032725340230511,-0.2474877543286335,0.16685808414378872,-0.5333727290491511,0.032822154218137056,-0.0004098275,0.35436833,-1.9022917,1.9946688,-0.04490173,-0.4809138923883438,0.6479471623897552,82956,0.8894203084010494,1.8862364,0.08934793,1.6868781,1.9946688,0.0007965561,0.04837203,-0.08160908,0.080470614,2.132787339774351e-05,0.004618161811755824,0,1,0.0,0.0,0.0,750192,0.0,0.05813953488372093,0.23400711392439658,0,1,2.1209172343239265e-05,9.443757786777582e-05,0.0,0.0005707762557077625
546,1.3843431,5.4943376,-18.348434,25.269989,1.2028198,-7.3069000244140625,10.7128677368164,750192,0.0,20.252932,2.1426172,15.749664,25.269989,1.3805401,0.6874782,-0.45880565,3.0816424,1.5508904,5.723952,-22.002487,23.721237,1.8172531,-7.9983978271484375,10.56230010986328,750192,0.0,18.482649,1.83995,14.510788,23.721237,1.5538932,0.5622174,0.3016848,2.677382,279.42462,4.1996593,263.36166,291.15912,279.73547,272.05525360107424,285.6594512939453,750192,0.0,288.02423,0.87758785,286.21762,291.15912,279.42654,0.5074845,278.23538,280.40842,282.46317,3.4644742,269.5141,294.33398,282.5462,276.6949768066406,287.4455841064453,750192,0.0,290.93408,1.3431674,288.69614,294.33398,282.46542,0.4908162,281.26746,283.51944,101152.766,1303.8241,94499.0,105104.125,101271.5,98827.784375,103087.903125,750192,0.0,104148.29,362.47192,103095.5,105104.125,101154.07,153.38837,100760.59,101483.99,283.34045,2.7183807,278.68115,288.6089,283.3081,279.894775390625,286.884765625,750192,0.0,287.01505,0.6774422,285.31787,288.6089,283.33954,0.40275985,282.38583,284.39667,100573.086,1298.2876,93953.766,104488.016,100692.51,98258.10234375,102495.847265625,750192,0.0,103545.49,358.47452,102509.586,104488.016,100574.38,152.57756,100184.66,100901.625,0.00020398354,0.00041325664,0.0,0.008818626,3.2424927e-05,0.0,0.0010347366333007812,750168,3.1991810096609896e-05,0.005018667,0.0010865064,0.003314495,0.008818626,0.00020373511,2.6301825e-05,0.0001371051,0.0002657934,232.26097,68.38579,0.00083334255,359.99957,244.8839,107.919525,330.7121,750192,0.0,359.8278,0.2356002,358.4538,359.99957,232.24466,5.8273597,212.8986,244.27489,5.116755,1.5757877,2.1207361,15.982094,4.7630973,3.2488077,8.220386,750192,0.0,13.024254,1.1474745,10.611462,15.982094,5.116202,0.18309394,4.7753487,5.583253,0.6748119,0.39702037,0.05595696,4.1600914,0.5791482,0.21018347,1.4608825,750192,0.0,2.649517,0.35381833,2.095192,4.1600914,0.67440057,0.04788618,0.5624708,0.7947027,-1.0084444e-05,1.1792847,-4.565214,9.343786,0.05978608,-1.8632138967514038,1.738785982131958,286642,0.6179084820952503,3.0132718,1.120716,2.4447863,9.343786,0.004772057,0.37958062,-2.0160177,0.17757824,0.25035036880066064,0.991887289202386,-2.502417471332471,2.9170720949194546,0.27672188824474653,-1.353877087646341,1.8118254776761344,750192,0.0,2.439643457187998,0.2552615024478942,1.917470682740896,2.9170720949194546,0.24822510728999814,0.24595144016215778,-0.18239949932585364,0.6693962733159813,0.080833904,0.33077976,-1.9998775,1.9998306,0.090174,-0.33111795485019685,0.5262670636177058,277799,0.6296961311237657,1.3111935,0.35203338,0.63913447,1.9998306,0.06555167,0.19928858,-0.7053643,0.3556182,0.011787649028515366,0.10792914508554166,0,1,0.0,0.0,0.0,750192,0.0,0.06976744186046512,0.2547546779093796,0,1,0.011717817474617177,0.06155048186799779,0.0,0.4921448087431694
547,1.3843431,5.4943376,-18.348434,25.269989,1.2028198,-7.3069000244140625,10.7128677368164,750192,0.0,20.252932,2.1426172,15.749664,25.269989,1.3805401,0.6874782,-0.45880565,3.0816424,1.5508904,5.723952,-22.002487,23.721237,1.8172531,-7.9983978271484375,10.56230010986328,750192,0.0,18.482649,1.83995,14.510788,23.721237,1.5538932,0.5622174,0.3016848,2.677382,279.42462,4.1996593,263.36166,291.15912,279.73547,272.05525360107424,285.6594512939453,750192,0.0,288.02423,0.87758785,286.21762,291.15912,279.42654,0.5074845,278.23538,280.40842,282.46317,3.4644742,269.5141,294.33398,282.5462,276.6949768066406,287.4455841064453,750192,0.0,290.93408,1.3431674,288.69614,294.33398,282.46542,0.4908162,281.26746,283.51944,101152.766,1303.8241,94499.0,105104.125,101271.5,98827.784375,103087.903125,750192,0.0,104148.29,362.47192,103095.5,105104.125,101154.07,153.38837,100760.59,101483.99,283.34045,2.7183807,278.68115,288.6089,283.3081,279.894775390625,286.884765625,750192,0.0,287.01505,0.6774422,285.31787,288.6089,283.33954,0.40275985,282.38583,284.39667,100573.086,1298.2876,93953.766,104488.016,100692.51,98258.10234375,102495.847265625,750192,0.0,103545.49,358.47452,102509.586,104488.016,100574.38,152.57756,100184.66,100901.625,0.00020398354,0.00041325664,0.0,0.008818626,3.2424927e-05,0.0,0.0010347366333007812,750168,3.1991810096609896e-05,0.005018667,0.0010865064,0.003314495,0.008818626,0.00020373511,2.6301825e-05,0.0001371051,0.0002657934,232.26097,68.38579,0.00083334255,359.99957,244.8839,107.919525,330.7121,750192,0.0,359.8278,0.2356002,358.4538,359.99957,232.24466,5.8273597,212.8986,244.27489,5.116755,1.5757877,2.1207361,15.982094,4.7630973,3.2488077,8.220386,750192,0.0,13.024254,1.1474745,10.611462,15.982094,5.116202,0.18309394,4.7753487,5.583253,0.6748119,0.39702037,0.05595696,4.1600914,0.5791482,0.21018347,1.4608825,750192,0.0,2.649517,0.35381833,2.095192,4.1600914,0.67440057,0.04788618,0.5624708,0.7947027,2.2905921e-07,1.0427698,-3.129989,3.083011,0.038011074,-1.679988980293274,1.6300108432769775,270990,0.6387724742465929,2.656925,0.19636953,2.304011,3.083011,-0.0015207318,0.042312972,-0.09645311,0.09311162,-0.07833089817683733,1.0250006760349166,-2.7421680546765224,2.5102190254613173,-0.044637568248001316,-1.730218220161923,1.522124520667031,750192,0.0,2.2648964513618073,0.11034907427835693,2.033121969018693,2.5102190254613173,-0.07787606879975945,0.07637967204092243,-0.20924455798498093,0.051761866829070906,-0.00012826094,0.18937263,-1.0691417,1.933812,-0.014240424,-0.2776982545852661,0.3268476903438566,270977,0.6387898031437285,1.09199,0.3050957,0.6163756,1.933812,-0.0026186032,0.028071145,-0.0891673,0.048410464,1.7328897135666602e-05,0.004162763126216848,0,1,0.0,0.0,0.0,750192,0.0,0.023255813953488372,0.1507148999629735,0,1,1.7237892638067068e-05,0.00011475272806576576,0.0,0.0009132420091324201
549,1.34056,4.60847,-14.530746,22.48442,1.4140396,-5.996534729003907,8.776290893554688,750192,0.0,15.871664,1.9541396,12.409668,22.48442,1.3428026,0.6158669,-0.47300568,2.633213,0.73713744,3.4304256,-15.983429,16.00261,0.7373123,-4.8153434753417965,6.309967041015625,750192,0.0,12.516425,1.3461881,10.090561,16.00261,0.73516387,0.34712765,-0.0513395,1.5091772,278.44595,5.962891,252.40349,293.25006,278.58374,268.0681549072266,287.3076889038086,750192,0.0,291.19507,0.98763597,288.8324,293.25006,278.4489,0.8309319,276.66156,280.14536,281.6689,6.2736163,257.36072,302.141,281.53204,271.6097442626953,291.28173828125,750192,0.0,297.92102,1.9488441,291.61404,302.141,281.67255,0.85634077,280.07162,283.39893,101259.51,1152.431,95093.56,105195.56,101327.0,99236.034375,103038.875,750192,0.0,104207.5,379.9634,103230.875,105195.56,101260.71,133.84499,101010.74,101525.42,282.71292,5.322656,271.43115,295.6875,282.4944,275.134765625,290.796630859375,750192,0.0,291.38925,1.7940924,288.4751,295.6875,282.7127,0.73238313,281.246,284.05893,101138.7,1151.1399,94978.87,105065.34,101206.92,99116.3609375,102914.77265625,750192,0.0,104079.91,378.77164,103107.06,105065.34,101139.9,133.65765,100889.89,101403.73,9.871057e-05,0.0002891753,0.0,0.012793541,2.3841858e-06,0.0,0.0005741119384765625,750168,3.1991810096609896e-05,0.00461394,0.0014328086,0.0028982162,0.012793541,9.862231e-05,1.4507483e-05,6.369883e-05,0.0001370614,,,,,,,,0,1.0,,,,,,,,,,,,,,,,0,1.0,,,,,,,,,,,,,,,,0,1.0,,,,,,,,,-2.8896758e-09,0.17513378,-0.5969617,0.6130383,-0.0069617163,-0.2669617235660553,0.31303828954696655,105609,0.8592240386461066,0.60946685,0.0061028535,0.5930383,0.6130383,0.0019451146,0.036167048,-0.05959281,0.05559434,-0.3272857873877236,0.24129716185542294,-0.9424144194783436,0.2543252317218563,-0.3272374861135383,-0.7105090482691554,0.054779998740894294,750192,0.0,-0.12770204500241433,0.22647874313599411,-0.5177815394104185,0.2543252317218563,-0.32558560407502435,0.22659923603495416,-0.7144351881984482,0.05540592207424907,1.567808e-05,0.14938366,-0.69764405,0.81305826,-0.011760901,-0.22338873147964478,0.26421929597854543,105609,0.8592240386461066,0.6183535,0.060684025,0.54790676,0.81305826,0.0018811262,0.01746916,-0.019171119,0.043878846,0.0,0.0,0,0,0.0,0.0,0.0,750192,0.0,0.0,0.0,0,0,0.0,0.0,0.0,0.0
55,1.1117421,4.935603,-16.31955,24.205582,1.0268402,-6.6006317138671875,9.457803344726557,750192,0.0,18.485594,1.854295,14.7369995,24.205582,1.1047642,0.6137635,-0.4226201,2.309168,-0.04901295,4.9338717,-20.297928,23.831406,-0.72148895,-7.278983306884766,8.326097869873042,750192,0.0,15.781456,1.7337073,12.016754,23.831406,-0.050733905,0.43797728,-1.3510716,0.7913765,281.82324,4.7470045,260.1179,293.82727,282.034,273.4035369873047,288.8741455078125,750192,0.0,291.48422,0.8175206,289.72433,293.82727,281.8251,0.574774,280.5684,283.3046,285.1182,4.3200264,267.13257,303.71844,285.07574,277.9197250366211,291.5219528198242,750192,0.0,296.71066,1.867789,293.24365,303.71844,285.11908,0.5632731,283.68353,286.56964,101645.96,984.5413,95418.81,104818.875,101741.69,99863.4375,103116.125,750192,0.0,104072.03,261.29715,103549.625,104818.875,101646.336,129.57574,101285.69,101930.56,286.09164,3.6386633,278.96558,293.99512,285.8047,281.08642578125,291.478271484375,750192,0.0,291.74197,0.7080361,290.53076,293.99512,286.09003,0.44401544,285.1489,287.355,101602.55,984.0923,95377.39,104773.06,101698.445,99820.489453125,103071.80390625,750192,0.0,104026.734,261.02963,103505.664,104773.06,101602.9,129.53868,101242.43,101887.11,0.00010983912,0.0003368235,0.0,0.011703491,1.9073486e-06,0.0,0.0006489753723144531,750168,3.1991810096609896e-05,0.005986361,0.0016228937,0.003464222,0.011703491,0.00010976962,1.6928554e-05,7.2430965e-05,0.00015270541,231.38774,94.7435,0.000779941,360.00174,270.85223,29.81773,330.53146,750192,0.0,359.91397,0.08196038,359.637,360.00174,231.31706,8.89598,209.47118,253.99518,5.465972,1.771938,2.2613478,15.306106,4.996232,3.4316013,9.082833,750192,0.0,13.108491,0.8892403,10.235293,15.306106,5.466541,0.21952477,4.9937263,5.934349,0.81470525,0.47461247,0.07235679,4.0158577,0.69533193,0.28052223,1.757339,750192,0.0,3.2402506,0.27925178,2.6073444,4.0158577,0.8140887,0.054176915,0.6897829,0.9407472,5.0981265e-07,1.4276065,-4.199623,3.5503771,0.22037697,-2.40962290763855,2.0703771114349365,222082,0.7039664512551453,3.0547106,0.28552505,1.980377,3.5503771,-0.024356388,0.110750824,-0.3408865,0.09822317,-0.062469315445435776,1.423523728212943,-3.9449254295088028,3.1019981727399615,0.13965512368161273,-2.4754124893058584,1.9960265947647902,750192,0.0,2.791653366708805,0.14254986769099767,2.465312697148594,3.1019981727399615,-0.061712265957156454,0.10329686047979877,-0.2393915345659008,0.11184150899791719,1.7451808e-07,0.18834743,-1.5632201,1.7214919,-0.012924615,-0.2804690882563591,0.3287774831056592,222082,0.7039664512551453,1.1088109,0.2839867,0.48040846,1.7214919,-0.0224316,0.09960676,-0.32390723,0.08412845,0.0,0.0,0,0,0.0,0.0,0.0,750192,0.0,0.0,0.0,0,0,0.0,0.0,0.0,0.0
550,2.0396297,6.251851,-19.047348,28.526138,2.6616898,-8.468251800537109,11.38116989135742,750192,0.0,20.048538,2.4810143,16.536346,28.526138,2.0412605,0.847058,-0.39545655,3.7692468,0.5237285,5.349983,-19.659851,22.993301,0.3810501,-7.9488677978515625,9.40387496948242,750192,0.0,18.098993,1.8150449,14.522583,22.993301,0.52154636,0.53440875,-0.82925075,1.6485144,279.06995,5.6497483,257.2244,293.71777,279.0537,269.25048828125,287.6065338134766,750192,0.0,290.68607,1.272004,287.9136,293.71777,279.07275,0.79758495,277.40604,280.80362,282.10178,5.4039626,260.91187,298.06567,281.96228,273.2788589477539,290.1000915527344,750192,0.0,294.81253,1.7508231,290.68582,298.06567,282.10358,0.82933,280.38116,283.75073,101280.984,1146.3617,95404.875,105076.56,101359.31,99248.375,103034.5625,750192,0.0,104181.91,370.8185,103316.125,105076.56,101282.24,134.03455,101015.695,101548.055,283.01996,4.9695444,272.7102,295.17725,282.76196,275.891357421875,290.521728515625,750192,0.0,291.21204,1.5958289,288.3286,295.17725,283.01883,0.7312711,281.43866,284.50317,101262.51,1146.1514,95386.734,105056.34,101340.94,99229.941796875,103015.69453125,750192,0.0,104162.41,370.63492,103297.06,105056.34,101263.766,134.0046,100997.234,101529.49,0.000114314695,0.00031069943,0.0,0.007975578,4.7683716e-06,0.0,0.0006551742553710938,750168,3.1991810096609896e-05,0.004724982,0.001073114,0.0029611588,0.007975578,0.000114149065,1.7270931e-05,7.678657e-05,0.00015037901,234.33429,87.586464,0.00022483329,359.99463,258.74234,38.376926,324.5021,750192,0.0,359.86804,0.12248275,359.4954,359.99463,234.40825,10.682727,199.66573,257.47662,5.603985,1.2734066,2.2874422,13.6108465,5.465499,3.7620757,7.883904,750192,0.0,10.908641,0.8262101,9.405732,13.6108465,5.602814,0.16193798,5.1680946,5.92619,1.50896,0.97664213,0.06947597,9.537471,1.273562,0.40294713,3.421713,750192,0.0,7.1162395,1.0085299,5.1305723,9.537471,1.5077239,0.10535897,1.25598,1.7587032,1.4798016e-09,0.6778712,-2.5162513,2.4737487,0.08374865,-1.9262514114379883,0.8237486481666565,82491,0.8900401497216712,1.9637486,0.2919247,1.5837486,2.4737487,-0.001361619,0.20511979,-0.48240528,0.20728678,-1.4750035351755046,0.996280897534235,-3.506202399053325,0.6565664282815751,-1.4702678616894658,-3.026182358144037,0.07179669373652989,750192,0.0,-0.9988355777588843,0.9830088078209109,-2.6869433724451595,0.6565664282815751,-1.4668099818595683,0.9829088447790644,-3.1500925098684696,0.19354209093377842,0.076098055,0.479186,-1.9999886,1.9999502,0.081333205,-0.4978817403316498,0.7609811276197433,79446,0.8940991106276793,1.7994139,0.18063566,1.4990904,1.9999502,0.0754093,0.075403206,-0.010151705,0.19608179,0.004058960906008062,0.06358054531357496,0,1,0.0,0.0,0.0,750192,0.0,0.06976744186046512,0.2547546779093796,0,1,0.004040597576409598,0.020940654182870194,0.0,0.16666666666666666
551,1.6177642,5.014342,-15.112778,23.85942,2.0193176,-6.624362945556641,9.27236099243164,750192,0.0,16.793127,2.0900655,13.386307,23.85942,1.6192169,0.67833483,-0.39133257,3.0163457,0.49380225,4.009444,-15.955582,19.407883,0.35456848,-5.819998931884766,7.247737121582027,750192,0.0,14.736514,1.593947,11.224808,19.407883,0.4922739,0.40262696,-0.5118131,1.3522565,278.6235,5.811477,251.24724,293.4214,278.8177,268.40035552978514,287.2222732543945,750192,0.0,291.1911,1.0860578,288.94223,293.4214,278.6262,0.8388665,276.79633,280.32666,281.79648,6.078179,257.74866,304.66708,281.67615,271.8717041015625,291.05775299072263,750192,0.0,298.7589,2.28546,292.50418,304.66708,281.79956,0.85122436,280.1469,283.4918,101267.96,1151.4663,95177.5,105135.56,101342.44,99230.409375,103033.75,750192,0.0,104190.78,375.34985,103293.625,105135.56,101269.19,134.25278,101006.14,101532.07,,,,,,,,0,1.0,,,,,,,,,101150.8,1150.2372,95065.62,105009.34,101225.75,99114.902734375,102913.425390625,750192,0.0,104067.125,374.3368,103173.06,105009.34,101152.03,134.06836,100889.016,101414.37,0.00010122143,0.00028915916,0.0,0.00835371,3.33786e-06,0.0,0.0005741119384765625,750168,3.1991810096609896e-05,0.0048324703,0.0012146862,0.0026874542,0.00835371,0.00010109692,1.5269065e-05,6.613231e-05,0.00013416968,,,,,,,,0,1.0,,,,,,,,,,,,,,,,0,1.0,,,,,,,,,,,,,,,,0,1.0,,,,,,,,,-7.982726e-09,0.3496149,-1.1186293,1.1213707,-0.018629335,-0.5286293029785156,0.6213706731796265,80282,0.8929847292426472,1.1173706,0.0066332426,1.1013707,1.1213707,0.0009095147,0.04855026,-0.07980338,0.065715276,-0.3711288554670179,0.30594151554716636,-1.2646066191406298,0.5067586254975175,-0.37075816711747844,-0.8742438111707163,0.13366683797984666,750192,0.0,0.08382429036271026,0.2474265590271535,-0.34253935915500233,0.5067586254975175,-0.3692751079102443,0.24671138909061088,-0.7923509320293747,0.04568609752523262,-3.2685173e-05,0.2968606,-1.4129047,1.3234122,-0.02532186,-0.4416030332446098,0.5259942859411237,80282,0.8929847292426472,1.1897199,0.07589136,1.0629213,1.3234122,0.0010860031,0.04074021,-0.06680752,0.058402732,0.0,0.0,0,0,0.0,0.0,0.0,750192,0.0,0.0,0.0,0,0,0.0,0.0,0.0,0.0
553,1.3194735,4.6534004,-15.898895,22.148544,1.3340149,-6.163923645019532,8.97846527099609,750192,0.0,16.989439,1.6886939,12.90741,22.148544,1.3185958,0.59843236,-0.292929,2.6667624,1.8336073,4.841953,-20.260147,22.302963,2.1699524,-6.604216003417969,9.337521362304685,750192,0.0,16.236015,1.5140601,13.120239,22.302963,1.8361857,0.52686983,0.66650957,2.8613741,278.79028,4.155699,261.49774,291.76154,278.99683,271.64756927490237,285.0837066650391,750192,0.0,288.02905,1.189847,286.16483,291.76154,278.79294,0.48285615,277.66516,279.74847,281.84494,3.6362238,269.47418,297.36285,281.9049,275.90132598876954,287.3514236450195,750192,0.0,292.72583,1.8755106,289.18796,297.36285,281.84796,0.47019854,280.62753,282.77322,101055.14,1325.4652,94072.5,105046.375,101172.31,98691.5625,103021.625,750192,0.0,104109.05,368.5633,103076.625,105046.375,101056.47,155.1012,100669.01,101344.91,283.05853,2.6220126,278.50635,288.63672,283.03638,279.8271484375,286.42578125,750192,0.0,286.69983,0.7771305,285.19434,288.63672,283.05777,0.38388452,282.0231,283.9863,100334.71,1319.6951,93388.52,104282.44,100452.95,97982.390625,102286.39765625,750192,0.0,103359.79,363.52026,102347.266,104282.44,100336.07,154.04063,99953.26,100621.164,0.00021617537,0.00040561587,0.0,0.010287762,4.005432e-05,0.0,0.0010366439819335938,750168,3.1991810096609896e-05,0.004837893,0.00094904983,0.0035543442,0.010287762,0.0002159334,2.717647e-05,0.00014888811,0.00028287995,228.28676,116.47487,0.00014599352,360.00244,266.969,6.2669635,353.9732,750192,0.0,359.98636,0.012327334,359.93884,360.00244,228.20723,11.277305,201.50964,251.98267,6.6860924,1.6760802,2.6033583,15.021314,6.5104,4.265772,9.686291,750192,0.0,12.777312,0.90560323,11.211022,15.021314,6.6849594,0.19169866,6.1234345,7.123111,1.0169086,0.6022633,0.082562,6.97076,0.8831918,0.31444332,2.1833723,750192,0.0,4.375142,0.6524577,3.0421164,6.97076,1.0162878,0.0735669,0.8332631,1.1589811,0.24486339,1.2012004,-4.9571476,9.808853,0.30285287,-1.7221472263336182,2.081852912902832,425760,0.4324652888860452,3.1768298,1.6835377,-2.8501472,9.808853,0.13220851,0.58191484,-2.8501472,0.48648334,0.20571014052252132,1.172017601536907,-2.9282373463566578,3.004361118362277,0.26953117815120103,-1.7242972295628514,1.987702113219574,750192,0.0,2.80597239705927,0.1062295821225372,2.587069911968679,3.004361118362277,0.20604204750894245,0.0662539103324966,0.09238071597389418,0.3192255398510559,0.004815275,0.22371428,-1.9989625,1.9999146,-0.0058336975,-0.3033072680234909,0.3632138684391972,424838,0.43369430759059013,0.9619544,0.43633926,-1.0104123,1.9999146,-0.018244172,0.1561518,-1.0104123,0.17855503,0.0012290187045449698,0.03503581335674753,0,1,0.0,0.0,0.0,750192,0.0,0.16279069767441862,0.3691746015438963,0,1,0.001223400767476097,0.00480250888133622,0.0,0.03732876712328767
554,1.3194735,4.6534004,-15.898895,22.148544,1.3340149,-6.163923645019532,8.97846527099609,750192,0.0,16.989439,1.6886939,12.90741,22.148544,1.3185958,0.59843236,-0.292929,2.6667624,1.8336073,4.841953,-20.260147,22.302963,2.1699524,-6.604216003417969,9.337521362304685,750192,0.0,16.236015,1.5140601,13.120239,22.302963,1.8361857,0.52686983,0.66650957,2.8613741,278.79028,4.155699,261.49774,291.76154,278.99683,271.64756927490237,285.0837066650391,750192,0.0,288.02905,1.189847,286.16483,291.76154,278.79294,0.48285615,277.66516,279.74847,281.84494,3.6362238,269.47418,297.36285,281.9049,275.90132598876954,287.3514236450195,750192,0.0,292.72583,1.8755106,289.18796,297.36285,281.84796,0.47019854,280.62753,282.77322,101055.14,1325.4652,94072.5,105046.375,101172.31,98691.5625,103021.625,750192,0.0,104109.05,368.5633,103076.625,105046.375,101056.47,155.1012,100669.01,101344.91,283.05853,2.6220126,278.50635,288.63672,283.03638,279.8271484375,286.42578125,750192,0.0,286.69983,0.7771305,285.19434,288.63672,283.05777,0.38388452,282.0231,283.9863,100334.71,1319.6951,93388.52,104282.44,100452.95,97982.390625,102286.39765625,750192,0.0,103359.79,363.52026,102347.266,104282.44,100336.07,154.04063,99953.26,100621.164,0.00021617537,0.00040561587,0.0,0.010287762,4.005432e-05,0.0,0.0010366439819335938,750168,3.1991810096609896e-05,0.004837893,0.00094904983,0.0035543442,0.010287762,0.0002159334,2.717647e-05,0.00014888811,0.00028287995,228.28676,116.47487,0.00014599352,360.00244,266.969,6.2669635,353.9732,750192,0.0,359.98636,0.012327334,359.93884,360.00244,228.20723,11.277305,201.50964,251.98267,6.6860924,1.6760802,2.6033583,15.021314,6.5104,4.265772,9.686291,750192,0.0,12.777312,0.90560323,11.211022,15.021314,6.6849594,0.19169866,6.1234345,7.123111,1.0169086,0.6022633,0.082562,6.97076,0.8831918,0.31444332,2.1833723,750192,0.0,4.375142,0.6524577,3.0421164,6.97076,1.0162878,0.0735669,0.8332631,1.1589811,-1.7339781e-07,1.1924313,-3.5616174,3.5753827,0.0543828,-1.9556173086166382,1.8283824920654297,279660,0.6272154328491906,2.9004974,0.19150366,2.6353827,3.5753827,0.0023188787,0.0819898,-0.256877,0.21569127,-0.08038356197199567,1.1672204788964686,-3.2167921265148394,2.720221593881767,-0.016078216337016067,-2.0025324426539792,1.696539160881099,750192,0.0,2.5036750017044973,0.11097277609420707,2.2648424295673997,2.720221593881767,-0.07993817440442498,0.0778449771744357,-0.21354877234445357,0.05257038546391538,0.004038528,0.22087176,-1.9986503,1.9865854,-0.0006275945,-0.30063626170158386,0.349073439836502,279223,0.6277979503913664,0.9915864,0.2955238,0.6292839,1.9865854,0.004736894,0.06630948,-0.20732325,0.1760534,0.0005825175421758697,0.024128369515757316,0,1,0.0,0.0,0.0,750192,0.0,0.046511627906976744,0.21059035204970736,0,1,0.0005800679621960284,0.0039731937305464045,0.0,0.03584474885844749
557,1.0959516,3.72201,-17.625046,17.791656,1.344841,-5.356300354003906,6.83289108276367,750192,0.0,14.075744,1.5595084,10.585022,17.791656,1.0943034,0.44622964,0.032793798,2.070131,1.4100128,5.08184,-21.546478,19.748566,1.8300552,-7.238422393798828,9.193883514404295,750192,0.0,16.316486,1.3542718,13.853149,19.748566,1.4112849,0.53477603,0.17236009,2.4107091,278.76898,4.2795563,260.92773,289.6776,278.82568,271.59039306640625,285.39056396484375,750192,0.0,287.76654,0.8738736,285.29025,289.6776,278.7716,0.5338639,277.66403,279.93365,281.7898,3.8365242,267.77008,294.19196,281.76334,275.64424591064454,287.68505859375,750192,0.0,291.39627,1.0832983,289.05316,294.19196,281.7924,0.5251983,280.72714,282.84464,101141.89,1283.935,94525.5,104824.375,101255.31,98860.75,103049.5,750192,0.0,104121.79,337.78723,103215.56,104824.375,101143.31,147.1382,100807.84,101432.68,282.3325,2.7785974,276.8955,289.00684,282.27197,278.490478515625,286.30859375,750192,0.0,286.5793,0.86826676,284.81982,289.00684,282.33176,0.4485022,281.3287,283.43362,100713.664,1279.471,94122.53,104374.44,100827.91,98439.512890625,102612.081640625,750192,0.0,103675.99,335.047,102781.8,104374.44,100715.09,146.55057,100382.39,101004.55,9.6803116e-05,0.0002743845,0.0,0.009232044,2.3841858e-06,0.0,0.0005502700805664062,750168,3.1991810096609896e-05,0.0044512306,0.0012292815,0.0025191307,0.009232044,9.6623226e-05,1.2605826e-05,6.0575458e-05,0.0001330184,,,,,,,,0,1.0,,,,,,,,,,,,,,,,0,1.0,,,,,,,,,,,,,,,,0,1.0,,,,,,,,,,,,,,,,0,1.0,,,,,,,,,,,,,,,,0,1.0,,,,,,,,,,,,,,,,0,1.0,,,,,,,,,0.0,0.0,0,0,0.0,0.0,0.0,750192,0.0,0.0,0.0,0,0,0.0,0.0,0.0,0.0
558,1.3528367,4.0977693,-15.533859,18.737167,1.6204224,-5.4833427429199215,7.777655792236327,750192,0.0,14.59313,1.4717814,11.524277,18.737167,1.3521234,0.48454636,0.0051521203,2.4862473,1.1964087,3.297336,-16.12944,16.6362,1.4513626,-4.685956573486327,6.2135009765625,750192,0.0,12.184939,1.6474774,9.156525,16.6362,1.1968681,0.3499752,0.40503436,1.9368303,278.36963,4.4487247,260.68924,291.20062,278.46472,270.9764739990234,285.37737426757815,750192,0.0,288.70746,0.97942615,286.5511,291.20062,278.37192,0.54976875,277.2256,279.538,281.9722,4.6906605,262.2896,299.2453,282.05255,274.4508224487305,289.33135986328125,750192,0.0,295.08804,1.686324,291.94684,299.2453,281.97757,0.6311028,280.5578,283.16635,101085.56,1306.6703,94309.875,104999.875,101200.125,98763.9375,103030.0,750192,0.0,104122.42,360.1034,103167.94,104999.875,101086.945,151.17575,100721.68,101364.016,282.6197,3.0681064,276.8589,290.64355,282.47485,278.415771484375,287.19921875,750192,0.0,287.63266,1.1273085,285.91846,290.64355,282.62045,0.51412916,281.53864,283.89505,100623.64,1302.2018,93872.375,104513.44,100738.91,98309.231640625,102558.22578125,750192,0.0,103640.15,356.56757,102698.875,104513.44,100625.02,150.51115,100262.85,100902.67,9.521152e-05,0.00025577465,0.0,0.005980015,4.7683716e-06,0.0,0.0005350112915039062,750168,3.1991810096609896e-05,0.0037011325,0.0007299536,0.0023870468,0.005980015,9.505519e-05,1.23649725e-05,6.36135e-05,0.00012000024,147.80623,94.19229,0.000119638426,360.00214,118.66742,22.805355,320.97632,750192,0.0,359.92087,0.075802304,359.60852,360.00214,147.77382,9.444907,120.222206,169.84038,4.8965325,1.4315606,1.8032742,12.852134,4.612983,3.0430882,7.6436357,750192,0.0,10.695867,0.82600904,9.0549135,12.852134,4.895513,0.16775304,4.4825974,5.392365,0.8913856,0.6256816,0.03634903,7.4105415,0.734154,0.23104128,2.0950284,750192,0.0,4.7294307,0.9505014,3.1866028,7.4105415,0.8906468,0.056207467,0.7413119,1.0222379,,,,,,,,0,1.0,,,,,,,,,,,,,,,,0,1.0,,,,,,,,,,,,,,,,0,1.0,,,,,,,,,0.0,0.0,0,0,0.0,0.0,0.0,750192,0.0,0.0,0.0,0,0,0.0,0.0,0.0,0.0
559,1.0959516,3.72201,-17.625046,17.791656,1.344841,-5.356300354003906,6.83289108276367,750192,0.0,14.075744,1.5595084,10.585022,17.791656,1.0943034,0.44622964,0.032793798,2.070131,1.4100128,5.08184,-21.546478,19.748566,1.8300552,-7.238422393798828,9.193883514404295,750192,0.0,16.316486,1.3542718,13.853149,19.748566,1.4112849,0.53477603,0.17236009,2.4107091,278.76898,4.2795563,260.92773,289.6776,278.82568,271.59039306640625,285.39056396484375,750192,0.0,287.76654,0.8738736,285.29025,289.6776,278.7716,0.5338639,277.66403,279.93365,281.7898,3.8365242,267.77008,294.19196,281.76334,275.64424591064454,287.68505859375,750192,0.0,291.39627,1.0832983,289.05316,294.19196,281.7924,0.5251983,280.72714,282.84464,101141.89,1283.935,94525.5,104824.375,101255.31,98860.75,103049.5,750192,0.0,104121.79,337.78723,103215.56,104824.375,101143.31,147.1382,100807.84,101432.68,282.3325,2.7785974,276.8955,289.00684,282.27197,278.490478515625,286.30859375,750192,0.0,286.5793,0.86826676,284.81982,289.00684,282.33176,0.4485022,281.3287,283.43362,100713.664,1279.471,94122.53,104374.44,100827.91,98439.512890625,102612.081640625,750192,0.0,103675.99,335.047,102781.8,104374.44,100715.09,146.55057,100382.39,101004.55,9.6803116e-05,0.0002743845,0.0,0.009232044,2.3841858e-06,0.0,0.0005502700805664062,750168,3.1991810096609896e-05,0.0044512306,0.0012292815,0.0025191307,0.009232044,9.6623226e-05,1.2605826e-05,6.0575458e-05,0.0001330184,,,,,,,,0,1.0,,,,,,,,,,,,,,,,0,1.0,,,,,,,,,,,,,,,,0,1.0,,,,,,,,,1.4595275e-07,1.0163491,-2.7738652,2.6641347,0.021134853,-1.6168652772903442,1.5441348552703857,288129,0.6159263228613475,2.3967066,0.12782985,2.0841348,2.6641347,-0.00065752334,0.051994856,-0.14118442,0.1169681,-0.06622874020449092,1.0028628778471493,-2.7106920422886702,2.3135838746184874,-0.04146513784740355,-1.6608085835032205,1.4519852251468577,750192,0.0,2.1092728483633443,0.10006303483142423,1.8591924906655228,2.3135838746184874,-0.06588261736538896,0.06693954804146926,-0.18149068531917148,0.047992738311936685,0.00021820291,0.16963182,-1.9949282,1.1875999,-0.007943848,-0.23362010344862938,0.2749624624848365,288100,0.6159649796318809,0.84303755,0.17768504,0.5719598,1.1875999,0.00035862072,0.040536985,-0.16617869,0.06586782,3.865677053341011e-05,0.006217336743936428,0,1,0.0,0.0,0.0,750192,0.0,0.011627906976744186,0.10720400531735916,0,1,3.849421259424445e-05,0.0003548991043611205,0.0,0.003310502283105023
56,1.1400408,4.941036,-15.833603,23.152374,1.2728939,-6.904990386962891,9.17481002807617,750192,0.0,17.246908,1.699334,13.5494995,23.152374,1.1329123,0.62695754,-0.4736735,2.3146727,-0.0003273594,4.4645696,-19.341324,23.645859,-0.47166443,-6.743216705322266,7.563040924072265,750192,0.0,15.219681,1.635948,12.044235,23.645859,-0.0011596762,0.38958433,-1.1574818,0.7190524,281.8614,4.529867,260.86484,293.21985,282.06708,273.83746948242185,288.60600128173826,750192,0.0,290.96027,0.8168715,289.1417,293.21985,281.8635,0.55875844,280.73468,283.25662,285.0278,4.0144215,267.97656,299.4934,284.9931,278.35546875,291.01063385009763,750192,0.0,295.38416,1.5523002,292.6529,299.4934,285.02863,0.56790096,283.66562,286.4086,101642.45,997.49023,95440.875,104830.625,101745.125,99831.75,103123.5625,750192,0.0,104076.42,264.19522,103527.875,104830.625,101642.83,131.23296,101273.97,101932.19,285.93854,3.2623353,279.54077,293.1289,285.69824,281.35986328125,290.87548828125,750192,0.0,290.97754,0.8251195,289.32568,293.1289,285.93692,0.53253365,284.82898,287.22476,101461.08,995.6627,95266.016,104640.3,101564.33,99652.754296875,102938.0625,750192,0.0,103887.695,263.40787,103342.664,104640.3,101461.47,131.06808,101093.28,101750.62,0.00010145687,0.00031409934,0.0,0.012355804,2.3841858e-06,0.0,0.0005846023559570312,750168,3.1991810096609896e-05,0.005790702,0.0017097938,0.0032553673,0.012355804,0.00010139298,1.4091428e-05,7.0235554e-05,0.00012938904,235.62953,95.58977,0.0010519901,360.00198,275.74454,28.266375,331.02643,750192,0.0,359.91428,0.10376993,359.4903,360.00198,235.55565,8.902243,213.02469,258.12543,6.25645,1.8863903,2.512766,16.240395,5.8209605,3.9528646,10.001381,750192,0.0,13.89026,0.82155347,11.647647,16.240395,6.256842,0.23859856,5.7217436,6.7811112,1.0789145,0.6173436,0.10873374,5.6200814,0.92661154,0.37840176,2.297272,750192,0.0,4.3382688,0.46704715,3.2708082,5.6200814,1.0781783,0.06957312,0.9296934,1.2245489,-3.172617e-07,1.2749332,-3.3987055,3.2172947,0.14229465,-2.099705219268799,1.8762946128845215,177183,0.7638164629854758,2.7251465,0.25626504,2.0622945,3.2172947,-0.017873818,0.057658333,-0.19815409,0.09229473,-0.16074144377185798,1.2712267569655111,-3.5562776207756364,2.787411844715514,-0.03255866299024934,-2.2626713993295278,1.7123498508402728,750192,0.0,2.4533161722222285,0.15504375251201769,2.136175430196518,2.787411844715514,-0.15978416585272134,0.12712750256255345,-0.3786001036071449,0.05376832963694906,8.715224e-08,0.14463073,-0.6299146,1.1494979,-0.010367612,-0.21664844900369645,0.25397831201553345,177183,0.7638164629854758,0.7105933,0.24096103,0.19727825,1.1494979,0.0024527952,0.03333618,-0.09034302,0.07300167,0.0,0.0,0,0,0.0,0.0,0.0,750192,0.0,0.0,0.0,0,0,0.0,0.0,0.0,0.0
564,1.3472366,4.627583,-15.928314,23.513779,1.3974457,-6.211592102050782,8.93616256713867,750192,0.0,17.001066,1.64542,12.616455,23.513779,1.3463546,0.6008313,-0.22518125,2.690931,1.6590124,5.1442103,-19.823517,22.702408,1.8423386,-6.9546867370605465,9.898019409179682,750192,0.0,17.531488,1.5278038,13.794601,22.702408,1.6617242,0.5562533,0.54908466,2.782846,278.937,4.304296,261.99384,291.27515,279.20935,271.45849609375,285.4300537109375,750192,0.0,288.52402,1.1145378,286.69632,291.27515,278.94037,0.51537544,277.71814,279.9724,282.2876,3.6913075,268.87585,296.17285,282.36963,276.24005126953125,287.92156982421875,750192,0.0,292.5526,1.6145866,289.36127,296.17285,282.29135,0.5152633,281.03635,283.29593,101014.53,1338.7249,93711.25,105076.875,101132.53,98621.1875,102995.625,750192,0.0,104090.305,375.60632,103125.875,105076.875,101015.875,157.51477,100623.38,101299.53,,,,,,,,0,1.0,,,,,,,,,100710.914,1335.5071,93425.83,104754.09,100829.17,98323.04453125,102686.167578125,750192,0.0,103774.88,373.66318,102813.17,104754.09,100712.22,157.05103,100321.664,100994.55,0.00013588,0.00030554435,0.0,0.005511284,2.2888184e-05,0.0,0.0007038116455078125,750168,3.1991810096609896e-05,0.0039025906,0.0006040765,0.0025496483,0.005511284,0.0001357949,1.4337928e-05,9.747926e-05,0.00016428292,227.45459,111.38427,7.696141e-05,360.003,268.8756,9.166779,350.32715,750192,0.0,359.97668,0.027146619,359.86047,360.003,227.40215,11.210661,197.57368,252.01483,7.8351827,1.7217442,3.319766,15.775892,7.7109795,5.232714,10.841955,750192,0.0,13.824409,0.8118007,12.040988,15.775892,7.834044,0.22451058,7.202341,8.280223,1.9745672,1.0547941,0.22831395,10.605274,1.7536426,0.7125298,4.008164,750192,0.0,7.547074,1.0086057,5.2321215,10.605274,1.9735035,0.13165043,1.62499,2.2533877,,,,,,,,0,1.0,,,,,,,,,,,,,,,,0,1.0,,,,,,,,,,,,,,,,0,1.0,,,,,,,,,0.0,0.0,0,0,0.0,0.0,0.0,750192,0.0,0.0,0.0,0,0,0.0,0.0,0.0,0.0
565,1.3472366,4.627583,-15.928314,23.513779,1.3974457,-6.211592102050782,8.93616256713867,750192,0.0,17.001066,1.64542,12.616455,23.513779,1.3463546,0.6008313,-0.22518125,2.690931,1.6590124,5.1442103,-19.823517,22.702408,1.8423386,-6.9546867370605465,9.898019409179682,750192,0.0,17.531488,1.5278038,13.794601,22.702408,1.6617242,0.5562533,0.54908466,2.782846,278.937,4.304296,261.99384,291.27515,279.20935,271.45849609375,285.4300537109375,750192,0.0,288.52402,1.1145378,286.69632,291.27515,278.94037,0.51537544,277.71814,279.9724,282.2876,3.6913075,268.87585,296.17285,282.36963,276.24005126953125,287.92156982421875,750192,0.0,292.5526,1.6145866,289.36127,296.17285,282.29135,0.5152633,281.03635,283.29593,101014.53,1338.7249,93711.25,105076.875,101132.53,98621.1875,102995.625,750192,0.0,104090.305,375.60632,103125.875,105076.875,101015.875,157.51477,100623.38,101299.53,,,,,,,,0,1.0,,,,,,,,,100710.914,1335.5071,93425.83,104754.09,100829.17,98323.04453125,102686.167578125,750192,0.0,103774.88,373.66318,102813.17,104754.09,100712.22,157.05103,100321.664,100994.55,0.00013588,0.00030554435,0.0,0.005511284,2.2888184e-05,0.0,0.0007038116455078125,750168,3.1991810096609896e-05,0.0039025906,0.0006040765,0.0025496483,0.005511284,0.0001357949,1.4337928e-05,9.747926e-05,0.00016428292,227.45459,111.38427,7.696141e-05,360.003,268.8756,9.166779,350.32715,750192,0.0,359.97668,0.027146619,359.86047,360.003,227.40215,11.210661,197.57368,252.01483,7.8351827,1.7217442,3.319766,15.775892,7.7109795,5.232714,10.841955,750192,0.0,13.824409,0.8118007,12.040988,15.775892,7.834044,0.22451058,7.202341,8.280223,1.9745672,1.0547941,0.22831395,10.605274,1.7536426,0.7125298,4.008164,750192,0.0,7.547074,1.0086057,5.2321215,10.605274,1.9735035,0.13165043,1.62499,2.2533877,-0.0028680158,1.1636772,-4.747104,9.952795,0.055795908,-1.8922040462493896,1.7287960052490234,384755,0.4871246294281997,3.3204982,1.6218743,2.3767958,9.952795,-0.0043532015,0.15285778,-0.55368763,0.6603327,-0.02477967008967066,1.0722843748139232,-2.861750926907488,2.624525009317806,0.03648412776054523,-1.7918106844154378,1.602058926671365,750192,0.0,2.427592612709107,0.09734052030456775,2.232299807897189,2.624525009317806,-0.024622230363288037,0.02837228586582888,-0.07307774403579445,0.023808405859812497,0.017867649,0.25005645,-1.9994907,1.99798,0.015130423,-0.27668147534132004,0.36125275194644935,380902,0.4922606479407938,0.8810175,0.29754296,0.37415764,1.99798,0.01648098,0.08488371,-0.26832005,0.32270625,0.0051360185125941095,0.07148174470752935,0,1,0.0,0.0,0.0,750192,0.0,0.22093023255813954,0.4148735529049134,0,1,0.005109615298689558,0.01851812830068711,0.0,0.11666666666666667
566,1.717716,5.928197,-18.856796,27.708984,1.9221005,-7.8326164245605465,11.278860473632804,750192,0.0,20.178196,1.8234845,15.590622,27.708984,1.7164598,0.7741449,-0.3461594,3.5047815,1.7675731,5.690141,-23.880692,24.065826,2.271164,-8.305586242675782,10.376904296874997,750192,0.0,18.061386,1.63475,14.560562,24.065826,1.7708813,0.6232684,0.3823786,2.9813702,278.8232,4.0929956,262.04675,290.8592,279.06348,271.65147857666017,284.97943115234375,750192,0.0,287.42386,1.0050651,285.84595,290.8592,278.82602,0.47609594,277.72626,279.8093,281.94077,3.2915518,270.26587,293.1803,281.92856,276.6113006591797,286.8812088012695,750192,0.0,290.25516,1.3019458,287.47565,293.1803,281.943,0.4347711,280.85052,282.82437,101017.77,1333.9877,93885.25,105022.94,101135.125,98635.534375,102991.6875,750192,0.0,104081.74,370.65137,103085.625,105022.94,101019.125,156.14885,100638.086,101295.414,283.01724,2.6404483,278.6538,288.83105,282.9082,279.871337890625,286.403564453125,750192,0.0,286.65085,0.73784906,285.2588,288.83105,283.0165,0.37646684,282.06506,283.9313,100617.055,1329.9047,93507.61,104597.34,100734.81,98241.9375,102582.573046875,750192,0.0,103665.69,367.97928,102673.08,104597.34,100618.43,155.53362,100239.94,100894.61,0.00018256636,0.00034261655,0.0,0.007993698,4.005432e-05,0.0,0.0008702278137207031,750168,3.1991810096609896e-05,0.00416273,0.00094685383,0.0028290749,0.007993698,0.00018232653,2.1856888e-05,0.0001267711,0.00023872335,236.83871,108.50463,1.5490892e-05,360.00244,275.4377,9.222586,351.56122,750192,0.0,359.9783,0.023545915,359.86774,360.00244,236.80493,10.674983,211.45218,258.52234,7.7985444,1.7224947,3.2744484,15.966078,7.6724315,5.2070007,10.812441,750192,0.0,13.854405,0.8443143,12.183607,15.966078,7.797597,0.22609626,7.169772,8.272135,1.9748819,1.110842,0.19999364,11.688059,1.7245743,0.68195,4.1377177,750192,0.0,8.099206,1.1330339,5.5955987,11.688059,1.9737706,0.14118907,1.6129284,2.2680943,-0.16441597,1.6132596,-4.5545144,9.999486,-0.22251439,-2.250514507293701,1.7644853591918945,272431,0.6368516326487086,4.7696066,2.9781682,2.1134853,9.999486,-0.1706614,0.47377843,-0.43694896,1.8604987,-0.6010272480024919,1.1790114271898504,-4.124670304837569,2.6402062382434925,-0.5610444315996896,-2.5497851799999376,1.2444984659099427,750192,0.0,1.8689644218307684,0.4271583062712445,1.1077381425668262,2.6402062382434925,-0.5977219220265099,0.4196938989922241,-1.31645439736206,0.10671423053573545,-0.16413902,0.32556954,-1.9891659,1.9996682,-0.1752539,-0.6355789303779602,0.27566060423851013,260791,0.652367660545567,1.2934798,0.5945798,0.52163607,1.9996682,-0.15166198,0.13531461,-0.36440316,0.13212468,0.016631742273977863,0.12788716676394796,0,1,0.0,0.0,0.0,750192,0.0,0.1744186046511628,0.3794690435367609,0,1,0.016538791460160122,0.05806912245106607,0.0,0.38331056466302366
567,1.3472366,4.627583,-15.928314,23.513779,1.3974457,-6.211592102050782,8.93616256713867,750192,0.0,17.001066,1.64542,12.616455,23.513779,1.3463546,0.6008313,-0.22518125,2.690931,1.6590124,5.1442103,-19.823517,22.702408,1.8423386,-6.9546867370605465,9.898019409179682,750192,0.0,17.531488,1.5278038,13.794601,22.702408,1.6617242,0.5562533,0.54908466,2.782846,278.937,4.304296,261.99384,291.27515,279.20935,271.45849609375,285.4300537109375,750192,0.0,288.52402,1.1145378,286.69632,291.27515,278.94037,0.51537544,277.71814,279.9724,282.2876,3.6913075,268.87585,296.17285,282.36963,276.24005126953125,287.92156982421875,750192,0.0,292.5526,1.6145866,289.36127,296.17285,282.29135,0.5152633,281.03635,283.29593,101014.53,1338.7249,93711.25,105076.875,101132.53,98621.1875,102995.625,750192,0.0,104090.305,375.60632,103125.875,105076.875,101015.875,157.51477,100623.38,101299.53,,,,,,,,0,1.0,,,,,,,,,100710.914,1335.5071,93425.83,104754.09,100829.17,98323.04453125,102686.167578125,750192,0.0,103774.88,373.66318,102813.17,104754.09,100712.22,157.05103,100321.664,100994.55,0.00013588,0.00030554435,0.0,0.005511284,2.2888184e-05,0.0,0.0007038116455078125,750168,3.1991810096609896e-05,0.0039025906,0.0006040765,0.0025496483,0.005511284,0.0001357949,1.4337928e-05,9.747926e-05,0.00016428292,227.45459,111.38427,7.696141e-05,360.003,268.8756,9.166779,350.32715,750192,0.0,359.97668,0.027146619,359.86047,360.003,227.40215,11.210661,197.57368,252.01483,7.8351827,1.7217442,3.319766,15.775892,7.7109795,5.232714,10.841955,750192,0.0,13.824409,0.8118007,12.040988,15.775892,7.834044,0.22451058,7.202341,8.280223,1.9745672,1.0547941,0.22831395,10.605274,1.7536426,0.7125298,4.008164,750192,0.0,7.547074,1.0086057,5.2321215,10.605274,1.9735035,0.13165043,1.62499,2.2533877,-4.018085e-08,1.1077523,-3.174596,3.014404,0.06440401,-1.8255959749221802,1.6904041767120361,274941,0.6335058225094377,2.6716607,0.17433828,2.161404,3.014404,-0.0011761802,0.050446983,-0.08939295,0.10593632,-0.10640136149330563,1.096736192910172,-3.1308921477616978,2.623681905705647,-0.04928401070772259,-1.9120407104615391,1.5672930298325112,750192,0.0,2.3618370998794935,0.1350885562769962,2.0795510308300624,2.623681905705647,-0.10571485012989182,0.10564900517901878,-0.2870727032840777,0.07318284786507613,0.001014539,0.17132391,-1.9710656,1.0721554,-0.010042075,-0.25767460763454436,0.2951469391584396,274858,0.6336164608526884,0.75019413,0.14777268,0.4256881,1.0721554,-0.0017972699,0.028783115,-0.0909809,0.0707993,0.00011063834325079447,0.010517894390409004,0,1,0.0,0.0,0.0,750192,0.0,0.03488372093023256,0.18348527718673838,0,1,0.00011017309121801,0.0007308357477147553,0.0,0.005936073059360731
568,1.717716,5.928197,-18.856796,27.708984,1.9221005,-7.8326164245605465,11.278860473632804,750192,0.0,20.178196,1.8234845,15.590622,27.708984,1.7164598,0.7741449,-0.3461594,3.5047815,1.7675731,5.690141,-23.880692,24.065826,2.271164,-8.305586242675782,10.376904296874997,750192,0.0,18.061386,1.63475,14.560562,24.065826,1.7708813,0.6232684,0.3823786,2.9813702,278.8232,4.0929956,262.04675,290.8592,279.06348,271.65147857666017,284.97943115234375,750192,0.0,287.42386,1.0050651,285.84595,290.8592,278.82602,0.47609594,277.72626,279.8093,281.94077,3.2915518,270.26587,293.1803,281.92856,276.6113006591797,286.8812088012695,750192,0.0,290.25516,1.3019458,287.47565,293.1803,281.943,0.4347711,280.85052,282.82437,101017.77,1333.9877,93885.25,105022.94,101135.125,98635.534375,102991.6875,750192,0.0,104081.74,370.65137,103085.625,105022.94,101019.125,156.14885,100638.086,101295.414,283.01724,2.6404483,278.6538,288.83105,282.9082,279.871337890625,286.403564453125,750192,0.0,286.65085,0.73784906,285.2588,288.83105,283.0165,0.37646684,282.06506,283.9313,100617.055,1329.9047,93507.61,104597.34,100734.81,98241.9375,102582.573046875,750192,0.0,103665.69,367.97928,102673.08,104597.34,100618.43,155.53362,100239.94,100894.61,0.00018256636,0.00034261655,0.0,0.007993698,4.005432e-05,0.0,0.0008702278137207031,750168,3.1991810096609896e-05,0.00416273,0.00094685383,0.0028290749,0.007993698,0.00018232653,2.1856888e-05,0.0001267711,0.00023872335,236.83871,108.50463,1.5490892e-05,360.00244,275.4377,9.222586,351.56122,750192,0.0,359.9783,0.023545915,359.86774,360.00244,236.80493,10.674983,211.45218,258.52234,7.7985444,1.7224947,3.2744484,15.966078,7.6724315,5.2070007,10.812441,750192,0.0,13.854405,0.8443143,12.183607,15.966078,7.797597,0.22609626,7.169772,8.272135,1.9748819,1.110842,0.19999364,11.688059,1.7245743,0.68195,4.1377177,750192,0.0,8.099206,1.1330339,5.5955987,11.688059,1.9737706,0.14118907,1.6129284,2.2680943,5.5656227e-07,1.1503447,-3.3950481,3.611952,0.045951843,-1.8600481748580933,1.7569520473480225,260892,0.6522330283447437,2.8470123,0.2956146,2.422952,3.611952,-0.005115932,0.09250373,-0.17365763,0.40919694,-0.13983887971966882,1.1224186508284906,-3.219434014428696,2.674274443661115,-0.09658877556606593,-1.9627066034754646,1.5801499207398968,750192,0.0,2.33182259822436,0.15583077651359442,2.0014766966655007,2.674274443661115,-0.1388808619902088,0.13593166597347142,-0.3719222053270501,0.09060219790244152,-0.008646287,0.21115321,-0.89854306,1.9984672,-0.025008284,-0.3103920042514801,0.3216091617941856,260138,0.6532381043786124,1.0406232,0.3720077,0.3055832,1.9984672,-0.007201516,0.038539845,-0.07838218,0.13706066,0.001005076033868663,0.031686998217483546,0,1,0.0,0.0,0.0,750192,0.0,0.03488372093023256,0.18348527718673838,0,1,0.0010008205135347017,0.008800716672085453,0.0,0.08207762557077626
57,1.6632124,5.5760856,-17.507294,26.900314,1.7137222,-7.283705139160157,10.965247344970702,750192,0.0,19.935993,1.9592458,16.335236,26.900314,1.6554796,0.7130315,0.0899138,3.1000962,-0.22108386,5.326105,-22.845657,26.785095,-0.5044174,-8.303466796875,8.85979614257812,750192,0.0,18.147633,1.965071,14.493561,26.785095,-0.22111724,0.4490649,-1.4427168,0.71911544,282.40076,4.3605475,262.74005,292.6508,282.76837,274.71124877929685,288.7220458984375,750192,0.0,290.67038,0.7524096,289.07996,292.6508,282.40335,0.49960974,281.39294,283.6674,285.68762,3.4023092,269.1394,297.27444,285.69586,279.9453598022461,290.59806671142576,750192,0.0,293.4826,1.3187027,291.0567,297.27444,285.6888,0.4773072,284.5128,286.8033,101667.695,987.4434,95469.625,104767.19,101776.375,99861.5,103117.0625,750192,0.0,104052.805,271.0169,103420.625,104767.19,101667.88,132.67436,101281.64,101952.45,286.40042,2.476032,281.38818,292.4214,286.34473,282.87548828125,290.15576171875,750192,0.0,290.45697,0.84840685,288.48145,292.4214,286.39944,0.38281286,285.35135,287.23206,101597.58,986.77246,95402.11,104693.81,101706.375,99792.098046875,103045.1875,750192,0.0,103979.766,270.6933,103347.43,104693.81,101597.734,132.60765,101211.75,101882.25,0.00010113141,0.00030775327,0.0,0.013497829,3.8146973e-06,0.0,0.0005655288696289062,750168,3.1991810096609896e-05,0.0053688427,0.0016556964,0.003312111,0.013497829,0.00010107278,1.4034738e-05,6.3789514e-05,0.00013003057,259.96176,59.681072,0.0057727695,359.9962,273.20038,103.002785,319.53436,750192,0.0,359.83234,0.23130481,358.60397,359.9962,259.9459,5.039441,249.29378,269.32343,7.8214417,1.9716512,3.1057491,16.284964,7.6376686,4.91264,11.318827,750192,0.0,14.257678,0.7369676,12.603947,16.284964,7.8220873,0.25498652,7.324038,8.448923,1.4740012,0.85889626,0.17448582,8.65596,1.242645,0.5345435,3.2045624,750192,0.0,6.0725203,0.90911466,4.164204,8.65596,1.4734765,0.11438653,1.2064391,1.7336985,3.2619275e-07,1.1540524,-2.9895947,3.0484054,0.056405306,-1.8605947494506836,1.7684051990509033,218736,0.7084266427794484,2.6880205,0.14954214,2.427405,3.0484054,0.0009861804,0.03826824,-0.085392684,0.08949536,-0.09982701251927112,1.1516466839437818,-3.0431794662606024,2.673354901082047,-0.0460924867294184,-1.9545478978246167,1.6616264172326143,750192,0.0,2.4192464364656643,0.11762040476722516,2.171600000799586,2.673354901082047,-0.09923318491885079,0.08371175548653977,-0.24360929568290304,0.04172348607508328,8.8496176e-07,0.13950409,-0.45295125,1.0605788,-0.01125377,-0.2066827490925789,0.24897530302405357,218736,0.7084266427794484,0.69724303,0.112842016,0.48716974,1.0605788,0.0011189138,0.029135738,-0.062401537,0.05571129,0.0,0.0,0,0,0.0,0.0,0.0,750192,0.0,0.0,0.0,0,0,0.0,0.0,0.0,0.0
570,0.89901316,4.960058,-15.48024,19.920197,1.4367447,-7.466152954101562,8.15752029418945,750192,0.0,14.823565,1.4427302,11.736176,19.920197,0.90155125,0.7074113,-1.2303858,2.4241552,-0.16575506,2.9088285,-12.262634,17.401459,-0.4344406,-4.477569580078125,5.115665435791012,750192,0.0,12.197016,1.5377179,9.266037,17.401459,-0.16599788,0.32960913,-0.98507184,0.64867455,277.5927,6.3062987,246.57994,294.78464,278.03607,266.24616088867185,286.798811340332,750192,0.0,291.10098,1.2393386,287.9076,294.78464,277.59515,0.9135817,275.70425,279.23804,281.30035,6.429134,254.31697,303.6527,281.234,270.8933639526367,291.2370269775391,750192,0.0,298.21005,2.1944408,292.76953,303.6527,281.30487,0.9414868,279.2835,283.1667,101199.414,1191.758,94843.06,105375.56,101270.125,99108.034375,103033.903125,750192,0.0,104219.91,384.4739,103247.5,105375.56,101200.65,139.06284,100942.43,101496.68,,,,,,,,0,1.0,,,,,,,,,100581.414,1187.3241,94257.94,104703.34,100654.75,98496.52421875,102399.32734375,750192,0.0,103568.625,379.30823,102621.16,104703.34,100582.64,137.9865,100324.34,100874.51,0.00013632668,0.00038506198,0.0,0.010495186,9.536743e-07,0.0,0.0008158683776855469,750168,3.1991810096609896e-05,0.005871834,0.0014627167,0.00392437,0.010495186,0.00013610868,2.3825416e-05,8.235209e-05,0.0001914679,214.04515,74.116714,0.001685191,359.9984,233.04881,70.90819,298.91235,750192,0.0,359.4933,0.43547523,357.89294,359.9984,214.05534,9.159378,184.57747,236.16045,5.625446,1.363927,2.0625,13.480555,5.4471984,3.6942692,8.128495,750192,0.0,10.966848,0.77376795,9.347218,13.480555,5.624025,0.17474994,5.1827054,6.0269794,1.0783993,0.71809757,0.044883378,7.6844115,0.8961157,0.2911887,2.4914901,750192,0.0,5.424172,0.93673044,3.6948984,7.6844115,1.0775471,0.078417875,0.9040778,1.27665,-2.7121441e-08,0.16864763,-0.7228056,1.0971943,-0.0028055906,-0.2628055810928345,0.29719436168670654,630123,0.16005102693710405,0.7501145,0.11933938,0.4971944,1.0971943,0.00061233906,0.03602868,-0.09457472,0.105130926,0.0015230080995315605,0.09529582388579186,-0.2842058335457178,0.24240577245220646,0.0014888420510445655,-0.15746118473084236,0.15974983899111447,750192,0.0,0.2154295908731628,0.011755518714457085,0.17732379337173648,0.24240577245220646,0.0012474516768226642,0.009573044656899732,-0.054557736276042594,0.014717696094813841,-2.281107e-07,0.1390468,-0.6884091,0.9998352,-0.009364485,-0.20837443917989731,0.2422602444887162,630123,0.16005102693710405,0.6826274,0.13046576,0.37731263,0.9998352,-0.00020186554,0.0333151,-0.09277428,0.100752056,0.0,0.0,0,0,0.0,0.0,0.0,750192,0.0,0.0,0.0,0,0,0.0,0.0,0.0,0.0
571,1.150991,5.371036,-20.810043,24.94426,1.2099915,-7.49572525024414,9.916922760009765,750192,0.0,18.757524,2.0977595,13.408463,24.94426,1.1497298,0.6698006,-0.6235768,2.8167243,1.3589772,5.738233,-24.5457,22.51683,1.8787994,-8.686537170410157,10.05025405883789,750192,0.0,17.181524,1.5517799,14.3298645,22.51683,1.3603712,0.63158524,0.07163387,2.6637735,278.7241,4.1153827,262.14258,288.4922,278.87286,271.56224212646487,284.94963989257815,750192,0.0,286.9981,0.79497623,285.44263,288.4922,278.727,0.49695727,277.6657,279.86124,281.8043,3.3360872,270.4024,292.28473,281.76764,276.48980712890625,286.84771728515625,750192,0.0,289.51416,0.8892285,287.4558,292.28473,281.80667,0.45255077,280.78342,282.75623,101051.56,1315.8926,94294.44,104866.125,101169.56,98705.375,103000.375,750192,0.0,104081.99,354.21585,103206.56,104866.125,101052.99,151.75275,100708.33,101341.195,282.58667,2.697742,277.79126,288.10547,282.44873,279.22802734375,286.1435546875,750192,0.0,286.35596,0.6897191,284.98145,288.10547,282.58636,0.3990153,281.71277,283.5331,100905.984,1314.2185,94156.695,104711.09,101024.25,98562.3921875,102851.5453125,750192,0.0,103930.59,353.1115,103058.8,104711.09,100907.4,151.5344,100563.67,101195.65,0.00010888067,0.0002734706,0.0,0.0067825317,8.106232e-06,0.0,0.0005898475646972656,750168,3.1991810096609896e-05,0.004032121,0.00084662304,0.002521038,0.0067825317,0.000108738364,1.1352893e-05,7.994235e-05,0.00013737244,176.9384,100.49913,0.0001590113,360.00293,158.18298,18.853228,340.32138,750192,0.0,359.95166,0.061694,359.6742,360.00293,176.91324,10.323094,145.74646,197.88799,5.7587476,1.1496814,2.8955383,12.657518,5.627434,4.1263885,7.838713,750192,0.0,10.561826,0.7161809,8.942138,12.657518,5.757742,0.109243445,5.5502205,6.043069,1.3617127,0.85291845,0.11224283,9.8219385,1.1496421,0.4271487,3.0218933,750192,0.0,6.2897105,0.99345446,4.5156593,9.8219385,1.3606993,0.07125004,1.1560316,1.5193088,-2.1620893e-07,0.84550416,-2.8048832,9.965117,-0.026683092,-1.2758831977844238,1.2791168689727783,498819,0.3350782199756862,2.8858082,2.0681658,1.8631167,9.965117,-0.0008304244,0.10213466,-0.10296514,0.679914,-0.0339698857949856,0.7875432897809435,-2.0921100464197453,1.9729841207686423,-0.05017541221522584,-1.259539632567413,1.2038144181702093,750192,0.0,1.7907952593019647,0.08515125414484669,1.6153236154252053,1.9729841207686423,-0.03366133288107581,0.06263871493172955,-0.14174656467436897,0.07361106222441847,-0.0125809945,0.18833555,-1.9934661,1.9969425,-0.022364728,-0.26912926137447357,0.28119595348834914,497027,0.3374669417962335,1.0092175,0.48363763,0.47307852,1.9969425,-0.011756034,0.040175583,-0.13393374,0.08294818,0.0023887218205472733,0.04881614311486841,0,1,0.0,0.0,0.0,750192,0.0,0.18604651162790697,0.3891441983879422,0,1,0.0023784882705443185,0.015471477235584168,0.0,0.1432648401826484
572,0.085566156,3.5209687,-15.37822,18.096863,0.11883545,-6.019918060302734,5.68453140258789,750192,0.0,13.531666,1.5686151,10.466476,18.096863,0.08704038,0.42320538,-1.0455631,1.1471835,0.60550576,3.9867258,-15.830795,15.780533,0.5420532,-5.9282585144042965,7.04815673828125,750192,0.0,12.732128,1.1870733,9.834976,15.780533,0.60512334,0.37871513,-0.46486208,1.3409488,277.30905,6.1815796,248.05647,293.40918,277.83862,265.8664886474609,286.09864654541013,750192,0.0,290.05585,1.2709017,286.79633,293.40918,277.31396,0.9168378,275.34613,279.0829,280.70728,5.7998505,255.06166,300.5025,280.69904,270.8680755615234,289.45109405517576,750192,0.0,296.11047,1.8165134,292.44653,300.5025,280.71124,0.93700725,278.70178,282.56628,101172.25,1228.8405,94672.19,105388.25,101258.06,98995.846875,103035.0625,750192,0.0,104205.49,371.852,103421.625,105388.25,101173.53,143.63864,100890.586,101462.81,282.70425,4.122999,274.19263,293.93457,282.29297,277.01953125,289.287353515625,750192,0.0,289.9525,1.5003971,287.1294,293.93457,282.70157,0.5768669,281.3962,284.0145,100180.59,1225.6228,93735.766,104315.97,100269.43,98016.504296875,102019.667578125,750192,0.0,103163.79,366.43185,102394.89,104315.97,100181.93,142.00027,99899.53,100465.766,0.00021556445,0.00044424215,0.0,0.0075626373,1.7166138e-05,0.0,0.0011286735534667969,750168,3.1991810096609896e-05,0.00492127,0.0008479996,0.0034079552,0.0075626373,0.00021525122,3.7295245e-05,0.0001334355,0.0003140395,,,,,,,,0,1.0,,,,,,,,,,,,,,,,0,1.0,,,,,,,,,,,,,,,,0,1.0,,,,,,,,,-7.2274474e-08,0.20743175,-0.8251611,1.1598389,-0.0051611066,-0.3251610994338989,0.35483884811401367,624079,0.16810763111310167,0.8295957,0.1179939,0.5748389,1.1598389,-0.0012858559,0.043676183,-0.08533892,0.11049444,-0.007819920341627467,0.15376197200776104,-0.5469804162223187,0.4924229849577527,-0.006989202293426221,-0.26584880580947634,0.24486361283683994,750192,0.0,0.4182375368771459,0.036487543553604104,0.35306131276266045,0.4924229849577527,-0.00775867019711172,0.03520638933328698,-0.06837685854607421,0.05295339263408648,1.2549255e-06,0.14019261,-0.63619226,0.9817594,-0.007746431,-0.21239176392555237,0.2442491620779037,624079,0.16810763111310167,0.628498,0.123715065,0.44146663,0.9817594,-0.0001257142,0.030174484,-0.06808725,0.05828795,0.0,0.0,0,0,0.0,0.0,0.0,750192,0.0,0.0,0.0,0,0,0.0,0.0,0.0,0.0
573,0.89901316,4.960058,-15.48024,19.920197,1.4367447,-7.466152954101562,8.15752029418945,750192,0.0,14.823565,1.4427302,11.736176,19.920197,0.90155125,0.7074113,-1.2303858,2.4241552,-0.16575506,2.9088285,-12.262634,17.401459,-0.4344406,-4.477569580078125,5.115665435791012,750192,0.0,12.197016,1.5377179,9.266037,17.401459,-0.16599788,0.32960913,-0.98507184,0.64867455,277.5927,6.3062987,246.57994,294.78464,278.03607,266.24616088867185,286.798811340332,750192,0.0,291.10098,1.2393386,287.9076,294.78464,277.59515,0.9135817,275.70425,279.23804,281.30035,6.429134,254.31697,303.6527,281.234,270.8933639526367,291.2370269775391,750192,0.0,298.21005,2.1944408,292.76953,303.6527,281.30487,0.9414868,279.2835,283.1667,101199.414,1191.758,94843.06,105375.56,101270.125,99108.034375,103033.903125,750192,0.0,104219.91,384.4739,103247.5,105375.56,101200.65,139.06284,100942.43,101496.68,,,,,,,,0,1.0,,,,,,,,,100581.414,1187.3241,94257.94,104703.34,100654.75,98496.52421875,102399.32734375,750192,0.0,103568.625,379.30823,102621.16,104703.34,100582.64,137.9865,100324.34,100874.51,0.00013632668,0.00038506198,0.0,0.010495186,9.536743e-07,0.0,0.0008158683776855469,750168,3.1991810096609896e-05,0.005871834,0.0014627167,0.00392437,0.010495186,0.00013610868,2.3825416e-05,8.235209e-05,0.0001914679,214.04515,74.116714,0.001685191,359.9984,233.04881,70.90819,298.91235,750192,0.0,359.4933,0.43547523,357.89294,359.9984,214.05534,9.159378,184.57747,236.16045,5.625446,1.363927,2.0625,13.480555,5.4471984,3.6942692,8.128495,750192,0.0,10.966848,0.77376795,9.347218,13.480555,5.624025,0.17474994,5.1827054,6.0269794,1.0783993,0.71809757,0.044883378,7.6844115,0.8961157,0.2911887,2.4914901,750192,0.0,5.424172,0.93673044,3.6948984,7.6844115,1.0775471,0.078417875,0.9040778,1.27665,2.067567e-08,0.16974859,-0.76461715,1.1483829,-0.007617146,-0.2646171450614929,0.29538288712501526,631734,0.15790357668436883,0.75272965,0.13018648,0.5053829,1.1483829,-0.0012752374,0.0440349,-0.10112462,0.111215174,-0.006669582456778954,0.10095219249743341,-0.3353732631232585,0.27119664817344896,-0.006450081657977189,-0.1749149580037753,0.15968495741590896,750192,0.0,0.2062605944904587,0.03612487872464748,0.14202357844151298,0.27119664817344896,-0.00657757695975771,0.0353252423310238,-0.06747730180910398,0.05410174538102959,-1.2782202e-07,0.1374423,-0.70889425,1.0224451,-0.009226974,-0.20553656220436095,0.23876813501119606,631734,0.15790357668436883,0.68138814,0.12858257,0.47549215,1.0224451,-0.00049804983,0.030116808,-0.075740285,0.06085922,0.0,0.0,0,0,0.0,0.0,0.0,750192,0.0,0.0,0.0,0,0,0.0,0.0,0.0,0.0
574,0.54191417,3.297272,-12.7035675,14.853622,0.5404663,-4.969953918457032,5.758603668212881,750192,0.0,10.836347,1.4310615,7.6393127,14.853622,0.5433511,0.45873746,-0.8204548,1.5181153,0.25157338,3.768729,-14.511658,16.991013,0.16630554,-5.713041687011719,6.288092803955077,750192,0.0,12.935132,1.3112015,9.36026,16.991013,0.25109184,0.48771617,-0.9257132,1.3457323,276.72495,6.9952803,250.80307,293.4983,276.79935,264.6219879150391,287.20526123046875,750192,0.0,290.80414,1.2076849,287.58502,293.4983,276.7276,0.92450196,274.9671,278.59354,280.5366,7.279656,252.89998,301.3704,280.55923,268.23652801513674,291.284245300293,750192,0.0,296.70218,1.9426346,292.40152,301.3704,280.5425,1.0674905,278.53592,282.80032,101168.4,1218.8833,94755.56,105704.0,101225.25,99073.3125,103075.8125,750192,0.0,104304.695,412.81073,103347.875,105704.0,101169.4,145.22496,100913.85,101518.37,282.388,5.5178394,271.3523,295.98242,282.09814,274.61962890625,290.7216796875,750192,0.0,291.6477,1.7365946,287.80518,295.98242,282.38635,0.7608049,280.8544,283.81384,100450.54,1214.8374,94073.25,104909.97,100511.63,98362.6109375,102334.77265625,750192,0.0,103541.62,405.5283,102592.984,104909.97,100451.53,143.58861,100202.016,100795.26,0.00012113579,0.00036101072,0.0,0.008568764,0.0,0.0,0.00073988437652589,750168,3.1991810096609896e-05,0.005321652,0.001101263,0.0036354065,0.008568764,0.00012093783,2.1771735e-05,6.546041e-05,0.00017602924,,,,,,,,0,1.0,,,,,,,,,,,,,,,,0,1.0,,,,,,,,,,,,,,,,0,1.0,,,,,,,,,7.636894e-08,0.21064346,-0.8366197,1.3463802,-0.009619653,-0.3256196975708008,0.3633803129196167,400806,0.4657287734340009,0.9290603,0.1771558,0.47338027,1.3463802,0.011706582,0.08935894,-0.095438555,0.5733803,0.00036680555833686486,0.11235690036535806,-0.3433298731627863,0.26953626201961167,0.0006764238141381165,-0.1884986981013707,0.1811370901312969,750192,0.0,0.25383324521672346,0.006677425042986275,0.24154884555017087,0.26953626201961167,0.000150020037207908,0.00480456865916507,-0.04374099932783152,0.0017303443831974557,2.5293882e-06,0.1783489,-0.7586627,1.350186,-0.013097441,-0.26673270016908646,0.3124639242887497,400806,0.4657287734340009,0.87629294,0.19532119,0.4326963,1.350186,0.0086215725,0.07245107,-0.0962296,0.4326963,0.0,0.0,0,0,0.0,0.0,0.0,750192,0.0,0.0,0.0,0,0,0.0,0.0,0.0,0.0
575,0.085566156,3.5209687,-15.37822,18.096863,0.11883545,-6.019918060302734,5.68453140258789,750192,0.0,13.531666,1.5686151,10.466476,18.096863,0.08704038,0.42320538,-1.0455631,1.1471835,0.60550576,3.9867258,-15.830795,15.780533,0.5420532,-5.9282585144042965,7.04815673828125,750192,0.0,12.732128,1.1870733,9.834976,15.780533,0.60512334,0.37871513,-0.46486208,1.3409488,277.30905,6.1815796,248.05647,293.40918,277.83862,265.8664886474609,286.09864654541013,750192,0.0,290.05585,1.2709017,286.79633,293.40918,277.31396,0.9168378,275.34613,279.0829,280.70728,5.7998505,255.06166,300.5025,280.69904,270.8680755615234,289.45109405517576,750192,0.0,296.11047,1.8165134,292.44653,300.5025,280.71124,0.93700725,278.70178,282.56628,101172.25,1228.8405,94672.19,105388.25,101258.06,98995.846875,103035.0625,750192,0.0,104205.49,371.852,103421.625,105388.25,101173.53,143.63864,100890.586,101462.81,282.70425,4.122999,274.19263,293.93457,282.29297,277.01953125,289.287353515625,750192,0.0,289.9525,1.5003971,287.1294,293.93457,282.70157,0.5768669,281.3962,284.0145,100180.59,1225.6228,93735.766,104315.97,100269.43,98016.504296875,102019.667578125,750192,0.0,103163.79,366.43185,102394.89,104315.97,100181.93,142.00027,99899.53,100465.766,0.00021556445,0.00044424215,0.0,0.0075626373,1.7166138e-05,0.0,0.0011286735534667969,750168,3.1991810096609896e-05,0.00492127,0.0008479996,0.0034079552,0.0075626373,0.00021525122,3.7295245e-05,0.0001334355,0.0003140395,,,,,,,,0,1.0,,,,,,,,,,,,,,,,0,1.0,,,,,,,,,,,,,,,,0,1.0,,,,,,,,,-2.1491493e-09,0.20213436,-0.6150456,0.6199544,-0.008045595,-0.3200455904006958,0.34995439648628235,624793,0.16715587476272742,0.61742735,0.004693944,0.5899544,0.6199544,-0.0005708671,0.033701032,-0.07074918,0.095253944,-0.0044901669482755166,0.1490825544545496,-0.5172778390177685,0.4623418108503912,-0.0028199490710558604,-0.257332874716278,0.2382797652927747,750192,0.0,0.4100643136524749,0.02429356657587264,0.36097029427040794,0.4623418108503912,-0.004542411461948407,0.021815199241715804,-0.041833428015393616,0.03336958525731972,2.603499e-06,0.13747527,-0.6261954,0.95404726,-0.0071615456,-0.21024415791034698,0.24063087403774272,624793,0.16715587476272742,0.58108574,0.08626247,0.437997,0.95404726,5.7665784e-05,0.028434934,-0.07715827,0.063479416,0.0,0.0,0,0,0.0,0.0,0.0,750192,0.0,0.0,0.0,0,0,0.0,0.0,0.0,0.0
576,0.89901316,4.960058,-15.48024,19.920197,1.4367447,-7.466152954101562,8.15752029418945,750192,0.0,14.823565,1.4427302,11.736176,19.920197,0.90155125,0.7074113,-1.2303858,2.4241552,-0.16575506,2.9088285,-12.262634,17.401459,-0.4344406,-4.477569580078125,5.115665435791012,750192,0.0,12.197016,1.5377179,9.266037,17.401459,-0.16599788,0.32960913,-0.98507184,0.64867455,277.5927,6.3062987,246.57994,294.78464,278.03607,266.24616088867185,286.798811340332,750192,0.0,291.10098,1.2393386,287.9076,294.78464,277.59515,0.9135817,275.70425,279.23804,281.30035,6.429134,254.31697,303.6527,281.234,270.8933639526367,291.2370269775391,750192,0.0,298.21005,2.1944408,292.76953,303.6527,281.30487,0.9414868,279.2835,283.1667,101199.414,1191.758,94843.06,105375.56,101270.125,99108.034375,103033.903125,750192,0.0,104219.91,384.4739,103247.5,105375.56,101200.65,139.06284,100942.43,101496.68,,,,,,,,0,1.0,,,,,,,,,100581.414,1187.3241,94257.94,104703.34,100654.75,98496.52421875,102399.32734375,750192,0.0,103568.625,379.30823,102621.16,104703.34,100582.64,137.9865,100324.34,100874.51,0.00013632668,0.00038506198,0.0,0.010495186,9.536743e-07,0.0,0.0008158683776855469,750168,3.1991810096609896e-05,0.005871834,0.0014627167,0.00392437,0.010495186,0.00013610868,2.3825416e-05,8.235209e-05,0.0001914679,214.04515,74.116714,0.001685191,359.9984,233.04881,70.90819,298.91235,750192,0.0,359.4933,0.43547523,357.89294,359.9984,214.05534,9.159378,184.57747,236.16045,5.625446,1.363927,2.0625,13.480555,5.4471984,3.6942692,8.128495,750192,0.0,10.966848,0.77376795,9.347218,13.480555,5.624025,0.17474994,5.1827054,6.0269794,1.0783993,0.71809757,0.044883378,7.6844115,0.8961157,0.2911887,2.4914901,750192,0.0,5.424172,0.93673044,3.6948984,7.6844115,1.0775471,0.078417875,0.9040778,1.27665,-2.2129665e-09,0.1617172,-0.500496,0.506504,-0.005496001,-0.25549599528312683,0.2845039963722229,634356,0.15440847143131353,0.5043841,0.0038365324,0.474504,0.506504,-0.00092034735,0.03264891,-0.08860223,0.08987051,-0.0033088539341361565,0.09373735481305037,-0.30230047591040765,0.2346277859189784,-0.0023196543091122315,-0.1606121934448165,0.14969284119781226,750192,0.0,0.19884371975908577,0.0184004660651348,0.1664031091736213,0.2346277859189784,-0.0033619789441108328,0.017958814302506128,-0.03406682035373919,0.02778697493060189,3.882313e-08,0.13207437,-0.56416905,0.6260185,-0.008087793,-0.2016541212797165,0.23351220414042473,634356,0.15440847143131353,0.53956515,0.050001442,0.37896577,0.6260185,-0.0005069979,0.027933626,-0.076265015,0.06278005,0.0,0.0,0,0,0.0,0.0,0.0,750192,0.0,0.0,0.0,0,0,0.0,0.0,0.0,0.0
577,0.54191417,3.297272,-12.7035675,14.853622,0.5404663,-4.969953918457032,5.758603668212881,750192,0.0,10.836347,1.4310615,7.6393127,14.853622,0.5433511,0.45873746,-0.8204548,1.5181153,0.25157338,3.768729,-14.511658,16.991013,0.16630554,-5.713041687011719,6.288092803955077,750192,0.0,12.935132,1.3112015,9.36026,16.991013,0.25109184,0.48771617,-0.9257132,1.3457323,276.72495,6.9952803,250.80307,293.4983,276.79935,264.6219879150391,287.20526123046875,750192,0.0,290.80414,1.2076849,287.58502,293.4983,276.7276,0.92450196,274.9671,278.59354,280.5366,7.279656,252.89998,301.3704,280.55923,268.23652801513674,291.284245300293,750192,0.0,296.70218,1.9426346,292.40152,301.3704,280.5425,1.0674905,278.53592,282.80032,101168.4,1218.8833,94755.56,105704.0,101225.25,99073.3125,103075.8125,750192,0.0,104304.695,412.81073,103347.875,105704.0,101169.4,145.22496,100913.85,101518.37,282.388,5.5178394,271.3523,295.98242,282.09814,274.61962890625,290.7216796875,750192,0.0,291.6477,1.7365946,287.80518,295.98242,282.38635,0.7608049,280.8544,283.81384,100450.54,1214.8374,94073.25,104909.97,100511.63,98362.6109375,102334.77265625,750192,0.0,103541.62,405.5283,102592.984,104909.97,100451.53,143.58861,100202.016,100795.26,0.00012113579,0.00036101072,0.0,0.008568764,0.0,0.0,0.00073988437652589,750168,3.1991810096609896e-05,0.005321652,0.001101263,0.0036354065,0.008568764,0.00012093783,2.1771735e-05,6.546041e-05,0.00017602924,,,,,,,,0,1.0,,,,,,,,,,,,,,,,0,1.0,,,,,,,,,,,,,,,,0,1.0,,,,,,,,,4.1773065e-09,0.20307273,-0.6293304,0.6366696,-0.0073303995,-0.32133039832115173,0.3536696135997772,401806,0.46439578134664194,0.63058954,0.017155573,0.5156696,0.6366696,0.014544764,0.09517832,-0.10128317,0.61566955,0.01764548687809621,0.1119081620525717,-0.349819996172288,0.3217180798661874,0.018486718000117218,-0.17052265744442702,0.19685206809546738,750192,0.0,0.26879116517222146,0.02672874211793382,0.2005056495780302,0.3217180798661874,0.017229596887224075,0.025880784938927173,-0.06701087623235794,0.05987552004233973,5.824684e-06,0.17080228,-0.7040817,0.8081162,-0.011765324,-0.26125577837228775,0.3048884943127632,401806,0.46439578134664194,0.6861954,0.07070208,0.46103078,0.8081162,0.009991534,0.07626186,-0.106744565,0.47573176,0.0,0.0,0,0,0.0,0.0,0.0,750192,0.0,0.0,0.0,0,0,0.0,0.0,0.0,0.0
578,1.150991,5.371036,-20.810043,24.94426,1.2099915,-7.49572525024414,9.916922760009765,750192,0.0,18.757524,2.0977595,13.408463,24.94426,1.1497298,0.6698006,-0.6235768,2.8167243,1.3589772,5.738233,-24.5457,22.51683,1.8787994,-8.686537170410157,10.05025405883789,750192,0.0,17.181524,1.5517799,14.3298645,22.51683,1.3603712,0.63158524,0.07163387,2.6637735,278.7241,4.1153827,262.14258,288.4922,278.87286,271.56224212646487,284.94963989257815,750192,0.0,286.9981,0.79497623,285.44263,288.4922,278.727,0.49695727,277.6657,279.86124,281.8043,3.3360872,270.4024,292.28473,281.76764,276.48980712890625,286.84771728515625,750192,0.0,289.51416,0.8892285,287.4558,292.28473,281.80667,0.45255077,280.78342,282.75623,101051.56,1315.8926,94294.44,104866.125,101169.56,98705.375,103000.375,750192,0.0,104081.99,354.21585,103206.56,104866.125,101052.99,151.75275,100708.33,101341.195,282.58667,2.697742,277.79126,288.10547,282.44873,279.22802734375,286.1435546875,750192,0.0,286.35596,0.6897191,284.98145,288.10547,282.58636,0.3990153,281.71277,283.5331,100905.984,1314.2185,94156.695,104711.09,101024.25,98562.3921875,102851.5453125,750192,0.0,103930.59,353.1115,103058.8,104711.09,100907.4,151.5344,100563.67,101195.65,0.00010888067,0.0002734706,0.0,0.0067825317,8.106232e-06,0.0,0.0005898475646972656,750168,3.1991810096609896e-05,0.004032121,0.00084662304,0.002521038,0.0067825317,0.000108738364,1.1352893e-05,7.994235e-05,0.00013737244,176.9384,100.49913,0.0001590113,360.00293,158.18298,18.853228,340.32138,750192,0.0,359.95166,0.061694,359.6742,360.00293,176.91324,10.323094,145.74646,197.88799,5.7587476,1.1496814,2.8955383,12.657518,5.627434,4.1263885,7.838713,750192,0.0,10.561826,0.7161809,8.942138,12.657518,5.757742,0.109243445,5.5502205,6.043069,1.3617127,0.85291845,0.11224283,9.8219385,1.1496421,0.4271487,3.0218933,750192,0.0,6.2897105,0.99345446,4.5156593,9.8219385,1.3606993,0.07125004,1.1560316,1.5193088,-2.6999405e-08,0.8074199,-2.3474565,2.3535433,-0.016456604,-1.2584564685821533,1.2705433368682861,284837,0.6203145328129331,2.0905147,0.12808086,1.8405435,2.3535433,-0.0010588536,0.044846177,-0.09158824,0.09164697,-0.07479513260082546,0.7930273280546556,-2.1701535675691774,1.9601139611535388,-0.09147220108624542,-1.3084268704294795,1.171703343089513,750192,0.0,1.7541811924991868,0.09511674364079203,1.5490318566683574,1.9601139611535388,-0.07436899660889683,0.07553865348846786,-0.20445610942490774,0.05426139151509115,1.449672e-07,0.16539896,-1.9634736,1.8599485,-0.0121462,-0.24838085174560545,0.2862155318260193,284825,0.6203305287179816,0.82130986,0.2570448,0.4056572,1.8599485,-0.0013219863,0.029151708,-0.06715221,0.070621274,1.5995905048307635e-05,0.003999456110439184,0,1,0.0,0.0,0.0,750192,0.0,0.046511627906976744,0.21059035204970736,0,1,1.5914132736343005e-05,7.612250869639181e-05,0.0,0.00045662100456621003
58,1.6632124,5.5760856,-17.507294,26.900314,1.7137222,-7.283705139160157,10.965247344970702,750192,0.0,19.935993,1.9592458,16.335236,26.900314,1.6554796,0.7130315,0.0899138,3.1000962,-0.22108386,5.326105,-22.845657,26.785095,-0.5044174,-8.303466796875,8.85979614257812,750192,0.0,18.147633,1.965071,14.493561,26.785095,-0.22111724,0.4490649,-1.4427168,0.71911544,282.40076,4.3605475,262.74005,292.6508,282.76837,274.71124877929685,288.7220458984375,750192,0.0,290.67038,0.7524096,289.07996,292.6508,282.40335,0.49960974,281.39294,283.6674,285.68762,3.4023092,269.1394,297.27444,285.69586,279.9453598022461,290.59806671142576,750192,0.0,293.4826,1.3187027,291.0567,297.27444,285.6888,0.4773072,284.5128,286.8033,101667.695,987.4434,95469.625,104767.19,101776.375,99861.5,103117.0625,750192,0.0,104052.805,271.0169,103420.625,104767.19,101667.88,132.67436,101281.64,101952.45,286.40042,2.476032,281.38818,292.4214,286.34473,282.87548828125,290.15576171875,750192,0.0,290.45697,0.84840685,288.48145,292.4214,286.39944,0.38281286,285.35135,287.23206,101597.58,986.77246,95402.11,104693.81,101706.375,99792.098046875,103045.1875,750192,0.0,103979.766,270.6933,103347.43,104693.81,101597.734,132.60765,101211.75,101882.25,0.00010113141,0.00030775327,0.0,0.013497829,3.8146973e-06,0.0,0.0005655288696289062,750168,3.1991810096609896e-05,0.0053688427,0.0016556964,0.003312111,0.013497829,0.00010107278,1.4034738e-05,6.3789514e-05,0.00013003057,259.96176,59.681072,0.0057727695,359.9962,273.20038,103.002785,319.53436,750192,0.0,359.83234,0.23130481,358.60397,359.9962,259.9459,5.039441,249.29378,269.32343,7.8214417,1.9716512,3.1057491,16.284964,7.6376686,4.91264,11.318827,750192,0.0,14.257678,0.7369676,12.603947,16.284964,7.8220873,0.25498652,7.324038,8.448923,1.4740012,0.85889626,0.17448582,8.65596,1.242645,0.5345435,3.2045624,750192,0.0,6.0725203,0.90911466,4.164204,8.65596,1.4734765,0.11438653,1.2064391,1.7336985,3.9009853e-07,1.1768824,-3.068114,3.101886,0.051885843,-1.8891140222549438,1.8118860721588135,157649,0.7898551304199458,2.721991,0.16650207,2.4218857,3.101886,-0.0017576716,0.04061073,-0.08075199,0.0956421,-0.07435615871178179,1.1655892106286145,-2.9867195758645506,2.7170947215629693,-0.025926146704793016,-1.9485928805950254,1.7150356195321452,750192,0.0,2.4944995029559935,0.10207969782877609,2.2707538841216572,2.7170947215629693,-0.07395064496429045,0.05781093089073879,-0.17350877476246965,0.023251806088822588,0.0015873133,0.14779238,-1.9984434,1.3281257,-0.00828483,-0.21854192912578582,0.2576386332511901,157582,0.7899444408897989,0.79288256,0.23776996,0.46875486,1.3281257,-0.0002523602,0.036777798,-0.053995855,0.09560679,8.931046985305095e-05,0.009449999655715633,0,1,0.0,0.0,0.0,750192,0.0,0.023255813953488372,0.15071489996297352,0,1,8.893490495911649e-05,0.0007955521050233334,0.0,0.007420091324200913
59,1.3895813,5.404841,-17.518372,27.376465,1.6487122,-7.4517265319824215,10.094688415527337,750192,0.0,18.812561,1.993274,15.727798,27.376465,1.3819317,0.6953935,-0.45279834,2.6720538,0.16964945,4.5449033,-18.244278,24.525742,-0.20310974,-6.792123413085937,7.885274505615232,750192,0.0,15.921707,1.706435,13.333603,24.525742,0.16929507,0.39317533,-0.8797257,0.95653963,281.9218,4.3661227,262.14023,293.86957,282.2306,274.12339935302737,288.23234405517576,750192,0.0,290.45178,0.86935574,288.92218,293.86957,281.92407,0.5176127,280.86777,283.21597,284.93265,3.6355915,268.65482,302.5276,284.9538,278.82635498046875,290.232421875,750192,0.0,295.05884,1.9960189,291.46948,302.5276,284.9338,0.49721915,283.63806,286.11597,101641.31,1009.00165,95430.56,104847.125,101751.5,99802.3125,103127.1875,750192,0.0,104075.05,267.3513,103508.0,104847.125,101641.65,133.2469,101262.266,101934.664,285.74548,2.5770965,280.45947,291.3479,285.60376,282.179931640625,289.490234375,750192,0.0,289.75958,0.6151591,288.60498,291.3479,285.7448,0.37401235,284.8041,286.64096,101230.9,1004.96545,95035.39,104417.3,101342.125,99396.57890625,102707.61640625,750192,0.0,103648.72,265.38828,103088.56,104417.3,101231.234,132.86047,100853.44,101523.805,0.000116892596,0.00032497707,0.0,0.012184143,5.2452087e-06,0.0,0.0006628036499023438,750168,3.1991810096609896e-05,0.0055841124,0.0017368011,0.0032567978,0.012184143,0.000116811796,1.6407894e-05,7.1710674e-05,0.00015502729,248.04424,86.863174,1.0442513e-05,360.003,277.83386,33.166668,326.3709,750192,0.0,359.90634,0.09158227,359.56107,360.003,247.98921,7.960747,225.41484,265.26465,7.5564375,2.0629053,2.880824,17.001091,7.2316685,4.7579894,11.372553,750192,0.0,14.668217,0.807896,12.428261,17.001091,7.556723,0.2765005,6.9343276,8.232579,1.5169426,0.8363427,0.17568602,8.090705,1.3137047,0.55772555,3.1514819,750192,0.0,5.972748,0.8112177,3.9983163,8.090705,1.5161667,0.10271906,1.294357,1.7137873,0.008124565,1.7116917,-3.1030378,4.4949617,-0.30303764,-2.183037757873535,3.0279617309570312,153118,0.7958949175677693,4.084278,0.18669197,3.766962,4.4949617,0.0060368595,0.19501768,-0.22793429,0.662903,0.2909310950305861,1.6175224332743652,-2.5996778141345502,4.762318719236089,-0.04825825478500264,-1.7413472531661491,3.115483233567841,750192,0.0,4.267943449916316,0.25123171249007775,3.726223517904724,4.762318719236089,0.28903431765249743,0.22104839264272608,-0.0953927277246446,0.6681060398079286,-0.053622846,0.3194607,-1.9956797,1.9999039,-0.051640738,-0.5564947247505188,0.43836991190910335,150433,0.7994740013223282,1.3635094,0.4876339,0.5618968,1.9999039,-0.0571587,0.11283076,-0.26705322,0.117374174,0.0035790837545588328,0.05971828793624853,0,1,0.0,0.0,0.0,750192,0.0,0.13953488372093023,0.34650382385468237,0,1,0.0035635217613071584,0.020846808530212237,0.0,0.1656392694063927
6,1.6632124,5.5760856,-17.507294,26.900314,1.7137222,-7.283705139160157,10.965247344970702,750192,0.0,19.935993,1.9592458,16.335236,26.900314,1.6554796,0.7130315,0.0899138,3.1000962,-0.22108386,5.326105,-22.845657,26.785095,-0.5044174,-8.303466796875,8.85979614257812,750192,0.0,18.147633,1.965071,14.493561,26.785095,-0.22111724,0.4490649,-1.4427168,0.71911544,282.40076,4.3605475,262.74005,292.6508,282.76837,274.71124877929685,288.7220458984375,750192,0.0,290.67038,0.7524096,289.07996,292.6508,282.40335,0.49960974,281.39294,283.6674,285.68762,3.4023092,269.1394,297.27444,285.69586,279.9453598022461,290.59806671142576,750192,0.0,293.4826,1.3187027,291.0567,297.27444,285.6888,0.4773072,284.5128,286.8033,101667.695,987.4434,95469.625,104767.19,101776.375,99861.5,103117.0625,750192,0.0,104052.805,271.0169,103420.625,104767.19,101667.88,132.67436,101281.64,101952.45,286.40042,2.476032,281.38818,292.4214,286.34473,282.87548828125,290.15576171875,750192,0.0,290.45697,0.84840685,288.48145,292.4214,286.39944,0.38281286,285.35135,287.23206,101597.58,986.77246,95402.11,104693.81,101706.375,99792.098046875,103045.1875,750192,0.0,103979.766,270.6933,103347.43,104693.81,101597.734,132.60765,101211.75,101882.25,0.00010113141,0.00030775327,0.0,0.013497829,3.8146973e-06,0.0,0.0005655288696289062,750168,3.1991810096609896e-05,0.0053688427,0.0016556964,0.003312111,0.013497829,0.00010107278,1.4034738e-05,6.3789514e-05,0.00013003057,259.96176,59.681072,0.0057727695,359.9962,273.20038,103.002785,319.53436,750192,0.0,359.83234,0.23130481,358.60397,359.9962,259.9459,5.039441,249.29378,269.32343,7.8214417,1.9716512,3.1057491,16.284964,7.6376686,4.91264,11.318827,750192,0.0,14.257678,0.7369676,12.603947,16.284964,7.8220873,0.25498652,7.324038,8.448923,1.4740012,0.85889626,0.17448582,8.65596,1.242645,0.5345435,3.2045624,750192,0.0,6.0725203,0.90911466,4.164204,8.65596,1.4734765,0.11438653,1.2064391,1.7336985,1.9015475e-07,1.1649731,-3.132709,2.998291,0.06729102,-1.8857090473175049,1.7672910690307617,432034,0.424102096529955,2.6579454,0.14843333,2.2972908,2.998291,-0.0022133775,0.052350055,-0.14208269,0.14430344,-0.03642934176128603,1.1567855532152933,-2.956907508867006,2.6756860997925003,0.02979513235151768,-1.9075441840519316,1.7177977944526548,750192,0.0,2.470163048645323,0.09824656742631704,2.2667271543411487,2.6756860997925003,-0.03608725355661364,0.05303578215631089,-0.1276941379601957,0.05331990857026084,3.1080273e-08,0.14115706,-0.68151176,1.2808826,-0.009692674,-0.2117595873773098,0.2484842255711555,432034,0.424102096529955,0.6731867,0.1593929,0.19621933,1.2808826,0.00090319803,0.043477673,-0.127057,0.17865658,0.0,0.0,0,0,0.0,0.0,0.0,750192,0.0,0.0,0.0,0,0,0.0,0.0,0.0,0.0
60,1.0332261,4.597254,-15.020645,23.730011,0.9199753,-6.038169097900391,8.888404083251952,750192,0.0,17.695318,1.8329372,14.150085,23.730011,1.0269675,0.56728345,-0.3614349,2.150139,0.08506171,4.6769853,-18.914139,23.10289,-0.5806656,-6.722510528564453,8.094175720214842,750192,0.0,15.327111,1.6884001,11.722275,23.10289,0.08329221,0.4194688,-1.1445751,0.890798,281.7003,4.844345,259.4296,294.14856,281.91772,273.13165893554685,288.8838165283203,750192,0.0,291.71588,0.8779604,290.03452,294.14856,281.70212,0.58065534,280.39294,283.2018,284.9958,4.5213914,266.29077,303.95996,284.94934,277.466650390625,291.76441802978513,750192,0.0,297.4667,2.0169768,293.63196,303.95996,284.9973,0.57614565,283.50958,286.5127,101649.54,978.7478,95451.31,104816.375,101742.69,99879.221875,103114.9375,750192,0.0,104070.26,260.47693,103559.125,104816.375,101649.875,128.89194,101292.29,101932.15,286.0044,3.799328,278.6775,294.18262,285.66553,280.784912109375,291.62890625,750192,0.0,291.93045,0.74717706,290.74072,294.18262,286.0032,0.4359435,285.10413,287.2526,101420.85,976.4266,95232.39,104575.06,101515.06,99653.078125,102880.144140625,750192,0.0,103831.55,259.4455,103325.664,104575.06,101421.24,128.69534,101064.43,101703.234,0.00012844574,0.00035494356,0.0,0.013268471,3.33786e-06,0.0,0.0007448196411132812,750168,3.1991810096609896e-05,0.0057744067,0.0015485011,0.003818512,0.013268471,0.00012835507,2.0539403e-05,8.7500106e-05,0.0001802285,224.71579,95.473785,0.0009625582,360.00043,264.31268,30.122328,328.90186,750192,0.0,359.9016,0.11704597,359.16153,360.00043,224.6515,9.194406,201.44576,247.77014,4.591778,1.4878529,1.883174,14.735894,4.178319,2.9674497,7.665413,750192,0.0,12.051696,0.94177425,9.752068,14.735894,4.5922413,0.17432332,4.2408404,4.968542,0.61040556,0.37338102,0.045530524,2.758045,0.51080406,0.19679491,1.360147,750192,0.0,2.3489962,0.1268349,2.0227745,2.758045,0.60989624,0.042014334,0.5071869,0.71578294,-1.7961564e-07,1.4124161,-3.8695428,3.2564573,0.2304573,-2.455692791938781,2.000457286834717,110778,0.8523338025465481,2.842846,0.20473404,2.292457,3.2564573,-0.004362568,0.05566312,-0.107469596,0.1038711,-0.08840873835440367,1.381241029868777,-3.4219529230126566,3.2753005877785935,-0.08355080382578337,-2.2588205525186655,2.0617671425073243,750192,0.0,3.013955704112833,0.12564383810964394,2.7407687682333703,3.2753005877785935,-0.08789176327945285,0.07132210329340549,-0.2108198873789921,0.03196593255429477,-6.953722e-05,0.26180506,-1.0069724,1.4294665,0.00865992,-0.4277679562568665,0.4114387452602383,110777,0.8523351355386355,0.9910183,0.19274431,0.73282623,1.4294665,0.010146674,0.053643208,-0.06688455,0.16970545,1.3329920873589694e-06,0.0011545519955771003,0,1,0.0,0.0,0.0,750192,0.0,0.011627906976744186,0.10720400531735917,0,1,1.3273866411808431e-06,1.223790015038346e-05,0.0,0.00011415525114155251
61,1.0332261,4.597254,-15.020645,23.730011,0.9199753,-6.038169097900391,8.888404083251952,750192,0.0,17.695318,1.8329372,14.150085,23.730011,1.0269675,0.56728345,-0.3614349,2.150139,0.08506171,4.6769853,-18.914139,23.10289,-0.5806656,-6.722510528564453,8.094175720214842,750192,0.0,15.327111,1.6884001,11.722275,23.10289,0.08329221,0.4194688,-1.1445751,0.890798,281.7003,4.844345,259.4296,294.14856,281.91772,273.13165893554685,288.8838165283203,750192,0.0,291.71588,0.8779604,290.03452,294.14856,281.70212,0.58065534,280.39294,283.2018,284.9958,4.5213914,266.29077,303.95996,284.94934,277.466650390625,291.76441802978513,750192,0.0,297.4667,2.0169768,293.63196,303.95996,284.9973,0.57614565,283.50958,286.5127,101649.54,978.7478,95451.31,104816.375,101742.69,99879.221875,103114.9375,750192,0.0,104070.26,260.47693,103559.125,104816.375,101649.875,128.89194,101292.29,101932.15,286.0044,3.799328,278.6775,294.18262,285.66553,280.784912109375,291.62890625,750192,0.0,291.93045,0.74717706,290.74072,294.18262,286.0032,0.4359435,285.10413,287.2526,101420.85,976.4266,95232.39,104575.06,101515.06,99653.078125,102880.144140625,750192,0.0,103831.55,259.4455,103325.664,104575.06,101421.24,128.69534,101064.43,101703.234,0.00012844574,0.00035494356,0.0,0.013268471,3.33786e-06,0.0,0.0007448196411132812,750168,3.1991810096609896e-05,0.0057744067,0.0015485011,0.003818512,0.013268471,0.00012835507,2.0539403e-05,8.7500106e-05,0.0001802285,224.71579,95.473785,0.0009625582,360.00043,264.31268,30.122328,328.90186,750192,0.0,359.9016,0.11704597,359.16153,360.00043,224.6515,9.194406,201.44576,247.77014,4.591778,1.4878529,1.883174,14.735894,4.178319,2.9674497,7.665413,750192,0.0,12.051696,0.94177425,9.752068,14.735894,4.5922413,0.17432332,4.2408404,4.968542,0.61040556,0.37338102,0.045530524,2.758045,0.51080406,0.19679491,1.360147,750192,0.0,2.3489962,0.1268349,2.0227745,2.758045,0.60989624,0.042014334,0.5071869,0.71578294,2.5394863e-07,1.2512058,-3.2165258,3.4034743,0.06347418,-1.9855257272720337,1.883474349975586,100464,0.8660822829355685,2.7488742,0.345233,2.0934744,3.4034743,-0.025521904,0.10587919,-0.25378776,0.13957962,-0.1055337136351902,1.243942319113068,-2.933525049067827,2.903076714480539,-0.111746466032136,-1.9791956811601492,1.813545242244822,750192,0.0,2.5686795592029004,0.15506149067965438,2.2124429658043,2.903076714480539,-0.10454616732684968,0.12630501396053617,-0.3211973270636668,0.10673907424391965,4.8027923e-06,0.18260877,-1.3344885,1.4315696,-0.006695013,-0.27712046056985856,0.2972969397902488,100464,0.8660822829355685,0.8240987,0.3129365,0.3013435,1.4315696,0.00012801554,0.05912103,-0.12780961,0.112142704,0.0,0.0,0,0,0.0,0.0,0.0,750192,0.0,0.0,0.0,0,0,0.0,0.0,0.0,0.0
65,1.0332261,4.597254,-15.020645,23.730011,0.9199753,-6.038169097900391,8.888404083251952,750192,0.0,17.695318,1.8329372,14.150085,23.730011,1.0269675,0.56728345,-0.3614349,2.150139,0.08506171,4.6769853,-18.914139,23.10289,-0.5806656,-6.722510528564453,8.094175720214842,750192,0.0,15.327111,1.6884001,11.722275,23.10289,0.08329221,0.4194688,-1.1445751,0.890798,281.7003,4.844345,259.4296,294.14856,281.91772,273.13165893554685,288.8838165283203,750192,0.0,291.71588,0.8779604,290.03452,294.14856,281.70212,0.58065534,280.39294,283.2018,284.9958,4.5213914,266.29077,303.95996,284.94934,277.466650390625,291.76441802978513,750192,0.0,297.4667,2.0169768,293.63196,303.95996,284.9973,0.57614565,283.50958,286.5127,101649.54,978.7478,95451.31,104816.375,101742.69,99879.221875,103114.9375,750192,0.0,104070.26,260.47693,103559.125,104816.375,101649.875,128.89194,101292.29,101932.15,286.0044,3.799328,278.6775,294.18262,285.66553,280.784912109375,291.62890625,750192,0.0,291.93045,0.74717706,290.74072,294.18262,286.0032,0.4359435,285.10413,287.2526,101420.85,976.4266,95232.39,104575.06,101515.06,99653.078125,102880.144140625,750192,0.0,103831.55,259.4455,103325.664,104575.06,101421.24,128.69534,101064.43,101703.234,0.00012844574,0.00035494356,0.0,0.013268471,3.33786e-06,0.0,0.0007448196411132812,750168,3.1991810096609896e-05,0.0057744067,0.0015485011,0.003818512,0.013268471,0.00012835507,2.0539403e-05,8.7500106e-05,0.0001802285,224.71579,95.473785,0.0009625582,360.00043,264.31268,30.122328,328.90186,750192,0.0,359.9016,0.11704597,359.16153,360.00043,224.6515,9.194406,201.44576,247.77014,4.591778,1.4878529,1.883174,14.735894,4.178319,2.9674497,7.665413,750192,0.0,12.051696,0.94177425,9.752068,14.735894,4.5922413,0.17432332,4.2408404,4.968542,0.61040556,0.37338102,0.045530524,2.758045,0.51080406,0.19679491,1.360147,750192,0.0,2.3489962,0.1268349,2.0227745,2.758045,0.60989624,0.042014334,0.5071869,0.71578294,-5.5846225e-08,1.3474362,-2.9862065,3.4457936,0.04379344,-2.0962064266204834,2.0437936782836914,89619,0.8805385821229765,3.0137932,0.24959439,2.4037933,3.4457936,-0.015658686,0.07926861,-0.21177867,0.099905066,-0.11577371199517984,1.3383268492235403,-3.0131451991146245,3.0342315887691487,-0.12620705427624923,-2.0996438971746074,1.939436900759537,750192,0.0,2.711196041930612,0.150795107800962,2.3724373557045126,3.0342315887691487,-0.11490801661325536,0.11432393331432582,-0.31084877427212476,0.07617639944346526,1.195671e-07,0.18084903,-0.7984752,1.6076626,-0.0052809855,-0.2885269522666931,0.3020120471715927,89619,0.8805385821229765,0.8904233,0.27721974,0.48628667,1.6076626,-0.0039195004,0.028823152,-0.0587921,0.059230898,0.0,0.0,0,0,0.0,0.0,0.0,750192,0.0,0.0,0.0,0,0,0.0,0.0,0.0,0.0
7,1.6069306,5.487989,-16.665634,28.452072,1.635025,-7.108773803710937,10.81926879882812,750192,0.0,19.829231,2.0897665,15.952316,28.452072,1.5993271,0.70241004,-0.018307008,3.0127885,-0.09705345,5.354153,-20.731873,25.86029,-0.46482086,-8.117887878417969,9.100199890136714,750192,0.0,18.265385,1.7892956,14.752884,25.86029,-0.097107686,0.45298308,-1.2798041,0.86992544,282.30017,4.3228145,262.53125,292.05508,282.68472,274.63841400146487,288.4975250244141,750192,0.0,290.34747,0.7098862,288.6515,292.05508,282.30252,0.4935865,281.30377,283.55374,285.50085,3.3506644,269.1394,296.82977,285.5268,279.8267074584961,290.2843017578125,750192,0.0,293.5607,1.3564801,290.77664,296.82977,285.50217,0.47099918,284.31805,286.5963,101657.27,997.46124,95572.125,104783.56,101769.19,99832.221875,103120.840625,750192,0.0,104058.734,270.9202,103463.625,104783.56,101657.5,133.45676,101270.586,101945.164,286.14816,2.3664694,281.3921,291.83447,286.16602,282.78466796875,289.68310546875,750192,0.0,289.97906,0.7679663,288.16943,291.83447,286.14804,0.3692127,285.1505,286.95822,101577.76,996.70734,95497.8,104700.45,101689.86,99753.551171875,103039.546875,750192,0.0,103975.98,270.5186,103380.43,104700.45,101577.93,133.38115,101191.34,101865.555,0.000107809945,0.0003218748,0.0,0.011898518,4.2915344e-06,0.0,0.0006055831909179688,750168,3.1991810096609896e-05,0.0056716898,0.0017330507,0.0034589767,0.011898518,0.00010773599,1.53489e-05,6.8540256e-05,0.00013839499,,,,,,,,0,1.0,,,,,,,,,,,,,,,,0,1.0,,,,,,,,,,,,,,,,0,1.0,,,,,,,,,-2.0784019e-07,1.5673096,-3.8662953,3.8627045,0.0037047863,-2.4662952423095703,2.463704824447632,456941,0.39090126261010516,3.6047218,0.16415145,3.0337045,3.8627045,-0.0010868168,0.057886705,-0.10601514,0.139605,-0.052018611289176175,1.5626804065265203,-3.8548354272440024,3.7101155255547864,-0.052291302262353845,-2.5115374742062744,2.4040383403762084,750192,0.0,3.461171998545773,0.13646038637398064,3.1529158838514695,3.7101155255547864,-0.05144243326096825,0.08124184485862639,-0.1914172672860527,0.08536977573171374,1.5227366e-08,0.13974486,-1.30885,1.3519646,-0.011088319,-0.20833943784236908,0.2474367618560791,456941,0.39090126261010516,0.6676207,0.17999794,0.32550833,1.3519646,-0.0002105257,0.02594298,-0.06252918,0.05460911,0.0,0.0,0,0,0.0,0.0,0.0,750192,0.0,0.0,0.0,0,0,0.0,0.0,0.0,0.0
70,1.0332261,4.597254,-15.020645,23.730011,0.9199753,-6.038169097900391,8.888404083251952,750192,0.0,17.695318,1.8329372,14.150085,23.730011,1.0269675,0.56728345,-0.3614349,2.150139,0.08506171,4.6769853,-18.914139,23.10289,-0.5806656,-6.722510528564453,8.094175720214842,750192,0.0,15.327111,1.6884001,11.722275,23.10289,0.08329221,0.4194688,-1.1445751,0.890798,281.7003,4.844345,259.4296,294.14856,281.91772,273.13165893554685,288.8838165283203,750192,0.0,291.71588,0.8779604,290.03452,294.14856,281.70212,0.58065534,280.39294,283.2018,284.9958,4.5213914,266.29077,303.95996,284.94934,277.466650390625,291.76441802978513,750192,0.0,297.4667,2.0169768,293.63196,303.95996,284.9973,0.57614565,283.50958,286.5127,101649.54,978.7478,95451.31,104816.375,101742.69,99879.221875,103114.9375,750192,0.0,104070.26,260.47693,103559.125,104816.375,101649.875,128.89194,101292.29,101932.15,286.0044,3.799328,278.6775,294.18262,285.66553,280.784912109375,291.62890625,750192,0.0,291.93045,0.74717706,290.74072,294.18262,286.0032,0.4359435,285.10413,287.2526,101420.85,976.4266,95232.39,104575.06,101515.06,99653.078125,102880.144140625,750192,0.0,103831.55,259.4455,103325.664,104575.06,101421.24,128.69534,101064.43,101703.234,0.00012844574,0.00035494356,0.0,0.013268471,3.33786e-06,0.0,0.0007448196411132812,750168,3.1991810096609896e-05,0.0057744067,0.0015485011,0.003818512,0.013268471,0.00012835507,2.0539403e-05,8.7500106e-05,0.0001802285,224.71579,95.473785,0.0009625582,360.00043,264.31268,30.122328,328.90186,750192,0.0,359.9016,0.11704597,359.16153,360.00043,224.6515,9.194406,201.44576,247.77014,4.591778,1.4878529,1.883174,14.735894,4.178319,2.9674497,7.665413,750192,0.0,12.051696,0.94177425,9.752068,14.735894,4.5922413,0.17432332,4.2408404,4.968542,0.61040556,0.37338102,0.045530524,2.758045,0.51080406,0.19679491,1.360147,750192,0.0,2.3489962,0.1268349,2.0227745,2.758045,0.60989624,0.042014334,0.5071869,0.71578294,1.8605654e-07,1.465006,-2.851637,3.778363,-0.019136786,-2.216636896133423,2.291363000869751,85046,0.8866343549384691,3.444963,0.18968405,3.1383631,3.778363,-0.00023862821,0.0475979,-0.067771055,0.093178324,-0.2495790777796744,1.4687851361874913,-3.4500142526056576,3.401976387309211,-0.29839673885476514,-2.4306141270648776,2.0522360871253085,750192,0.0,2.9143409336066237,0.24375341828263405,2.3713064655168488,3.401976387309211,-0.24765520447844208,0.22063041026152533,-0.624334568620403,0.1421312658710557,-2.3916351e-05,0.20499323,-1.0101913,1.9861571,-0.0076073264,-0.3143260419368744,0.3426789164543152,85045,0.8866356879305565,1.1530104,0.3469973,0.8026998,1.9861571,0.00021659434,0.040459,-0.07497587,0.0632869,1.3329920873589694e-06,0.0011545519955771001,0,1,0.0,0.0,0.0,750192,0.0,0.011627906976744186,0.10720400531735916,0,1,1.3273866411808431e-06,1.2237900150383461e-05,0.0,0.00011415525114155251
8,1.3825079,5.7611356,-19.213684,28.212402,1.7075577,-8.146815490722656,10.605242156982417,750192,0.0,19.611557,2.0044563,16.246368,28.212402,1.3742741,0.7464921,-0.62717277,2.7529132,0.13824558,4.8872538,-20.865372,24.13707,-0.24518585,-7.377484130859375,8.43235626220703,750192,0.0,16.829355,1.6951977,13.972275,24.13707,0.1378674,0.4240385,-0.97618663,1.0003588,282.01813,4.3227434,262.66367,293.0196,282.36523,274.30943450927737,288.22401275634763,750192,0.0,290.24725,0.7224204,288.6585,293.0196,282.0203,0.5060271,281.00375,283.27292,285.06512,3.4313004,269.5181,300.62482,285.0938,279.2828567504883,289.987060546875,750192,0.0,294.1321,1.8232167,290.84412,300.62482,285.06616,0.47528923,283.8317,286.20197,101639.67,1012.42816,95432.56,104851.125,101751.56,99792.375,103128.375,750192,0.0,104074.305,268.37173,103500.5,104851.125,101639.98,133.76527,101258.555,101933.79,285.8481,2.3896854,280.8667,290.93774,285.74487,282.5205078125,289.302490234375,750192,0.0,289.65442,0.58135223,288.47607,290.93774,285.84756,0.3415509,284.93723,286.6617,101432.6,1010.38916,95233.39,104634.3,101544.97,99587.989453125,102916.60078125,750192,0.0,103859.234,267.3614,103288.56,104634.3,101432.93,133.56523,101052.336,101726.52,0.00011049782,0.00032497328,0.0,0.010900497,3.8146973e-06,0.0,0.0006365776062011719,750168,3.1991810096609896e-05,0.005747335,0.0017164084,0.002943039,0.010900497,0.000110433306,1.5095323e-05,6.622386e-05,0.00014713855,250.19154,82.26035,0.00050794636,359.99875,276.76984,38.370575,322.6254,750192,0.0,359.88788,0.09177013,359.55893,359.99875,250.15094,7.5508075,228.80226,265.28354,7.9403334,2.011523,3.1244764,17.177856,7.6906714,5.091672,11.572464,750192,0.0,14.732143,0.7982414,12.56014,17.177856,7.9405937,0.27200902,7.349273,8.629137,1.8331652,1.026066,0.20707864,10.652237,1.5790141,0.66668135,3.8426461,750192,0.0,7.3956704,1.1485842,4.7831583,10.652237,1.8322995,0.12953226,1.5354666,2.0879402,0.00039940132,2.0988498,-4.99759,4.6624093,0.08240986,-3.3775901794433594,3.1724095344543457,432230,0.4238408300808326,4.400063,0.14351931,3.9924102,4.6624093,-0.0014661903,0.04587001,-0.10680236,0.11679655,-0.04114113759585266,2.0917937963951405,-5.156018729066381,4.586455821412023,0.04104665374665162,-3.4135403840051275,3.1307781733537263,750192,0.0,4.3229122275716,0.14485114239628208,3.9728129908579004,4.586455821412023,-0.04074208045092094,0.06131258892447985,-0.14634104732744874,0.06270532451335209,-8.755014e-09,0.14560418,-1.122152,1.3402249,-0.008307593,-0.22268817722797393,0.25298680663108825,432230,0.4238408300808326,0.6953042,0.15491982,0.48977154,1.3402249,-0.00041440703,0.026229238,-0.059607573,0.05529055,0.0,0.0,0,0,0.0,0.0,0.0,750192,0.0,0.0,0.0,0,0,0.0,0.0,0.0,0.0
84,2.0603268,6.1477838,-18.904602,29.169159,2.3220596,-8.254093170166016,11.810682678222655,750192,0.0,20.712831,2.1416318,16.653961,29.169159,2.0524607,0.79891735,-0.0048708282,3.5061867,0.39775717,5.7331667,-22.591537,22.646347,0.25830078,-8.668331909179688,9.990551757812483,750192,0.0,18.916397,1.4204088,16.280914,22.646347,0.39895537,0.47953904,-0.66870755,1.3648268,281.8506,4.245522,263.7391,292.37726,282.15582,274.4410568237305,288.266357421875,750192,0.0,290.33328,0.7993398,288.72137,292.37726,281.85294,0.48105374,280.67688,283.07098,285.1555,3.284278,271.03976,294.54388,284.91064,279.93524780273435,290.12725830078125,750192,0.0,291.82343,1.057403,289.88342,294.54388,285.15805,0.46812484,283.97592,286.23087,101566.625,1095.4387,95063.56,104973.125,101695.06,99563.5625,103161.090625,750192,0.0,104126.305,271.07022,103513.375,104973.125,101567.07,141.85616,101182.016,101875.88,285.82166,2.6299622,281.0122,293.26904,285.36328,282.42822265625,290.15673828125,750192,0.0,290.60388,1.011568,288.3579,293.26904,285.82355,0.42056865,284.71582,286.76575,101584.66,1095.62,95081.1,104992.06,101713.04,99581.3140625,103179.542578125,750192,0.0,104145.05,271.17572,103532.06,104992.06,101585.12,141.87526,101199.97,101893.984,9.913828e-05,0.0003069681,0.0,0.011723518,4.7683716e-06,0.0,0.0005564689636230469,750168,3.1991810096609896e-05,0.0053130887,0.0014018316,0.0032868385,0.011723518,9.9054276e-05,1.2181075e-05,7.846317e-05,0.00012520344,248.96054,66.00891,0.0016212836,360.00107,265.2459,84.554436,324.85864,750192,0.0,359.84143,0.20580019,359.04868,360.00107,248.9271,6.1225457,233.40167,259.92096,7.7310476,1.7165437,3.2860613,16.2931,7.530688,5.284978,10.827933,750192,0.0,13.632341,0.7523507,11.983629,16.2931,7.7312007,0.22541702,7.252224,8.304928,1.9878182,1.0922862,0.2700027,10.516008,1.7151515,0.7376209,4.1644096,750192,0.0,7.736109,1.0295211,5.865231,10.516008,1.9869841,0.13890588,1.6563946,2.263359,0.0040591103,1.423396,-4.8267646,8.819236,-0.018764496,-2.1257643699645996,2.153755617141719,258129,0.6559160854821166,3.307267,1.0615437,2.5712354,8.819236,-0.01336427,0.16913868,-0.8015531,0.4910042,-0.0454490862257271,1.3300293551347255,-3.114668134978147,3.0377868057452275,-0.059018157367872186,-2.101623579369697,2.0403172958589977,750192,0.0,2.871665850198189,0.09458097479301207,2.647732529742609,3.0377868057452275,-0.045180690686626834,0.044982131515909234,-0.12239811271651582,0.03058323643861297,-0.005534351,0.1598593,-1.9908301,1.9986731,-0.0056872875,-0.24542231857776642,0.2367071807384491,255501,0.6594191886876959,0.6921246,0.45515868,0.3438697,1.9986731,-0.011451361,0.043287545,-0.1385479,0.040311776,0.0035031032055793717,0.059083258826087365,0,1,0.0,0.0,0.0,750192,0.0,0.11627906976744186,0.3205592733044237,0,1,0.0034882705443184665,0.0217516967420895,0.0,0.191324200913242
85,2.0603268,6.1477838,-18.904602,29.169159,2.3220596,-8.254093170166016,11.810682678222655,750192,0.0,20.712831,2.1416318,16.653961,29.169159,2.0524607,0.79891735,-0.0048708282,3.5061867,0.39775717,5.7331667,-22.591537,22.646347,0.25830078,-8.668331909179688,9.990551757812483,750192,0.0,18.916397,1.4204088,16.280914,22.646347,0.39895537,0.47953904,-0.66870755,1.3648268,281.8506,4.245522,263.7391,292.37726,282.15582,274.4410568237305,288.266357421875,750192,0.0,290.33328,0.7993398,288.72137,292.37726,281.85294,0.48105374,280.67688,283.07098,285.1555,3.284278,271.03976,294.54388,284.91064,279.93524780273435,290.12725830078125,750192,0.0,291.82343,1.057403,289.88342,294.54388,285.15805,0.46812484,283.97592,286.23087,101566.625,1095.4387,95063.56,104973.125,101695.06,99563.5625,103161.090625,750192,0.0,104126.305,271.07022,103513.375,104973.125,101567.07,141.85616,101182.016,101875.88,285.82166,2.6299622,281.0122,293.26904,285.36328,282.42822265625,290.15673828125,750192,0.0,290.60388,1.011568,288.3579,293.26904,285.82355,0.42056865,284.71582,286.76575,101584.66,1095.62,95081.1,104992.06,101713.04,99581.3140625,103179.542578125,750192,0.0,104145.05,271.17572,103532.06,104992.06,101585.12,141.87526,101199.97,101893.984,9.913828e-05,0.0003069681,0.0,0.011723518,4.7683716e-06,0.0,0.0005564689636230469,750168,3.1991810096609896e-05,0.0053130887,0.0014018316,0.0032868385,0.011723518,9.9054276e-05,1.2181075e-05,7.846317e-05,0.00012520344,248.96054,66.00891,0.0016212836,360.00107,265.2459,84.554436,324.85864,750192,0.0,359.84143,0.20580019,359.04868,360.00107,248.9271,6.1225457,233.40167,259.92096,7.7310476,1.7165437,3.2860613,16.2931,7.530688,5.284978,10.827933,750192,0.0,13.632341,0.7523507,11.983629,16.2931,7.7312007,0.22541702,7.252224,8.304928,1.9878182,1.0922862,0.2700027,10.516008,1.7151515,0.7376209,4.1644096,750192,0.0,7.736109,1.0295211,5.865231,10.516008,1.9869841,0.13890588,1.6563946,2.263359,5.9231076e-07,1.3537912,-3.2923238,4.179676,-0.018323898,-2.0856737852096545,2.11867618560791,227654,0.6965390193443812,3.0994823,0.22780938,2.811676,4.179676,0.002486178,0.04166967,-0.06609985,0.14081618,-0.03776480615174802,1.337587310067625,-3.1196292851349736,3.0803126548961077,-0.05259947371056811,-2.1019730452593564,2.06098864359179,750192,0.0,2.920219024598918,0.09179175348294433,2.7207122281498024,3.0803126548961077,-0.03756626287807022,0.03493206510113584,-0.09797272858763778,0.021588624015135047,-0.006871163,0.1362745,-1.9769309,1.992578,-0.013429834,-0.2114434815943241,0.22186408117413517,227182,0.6971681916096146,0.5750879,0.27935454,0.31186223,1.992578,-0.0054193926,0.029609855,-0.08495718,0.063666224,0.0006291722652334335,0.02507541440323758,0,1,0.0,0.0,0.0,750192,0.0,0.023255813953488372,0.1507148999629735,0,1,0.000626526494637358,0.005678077852181464,0.0,0.052968036529680365
87,1.4635344,5.5892873,-16.075241,26.132431,1.500534,-7.341266632080078,10.62840118408203,750192,0.0,19.520102,1.960558,16.00142,26.132431,1.4551873,0.70680296,-0.256236,2.7243946,0.19991422,5.0197873,-20.31746,26.543259,-0.4400711,-7.198616027832031,9.254596710205075,750192,0.0,17.69422,1.800101,14.2291565,26.543259,0.19894151,0.45602903,-1.0396087,1.1168187,281.7547,4.6569943,260.6029,294.40646,281.9707,273.463623046875,288.6309478759766,750192,0.0,291.20068,0.89433295,289.37726,294.40646,281.75626,0.57311004,280.5058,283.19794,284.9962,4.0879426,267.19348,301.34302,284.92828,278.1808197021484,290.969953918457,750192,0.0,295.56067,1.7331489,292.12354,301.34302,284.99686,0.5804452,283.52942,286.4556,101625.56,1004.4284,95262.31,104868.875,101726.06,99803.034375,103121.125,750192,0.0,104081.07,264.28113,103500.375,104868.875,101626.07,130.92654,101269.07,101913.14,285.88083,3.3812726,278.89233,293.1975,285.6333,281.207275390625,290.9404296875,750192,0.0,291.09866,0.7630014,289.67725,293.1975,285.87933,0.47601315,284.80148,287.13394,101516.38,1003.3239,95157.39,104754.06,101617.125,99695.109375,103009.36640625,750192,0.0,103967.336,263.7786,103388.664,104754.06,101516.9,130.82799,101160.27,101803.875,0.00011666846,0.0003294048,0.0,0.010573864,3.33786e-06,0.0,0.0006775856018066406,750168,3.1991810096609896e-05,0.0053151986,0.0015491614,0.0035290718,0.010573864,0.000116564246,1.8189194e-05,7.8707555e-05,0.00015333845,230.69943,93.31762,0.0003994729,360.00284,266.80334,29.008348,328.97757,750192,0.0,359.92996,0.08591298,359.4777,360.00284,230.62357,8.8627205,207.31345,252.29315,6.164262,1.8089833,2.5490866,16.319496,5.7367334,3.9588752,9.722617,750192,0.0,13.518194,0.91430277,11.0013275,16.319496,6.164969,0.22590515,5.62,6.651772,1.0087224,0.5574837,0.08656545,4.202871,0.87604773,0.35448867,2.109685,750192,0.0,3.5296564,0.26716805,2.9447465,4.202871,1.0080419,0.06391666,0.8703668,1.1426973,0.039604936,2.609078,-4.999146,7.460854,-0.032145977,-3.9711461067199707,4.229854106903076,277661,0.6298800840318212,6.028217,0.52195907,4.705854,7.460854,0.03667982,0.06620735,-0.057281215,0.21557085,-0.09499913132306809,2.609880120395681,-6.1813379271170374,6.156447028109694,-0.1759237004255833,-4.137451679360951,4.102227808533018,750192,0.0,5.816121324537943,0.19373718373774476,5.404130141053864,6.156447028109694,-0.09441383871234457,0.08940421871276398,-0.24764586244871764,0.057073189497065926,-0.012082728,0.18589142,-1.9507095,1.9617345,-0.017062817,-0.30571571141481396,0.2975307866930965,277072,0.6306652163712756,0.9476554,0.34179804,0.5820071,1.9617345,-0.014563869,0.037452545,-0.09938798,0.09906207,0.000785132339454433,0.02800921110392034,0,1,0.0,0.0,0.0,750192,0.0,0.10465116279069768,0.3061034088625159,0,1,0.0007818271049160598,0.004533389715962409,0.0,0.03047945205479452
88,1.3211263,4.3227663,-13.039688,18.429459,1.2815628,-5.325873565673828,8.53183212280273,750192,0.0,15.137489,1.334473,12.406891,18.429459,1.3155495,0.50082093,0.18655314,2.2460287,0.5109484,3.9853323,-17.800247,17.972595,0.44142914,-5.888172149658203,7.197569274902342,750192,0.0,13.72781,1.3210257,11.439392,17.972595,0.5092091,0.392818,-0.4612943,1.4461702,280.7664,5.217806,254.17706,295.74265,281.14185,271.6182861328125,288.3834060668945,750192,0.0,292.0192,1.0400211,289.1194,295.74265,280.76773,0.71806204,279.10623,282.41806,284.03174,5.399346,261.38043,307.50012,284.09073,275.00804290771487,292.3112457275391,750192,0.0,300.1396,2.5551987,295.03723,307.50012,284.03387,0.7562671,282.27118,285.7787,101608.57,991.22174,95248.31,104894.375,101691.56,99830.346875,103108.8125,750192,0.0,104089.09,257.5776,103489.0,104894.375,101609.28,127.06714,101289.84,101887.6,285.41885,3.7986493,276.6421,293.89795,285.18066,279.923583984375,291.14501953125,750192,0.0,291.1854,1.0596004,289.3723,293.89795,285.4168,0.7084189,284.10193,287.06934,101014.57,985.05457,94679.8,104265.06,101100.414,99242.496484375,102497.875,750192,0.0,103465.81,253.76595,102876.98,104265.06,101015.266,126.612816,100697.445,101292.945,9.901142e-05,0.00028702462,0.0,0.009638786,2.3841858e-06,0.0,0.0005650520324707031,750168,3.1991810096609896e-05,0.0052198893,0.001503065,0.0031604767,0.009638786,9.8958684e-05,1.550122e-05,6.528837e-05,0.00013007653,230.14209,96.02284,0.00083124754,360.0018,265.3302,16.96452,335.31003,750192,0.0,359.93112,0.07121955,359.67532,360.0018,230.08134,8.9305525,205.80544,254.34012,5.5893335,1.455,2.4401817,16.072033,5.3400254,3.687804,8.304866,750192,0.0,12.380987,1.1380954,10.61135,16.072033,5.5900426,0.15587056,5.2211704,5.932006,0.921013,0.6411466,0.07069631,7.248366,0.7304894,0.27470082,2.2242541,750192,0.0,4.7406683,0.75296664,3.2336192,7.248366,0.92008334,0.07221559,0.7317365,1.0846959,3.4162687e-05,2.3916948,-4.957406,5.4315944,-0.017405987,-3.6074061393737793,3.7325940132141113,464188,0.3812410689530147,4.959563,0.7389804,-0.7774062,5.4315944,-0.014967686,0.14091836,-0.7774062,0.21281728,-0.025117942829737443,2.3780109759604224,-5.336039475892842,5.251381417629356,-0.08223496971647723,-3.624832230168957,3.688108155850941,750192,0.0,4.929667127000361,0.17344137600385293,4.498846658283655,5.251381417629356,-0.024338625903393245,0.11192273549529433,-0.21633716152003923,0.16505375308730358,3.5081e-06,0.20835513,-1.4224632,1.733552,-0.006741761,-0.3249043196439743,0.3479835346341132,464188,0.3812410689530147,1.1021559,0.2822781,-0.05146537,1.733552,-0.00408398,0.038243264,-0.108773686,0.07205443,0.0,0.0,0,0,0.0,0.0,0.0,750192,0.0,0.0,0.0,0,0,0.0,0.0,0.0,0.0
89,1.0172647,4.2001276,-13.300308,19.863937,0.95887756,-5.435812377929687,8.052494049072262,750192,0.0,14.710042,1.3761796,12.077545,19.863937,1.011824,0.5018745,-0.08815077,1.9199212,0.37368575,4.0360155,-18.41304,18.939743,0.21884155,-5.9302215576171875,7.110404205322265,750192,0.0,13.589904,1.3969997,10.418228,18.939743,0.37162164,0.38520274,-0.6408606,1.2550982,281.08795,5.071957,256.02863,294.17624,281.40845,272.187272644043,288.522216796875,750192,0.0,291.83115,0.93727726,289.04108,294.17624,281.0896,0.6784468,279.49112,282.72275,284.43747,5.1755595,261.4198,307.32077,284.46707,275.75513610839846,292.32459869384763,750192,0.0,299.64856,2.462649,294.57373,307.32077,284.4394,0.7027142,282.70905,286.12988,101625.89,985.7338,95318.125,104874.625,101711.25,99853.125,103112.3125,750192,0.0,104080.79,258.1701,103459.5,104874.625,101626.47,127.43597,101293.32,101907.445,285.41528,4.01489,276.7212,294.3506,285.11816,279.716552734375,291.466796875,750192,0.0,291.60675,1.0327153,289.81958,294.3506,285.41415,0.64619964,283.98767,286.95615,101291.22,982.24695,94998.586,104522.06,101377.89,99522.03984375,102768.60078125,750192,0.0,103730.336,256.66605,103112.98,104522.06,101291.76,127.165726,100959.625,101572.34,0.0001115856,0.00031309907,0.0,0.009533405,2.861023e-06,0.0,0.0006461143493652344,750168,3.1991810096609896e-05,0.005637291,0.0015230889,0.0027785301,0.009533405,0.00011152364,1.7852668e-05,7.158779e-05,0.0001478424,214.28853,113.38513,0.00017564214,360.00287,267.2912,16.420122,341.11014,750192,0.0,359.9591,0.046775762,359.76794,360.00287,214.18832,11.8803425,186.88193,246.63867,4.304831,0.9117387,2.080944,12.300499,4.196971,3.0278475,5.9253526,750192,0.0,9.266664,1.1370198,7.1686087,12.300499,4.3043833,0.07951557,4.135278,4.4740505,0.64988023,0.45414242,0.047369268,4.806705,0.51967716,0.18758681,1.5660924,750192,0.0,3.2939546,0.46623042,2.2245252,4.806705,0.6492281,0.04509406,0.5173452,0.75764346,6.5181086e-07,2.036905,-4.9256186,4.2233815,0.19838142,-3.2056186199188232,2.8243813514709473,461923,0.38426029603088274,3.6777039,0.26296622,2.5243812,4.2233815,-0.010235927,0.06535128,-0.20571122,0.1248252,-0.04188295685511223,2.0267505450780727,-4.954997477433011,3.7504354100361605,0.11991653651397173,-3.248788070928145,2.7872047864273704,750192,0.0,3.50248563519547,0.1195884695741279,3.2022519869749098,3.7504354100361605,-0.04143598084105949,0.07190215584852426,-0.16463163397786418,0.0808549040151941,3.876114e-07,0.18900034,-1.425519,1.9630098,-0.007725527,-0.2918813735246658,0.3171999603509897,461923,0.38426029603088274,1.1379578,0.3173152,0.26550072,1.9630098,-0.0036610554,0.039992295,-0.19186957,0.05792584,0.0,0.0,0,0,0.0,0.0,0.0,750192,0.0,0.0,0.0,0,0,0.0,0.0,0.0,0.0
9,1.0332261,4.597254,-15.020645,23.730011,0.9199753,-6.038169097900391,8.888404083251952,750192,0.0,17.695318,1.8329372,14.150085,23.730011,1.0269675,0.56728345,-0.3614349,2.150139,0.08506171,4.6769853,-18.914139,23.10289,-0.5806656,-6.722510528564453,8.094175720214842,750192,0.0,15.327111,1.6884001,11.722275,23.10289,0.08329221,0.4194688,-1.1445751,0.890798,281.7003,4.844345,259.4296,294.14856,281.91772,273.13165893554685,288.8838165283203,750192,0.0,291.71588,0.8779604,290.03452,294.14856,281.70212,0.58065534,280.39294,283.2018,284.9958,4.5213914,266.29077,303.95996,284.94934,277.466650390625,291.76441802978513,750192,0.0,297.4667,2.0169768,293.63196,303.95996,284.9973,0.57614565,283.50958,286.5127,101649.54,978.7478,95451.31,104816.375,101742.69,99879.221875,103114.9375,750192,0.0,104070.26,260.47693,103559.125,104816.375,101649.875,128.89194,101292.29,101932.15,286.0044,3.799328,278.6775,294.18262,285.66553,280.784912109375,291.62890625,750192,0.0,291.93045,0.74717706,290.74072,294.18262,286.0032,0.4359435,285.10413,287.2526,101420.85,976.4266,95232.39,104575.06,101515.06,99653.078125,102880.144140625,750192,0.0,103831.55,259.4455,103325.664,104575.06,101421.24,128.69534,101064.43,101703.234,0.00012844574,0.00035494356,0.0,0.013268471,3.33786e-06,0.0,0.0007448196411132812,750168,3.1991810096609896e-05,0.0057744067,0.0015485011,0.003818512,0.013268471,0.00012835507,2.0539403e-05,8.7500106e-05,0.0001802285,224.71579,95.473785,0.0009625582,360.00043,264.31268,30.122328,328.90186,750192,0.0,359.9016,0.11704597,359.16153,360.00043,224.6515,9.194406,201.44576,247.77014,4.591778,1.4878529,1.883174,14.735894,4.178319,2.9674497,7.665413,750192,0.0,12.051696,0.94177425,9.752068,14.735894,4.5922413,0.17432332,4.2408404,4.968542,0.61040556,0.37338102,0.045530524,2.758045,0.51080406,0.19679491,1.360147,750192,0.0,2.3489962,0.1268349,2.0227745,2.758045,0.60989624,0.042014334,0.5071869,0.71578294,-1.14188175e-07,1.3740673,-3.8366206,4.0753794,0.22437954,-2.38662052154541,1.9533796310424805,328726,0.5618108430908354,2.8908567,0.25983474,2.1133795,4.0753794,0.003367939,0.06521303,-0.114876,0.18279994,-0.0497351284528479,1.369093940573974,-3.874271362155077,2.920776767655399,0.1693406832290119,-2.421221253811505,1.8883871676838693,750192,0.0,2.7046956012496777,0.11171006454355727,2.448946470592659,2.920776767655399,-0.04933767125326195,0.05800049497703256,-0.1495260794945116,0.0482776505541631,1.4389566e-08,0.1573862,-1.4078473,1.5183618,-0.0095477365,-0.23640264570713043,0.2705344781279564,328726,0.5618108430908354,0.88749963,0.25134045,0.36671442,1.5183618,0.0046295007,0.041752905,-0.090569235,0.13516538,0.0,0.0,0,0,0.0,0.0,0.0,750192,0.0,0.0,0.0,0,0,0.0,0.0,0.0,0.0
90,1.4081552,5.313808,-16.098816,22.026306,1.7855453,-7.461142730712891,9.70023956298828,750192,0.0,17.111914,1.5565563,13.362289,22.026306,1.4004192,0.6732658,-0.16811058,2.619205,0.38398817,4.326994,-17.84578,24.237595,0.09635925,-6.4458061218261715,7.961669921875,750192,0.0,15.826323,1.6263037,12.965927,24.237595,0.38366,0.40161166,-0.6118993,1.2166492,281.50345,4.6321115,261.0192,294.10907,281.79108,273.32598876953125,288.3197021484375,750192,0.0,291.24445,0.9925594,289.434,294.10907,281.50467,0.617321,280.03314,282.94858,284.58484,4.138537,266.84396,300.8781,284.5807,277.67857513427737,290.7713623046875,750192,0.0,295.7535,1.8362273,291.9655,300.8781,284.58517,0.618009,283.0482,286.0411,101604.56,1023.88586,95191.81,104910.125,101707.625,99746.346875,103126.840625,750192,0.0,104093.86,266.28854,103523.44,104910.125,101605.164,132.05385,101256.0,101894.164,,,,,,,,0,1.0,,,,,,,,,101273.57,1020.56055,94875.39,104563.06,101377.734,99419.57109375,102787.88203125,750192,0.0,103749.15,264.58887,103180.84,104563.06,101274.19,131.74965,100926.12,101562.9,9.751258e-05,0.00028876762,0.0,0.010658264,2.861023e-06,0.0,0.0005555152893066406,750168,3.1991810096609896e-05,0.0051600575,0.0014523648,0.00308609,0.010658264,9.745947e-05,1.4690993e-05,6.779903e-05,0.00012778421,217.11787,88.6839,0.00034576864,359.99612,255.09442,40.831547,311.87915,750192,0.0,359.8523,0.19164221,358.86887,359.99612,217.03336,8.867597,194.99423,239.26346,5.993074,1.5020342,2.537219,15.43079,5.7296367,4.019321,8.843117,750192,0.0,12.523178,1.0081487,10.578061,15.43079,5.99362,0.17601344,5.552456,6.4186387,1.271359,0.7965927,0.07972951,8.798138,1.066037,0.38354954,2.8488045,750192,0.0,5.779618,0.8533014,4.282502,8.798138,1.2704247,0.085504025,1.0808659,1.4418521,7.5535456e-07,1.4657317,-3.7435935,3.4364066,0.033406734,-2.3335933685302734,2.260406494140625,433429,0.4222425725680893,3.1957724,0.11569623,2.8964067,3.4364066,-0.00019186691,0.041317027,-0.08400042,0.11684164,-0.0373115531606268,1.456160370793295,-3.6799764886288737,3.2963853525728957,-0.011710080456598661,-2.36089706372436,2.2128616571095527,750192,0.0,3.0888508754366084,0.11093109407588099,2.8546191235059992,3.2963853525728957,-0.037042240128676095,0.053126497404568845,-0.12819147526069227,0.05382234186352248,5.9651046e-07,0.1515654,-1.361721,1.2944207,-0.007922259,-0.23242937922477722,0.26161573529243454,433429,0.4222425725680893,0.7697061,0.16383639,0.47093353,1.2944207,9.289542e-05,0.026249403,-0.06510191,0.06301928,0.0,0.0,0,0,0.0,0.0,0.0,750192,0.0,0.0,0.0,0,0,0.0,0.0,0.0,0.0
93,1.3211263,4.3227663,-13.039688,18.429459,1.2815628,-5.325873565673828,8.53183212280273,750192,0.0,15.137489,1.334473,12.406891,18.429459,1.3155495,0.50082093,0.18655314,2.2460287,0.5109484,3.9853323,-17.800247,17.972595,0.44142914,-5.888172149658203,7.197569274902342,750192,0.0,13.72781,1.3210257,11.439392,17.972595,0.5092091,0.392818,-0.4612943,1.4461702,280.7664,5.217806,254.17706,295.74265,281.14185,271.6182861328125,288.3834060668945,750192,0.0,292.0192,1.0400211,289.1194,295.74265,280.76773,0.71806204,279.10623,282.41806,284.03174,5.399346,261.38043,307.50012,284.09073,275.00804290771487,292.3112457275391,750192,0.0,300.1396,2.5551987,295.03723,307.50012,284.03387,0.7562671,282.27118,285.7787,101608.57,991.22174,95248.31,104894.375,101691.56,99830.346875,103108.8125,750192,0.0,104089.09,257.5776,103489.0,104894.375,101609.28,127.06714,101289.84,101887.6,285.41885,3.7986493,276.6421,293.89795,285.18066,279.923583984375,291.14501953125,750192,0.0,291.1854,1.0596004,289.3723,293.89795,285.4168,0.7084189,284.10193,287.06934,101014.57,985.05457,94679.8,104265.06,101100.414,99242.496484375,102497.875,750192,0.0,103465.81,253.76595,102876.98,104265.06,101015.266,126.612816,100697.445,101292.945,9.901142e-05,0.00028702462,0.0,0.009638786,2.3841858e-06,0.0,0.0005650520324707031,750168,3.1991810096609896e-05,0.0052198893,0.001503065,0.0031604767,0.009638786,9.8958684e-05,1.550122e-05,6.528837e-05,0.00013007653,230.14209,96.02284,0.00083124754,360.0018,265.3302,16.96452,335.31003,750192,0.0,359.93112,0.07121955,359.67532,360.0018,230.08134,8.9305525,205.80544,254.34012,5.5893335,1.455,2.4401817,16.072033,5.3400254,3.687804,8.304866,750192,0.0,12.380987,1.1380954,10.61135,16.072033,5.5900426,0.15587056,5.2211704,5.932006,0.921013,0.6411466,0.07069631,7.248366,0.7304894,0.27470082,2.2242541,750192,0.0,4.7406683,0.75296664,3.2336192,7.248366,0.92008334,0.07221559,0.7317365,1.0846959,3.366061e-05,2.3917542,-4.956636,5.4323645,-0.016635895,-3.6066360473632812,3.7333641052246094,462575,0.38339118518992477,4.960333,0.7389804,-0.7766361,5.4323645,-0.014245455,0.14086777,-0.7766361,0.21351486,-0.024344631598890786,2.3780268310453536,-5.3355346150570035,5.252923647385392,-0.08159366114659963,-3.6239859809202772,3.689044475274833,750192,0.0,4.930850016306487,0.17359311448167744,4.499888971794358,5.252923647385392,-0.023565894955659437,0.11192087103891192,-0.21555971634483545,0.16582711710205725,3.0275125e-06,0.20835279,-1.4224815,1.733596,-0.0067151044,-0.32495724558830263,0.34797522723674773,462575,0.38339118518992477,1.1022047,0.2822277,-0.051709324,1.733596,-0.0039392468,0.038483396,-0.10888402,0.07203078,0.0,0.0,0,0,0.0,0.0,0.0,750192,0.0,0.0,0.0,0,0,0.0,0.0,0.0,0.0
94,1.0172647,4.2001276,-13.300308,19.863937,0.95887756,-5.435812377929687,8.052494049072262,750192,0.0,14.710042,1.3761796,12.077545,19.863937,1.011824,0.5018745,-0.08815077,1.9199212,0.37368575,4.0360155,-18.41304,18.939743,0.21884155,-5.9302215576171875,7.110404205322265,750192,0.0,13.589904,1.3969997,10.418228,18.939743,0.37162164,0.38520274,-0.6408606,1.2550982,281.08795,5.071957,256.02863,294.17624,281.40845,272.187272644043,288.522216796875,750192,0.0,291.83115,0.93727726,289.04108,294.17624,281.0896,0.6784468,279.49112,282.72275,284.43747,5.1755595,261.4198,307.32077,284.46707,275.75513610839846,292.32459869384763,750192,0.0,299.64856,2.462649,294.57373,307.32077,284.4394,0.7027142,282.70905,286.12988,101625.89,985.7338,95318.125,104874.625,101711.25,99853.125,103112.3125,750192,0.0,104080.79,258.1701,103459.5,104874.625,101626.47,127.43597,101293.32,101907.445,285.41528,4.01489,276.7212,294.3506,285.11816,279.716552734375,291.466796875,750192,0.0,291.60675,1.0327153,289.81958,294.3506,285.41415,0.64619964,283.98767,286.95615,101291.22,982.24695,94998.586,104522.06,101377.89,99522.03984375,102768.60078125,750192,0.0,103730.336,256.66605,103112.98,104522.06,101291.76,127.165726,100959.625,101572.34,0.0001115856,0.00031309907,0.0,0.009533405,2.861023e-06,0.0,0.0006461143493652344,750168,3.1991810096609896e-05,0.005637291,0.0015230889,0.0027785301,0.009533405,0.00011152364,1.7852668e-05,7.158779e-05,0.0001478424,214.28853,113.38513,0.00017564214,360.00287,267.2912,16.420122,341.11014,750192,0.0,359.9591,0.046775762,359.76794,360.00287,214.18832,11.8803425,186.88193,246.63867,4.304831,0.9117387,2.080944,12.300499,4.196971,3.0278475,5.9253526,750192,0.0,9.266664,1.1370198,7.1686087,12.300499,4.3043833,0.07951557,4.135278,4.4740505,0.64988023,0.45414242,0.047369268,4.806705,0.51967716,0.18758681,1.5660924,750192,0.0,3.2939546,0.46623042,2.2245252,4.806705,0.6492281,0.04509406,0.5173452,0.75764346,-7.8173537e-07,2.0369616,-4.9253936,4.2236066,0.19760656,-3.2053935527801514,2.824606418609619,461354,0.38501876852858996,3.6779284,0.26296625,2.5246062,4.2236066,-0.010094636,0.0651744,-0.20548613,0.12343257,-0.04162617771017689,2.026738646044325,-4.954375843382593,3.750389391749028,0.12022036699976078,-3.2484023985064625,2.787459263986855,750192,0.0,3.5028308287490324,0.11944333471891226,3.203164183282027,3.750389391749028,-0.041181358277300094,0.07166163302931967,-0.16396497278653666,0.08070865909747757,2.9323346e-07,0.18895052,-1.4251939,1.9630073,-0.007703959,-0.29184885919094083,0.3171205550432204,461354,0.38501876852858996,1.1380996,0.31738114,0.2652894,1.9630073,-0.0036264318,0.03996687,-0.19204748,0.057955004,0.0,0.0,0,0,0.0,0.0,0.0,750192,0.0,0.0,0.0,0,0,0.0,0.0,0.0,0.0
95,1.4081552,5.313808,-16.098816,22.026306,1.7855453,-7.461142730712891,9.70023956298828,750192,0.0,17.111914,1.5565563,13.362289,22.026306,1.4004192,0.6732658,-0.16811058,2.619205,0.38398817,4.326994,-17.84578,24.237595,0.09635925,-6.4458061218261715,7.961669921875,750192,0.0,15.826323,1.6263037,12.965927,24.237595,0.38366,0.40161166,-0.6118993,1.2166492,281.50345,4.6321115,261.0192,294.10907,281.79108,273.32598876953125,288.3197021484375,750192,0.0,291.24445,0.9925594,289.434,294.10907,281.50467,0.617321,280.03314,282.94858,284.58484,4.138537,266.84396,300.8781,284.5807,277.67857513427737,290.7713623046875,750192,0.0,295.7535,1.8362273,291.9655,300.8781,284.58517,0.618009,283.0482,286.0411,101604.56,1023.88586,95191.81,104910.125,101707.625,99746.346875,103126.840625,750192,0.0,104093.86,266.28854,103523.44,104910.125,101605.164,132.05385,101256.0,101894.164,,,,,,,,0,1.0,,,,,,,,,101273.57,1020.56055,94875.39,104563.06,101377.734,99419.57109375,102787.88203125,750192,0.0,103749.15,264.58887,103180.84,104563.06,101274.19,131.74965,100926.12,101562.9,9.751258e-05,0.00028876762,0.0,0.010658264,2.861023e-06,0.0,0.0005555152893066406,750168,3.1991810096609896e-05,0.0051600575,0.0014523648,0.00308609,0.010658264,9.745947e-05,1.4690993e-05,6.779903e-05,0.00012778421,217.11787,88.6839,0.00034576864,359.99612,255.09442,40.831547,311.87915,750192,0.0,359.8523,0.19164221,358.86887,359.99612,217.03336,8.867597,194.99423,239.26346,5.993074,1.5020342,2.537219,15.43079,5.7296367,4.019321,8.843117,750192,0.0,12.523178,1.0081487,10.578061,15.43079,5.99362,0.17601344,5.552456,6.4186387,1.271359,0.7965927,0.07972951,8.798138,1.066037,0.38354954,2.8488045,750192,0.0,5.779618,0.8533014,4.282502,8.798138,1.2704247,0.085504025,1.0808659,1.4418521,5.64323e-07,1.4657986,-3.7433498,3.4366503,0.032650232,-2.3333497047424316,2.260650157928467,432842,0.42302503892336896,3.1960154,0.11569622,2.8966503,3.4366503,-4.097805e-05,0.041036043,-0.08375676,0.114978746,-0.03696969355716336,1.4561514316273678,-3.678884371108031,3.296374465346669,-0.011341146651312464,-2.3605379014642436,2.2132618902839045,750192,0.0,3.089355782530918,0.11080535928094791,2.8555184429419733,3.296374465346669,-0.03670319578115337,0.052800467177795234,-0.12729337340279112,0.05361552152748028,2.8794292e-07,0.1515178,-1.3614979,1.2944964,-0.00790928,-0.23236760422587394,0.26146135479211735,432842,0.42302503892336896,0.7698335,0.16381593,0.47105888,1.2944964,0.00016289864,0.026145255,-0.06508417,0.062327426,0.0,0.0,0,0,0.0,0.0,0.0,750192,0.0,0.0,0.0,0,0,0.0,0.0,0.0,0.0
96,1.0172647,4.2001276,-13.300308,19.863937,0.95887756,-5.435812377929687,8.052494049072262,750192,0.0,14.710042,1.3761796,12.077545,19.863937,1.011824,0.5018745,-0.08815077,1.9199212,0.37368575,4.0360155,-18.41304,18.939743,0.21884155,-5.9302215576171875,7.110404205322265,750192,0.0,13.589904,1.3969997,10.418228,18.939743,0.37162164,0.38520274,-0.6408606,1.2550982,281.08795,5.071957,256.02863,294.17624,281.40845,272.187272644043,288.522216796875,750192,0.0,291.83115,0.93727726,289.04108,294.17624,281.0896,0.6784468,279.49112,282.72275,284.43747,5.1755595,261.4198,307.32077,284.46707,275.75513610839846,292.32459869384763,750192,0.0,299.64856,2.462649,294.57373,307.32077,284.4394,0.7027142,282.70905,286.12988,101625.89,985.7338,95318.125,104874.625,101711.25,99853.125,103112.3125,750192,0.0,104080.79,258.1701,103459.5,104874.625,101626.47,127.43597,101293.32,101907.445,285.41528,4.01489,276.7212,294.3506,285.11816,279.716552734375,291.466796875,750192,0.0,291.60675,1.0327153,289.81958,294.3506,285.41415,0.64619964,283.98767,286.95615,101291.22,982.24695,94998.586,104522.06,101377.89,99522.03984375,102768.60078125,750192,0.0,103730.336,256.66605,103112.98,104522.06,101291.76,127.165726,100959.625,101572.34,0.0001115856,0.00031309907,0.0,0.009533405,2.861023e-06,0.0,0.0006461143493652344,750168,3.1991810096609896e-05,0.005637291,0.0015230889,0.0027785301,0.009533405,0.00011152364,1.7852668e-05,7.158779e-05,0.0001478424,214.28853,113.38513,0.00017564214,360.00287,267.2912,16.420122,341.11014,750192,0.0,359.9591,0.046775762,359.76794,360.00287,214.18832,11.8803425,186.88193,246.63867,4.304831,0.9117387,2.080944,12.300499,4.196971,3.0278475,5.9253526,750192,0.0,9.266664,1.1370198,7.1686087,12.300499,4.3043833,0.07951557,4.135278,4.4740505,0.64988023,0.45414242,0.047369268,4.806705,0.51967716,0.18758681,1.5660924,750192,0.0,3.2939546,0.46623042,2.2245252,4.806705,0.6492281,0.04509406,0.5173452,0.75764346,,,,,,,,0,1.0,,,,,,,,,,,,,,,,0,1.0,,,,,,,,,,,,,,,,0,1.0,,,,,,,,,0.0,0.0,0,0,0.0,0.0,0.0,750192,0.0,0.0,0.0,0,0,0.0,0.0,0.0,0.0
97,1.4635344,5.5892873,-16.075241,26.132431,1.500534,-7.341266632080078,10.62840118408203,750192,0.0,19.520102,1.960558,16.00142,26.132431,1.4551873,0.70680296,-0.256236,2.7243946,0.19991422,5.0197873,-20.31746,26.543259,-0.4400711,-7.198616027832031,9.254596710205075,750192,0.0,17.69422,1.800101,14.2291565,26.543259,0.19894151,0.45602903,-1.0396087,1.1168187,281.7547,4.6569943,260.6029,294.40646,281.9707,273.463623046875,288.6309478759766,750192,0.0,291.20068,0.89433295,289.37726,294.40646,281.75626,0.57311004,280.5058,283.19794,284.9962,4.0879426,267.19348,301.34302,284.92828,278.1808197021484,290.969953918457,750192,0.0,295.56067,1.7331489,292.12354,301.34302,284.99686,0.5804452,283.52942,286.4556,101625.56,1004.4284,95262.31,104868.875,101726.06,99803.034375,103121.125,750192,0.0,104081.07,264.28113,103500.375,104868.875,101626.07,130.92654,101269.07,101913.14,285.88083,3.3812726,278.89233,293.1975,285.6333,281.207275390625,290.9404296875,750192,0.0,291.09866,0.7630014,289.67725,293.1975,285.87933,0.47601315,284.80148,287.13394,101516.38,1003.3239,95157.39,104754.06,101617.125,99695.109375,103009.36640625,750192,0.0,103967.336,263.7786,103388.664,104754.06,101516.9,130.82799,101160.27,101803.875,0.00011666846,0.0003294048,0.0,0.010573864,3.33786e-06,0.0,0.0006775856018066406,750168,3.1991810096609896e-05,0.0053151986,0.0015491614,0.0035290718,0.010573864,0.000116564246,1.8189194e-05,7.8707555e-05,0.00015333845,230.69943,93.31762,0.0003994729,360.00284,266.80334,29.008348,328.97757,750192,0.0,359.92996,0.08591298,359.4777,360.00284,230.62357,8.8627205,207.31345,252.29315,6.164262,1.8089833,2.5490866,16.319496,5.7367334,3.9588752,9.722617,750192,0.0,13.518194,0.91430277,11.0013275,16.319496,6.164969,0.22590515,5.62,6.651772,1.0087224,0.5574837,0.08656545,4.202871,0.87604773,0.35448867,2.109685,750192,0.0,3.5296564,0.26716805,2.9447465,4.202871,1.0080419,0.06391666,0.8703668,1.1426973,0.03568014,2.5883303,-4.9999914,6.2560086,-0.03599167,-3.948991537094116,4.211008548736572,271575,0.6379926738754879,5.900584,0.2639371,4.7230086,6.2560086,0.032800972,0.05561637,-0.07103446,0.18570556,-0.13372497356003413,2.6086255450355025,-6.291789117772003,6.171601497430622,-0.2158901713836301,-4.176734893687008,4.062622040719453,750192,0.0,5.775373503150197,0.2148046593236431,5.293722440925352,6.171601497430622,-0.13277795783821972,0.13238551591643136,-0.35979767014718544,0.09063794266211894,-1.9057556e-05,0.18168633,-1.9902796,1.7689332,-0.0074585555,-0.2829372644424438,0.30902447104454034,271558,0.6380153347409729,0.8989424,0.2063826,0.62574756,1.7689332,-0.0011019488,0.030899676,-0.06132507,0.08080003,2.266086548510248e-05,0.004760289063731103,0,1,0.0,0.0,0.0,750192,0.0,0.023255813953488372,0.1507148999629735,0,1,2.2565572900074333e-05,0.00017479721615005583,0.0,0.0015981735159817352
99,1.0172647,4.2001276,-13.300308,19.863937,0.95887756,-5.435812377929687,8.052494049072262,750192,0.0,14.710042,1.3761796,12.077545,19.863937,1.011824,0.5018745,-0.08815077,1.9199212,0.37368575,4.0360155,-18.41304,18.939743,0.21884155,-5.9302215576171875,7.110404205322265,750192,0.0,13.589904,1.3969997,10.418228,18.939743,0.37162164,0.38520274,-0.6408606,1.2550982,281.08795,5.071957,256.02863,294.17624,281.40845,272.187272644043,288.522216796875,750192,0.0,291.83115,0.93727726,289.04108,294.17624,281.0896,0.6784468,279.49112,282.72275,284.43747,5.1755595,261.4198,307.32077,284.46707,275.75513610839846,292.32459869384763,750192,0.0,299.64856,2.462649,294.57373,307.32077,284.4394,0.7027142,282.70905,286.12988,101625.89,985.7338,95318.125,104874.625,101711.25,99853.125,103112.3125,750192,0.0,104080.79,258.1701,103459.5,104874.625,101626.47,127.43597,101293.32,101907.445,285.41528,4.01489,276.7212,294.3506,285.11816,279.716552734375,291.466796875,750192,0.0,291.60675,1.0327153,289.81958,294.3506,285.41415,0.64619964,283.98767,286.95615,101291.22,982.24695,94998.586,104522.06,101377.89,99522.03984375,102768.60078125,750192,0.0,103730.336,256.66605,103112.98,104522.06,101291.76,127.165726,100959.625,101572.34,0.0001115856,0.00031309907,0.0,0.009533405,2.861023e-06,0.0,0.0006461143493652344,750168,3.1991810096609896e-05,0.005637291,0.0015230889,0.0027785301,0.009533405,0.00011152364,1.7852668e-05,7.158779e-05,0.0001478424,214.28853,113.38513,0.00017564214,360.00287,267.2912,16.420122,341.11014,750192,0.0,359.9591,0.046775762,359.76794,360.00287,214.18832,11.8803425,186.88193,246.63867,4.304831,0.9117387,2.080944,12.300499,4.196971,3.0278475,5.9253526,750192,0.0,9.266664,1.1370198,7.1686087,12.300499,4.3043833,0.07951557,4.135278,4.4740505,0.64988023,0.45414242,0.047369268,4.806705,0.51967716,0.18758681,1.5660924,750192,0.0,3.2939546,0.46623042,2.2245252,4.806705,0.6492281,0.04509406,0.5173452,0.75764346,2.2734066e-07,2.0380003,-4.621324,3.8086762,0.20867586,-3.2113242149353027,2.818675994873047,94503,0.8740282487683153,3.631176,0.09799025,3.4486756,3.8086762,0.00046014073,0.03148743,-0.040589895,0.0631677,-0.21118856598242872,2.0283236388928922,-5.23470180136887,3.706009722385449,-0.050268078706575486,-3.421427729134544,2.626740360195143,750192,0.0,3.334948024642327,0.17223075873005025,2.9159402674195403,3.706009722385449,-0.21017467484919736,0.14023277501047837,-0.4507445095570464,0.026696672044849882,-0.0003633695,0.1879477,-1.4686717,1.9270135,-0.0060188225,-0.2945153936743736,0.3117572247982024,94492,0.8740429116812762,1.3106726,0.32943594,0.9141746,1.9270135,4.2836647e-05,0.021078743,-0.028251572,0.03798602,1.4662912960948664e-05,0.003829190248594625,0,1,0.0,0.0,0.0,750192,0.0,0.023255813953488372,0.1507148999629735,0,1,1.4601253052989275e-05,0.00010415545474172855,0.0,0.0009132420091324201
